/home/ubuntu/Desktop/TransferLearning_CNN/ecallisto_grabber/scrape.py:123: FutureWarning: The behavior of DataFrame concatenation with empty or all-NA entries is deprecated. In a future version, this will no longer exclude empty or all-NA columns when determining the result dtypes. To retain the old behavior, exclude the relevant entries before the concat operation.
  new_meta = pd.concat([pos_meta, neg_meta], ignore_index=True)
Fetching Monstein catalog 2021-01-01 .. 2024-03-31 ...
  [burst_catalog] fetching 2021-01 ...
  [burst_catalog] fetching 2021-02 ...
  [burst_catalog] fetching 2021-03 ...
  [burst_catalog] fetching 2021-04 ...
  [burst_catalog] fetching 2021-05 ...
  [burst_catalog] fetching 2021-06 ...
  [burst_catalog] fetching 2021-07 ...
  [burst_catalog] fetching 2021-08 ...
  [burst_catalog] fetching 2021-09 ...
  [burst_catalog] fetching 2021-10 ...
  [burst_catalog] fetching 2021-11 ...
  [burst_catalog] fetching 2021-12 ...
  [burst_catalog] fetching 2022-01 ...
  [burst_catalog] fetching 2022-02 ...
  [burst_catalog] fetching 2022-03 ...
  [burst_catalog] fetching 2022-04 ...
  [burst_catalog] fetching 2022-05 ...
  [burst_catalog] fetching 2022-06 ...
  [burst_catalog] fetching 2022-07 ...
  [burst_catalog] fetching 2022-08 ...
  [burst_catalog] fetching 2022-09 ...
  [burst_catalog] fetching 2022-10 ...
  [burst_catalog] fetching 2022-11 ...
  [burst_catalog] fetching 2022-12 ...
  [burst_catalog] fetching 2023-01 ...
  [burst_catalog] fetching 2023-02 ...
  [burst_catalog] fetching 2023-03 ...
  [burst_catalog] fetching 2023-04 ...
  [burst_catalog] fetching 2023-05 ...
  [burst_catalog] fetching 2023-06 ...
  [burst_catalog] fetching 2023-07 ...
  [burst_catalog] fetching 2023-08 ...
  [burst_catalog] fetching 2023-09 ...
  [burst_catalog] fetching 2023-10 ...
  [burst_catalog] fetching 2023-11 ...
  [burst_catalog] fetching 2023-12 ...
  [burst_catalog] fetching 2024-01 ...
  [burst_catalog] fetching 2024-02 ...
  [burst_catalog] fetching 2024-03 ...
9245 (station, event) rows after filtering (stations=['Australia-ASSA', 'SWISS-Landschlacht', 'Arecibo-Observatory', 'EGYPT-Alexandria', 'SWISS-MUHEN', 'ROSWELL-NM', 'SPAIN-PERALEJOS', 'GREENLAND'], types=['II', 'III', 'V'])
duration pool for negatives: n=9207, median=60s
3031 distinct (station, date) pairs to fetch; 0 already done

[1] Arecibo-Observatory 20211010 -- 2 cataloged event(s)
    [fetch] Arecibo-Observatory 2021-10-10 has 16 file(s) from a simultaneous second receiver (overlapping timestamps); keeping one series
  -> 2 positive + 2 negative crop(s) in 32.1s (22 files)

[2] Arecibo-Observatory 20211013 -- 1 cataloged event(s)
    [fetch] Arecibo-Observatory 2021-10-13 has 19 file(s) from a simultaneous second receiver (overlapping timestamps); keeping one series
  -> 1 positive + 2 negative crop(s) in 43.7s (28 files)

[3] Arecibo-Observatory 20211023 -- 1 cataloged event(s)
    [fetch] Arecibo-Observatory 2021-10-23 has 44 file(s) from a simultaneous second receiver (overlapping timestamps); keeping one series
  -> 1 positive + 2 negative crop(s) in 69.3s (44 files)

[4] Arecibo-Observatory 20211025 -- 1 cataloged event(s)
    [fetch] Arecibo-Observatory 2021-10-25 has 44 file(s) from a simultaneous second receiver (overlapping timestamps); keeping one series
  -> 1 positive + 2 negative crop(s) in 70.5s (44 files)

[5] Arecibo-Observatory 20211026 -- 1 cataloged event(s)
    [fetch] Arecibo-Observatory 2021-10-26 has 41 file(s) from a simultaneous second receiver (overlapping timestamps); keeping one series
  -> 1 positive + 2 negative crop(s) in 65.8s (43 files)

[6] Arecibo-Observatory 20211027 -- 1 cataloged event(s)
    [fetch] Arecibo-Observatory 2021-10-27 has 39 file(s) from a simultaneous second receiver (overlapping timestamps); keeping one series
    [extract] event 19:09-19:10 on 20211027 not fully covered by downloaded data for Arecibo-Observatory (gap or out of range), skipping
  -> 0 positive + 2 negative crop(s) in 64.7s (46 files)

[7] Arecibo-Observatory 20211028 -- 2 cataloged event(s)
    [fetch] Arecibo-Observatory 2021-10-28 has 44 file(s) from a simultaneous second receiver (overlapping timestamps); keeping one series
    [extract] event 15:28-15:50 on 20211028 not fully covered by downloaded data for Arecibo-Observatory (gap or out of range), skipping
  -> 1 positive + 2 negative crop(s) in 68.0s (44 files)

[8] Arecibo-Observatory 20211030 -- 2 cataloged event(s)
    [fetch] Arecibo-Observatory 2021-10-30 has 31 file(s) from a simultaneous second receiver (overlapping timestamps); keeping one series
  -> 2 positive + 2 negative crop(s) in 55.3s (46 files)

[9] Arecibo-Observatory 20211031 -- 1 cataloged event(s)
    [fetch] Arecibo-Observatory 2021-10-31 has 44 file(s) from a simultaneous second receiver (overlapping timestamps); keeping one series
  -> 1 positive + 2 negative crop(s) in 64.0s (44 files)

[10] Arecibo-Observatory 20211101 -- 1 cataloged event(s)
    [fetch] Arecibo-Observatory 2021-11-01 has 44 file(s) from a simultaneous second receiver (overlapping timestamps); keeping one series
  -> 1 positive + 2 negative crop(s) in 63.0s (44 files)

[11] Arecibo-Observatory 20211103 -- 1 cataloged event(s)
    [fetch] Arecibo-Observatory 2021-11-03 has 44 file(s) from a simultaneous second receiver (overlapping timestamps); keeping one series
  -> 1 positive + 2 negative crop(s) in 63.1s (44 files)

[12] Arecibo-Observatory 20211117 -- 1 cataloged event(s)
    [fetch] Arecibo-Observatory 2021-11-17 has 44 file(s) from a simultaneous second receiver (overlapping timestamps); keeping one series
  -> 1 positive + 2 negative crop(s) in 65.7s (44 files)

[13] Arecibo-Observatory 20211215 -- 1 cataloged event(s)
    [fetch] Arecibo-Observatory 2021-12-15 has 29 file(s) from a simultaneous second receiver (overlapping timestamps); keeping one series
  -> 1 positive + 2 negative crop(s) in 45.3s (29 files)

[14] Arecibo-Observatory 20211221 -- 1 cataloged event(s)
    [fetch] Arecibo-Observatory 2021-12-21 has 44 file(s) from a simultaneous second receiver (overlapping timestamps); keeping one series
  -> 1 positive + 2 negative crop(s) in 67.4s (44 files)

[15] Arecibo-Observatory 20211223 -- 2 cataloged event(s)
    [fetch] Arecibo-Observatory 2021-12-23 has 44 file(s) from a simultaneous second receiver (overlapping timestamps); keeping one series
  -> 2 positive + 2 negative crop(s) in 67.4s (44 files)

[16] Arecibo-Observatory 20211228 -- 1 cataloged event(s)
    [fetch] Arecibo-Observatory 2021-12-28 has 44 file(s) from a simultaneous second receiver (overlapping timestamps); keeping one series
  -> 1 positive + 2 negative crop(s) in 67.4s (44 files)

[17] Arecibo-Observatory 20220101 -- 1 cataloged event(s)
    [fetch] Arecibo-Observatory 2022-01-01 has 44 file(s) from a simultaneous second receiver (overlapping timestamps); keeping one series
  -> 1 positive + 2 negative crop(s) in 67.1s (44 files)

[18] Arecibo-Observatory 20220107 -- 1 cataloged event(s)
    [fetch] Arecibo-Observatory 2022-01-07 has 44 file(s) from a simultaneous second receiver (overlapping timestamps); keeping one series
  -> 1 positive + 2 negative crop(s) in 67.0s (44 files)

[19] Arecibo-Observatory 20220109 -- 1 cataloged event(s)
    [fetch] Arecibo-Observatory 2022-01-09 has 44 file(s) from a simultaneous second receiver (overlapping timestamps); keeping one series
  -> 1 positive + 2 negative crop(s) in 66.8s (44 files)

[20] Arecibo-Observatory 20220110 -- 2 cataloged event(s)
    [fetch] Arecibo-Observatory 2022-01-10 has 44 file(s) from a simultaneous second receiver (overlapping timestamps); keeping one series
  -> 2 positive + 2 negative crop(s) in 66.9s (44 files)

[21] Arecibo-Observatory 20220111 -- 1 cataloged event(s)
    [fetch] Arecibo-Observatory 2022-01-11 has 44 file(s) from a simultaneous second receiver (overlapping timestamps); keeping one series
  -> 1 positive + 2 negative crop(s) in 67.5s (44 files)

[22] Arecibo-Observatory 20220112 -- 1 cataloged event(s)
    [fetch] Arecibo-Observatory 2022-01-12 has 44 file(s) from a simultaneous second receiver (overlapping timestamps); keeping one series
  -> 1 positive + 2 negative crop(s) in 66.9s (44 files)

[23] Arecibo-Observatory 20220113 -- 3 cataloged event(s)
    [fetch] Arecibo-Observatory 2022-01-13 has 44 file(s) from a simultaneous second receiver (overlapping timestamps); keeping one series
    [extract] event 14:01-14:01 on 20220113 not fully covered by downloaded data for Arecibo-Observatory (gap or out of range), skipping
  -> 2 positive + 2 negative crop(s) in 67.1s (44 files)
/home/ubuntu/Desktop/TransferLearning_CNN/ecallisto_grabber/scrape.py:123: FutureWarning: The behavior of DataFrame concatenation with empty or all-NA entries is deprecated. In a future version, this will no longer exclude empty or all-NA columns when determining the result dtypes. To retain the old behavior, exclude the relevant entries before the concat operation.
  new_meta = pd.concat([pos_meta, neg_meta], ignore_index=True)

[24] Arecibo-Observatory 20220127 -- 1 cataloged event(s)
    [fetch] Arecibo-Observatory 2022-01-27 has 33 file(s) from a simultaneous second receiver (overlapping timestamps); keeping one series
  -> 1 positive + 2 negative crop(s) in 50.6s (33 files)

[25] Arecibo-Observatory 20220129 -- 9 cataloged event(s)
    [fetch] Arecibo-Observatory 2022-01-29 has 10 file(s) from a simultaneous second receiver (overlapping timestamps); keeping one series
  -> 9 positive + 2 negative crop(s) in 41.0s (43 files)

[26] Arecibo-Observatory 20220130 -- 11 cataloged event(s)
    [fetch] Arecibo-Observatory 2022-01-30 has 44 file(s) from a simultaneous second receiver (overlapping timestamps); keeping one series
  -> 11 positive + 0 negative crop(s) in 67.1s (44 files)

[27] Arecibo-Observatory 20220131 -- 22 cataloged event(s)
    [fetch] Arecibo-Observatory 2022-01-31 has 44 file(s) from a simultaneous second receiver (overlapping timestamps); keeping one series
    [extract] event 14:12-14:18 on 20220131 not fully covered by downloaded data for Arecibo-Observatory (gap or out of range), skipping
  -> 21 positive + 2 negative crop(s) in 67.3s (44 files)

[28] Arecibo-Observatory 20220201 -- 10 cataloged event(s)
    [fetch] Arecibo-Observatory 2022-02-01 has 36 file(s) from a simultaneous second receiver (overlapping timestamps); keeping one series
    [extract] event 19:12-19:17 on 20220201 not fully covered by downloaded data for Arecibo-Observatory (gap or out of range), skipping
  -> 9 positive + 2 negative crop(s) in 54.8s (36 files)

[29] Arecibo-Observatory 20220202 -- 6 cataloged event(s)
    [fetch] Arecibo-Observatory 2022-02-02 has 44 file(s) from a simultaneous second receiver (overlapping timestamps); keeping one series
    [extract] event 22:58-22:58 on 20220202 not fully covered by downloaded data for Arecibo-Observatory (gap or out of range), skipping
  -> 5 positive + 2 negative crop(s) in 68.5s (44 files)

[30] Arecibo-Observatory 20220203 -- 4 cataloged event(s)
    [fetch] Arecibo-Observatory 2022-02-03 has 44 file(s) from a simultaneous second receiver (overlapping timestamps); keeping one series
  -> 4 positive + 2 negative crop(s) in 67.2s (44 files)

[31] Arecibo-Observatory 20220204 -- 5 cataloged event(s)
    [fetch] Arecibo-Observatory 2022-02-04 has 44 file(s) from a simultaneous second receiver (overlapping timestamps); keeping one series
  -> 5 positive + 2 negative crop(s) in 68.5s (44 files)

[32] Arecibo-Observatory 20220205 -- 14 cataloged event(s)
    [fetch] Arecibo-Observatory 2022-02-05 has 44 file(s) from a simultaneous second receiver (overlapping timestamps); keeping one series
  -> 14 positive + 2 negative crop(s) in 67.0s (44 files)

[33] Arecibo-Observatory 20220206 -- 3 cataloged event(s)
    [fetch] Arecibo-Observatory 2022-02-06 has 44 file(s) from a simultaneous second receiver (overlapping timestamps); keeping one series
  -> 3 positive + 2 negative crop(s) in 67.3s (44 files)

[34] Arecibo-Observatory 20220207 -- 1 cataloged event(s)
    [fetch] Arecibo-Observatory 2022-02-07 has 44 file(s) from a simultaneous second receiver (overlapping timestamps); keeping one series
  -> 1 positive + 2 negative crop(s) in 68.5s (44 files)

[35] Arecibo-Observatory 20220208 -- 2 cataloged event(s)
    [fetch] Arecibo-Observatory 2022-02-08 has 44 file(s) from a simultaneous second receiver (overlapping timestamps); keeping one series
  -> 2 positive + 2 negative crop(s) in 67.4s (44 files)

[36] Arecibo-Observatory 20220209 -- 6 cataloged event(s)
    [fetch] Arecibo-Observatory 2022-02-09 has 44 file(s) from a simultaneous second receiver (overlapping timestamps); keeping one series
  -> 6 positive + 2 negative crop(s) in 68.4s (44 files)

[37] Arecibo-Observatory 20220210 -- 4 cataloged event(s)
    [fetch] Arecibo-Observatory 2022-02-10 has 44 file(s) from a simultaneous second receiver (overlapping timestamps); keeping one series
  -> 4 positive + 2 negative crop(s) in 66.9s (44 files)

[38] Arecibo-Observatory 20220211 -- 3 cataloged event(s)
    [fetch] Arecibo-Observatory 2022-02-11 has 44 file(s) from a simultaneous second receiver (overlapping timestamps); keeping one series
  -> 3 positive + 2 negative crop(s) in 67.0s (44 files)

[39] Arecibo-Observatory 20220212 -- 7 cataloged event(s)
    [fetch] Arecibo-Observatory 2022-02-12 has 44 file(s) from a simultaneous second receiver (overlapping timestamps); keeping one series
  -> 7 positive + 2 negative crop(s) in 67.1s (44 files)

[40] Arecibo-Observatory 20220213 -- 5 cataloged event(s)
    [fetch] Arecibo-Observatory 2022-02-13 has 44 file(s) from a simultaneous second receiver (overlapping timestamps); keeping one series
  -> 5 positive + 2 negative crop(s) in 66.6s (44 files)

[41] Arecibo-Observatory 20220214 -- 1 cataloged event(s)
    [fetch] Arecibo-Observatory 2022-02-14 has 44 file(s) from a simultaneous second receiver (overlapping timestamps); keeping one series
  -> 1 positive + 2 negative crop(s) in 68.2s (44 files)

[42] Arecibo-Observatory 20220215 -- 2 cataloged event(s)
    [fetch] Arecibo-Observatory 2022-02-15 has 44 file(s) from a simultaneous second receiver (overlapping timestamps); keeping one series
  -> 2 positive + 2 negative crop(s) in 68.5s (44 files)

[43] Arecibo-Observatory 20220216 -- 3 cataloged event(s)
    [fetch] Arecibo-Observatory 2022-02-16 has 55 file(s) from a simultaneous second receiver (overlapping timestamps); keeping one series
  -> 3 positive + 2 negative crop(s) in 82.6s (55 files)

[44] Arecibo-Observatory 20220218 -- 2 cataloged event(s)
    [fetch] Arecibo-Observatory 2022-02-18 has 49 file(s) from a simultaneous second receiver (overlapping timestamps); keeping one series
  -> 2 positive + 2 negative crop(s) in 74.7s (49 files)

[45] Arecibo-Observatory 20220228 -- 2 cataloged event(s)
    [fetch] Arecibo-Observatory 2022-02-28 has 49 file(s) from a simultaneous second receiver (overlapping timestamps); keeping one series
  -> 2 positive + 2 negative crop(s) in 74.7s (49 files)

[46] Arecibo-Observatory 20220301 -- 1 cataloged event(s)
    [fetch] Arecibo-Observatory 2022-03-01 has 49 file(s) from a simultaneous second receiver (overlapping timestamps); keeping one series
  -> 1 positive + 2 negative crop(s) in 74.7s (49 files)

[47] Arecibo-Observatory 20220302 -- 4 cataloged event(s)
    [fetch] Arecibo-Observatory 2022-03-02 has 49 file(s) from a simultaneous second receiver (overlapping timestamps); keeping one series
  -> 4 positive + 2 negative crop(s) in 74.5s (49 files)

[48] Arecibo-Observatory 20220303 -- 2 cataloged event(s)
    [fetch] Arecibo-Observatory 2022-03-03 has 49 file(s) from a simultaneous second receiver (overlapping timestamps); keeping one series
  -> 2 positive + 2 negative crop(s) in 76.0s (49 files)

[49] Arecibo-Observatory 20220304 -- 2 cataloged event(s)
    [fetch] Arecibo-Observatory 2022-03-04 has 49 file(s) from a simultaneous second receiver (overlapping timestamps); keeping one series
  -> 2 positive + 2 negative crop(s) in 74.6s (49 files)

[50] Arecibo-Observatory 20220305 -- 5 cataloged event(s)
    [fetch] Arecibo-Observatory 2022-03-05 has 49 file(s) from a simultaneous second receiver (overlapping timestamps); keeping one series
  -> 5 positive + 2 negative crop(s) in 74.6s (49 files)

[51] Arecibo-Observatory 20220306 -- 7 cataloged event(s)
    [fetch] Arecibo-Observatory 2022-03-06 has 49 file(s) from a simultaneous second receiver (overlapping timestamps); keeping one series
  -> 7 positive + 2 negative crop(s) in 74.6s (49 files)

[52] Arecibo-Observatory 20220307 -- 6 cataloged event(s)
    [fetch] Arecibo-Observatory 2022-03-07 has 49 file(s) from a simultaneous second receiver (overlapping timestamps); keeping one series
  -> 6 positive + 2 negative crop(s) in 76.2s (49 files)

[53] Arecibo-Observatory 20220308 -- 7 cataloged event(s)
    [fetch] Arecibo-Observatory 2022-03-08 has 49 file(s) from a simultaneous second receiver (overlapping timestamps); keeping one series
  -> 7 positive + 2 negative crop(s) in 74.4s (49 files)

[54] Arecibo-Observatory 20220309 -- 3 cataloged event(s)
/home/ubuntu/Desktop/TransferLearning_CNN/ecallisto_grabber/scrape.py:123: FutureWarning: The behavior of DataFrame concatenation with empty or all-NA entries is deprecated. In a future version, this will no longer exclude empty or all-NA columns when determining the result dtypes. To retain the old behavior, exclude the relevant entries before the concat operation.
  new_meta = pd.concat([pos_meta, neg_meta], ignore_index=True)
    [fetch] Arecibo-Observatory 2022-03-09 has 20 file(s) from a simultaneous second receiver (overlapping timestamps); keeping one series
  -> 3 positive + 2 negative crop(s) in 31.3s (20 files)

[55] Arecibo-Observatory 20220311 -- 1 cataloged event(s)
    [fetch] Arecibo-Observatory 2022-03-11 has 49 file(s) from a simultaneous second receiver (overlapping timestamps); keeping one series
  -> 1 positive + 2 negative crop(s) in 74.7s (49 files)

[56] Arecibo-Observatory 20220312 -- 7 cataloged event(s)
    [fetch] Arecibo-Observatory 2022-03-12 has 49 file(s) from a simultaneous second receiver (overlapping timestamps); keeping one series
  -> 7 positive + 2 negative crop(s) in 74.6s (49 files)

[57] Arecibo-Observatory 20220313 -- 6 cataloged event(s)
    [fetch] Arecibo-Observatory 2022-03-13 has 49 file(s) from a simultaneous second receiver (overlapping timestamps); keeping one series
  -> 6 positive + 2 negative crop(s) in 74.9s (49 files)

[58] Arecibo-Observatory 20220314 -- 1 cataloged event(s)
    [fetch] Arecibo-Observatory 2022-03-14 has 49 file(s) from a simultaneous second receiver (overlapping timestamps); keeping one series
  -> 1 positive + 2 negative crop(s) in 75.2s (49 files)

[59] Arecibo-Observatory 20220316 -- 3 cataloged event(s)
    [fetch] Arecibo-Observatory 2022-03-16 has 49 file(s) from a simultaneous second receiver (overlapping timestamps); keeping one series
  -> 3 positive + 2 negative crop(s) in 75.0s (49 files)

[60] Arecibo-Observatory 20220317 -- 2 cataloged event(s)
    [fetch] Arecibo-Observatory 2022-03-17 has 49 file(s) from a simultaneous second receiver (overlapping timestamps); keeping one series
  -> 2 positive + 2 negative crop(s) in 74.6s (49 files)

[61] Arecibo-Observatory 20220318 -- 4 cataloged event(s)
    [fetch] Arecibo-Observatory 2022-03-18 has 49 file(s) from a simultaneous second receiver (overlapping timestamps); keeping one series
  -> 4 positive + 2 negative crop(s) in 75.1s (49 files)

[62] Arecibo-Observatory 20220319 -- 4 cataloged event(s)
    [fetch] Arecibo-Observatory 2022-03-19 has 49 file(s) from a simultaneous second receiver (overlapping timestamps); keeping one series
  -> 4 positive + 2 negative crop(s) in 79.3s (49 files)

[63] Arecibo-Observatory 20220321 -- 1 cataloged event(s)
    [fetch] Arecibo-Observatory 2022-03-21 has 49 file(s) from a simultaneous second receiver (overlapping timestamps); keeping one series
  -> 1 positive + 2 negative crop(s) in 75.0s (49 files)

[64] Arecibo-Observatory 20220326 -- 3 cataloged event(s)
    [fetch] Arecibo-Observatory 2022-03-26 has 49 file(s) from a simultaneous second receiver (overlapping timestamps); keeping one series
  -> 3 positive + 2 negative crop(s) in 76.7s (49 files)

[65] Arecibo-Observatory 20220327 -- 1 cataloged event(s)
    [fetch] Arecibo-Observatory 2022-03-27 has 49 file(s) from a simultaneous second receiver (overlapping timestamps); keeping one series
  -> 1 positive + 2 negative crop(s) in 74.8s (49 files)

[66] Arecibo-Observatory 20220328 -- 2 cataloged event(s)
    [fetch] Arecibo-Observatory 2022-03-28 has 49 file(s) from a simultaneous second receiver (overlapping timestamps); keeping one series
  -> 2 positive + 2 negative crop(s) in 74.9s (49 files)

[67] Arecibo-Observatory 20220329 -- 6 cataloged event(s)
    [fetch] Arecibo-Observatory 2022-03-29 has 49 file(s) from a simultaneous second receiver (overlapping timestamps); keeping one series
    [extract] event 22:49-22:49 on 20220329 not fully covered by downloaded data for Arecibo-Observatory (gap or out of range), skipping
  -> 5 positive + 2 negative crop(s) in 74.8s (49 files)

[68] Arecibo-Observatory 20220330 -- 4 cataloged event(s)
    [fetch] Arecibo-Observatory 2022-03-30 has 49 file(s) from a simultaneous second receiver (overlapping timestamps); keeping one series
  -> 4 positive + 2 negative crop(s) in 75.2s (49 files)

[69] Arecibo-Observatory 20220331 -- 6 cataloged event(s)
    [fetch] Arecibo-Observatory 2022-03-31 has 49 file(s) from a simultaneous second receiver (overlapping timestamps); keeping one series
    [extract] event 12:16-12:17 on 20220331 not fully covered by downloaded data for Arecibo-Observatory (gap or out of range), skipping
    [extract] event 14:01-14:01 on 20220331 not fully covered by downloaded data for Arecibo-Observatory (gap or out of range), skipping
  -> 4 positive + 2 negative crop(s) in 75.1s (49 files)

[70] Arecibo-Observatory 20220401 -- 5 cataloged event(s)
    [fetch] Arecibo-Observatory 2022-04-01 has 49 file(s) from a simultaneous second receiver (overlapping timestamps); keeping one series
  -> 5 positive + 2 negative crop(s) in 75.0s (49 files)

[71] Arecibo-Observatory 20220402 -- 2 cataloged event(s)
    [fetch] Arecibo-Observatory 2022-04-02 has 49 file(s) from a simultaneous second receiver (overlapping timestamps); keeping one series
  -> 2 positive + 2 negative crop(s) in 75.1s (49 files)

[72] Arecibo-Observatory 20220403 -- 3 cataloged event(s)
    [fetch] Arecibo-Observatory 2022-04-03 has 49 file(s) from a simultaneous second receiver (overlapping timestamps); keeping one series
  -> 3 positive + 2 negative crop(s) in 75.2s (49 files)

[73] Arecibo-Observatory 20220404 -- 3 cataloged event(s)
    [fetch] Arecibo-Observatory 2022-04-04 has 49 file(s) from a simultaneous second receiver (overlapping timestamps); keeping one series
  -> 3 positive + 2 negative crop(s) in 75.0s (49 files)

[74] Arecibo-Observatory 20220407 -- 1 cataloged event(s)
    [fetch] Arecibo-Observatory 2022-04-07 has 49 file(s) from a simultaneous second receiver (overlapping timestamps); keeping one series
    [extract] event 16:29-16:29 on 20220407 not fully covered by downloaded data for Arecibo-Observatory (gap or out of range), skipping
  -> 0 positive + 2 negative crop(s) in 76.0s (49 files)

[75] Arecibo-Observatory 20220408 -- 7 cataloged event(s)
    [fetch] Arecibo-Observatory 2022-04-08 has 49 file(s) from a simultaneous second receiver (overlapping timestamps); keeping one series
  -> 7 positive + 2 negative crop(s) in 75.1s (49 files)

[76] Arecibo-Observatory 20220409 -- 3 cataloged event(s)
    [fetch] Arecibo-Observatory 2022-04-09 has 49 file(s) from a simultaneous second receiver (overlapping timestamps); keeping one series
  -> 3 positive + 2 negative crop(s) in 75.0s (49 files)

[77] Arecibo-Observatory 20220412 -- 3 cataloged event(s)
    [fetch] Arecibo-Observatory 2022-04-12 has 49 file(s) from a simultaneous second receiver (overlapping timestamps); keeping one series
  -> 3 positive + 2 negative crop(s) in 74.9s (49 files)

[78] Arecibo-Observatory 20220413 -- 1 cataloged event(s)
    [fetch] Arecibo-Observatory 2022-04-13 has 34 file(s) from a simultaneous second receiver (overlapping timestamps); keeping one series
  -> 1 positive + 2 negative crop(s) in 52.1s (34 files)

[79] Arecibo-Observatory 20220414 -- 3 cataloged event(s)
    [fetch] Arecibo-Observatory 2022-04-14 has 49 file(s) from a simultaneous second receiver (overlapping timestamps); keeping one series
  -> 3 positive + 2 negative crop(s) in 74.5s (49 files)

[80] Arecibo-Observatory 20220415 -- 8 cataloged event(s)
    [fetch] Arecibo-Observatory 2022-04-15 has 49 file(s) from a simultaneous second receiver (overlapping timestamps); keeping one series
  -> 8 positive + 2 negative crop(s) in 74.5s (49 files)

[81] Arecibo-Observatory 20220416 -- 1 cataloged event(s)
    [fetch] Arecibo-Observatory 2022-04-16 has 49 file(s) from a simultaneous second receiver (overlapping timestamps); keeping one series
  -> 1 positive + 2 negative crop(s) in 74.9s (49 files)

[82] Arecibo-Observatory 20220417 -- 2 cataloged event(s)
    [fetch] Arecibo-Observatory 2022-04-17 has 49 file(s) from a simultaneous second receiver (overlapping timestamps); keeping one series
  -> 2 positive + 2 negative crop(s) in 74.6s (49 files)

[83] Arecibo-Observatory 20220418 -- 3 cataloged event(s)
    [fetch] Arecibo-Observatory 2022-04-18 has 49 file(s) from a simultaneous second receiver (overlapping timestamps); keeping one series
  -> 3 positive + 2 negative crop(s) in 74.9s (49 files)

[84] Arecibo-Observatory 20220420 -- 18 cataloged event(s)
    [fetch] Arecibo-Observatory 2022-04-20 has 49 file(s) from a simultaneous second receiver (overlapping timestamps); keeping one series
    [extract] event 16:30-16:33 on 20220420 not fully covered by downloaded data for Arecibo-Observatory (gap or out of range), skipping
    [extract] event 14:15-14:15 on 20220420 not fully covered by downloaded data for Arecibo-Observatory (gap or out of range), skipping
  -> 16 positive + 2 negative crop(s) in 75.0s (49 files)

[85] Arecibo-Observatory 20220421 -- 4 cataloged event(s)
    [fetch] Arecibo-Observatory 2022-04-21 has 49 file(s) from a simultaneous second receiver (overlapping timestamps); keeping one series
    [extract] could not parse time_range='24:32-14:33', skipping
  -> 3 positive + 2 negative crop(s) in 75.3s (49 files)

[86] Arecibo-Observatory 20220422 -- 3 cataloged event(s)
    [fetch] Arecibo-Observatory 2022-04-22 has 49 file(s) from a simultaneous second receiver (overlapping timestamps); keeping one series
  -> 3 positive + 2 negative crop(s) in 75.0s (49 files)

[87] Arecibo-Observatory 20220424 -- 3 cataloged event(s)
    [fetch] Arecibo-Observatory 2022-04-24 has 49 file(s) from a simultaneous second receiver (overlapping timestamps); keeping one series
  -> 3 positive + 2 negative crop(s) in 75.1s (49 files)

[88] Arecibo-Observatory 20220425 -- 3 cataloged event(s)
    [fetch] Arecibo-Observatory 2022-04-25 has 49 file(s) from a simultaneous second receiver (overlapping timestamps); keeping one series
  -> 3 positive + 2 negative crop(s) in 75.1s (49 files)

[89] Arecibo-Observatory 20220426 -- 2 cataloged event(s)
    [fetch] Arecibo-Observatory 2022-04-26 has 49 file(s) from a simultaneous second receiver (overlapping timestamps); keeping one series
  -> 2 positive + 2 negative crop(s) in 75.0s (49 files)

[90] Arecibo-Observatory 20220427 -- 10 cataloged event(s)
    [fetch] Arecibo-Observatory 2022-04-27 has 49 file(s) from a simultaneous second receiver (overlapping timestamps); keeping one series
    [extract] event 12:46-12:46 on 20220427 not fully covered by downloaded data for Arecibo-Observatory (gap or out of range), skipping
  -> 9 positive + 2 negative crop(s) in 75.0s (49 files)

[91] Arecibo-Observatory 20220428 -- 2 cataloged event(s)
    [fetch] Arecibo-Observatory 2022-04-28 has 49 file(s) from a simultaneous second receiver (overlapping timestamps); keeping one series
  -> 2 positive + 2 negative crop(s) in 74.8s (49 files)

[92] Arecibo-Observatory 20220429 -- 6 cataloged event(s)
    [fetch] Arecibo-Observatory 2022-04-29 has 49 file(s) from a simultaneous second receiver (overlapping timestamps); keeping one series
  -> 6 positive + 2 negative crop(s) in 74.9s (49 files)

[93] Arecibo-Observatory 20220430 -- 17 cataloged event(s)
    [fetch] Arecibo-Observatory 2022-04-30 has 49 file(s) from a simultaneous second receiver (overlapping timestamps); keeping one series
    [extract] event 09:57-10:16 on 20220430 not fully covered by downloaded data for Arecibo-Observatory (gap or out of range), skipping
  -> 16 positive + 2 negative crop(s) in 75.0s (49 files)

[94] Arecibo-Observatory 20220501 -- 7 cataloged event(s)
    [fetch] Arecibo-Observatory 2022-05-01 has 49 file(s) from a simultaneous second receiver (overlapping timestamps); keeping one series
  -> 7 positive + 2 negative crop(s) in 74.8s (49 files)

[95] Arecibo-Observatory 20220502 -- 4 cataloged event(s)
    [fetch] Arecibo-Observatory 2022-05-02 has 49 file(s) from a simultaneous second receiver (overlapping timestamps); keeping one series
  -> 4 positive + 2 negative crop(s) in 74.8s (49 files)

[96] Arecibo-Observatory 20220503 -- 5 cataloged event(s)
    [fetch] Arecibo-Observatory 2022-05-03 has 49 file(s) from a simultaneous second receiver (overlapping timestamps); keeping one series
  -> 5 positive + 2 negative crop(s) in 74.9s (49 files)

[97] Arecibo-Observatory 20220504 -- 6 cataloged event(s)
    [fetch] Arecibo-Observatory 2022-05-04 has 49 file(s) from a simultaneous second receiver (overlapping timestamps); keeping one series
  -> 6 positive + 2 negative crop(s) in 74.9s (49 files)

[98] Arecibo-Observatory 20220505 -- 6 cataloged event(s)
    [fetch] Arecibo-Observatory 2022-05-05 has 49 file(s) from a simultaneous second receiver (overlapping timestamps); keeping one series
  -> 6 positive + 2 negative crop(s) in 75.1s (49 files)

[99] Arecibo-Observatory 20220506 -- 6 cataloged event(s)
    [fetch] Arecibo-Observatory 2022-05-06 has 49 file(s) from a simultaneous second receiver (overlapping timestamps); keeping one series
  -> 6 positive + 2 negative crop(s) in 75.2s (49 files)

[100] Arecibo-Observatory 20220507 -- 8 cataloged event(s)
    [fetch] Arecibo-Observatory 2022-05-07 has 49 file(s) from a simultaneous second receiver (overlapping timestamps); keeping one series
  -> 8 positive + 2 negative crop(s) in 75.5s (49 files)

[101] Arecibo-Observatory 20220508 -- 6 cataloged event(s)
    [fetch] Arecibo-Observatory 2022-05-08 has 49 file(s) from a simultaneous second receiver (overlapping timestamps); keeping one series
  -> 6 positive + 2 negative crop(s) in 75.3s (49 files)

[102] Arecibo-Observatory 20220509 -- 5 cataloged event(s)
    [fetch] Arecibo-Observatory 2022-05-09 has 49 file(s) from a simultaneous second receiver (overlapping timestamps); keeping one series
  -> 5 positive + 2 negative crop(s) in 75.2s (49 files)

[103] Arecibo-Observatory 20220510 -- 5 cataloged event(s)
    [fetch] Arecibo-Observatory 2022-05-10 has 49 file(s) from a simultaneous second receiver (overlapping timestamps); keeping one series
    [extract] event 13:44-13:55 on 20220510 not fully covered by downloaded data for Arecibo-Observatory (gap or out of range), skipping
  -> 4 positive + 2 negative crop(s) in 75.1s (49 files)

[104] Arecibo-Observatory 20220511 -- 14 cataloged event(s)
    [fetch] Arecibo-Observatory 2022-05-11 has 49 file(s) from a simultaneous second receiver (overlapping timestamps); keeping one series
  -> 14 positive + 2 negative crop(s) in 74.9s (49 files)

[105] Arecibo-Observatory 20220512 -- 2 cataloged event(s)
    [fetch] Arecibo-Observatory 2022-05-12 has 43 file(s) from a simultaneous second receiver (overlapping timestamps); keeping one series
  -> 2 positive + 2 negative crop(s) in 65.4s (43 files)

[106] Arecibo-Observatory 20220513 -- 8 cataloged event(s)
    [fetch] Arecibo-Observatory 2022-05-13 has 49 file(s) from a simultaneous second receiver (overlapping timestamps); keeping one series
  -> 8 positive + 2 negative crop(s) in 74.8s (49 files)

[107] Arecibo-Observatory 20220514 -- 10 cataloged event(s)
    [fetch] Arecibo-Observatory 2022-05-14 has 49 file(s) from a simultaneous second receiver (overlapping timestamps); keeping one series
    [extract] could not parse time_range='18:19.18:19', skipping
  -> 9 positive + 2 negative crop(s) in 74.8s (49 files)

[108] Arecibo-Observatory 20220515 -- 1 cataloged event(s)
    [fetch] Arecibo-Observatory 2022-05-15 has 49 file(s) from a simultaneous second receiver (overlapping timestamps); keeping one series
  -> 1 positive + 2 negative crop(s) in 74.9s (49 files)

[109] Arecibo-Observatory 20220516 -- 2 cataloged event(s)
    [fetch] Arecibo-Observatory 2022-05-16 has 49 file(s) from a simultaneous second receiver (overlapping timestamps); keeping one series
  -> 2 positive + 2 negative crop(s) in 75.1s (49 files)

[110] Arecibo-Observatory 20220517 -- 5 cataloged event(s)
    [fetch] Arecibo-Observatory 2022-05-17 has 49 file(s) from a simultaneous second receiver (overlapping timestamps); keeping one series
  -> 5 positive + 2 negative crop(s) in 79.1s (49 files)

[111] Arecibo-Observatory 20220518 -- 2 cataloged event(s)
    [fetch] Arecibo-Observatory 2022-05-18 has 49 file(s) from a simultaneous second receiver (overlapping timestamps); keeping one series
  -> 2 positive + 2 negative crop(s) in 75.0s (49 files)

[112] Arecibo-Observatory 20220519 -- 8 cataloged event(s)
    [fetch] Arecibo-Observatory 2022-05-19 has 49 file(s) from a simultaneous second receiver (overlapping timestamps); keeping one series
  -> 8 positive + 2 negative crop(s) in 75.0s (49 files)

[113] Arecibo-Observatory 20220520 -- 8 cataloged event(s)
    [fetch] Arecibo-Observatory 2022-05-20 has 49 file(s) from a simultaneous second receiver (overlapping timestamps); keeping one series
  -> 8 positive + 2 negative crop(s) in 74.8s (49 files)

[114] Arecibo-Observatory 20220521 -- 8 cataloged event(s)
    [fetch] Arecibo-Observatory 2022-05-21 has 49 file(s) from a simultaneous second receiver (overlapping timestamps); keeping one series
  -> 8 positive + 2 negative crop(s) in 75.1s (49 files)

[115] Arecibo-Observatory 20220522 -- 1 cataloged event(s)
    [fetch] Arecibo-Observatory 2022-05-22 has 49 file(s) from a simultaneous second receiver (overlapping timestamps); keeping one series
  -> 1 positive + 2 negative crop(s) in 75.0s (49 files)

[116] Arecibo-Observatory 20220524 -- 5 cataloged event(s)
    [fetch] Arecibo-Observatory 2022-05-24 has 49 file(s) from a simultaneous second receiver (overlapping timestamps); keeping one series
  -> 5 positive + 2 negative crop(s) in 75.1s (49 files)

[117] Arecibo-Observatory 20220525 -- 5 cataloged event(s)
    [fetch] Arecibo-Observatory 2022-05-25 has 49 file(s) from a simultaneous second receiver (overlapping timestamps); keeping one series
  -> 5 positive + 2 negative crop(s) in 75.1s (49 files)

[118] Arecibo-Observatory 20220526 -- 2 cataloged event(s)
    [fetch] Arecibo-Observatory 2022-05-26 has 49 file(s) from a simultaneous second receiver (overlapping timestamps); keeping one series
  -> 2 positive + 2 negative crop(s) in 75.1s (49 files)

[119] Arecibo-Observatory 20220527 -- 12 cataloged event(s)
    [fetch] Arecibo-Observatory 2022-05-27 has 49 file(s) from a simultaneous second receiver (overlapping timestamps); keeping one series
    [extract] event 19:27-19:30 on 20220527 not fully covered by downloaded data for Arecibo-Observatory (gap or out of range), skipping
    [extract] event 16:29-16:32 on 20220527 not fully covered by downloaded data for Arecibo-Observatory (gap or out of range), skipping
  -> 10 positive + 2 negative crop(s) in 75.1s (49 files)

[120] Arecibo-Observatory 20220528 -- 8 cataloged event(s)
    [fetch] Arecibo-Observatory 2022-05-28 has 49 file(s) from a simultaneous second receiver (overlapping timestamps); keeping one series
  -> 8 positive + 2 negative crop(s) in 75.3s (49 files)

[121] Arecibo-Observatory 20220529 -- 4 cataloged event(s)
    [fetch] Arecibo-Observatory 2022-05-29 has 49 file(s) from a simultaneous second receiver (overlapping timestamps); keeping one series
  -> 4 positive + 2 negative crop(s) in 75.1s (49 files)

[122] Arecibo-Observatory 20220530 -- 6 cataloged event(s)
    [fetch] Arecibo-Observatory 2022-05-30 has 49 file(s) from a simultaneous second receiver (overlapping timestamps); keeping one series
  -> 6 positive + 2 negative crop(s) in 75.2s (49 files)

[123] Arecibo-Observatory 20220531 -- 10 cataloged event(s)
    [fetch] Arecibo-Observatory 2022-05-31 has 49 file(s) from a simultaneous second receiver (overlapping timestamps); keeping one series
  -> 10 positive + 2 negative crop(s) in 74.9s (49 files)

[124] Arecibo-Observatory 20220601 -- 3 cataloged event(s)
    [fetch] Arecibo-Observatory 2022-06-01 has 49 file(s) from a simultaneous second receiver (overlapping timestamps); keeping one series
  -> 3 positive + 2 negative crop(s) in 75.3s (49 files)

[125] Arecibo-Observatory 20220602 -- 3 cataloged event(s)
    [fetch] Arecibo-Observatory 2022-06-02 has 49 file(s) from a simultaneous second receiver (overlapping timestamps); keeping one series
  -> 3 positive + 2 negative crop(s) in 75.3s (49 files)

[126] Arecibo-Observatory 20220603 -- 1 cataloged event(s)
    [fetch] Arecibo-Observatory 2022-06-03 has 49 file(s) from a simultaneous second receiver (overlapping timestamps); keeping one series
  -> 1 positive + 2 negative crop(s) in 75.1s (49 files)

[127] Arecibo-Observatory 20220606 -- 1 cataloged event(s)
    [fetch] Arecibo-Observatory 2022-06-06 has 49 file(s) from a simultaneous second receiver (overlapping timestamps); keeping one series
  -> 1 positive + 2 negative crop(s) in 75.4s (49 files)

[128] Arecibo-Observatory 20220609 -- 4 cataloged event(s)
    [fetch] Arecibo-Observatory 2022-06-09 has 49 file(s) from a simultaneous second receiver (overlapping timestamps); keeping one series
  -> 4 positive + 2 negative crop(s) in 75.4s (49 files)

[129] Arecibo-Observatory 20220611 -- 1 cataloged event(s)
    [fetch] Arecibo-Observatory 2022-06-11 has 49 file(s) from a simultaneous second receiver (overlapping timestamps); keeping one series
  -> 1 positive + 2 negative crop(s) in 75.6s (49 files)

[130] Arecibo-Observatory 20220612 -- 1 cataloged event(s)
    [fetch] Arecibo-Observatory 2022-06-12 has 49 file(s) from a simultaneous second receiver (overlapping timestamps); keeping one series
  -> 1 positive + 2 negative crop(s) in 75.7s (49 files)

[131] Arecibo-Observatory 20220613 -- 9 cataloged event(s)
    [fetch] Arecibo-Observatory 2022-06-13 has 49 file(s) from a simultaneous second receiver (overlapping timestamps); keeping one series
  -> 9 positive + 2 negative crop(s) in 75.3s (49 files)

[132] Arecibo-Observatory 20220614 -- 2 cataloged event(s)
    [fetch] Arecibo-Observatory 2022-06-14 has 49 file(s) from a simultaneous second receiver (overlapping timestamps); keeping one series
  -> 2 positive + 2 negative crop(s) in 75.4s (49 files)

[133] Arecibo-Observatory 20220624 -- 2 cataloged event(s)
    [fetch] Arecibo-Observatory 2022-06-24 has 40 file(s) from a simultaneous second receiver (overlapping timestamps); keeping one series
  -> 2 positive + 2 negative crop(s) in 62.1s (40 files)

[134] Arecibo-Observatory 20220625 -- 7 cataloged event(s)
    [fetch] Arecibo-Observatory 2022-06-25 has 49 file(s) from a simultaneous second receiver (overlapping timestamps); keeping one series
  -> 7 positive + 2 negative crop(s) in 74.9s (49 files)

[135] Arecibo-Observatory 20220626 -- 3 cataloged event(s)
    [fetch] Arecibo-Observatory 2022-06-26 has 49 file(s) from a simultaneous second receiver (overlapping timestamps); keeping one series
  -> 3 positive + 2 negative crop(s) in 75.1s (49 files)

[136] Arecibo-Observatory 20220627 -- 10 cataloged event(s)
    [fetch] Arecibo-Observatory 2022-06-27 has 49 file(s) from a simultaneous second receiver (overlapping timestamps); keeping one series
  -> 10 positive + 2 negative crop(s) in 75.1s (49 files)

[137] Arecibo-Observatory 20220628 -- 1 cataloged event(s)
    [fetch] Arecibo-Observatory 2022-06-28 has 5 file(s) from a simultaneous second receiver (overlapping timestamps); keeping one series
  -> 1 positive + 2 negative crop(s) in 10.2s (5 files)

[138] Arecibo-Observatory 20220702 -- 6 cataloged event(s)
    [fetch] Arecibo-Observatory 2022-07-02 has 49 file(s) from a simultaneous second receiver (overlapping timestamps); keeping one series
  -> 6 positive + 2 negative crop(s) in 75.3s (49 files)

[139] Arecibo-Observatory 20220703 -- 15 cataloged event(s)
    [fetch] Arecibo-Observatory 2022-07-03 has 49 file(s) from a simultaneous second receiver (overlapping timestamps); keeping one series
    [extract] event 16:30-16:34 on 20220703 not fully covered by downloaded data for Arecibo-Observatory (gap or out of range), skipping
    [extract] could not parse time_range='15.49-15:52', skipping
  -> 13 positive + 2 negative crop(s) in 75.1s (49 files)

[140] Arecibo-Observatory 20220704 -- 7 cataloged event(s)
    [fetch] Arecibo-Observatory 2022-07-04 has 49 file(s) from a simultaneous second receiver (overlapping timestamps); keeping one series
  -> 7 positive + 2 negative crop(s) in 74.9s (49 files)

[141] Arecibo-Observatory 20220705 -- 8 cataloged event(s)
    [fetch] Arecibo-Observatory 2022-07-05 has 49 file(s) from a simultaneous second receiver (overlapping timestamps); keeping one series
  -> 8 positive + 2 negative crop(s) in 75.2s (49 files)

[142] Arecibo-Observatory 20220706 -- 2 cataloged event(s)
    [fetch] Arecibo-Observatory 2022-07-06 has 49 file(s) from a simultaneous second receiver (overlapping timestamps); keeping one series
/home/ubuntu/Desktop/TransferLearning_CNN/ecallisto_grabber/scrape.py:123: FutureWarning: The behavior of DataFrame concatenation with empty or all-NA entries is deprecated. In a future version, this will no longer exclude empty or all-NA columns when determining the result dtypes. To retain the old behavior, exclude the relevant entries before the concat operation.
  new_meta = pd.concat([pos_meta, neg_meta], ignore_index=True)
  -> 2 positive + 2 negative crop(s) in 75.6s (49 files)

[143] Arecibo-Observatory 20220707 -- 1 cataloged event(s)
    [fetch] Arecibo-Observatory 2022-07-07 has 49 file(s) from a simultaneous second receiver (overlapping timestamps); keeping one series
  -> 1 positive + 2 negative crop(s) in 75.5s (49 files)

[144] Arecibo-Observatory 20220712 -- 1 cataloged event(s)
    [fetch] Arecibo-Observatory 2022-07-12 has 49 file(s) from a simultaneous second receiver (overlapping timestamps); keeping one series
  -> 1 positive + 2 negative crop(s) in 75.5s (49 files)

[145] Arecibo-Observatory 20220713 -- 5 cataloged event(s)
    [fetch] Arecibo-Observatory 2022-07-13 has 49 file(s) from a simultaneous second receiver (overlapping timestamps); keeping one series
  -> 5 positive + 2 negative crop(s) in 75.3s (49 files)

[146] Arecibo-Observatory 20220714 -- 3 cataloged event(s)
    [fetch] Arecibo-Observatory 2022-07-14 has 29 file(s) from a simultaneous second receiver (overlapping timestamps); keeping one series
  -> 3 positive + 0 negative crop(s) in 44.7s (29 files)

[147] Arecibo-Observatory 20220715 -- 6 cataloged event(s)
    [fetch] Arecibo-Observatory 2022-07-15 has 49 file(s) from a simultaneous second receiver (overlapping timestamps); keeping one series
  -> 6 positive + 2 negative crop(s) in 74.6s (49 files)

[148] Arecibo-Observatory 20220716 -- 2 cataloged event(s)
    [fetch] Arecibo-Observatory 2022-07-16 has 49 file(s) from a simultaneous second receiver (overlapping timestamps); keeping one series
  -> 2 positive + 2 negative crop(s) in 74.8s (49 files)

[149] Arecibo-Observatory 20220717 -- 3 cataloged event(s)
    [fetch] Arecibo-Observatory 2022-07-17 has 49 file(s) from a simultaneous second receiver (overlapping timestamps); keeping one series
  -> 3 positive + 2 negative crop(s) in 75.1s (49 files)

[150] Arecibo-Observatory 20220718 -- 4 cataloged event(s)
    [fetch] Arecibo-Observatory 2022-07-18 has 49 file(s) from a simultaneous second receiver (overlapping timestamps); keeping one series
  -> 4 positive + 2 negative crop(s) in 75.5s (49 files)

[151] Arecibo-Observatory 20220719 -- 5 cataloged event(s)
    [fetch] Arecibo-Observatory 2022-07-19 has 49 file(s) from a simultaneous second receiver (overlapping timestamps); keeping one series
  -> 5 positive + 2 negative crop(s) in 75.0s (49 files)

[152] Arecibo-Observatory 20220720 -- 3 cataloged event(s)
    [fetch] Arecibo-Observatory 2022-07-20 has 49 file(s) from a simultaneous second receiver (overlapping timestamps); keeping one series
  -> 3 positive + 2 negative crop(s) in 75.6s (49 files)

[153] Arecibo-Observatory 20220721 -- 9 cataloged event(s)
    [fetch] Arecibo-Observatory 2022-07-21 has 49 file(s) from a simultaneous second receiver (overlapping timestamps); keeping one series
    [extract] event 14:01-14:10 on 20220721 not fully covered by downloaded data for Arecibo-Observatory (gap or out of range), skipping
  -> 8 positive + 2 negative crop(s) in 75.0s (49 files)

[154] Arecibo-Observatory 20220722 -- 7 cataloged event(s)
    [fetch] Arecibo-Observatory 2022-07-22 has 49 file(s) from a simultaneous second receiver (overlapping timestamps); keeping one series
  -> 7 positive + 2 negative crop(s) in 75.0s (49 files)

[155] Arecibo-Observatory 20220723 -- 3 cataloged event(s)
    [fetch] Arecibo-Observatory 2022-07-23 has 49 file(s) from a simultaneous second receiver (overlapping timestamps); keeping one series
  -> 3 positive + 2 negative crop(s) in 75.2s (49 files)

[156] Arecibo-Observatory 20220724 -- 2 cataloged event(s)
    [fetch] Arecibo-Observatory 2022-07-24 has 49 file(s) from a simultaneous second receiver (overlapping timestamps); keeping one series
  -> 2 positive + 2 negative crop(s) in 83.7s (49 files)

[157] Arecibo-Observatory 20220726 -- 1 cataloged event(s)
    [fetch] Arecibo-Observatory 2022-07-26 has 49 file(s) from a simultaneous second receiver (overlapping timestamps); keeping one series
  -> 1 positive + 2 negative crop(s) in 74.8s (49 files)

[158] Arecibo-Observatory 20220727 -- 1 cataloged event(s)
    [fetch] Arecibo-Observatory 2022-07-27 has 49 file(s) from a simultaneous second receiver (overlapping timestamps); keeping one series
  -> 1 positive + 2 negative crop(s) in 74.8s (49 files)

[159] Arecibo-Observatory 20220730 -- 1 cataloged event(s)
    [fetch] skipping https://soleil.i4ds.ch/solarradio/data/2002-20yy_Callisto/2022/07/30/Arecibo-Observatory_20220730_211501_62.fit.gz: Compressed file ended before the end-of-stream marker was reached
    [fetch] Arecibo-Observatory 2022-07-30 has 48 file(s) from a simultaneous second receiver (overlapping timestamps); keeping one series
  -> 1 positive + 2 negative crop(s) in 77.1s (49 files)

[160] Arecibo-Observatory 20220802 -- 2 cataloged event(s)
    [fetch] Arecibo-Observatory 2022-08-02 has 49 file(s) from a simultaneous second receiver (overlapping timestamps); keeping one series
  -> 2 positive + 2 negative crop(s) in 74.8s (49 files)

[161] Arecibo-Observatory 20220803 -- 2 cataloged event(s)
    [fetch] Arecibo-Observatory 2022-08-03 has 49 file(s) from a simultaneous second receiver (overlapping timestamps); keeping one series
  -> 2 positive + 2 negative crop(s) in 74.9s (49 files)

[162] Arecibo-Observatory 20220804 -- 1 cataloged event(s)
    [fetch] Arecibo-Observatory 2022-08-04 has 49 file(s) from a simultaneous second receiver (overlapping timestamps); keeping one series
  -> 1 positive + 2 negative crop(s) in 75.0s (49 files)

[163] Arecibo-Observatory 20220805 -- 8 cataloged event(s)
    [fetch] Arecibo-Observatory 2022-08-05 has 49 file(s) from a simultaneous second receiver (overlapping timestamps); keeping one series
  -> 8 positive + 2 negative crop(s) in 75.0s (49 files)

[164] Arecibo-Observatory 20220806 -- 1 cataloged event(s)
    [fetch] Arecibo-Observatory 2022-08-06 has 49 file(s) from a simultaneous second receiver (overlapping timestamps); keeping one series
  -> 1 positive + 2 negative crop(s) in 74.7s (49 files)

[165] Arecibo-Observatory 20220807 -- 3 cataloged event(s)
    [fetch] Arecibo-Observatory 2022-08-07 has 49 file(s) from a simultaneous second receiver (overlapping timestamps); keeping one series
  -> 3 positive + 2 negative crop(s) in 75.1s (49 files)

[166] Arecibo-Observatory 20220808 -- 4 cataloged event(s)
    [fetch] Arecibo-Observatory 2022-08-08 has 49 file(s) from a simultaneous second receiver (overlapping timestamps); keeping one series
  -> 4 positive + 2 negative crop(s) in 74.9s (49 files)

[167] Arecibo-Observatory 20220811 -- 1 cataloged event(s)
    [fetch] Arecibo-Observatory 2022-08-11 has 49 file(s) from a simultaneous second receiver (overlapping timestamps); keeping one series
  -> 1 positive + 2 negative crop(s) in 74.5s (49 files)

[168] Arecibo-Observatory 20220812 -- 3 cataloged event(s)
    [fetch] Arecibo-Observatory 2022-08-12 has 49 file(s) from a simultaneous second receiver (overlapping timestamps); keeping one series
  -> 3 positive + 2 negative crop(s) in 74.6s (49 files)

[169] Arecibo-Observatory 20220813 -- 2 cataloged event(s)
    [fetch] Arecibo-Observatory 2022-08-13 has 49 file(s) from a simultaneous second receiver (overlapping timestamps); keeping one series
  -> 2 positive + 2 negative crop(s) in 74.4s (49 files)

[170] Arecibo-Observatory 20220814 -- 4 cataloged event(s)
    [fetch] Arecibo-Observatory 2022-08-14 has 49 file(s) from a simultaneous second receiver (overlapping timestamps); keeping one series
  -> 4 positive + 2 negative crop(s) in 74.2s (49 files)

[171] Arecibo-Observatory 20220815 -- 7 cataloged event(s)
    [fetch] Arecibo-Observatory 2022-08-15 has 49 file(s) from a simultaneous second receiver (overlapping timestamps); keeping one series
  -> 7 positive + 2 negative crop(s) in 75.4s (49 files)

[172] Arecibo-Observatory 20220817 -- 2 cataloged event(s)
    [fetch] Arecibo-Observatory 2022-08-17 has 49 file(s) from a simultaneous second receiver (overlapping timestamps); keeping one series
  -> 2 positive + 2 negative crop(s) in 75.1s (49 files)

[173] Arecibo-Observatory 20220818 -- 6 cataloged event(s)
    [fetch] Arecibo-Observatory 2022-08-18 has 49 file(s) from a simultaneous second receiver (overlapping timestamps); keeping one series
  -> 6 positive + 2 negative crop(s) in 74.7s (49 files)

[174] Arecibo-Observatory 20220819 -- 2 cataloged event(s)
    [fetch] Arecibo-Observatory 2022-08-19 has 49 file(s) from a simultaneous second receiver (overlapping timestamps); keeping one series
  -> 2 positive + 2 negative crop(s) in 74.8s (49 files)

[175] Arecibo-Observatory 20220820 -- 1 cataloged event(s)
    [fetch] Arecibo-Observatory 2022-08-20 has 49 file(s) from a simultaneous second receiver (overlapping timestamps); keeping one series
  -> 1 positive + 2 negative crop(s) in 74.7s (49 files)

[176] Arecibo-Observatory 20220823 -- 1 cataloged event(s)
    [fetch] Arecibo-Observatory 2022-08-23 has 49 file(s) from a simultaneous second receiver (overlapping timestamps); keeping one series
  -> 1 positive + 2 negative crop(s) in 74.8s (49 files)

[177] Arecibo-Observatory 20220824 -- 4 cataloged event(s)
    [fetch] Arecibo-Observatory 2022-08-24 has 49 file(s) from a simultaneous second receiver (overlapping timestamps); keeping one series
  -> 4 positive + 2 negative crop(s) in 74.8s (49 files)

[178] Arecibo-Observatory 20220825 -- 4 cataloged event(s)
    [fetch] Arecibo-Observatory 2022-08-25 has 49 file(s) from a simultaneous second receiver (overlapping timestamps); keeping one series
  -> 4 positive + 2 negative crop(s) in 75.0s (49 files)

[179] Arecibo-Observatory 20220826 -- 2 cataloged event(s)
    [fetch] Arecibo-Observatory 2022-08-26 has 49 file(s) from a simultaneous second receiver (overlapping timestamps); keeping one series
  -> 2 positive + 2 negative crop(s) in 74.9s (49 files)

[180] Arecibo-Observatory 20220827 -- 5 cataloged event(s)
    [fetch] Arecibo-Observatory 2022-08-27 has 49 file(s) from a simultaneous second receiver (overlapping timestamps); keeping one series
    [extract] event 12:45-12:46 on 20220827 not fully covered by downloaded data for Arecibo-Observatory (gap or out of range), skipping
  -> 4 positive + 2 negative crop(s) in 74.6s (49 files)

[181] Arecibo-Observatory 20220828 -- 2 cataloged event(s)
    [fetch] Arecibo-Observatory 2022-08-28 has 49 file(s) from a simultaneous second receiver (overlapping timestamps); keeping one series
  -> 2 positive + 2 negative crop(s) in 74.7s (49 files)

[182] Arecibo-Observatory 20220829 -- 5 cataloged event(s)
    [fetch] Arecibo-Observatory 2022-08-29 has 49 file(s) from a simultaneous second receiver (overlapping timestamps); keeping one series
  -> 5 positive + 2 negative crop(s) in 74.9s (49 files)

[183] Arecibo-Observatory 20220830 -- 1 cataloged event(s)
    [fetch] Arecibo-Observatory 2022-08-30 has 49 file(s) from a simultaneous second receiver (overlapping timestamps); keeping one series
  -> 1 positive + 2 negative crop(s) in 75.8s (49 files)

[184] Arecibo-Observatory 20220903 -- 1 cataloged event(s)
    [fetch] Arecibo-Observatory 2022-09-03 has 49 file(s) from a simultaneous second receiver (overlapping timestamps); keeping one series
  -> 1 positive + 2 negative crop(s) in 74.8s (49 files)

[185] Arecibo-Observatory 20220905 -- 4 cataloged event(s)
    [fetch] Arecibo-Observatory 2022-09-05 has 49 file(s) from a simultaneous second receiver (overlapping timestamps); keeping one series
  -> 4 positive + 2 negative crop(s) in 74.6s (49 files)

[186] Arecibo-Observatory 20220906 -- 2 cataloged event(s)
    [fetch] Arecibo-Observatory 2022-09-06 has 49 file(s) from a simultaneous second receiver (overlapping timestamps); keeping one series
  -> 2 positive + 2 negative crop(s) in 74.9s (49 files)

[187] Arecibo-Observatory 20220909 -- 2 cataloged event(s)
    [fetch] Arecibo-Observatory 2022-09-09 has 49 file(s) from a simultaneous second receiver (overlapping timestamps); keeping one series
  -> 2 positive + 2 negative crop(s) in 74.7s (49 files)

[188] Arecibo-Observatory 20220911 -- 6 cataloged event(s)
    [fetch] Arecibo-Observatory 2022-09-11 has 49 file(s) from a simultaneous second receiver (overlapping timestamps); keeping one series
  -> 6 positive + 2 negative crop(s) in 74.7s (49 files)

[189] Arecibo-Observatory 20220912 -- 2 cataloged event(s)
    [fetch] Arecibo-Observatory 2022-09-12 has 49 file(s) from a simultaneous second receiver (overlapping timestamps); keeping one series
  -> 2 positive + 2 negative crop(s) in 75.1s (49 files)

[190] Arecibo-Observatory 20220913 -- 6 cataloged event(s)
    [fetch] Arecibo-Observatory 2022-09-13 has 49 file(s) from a simultaneous second receiver (overlapping timestamps); keeping one series
  -> 6 positive + 2 negative crop(s) in 75.0s (49 files)

[191] Arecibo-Observatory 20220914 -- 6 cataloged event(s)
    [fetch] Arecibo-Observatory 2022-09-14 has 49 file(s) from a simultaneous second receiver (overlapping timestamps); keeping one series
  -> 6 positive + 2 negative crop(s) in 74.1s (49 files)

[192] Arecibo-Observatory 20220915 -- 6 cataloged event(s)
    [fetch] Arecibo-Observatory 2022-09-15 has 49 file(s) from a simultaneous second receiver (overlapping timestamps); keeping one series
    [extract] event 16:23-16:31 on 20220915 not fully covered by downloaded data for Arecibo-Observatory (gap or out of range), skipping
  -> 5 positive + 2 negative crop(s) in 74.2s (49 files)

[193] Arecibo-Observatory 20220916 -- 2 cataloged event(s)
    [fetch] Arecibo-Observatory 2022-09-16 has 49 file(s) from a simultaneous second receiver (overlapping timestamps); keeping one series
  -> 2 positive + 2 negative crop(s) in 74.4s (49 files)

[194] Arecibo-Observatory 20220917 -- 4 cataloged event(s)
    [fetch] Arecibo-Observatory 2022-09-17 has 49 file(s) from a simultaneous second receiver (overlapping timestamps); keeping one series
  -> 4 positive + 2 negative crop(s) in 74.2s (49 files)

[195] Arecibo-Observatory 20220918 -- 4 cataloged event(s)
    [fetch] Arecibo-Observatory 2022-09-18 has 49 file(s) from a simultaneous second receiver (overlapping timestamps); keeping one series
    [extract] event 12:30-12:30 on 20220918 not fully covered by downloaded data for Arecibo-Observatory (gap or out of range), skipping
  -> 3 positive + 2 negative crop(s) in 74.4s (49 files)

[196] Arecibo-Observatory 20220919 -- 4 cataloged event(s)
    [fetch] Arecibo-Observatory 2022-09-19 has 49 file(s) from a simultaneous second receiver (overlapping timestamps); keeping one series
  -> 4 positive + 2 negative crop(s) in 74.7s (49 files)

[197] Arecibo-Observatory 20220920 -- 12 cataloged event(s)
    [fetch] Arecibo-Observatory 2022-09-20 has 49 file(s) from a simultaneous second receiver (overlapping timestamps); keeping one series
  -> 12 positive + 2 negative crop(s) in 74.6s (49 files)

[198] Arecibo-Observatory 20220921 -- 3 cataloged event(s)
    [fetch] Arecibo-Observatory 2022-09-21 has 49 file(s) from a simultaneous second receiver (overlapping timestamps); keeping one series
  -> 3 positive + 2 negative crop(s) in 74.7s (49 files)

[199] Arecibo-Observatory 20220922 -- 2 cataloged event(s)
    [fetch] Arecibo-Observatory 2022-09-22 has 49 file(s) from a simultaneous second receiver (overlapping timestamps); keeping one series
  -> 2 positive + 2 negative crop(s) in 74.5s (49 files)

[200] Arecibo-Observatory 20220923 -- 13 cataloged event(s)
    [fetch] Arecibo-Observatory 2022-09-23 has 49 file(s) from a simultaneous second receiver (overlapping timestamps); keeping one series
    [extract] event 18:00-18:08 on 20220923 not fully covered by downloaded data for Arecibo-Observatory (gap or out of range), skipping
    [extract] event 18:01-18:05 on 20220923 not fully covered by downloaded data for Arecibo-Observatory (gap or out of range), skipping
  -> 11 positive + 2 negative crop(s) in 74.8s (49 files)

[201] Arecibo-Observatory 20220924 -- 7 cataloged event(s)
    [fetch] Arecibo-Observatory 2022-09-24 has 49 file(s) from a simultaneous second receiver (overlapping timestamps); keeping one series
  -> 7 positive + 2 negative crop(s) in 74.5s (49 files)

[202] Arecibo-Observatory 20220925 -- 1 cataloged event(s)
    [fetch] Arecibo-Observatory 2022-09-25 has 49 file(s) from a simultaneous second receiver (overlapping timestamps); keeping one series
  -> 1 positive + 2 negative crop(s) in 74.6s (49 files)

[203] Arecibo-Observatory 20220926 -- 4 cataloged event(s)
    [fetch] Arecibo-Observatory 2022-09-26 has 49 file(s) from a simultaneous second receiver (overlapping timestamps); keeping one series
  -> 4 positive + 2 negative crop(s) in 74.8s (49 files)

[204] Arecibo-Observatory 20220927 -- 1 cataloged event(s)
    [fetch] Arecibo-Observatory 2022-09-27 has 49 file(s) from a simultaneous second receiver (overlapping timestamps); keeping one series
  -> 1 positive + 2 negative crop(s) in 75.6s (49 files)

[205] Arecibo-Observatory 20220929 -- 2 cataloged event(s)
    [fetch] Arecibo-Observatory 2022-09-29 has 49 file(s) from a simultaneous second receiver (overlapping timestamps); keeping one series
    [extract] event 11:57-12:26 on 20220929 not fully covered by downloaded data for Arecibo-Observatory (gap or out of range), skipping
  -> 1 positive + 2 negative crop(s) in 74.9s (49 files)

[206] Arecibo-Observatory 20220930 -- 6 cataloged event(s)
    [fetch] Arecibo-Observatory 2022-09-30 has 49 file(s) from a simultaneous second receiver (overlapping timestamps); keeping one series
  -> 6 positive + 2 negative crop(s) in 74.9s (49 files)

[207] Arecibo-Observatory 20221001 -- 5 cataloged event(s)
    [fetch] Arecibo-Observatory 2022-10-01 has 49 file(s) from a simultaneous second receiver (overlapping timestamps); keeping one series
    [extract] event 18:01-18:04 on 20221001 not fully covered by downloaded data for Arecibo-Observatory (gap or out of range), skipping
  -> 4 positive + 2 negative crop(s) in 74.7s (49 files)

[208] Arecibo-Observatory 20221002 -- 1 cataloged event(s)
    [fetch] skipping https://soleil.i4ds.ch/solarradio/data/2002-20yy_Callisto/2022/10/02/Arecibo-Observatory_20221002_101500_62.fit.gz: Compressed file ended before the end-of-stream marker was reached
    [fetch] Arecibo-Observatory 2022-10-02 has 48 file(s) from a simultaneous second receiver (overlapping timestamps); keeping one series
  -> 1 positive + 2 negative crop(s) in 77.0s (49 files)

[209] Arecibo-Observatory 20221003 -- 1 cataloged event(s)
    [fetch] Arecibo-Observatory 2022-10-03 has 49 file(s) from a simultaneous second receiver (overlapping timestamps); keeping one series
  -> 1 positive + 2 negative crop(s) in 75.5s (49 files)

[210] Arecibo-Observatory 20221005 -- 1 cataloged event(s)
    [fetch] Arecibo-Observatory 2022-10-05 has 49 file(s) from a simultaneous second receiver (overlapping timestamps); keeping one series
  -> 1 positive + 2 negative crop(s) in 74.8s (49 files)

[211] Arecibo-Observatory 20221006 -- 4 cataloged event(s)
    [fetch] Arecibo-Observatory 2022-10-06 has 49 file(s) from a simultaneous second receiver (overlapping timestamps); keeping one series
  -> 4 positive + 2 negative crop(s) in 74.8s (49 files)

[212] Arecibo-Observatory 20221007 -- 3 cataloged event(s)
    [fetch] Arecibo-Observatory 2022-10-07 has 49 file(s) from a simultaneous second receiver (overlapping timestamps); keeping one series
  -> 3 positive + 2 negative crop(s) in 74.6s (49 files)

[213] Arecibo-Observatory 20221008 -- 1 cataloged event(s)
    [fetch] Arecibo-Observatory 2022-10-08 has 49 file(s) from a simultaneous second receiver (overlapping timestamps); keeping one series
  -> 1 positive + 2 negative crop(s) in 74.7s (49 files)

[214] Arecibo-Observatory 20221010 -- 4 cataloged event(s)
    [fetch] Arecibo-Observatory 2022-10-10 has 49 file(s) from a simultaneous second receiver (overlapping timestamps); keeping one series
  -> 4 positive + 2 negative crop(s) in 74.6s (49 files)

[215] Arecibo-Observatory 20221011 -- 5 cataloged event(s)
    [fetch] Arecibo-Observatory 2022-10-11 has 49 file(s) from a simultaneous second receiver (overlapping timestamps); keeping one series
  -> 5 positive + 2 negative crop(s) in 74.8s (49 files)

[216] Arecibo-Observatory 20221012 -- 1 cataloged event(s)
    [fetch] Arecibo-Observatory 2022-10-12 has 49 file(s) from a simultaneous second receiver (overlapping timestamps); keeping one series
  -> 1 positive + 2 negative crop(s) in 74.6s (49 files)

[217] Arecibo-Observatory 20221013 -- 2 cataloged event(s)
    [fetch] Arecibo-Observatory 2022-10-13 has 47 file(s) from a simultaneous second receiver (overlapping timestamps); keeping one series
  -> 2 positive + 2 negative crop(s) in 71.3s (47 files)

[218] Arecibo-Observatory 20221015 -- 1 cataloged event(s)
    [fetch] Arecibo-Observatory 2022-10-15 has 49 file(s) from a simultaneous second receiver (overlapping timestamps); keeping one series
  -> 1 positive + 2 negative crop(s) in 74.3s (49 files)

[219] Arecibo-Observatory 20221016 -- 2 cataloged event(s)
    [fetch] Arecibo-Observatory 2022-10-16 has 49 file(s) from a simultaneous second receiver (overlapping timestamps); keeping one series
  -> 2 positive + 2 negative crop(s) in 74.2s (49 files)

[220] Arecibo-Observatory 20221017 -- 1 cataloged event(s)
    [fetch] Arecibo-Observatory 2022-10-17 has 49 file(s) from a simultaneous second receiver (overlapping timestamps); keeping one series
  -> 1 positive + 2 negative crop(s) in 74.6s (49 files)

[221] Arecibo-Observatory 20221019 -- 1 cataloged event(s)
    [fetch] Arecibo-Observatory 2022-10-19 has 49 file(s) from a simultaneous second receiver (overlapping timestamps); keeping one series
  -> 1 positive + 2 negative crop(s) in 74.3s (49 files)

[222] Arecibo-Observatory 20221022 -- 3 cataloged event(s)
    [fetch] Arecibo-Observatory 2022-10-22 has 49 file(s) from a simultaneous second receiver (overlapping timestamps); keeping one series
    [extract] could not parse time_range='14.51-14:52', skipping
  -> 2 positive + 2 negative crop(s) in 74.4s (49 files)

[223] Arecibo-Observatory 20221024 -- 1 cataloged event(s)
    [fetch] Arecibo-Observatory 2022-10-24 has 49 file(s) from a simultaneous second receiver (overlapping timestamps); keeping one series
  -> 1 positive + 2 negative crop(s) in 74.2s (49 files)

[224] Arecibo-Observatory 20221025 -- 4 cataloged event(s)
    [fetch] Arecibo-Observatory 2022-10-25 has 49 file(s) from a simultaneous second receiver (overlapping timestamps); keeping one series
  -> 4 positive + 2 negative crop(s) in 74.4s (49 files)

[225] Arecibo-Observatory 20221026 -- 1 cataloged event(s)
    [fetch] Arecibo-Observatory 2022-10-26 has 49 file(s) from a simultaneous second receiver (overlapping timestamps); keeping one series
  -> 1 positive + 2 negative crop(s) in 74.5s (49 files)

[226] Arecibo-Observatory 20221027 -- 3 cataloged event(s)
    [fetch] Arecibo-Observatory 2022-10-27 has 49 file(s) from a simultaneous second receiver (overlapping timestamps); keeping one series
    [extract] event 09:59-10:01 on 20221027 not fully covered by downloaded data for Arecibo-Observatory (gap or out of range), skipping
  -> 2 positive + 2 negative crop(s) in 74.4s (49 files)

[227] Arecibo-Observatory 20221028 -- 2 cataloged event(s)
    [fetch] Arecibo-Observatory 2022-10-28 has 49 file(s) from a simultaneous second receiver (overlapping timestamps); keeping one series
  -> 2 positive + 2 negative crop(s) in 74.3s (49 files)

[228] Arecibo-Observatory 20221029 -- 1 cataloged event(s)
    [fetch] Arecibo-Observatory 2022-10-29 has 49 file(s) from a simultaneous second receiver (overlapping timestamps); keeping one series
  -> 1 positive + 2 negative crop(s) in 74.2s (49 files)

[229] Arecibo-Observatory 20221030 -- 2 cataloged event(s)
    [fetch] Arecibo-Observatory 2022-10-30 has 49 file(s) from a simultaneous second receiver (overlapping timestamps); keeping one series
    [extract] event 16:25-16:31 on 20221030 not fully covered by downloaded data for Arecibo-Observatory (gap or out of range), skipping
  -> 1 positive + 2 negative crop(s) in 74.1s (49 files)

[230] Arecibo-Observatory 20221103 -- 3 cataloged event(s)
    [fetch] Arecibo-Observatory 2022-11-03 has 49 file(s) from a simultaneous second receiver (overlapping timestamps); keeping one series
  -> 3 positive + 2 negative crop(s) in 74.7s (49 files)

[231] Arecibo-Observatory 20221104 -- 2 cataloged event(s)
    [fetch] Arecibo-Observatory 2022-11-04 has 33 file(s) from a simultaneous second receiver (overlapping timestamps); keeping one series
  -> 2 positive + 2 negative crop(s) in 56.6s (41 files)

[232] Arecibo-Observatory 20221105 -- 3 cataloged event(s)
    [fetch] Arecibo-Observatory 2022-11-05 has 38 file(s) from a simultaneous second receiver (overlapping timestamps); keeping one series
  -> 3 positive + 2 negative crop(s) in 57.7s (38 files)

[233] Arecibo-Observatory 20221107 -- 2 cataloged event(s)
    [fetch] Arecibo-Observatory 2022-11-07 has 49 file(s) from a simultaneous second receiver (overlapping timestamps); keeping one series
    [extract] event 16:28-16:31 on 20221107 not fully covered by downloaded data for Arecibo-Observatory (gap or out of range), skipping
  -> 1 positive + 2 negative crop(s) in 74.4s (49 files)

[234] Arecibo-Observatory 20221108 -- 1 cataloged event(s)
    [fetch] Arecibo-Observatory 2022-11-08 has 49 file(s) from a simultaneous second receiver (overlapping timestamps); keeping one series
  -> 1 positive + 2 negative crop(s) in 74.4s (49 files)

[235] Arecibo-Observatory 20221109 -- 2 cataloged event(s)
    [fetch] Arecibo-Observatory 2022-11-09 has 49 file(s) from a simultaneous second receiver (overlapping timestamps); keeping one series
  -> 2 positive + 2 negative crop(s) in 74.3s (49 files)

[236] Arecibo-Observatory 20221110 -- 6 cataloged event(s)
    [fetch] Arecibo-Observatory 2022-11-10 has 49 file(s) from a simultaneous second receiver (overlapping timestamps); keeping one series
  -> 6 positive + 2 negative crop(s) in 74.4s (49 files)

[237] Arecibo-Observatory 20221111 -- 9 cataloged event(s)
    [fetch] Arecibo-Observatory 2022-11-11 has 49 file(s) from a simultaneous second receiver (overlapping timestamps); keeping one series
    [extract] event 18:27-18:26 on 20221111 not fully covered by downloaded data for Arecibo-Observatory (gap or out of range), skipping
  -> 8 positive + 2 negative crop(s) in 74.4s (49 files)

[238] Arecibo-Observatory 20221112 -- 7 cataloged event(s)
    [fetch] Arecibo-Observatory 2022-11-12 has 49 file(s) from a simultaneous second receiver (overlapping timestamps); keeping one series
  -> 7 positive + 2 negative crop(s) in 74.3s (49 files)

[239] Arecibo-Observatory 20221113 -- 2 cataloged event(s)
    [fetch] Arecibo-Observatory 2022-11-13 has 49 file(s) from a simultaneous second receiver (overlapping timestamps); keeping one series
  -> 2 positive + 2 negative crop(s) in 74.4s (49 files)

[240] Arecibo-Observatory 20221114 -- 2 cataloged event(s)
    [fetch] Arecibo-Observatory 2022-11-14 has 49 file(s) from a simultaneous second receiver (overlapping timestamps); keeping one series
  -> 2 positive + 2 negative crop(s) in 74.4s (49 files)

[241] Arecibo-Observatory 20221115 -- 1 cataloged event(s)
    [fetch] Arecibo-Observatory 2022-11-15 has 49 file(s) from a simultaneous second receiver (overlapping timestamps); keeping one series
  -> 1 positive + 2 negative crop(s) in 74.6s (49 files)

[242] Arecibo-Observatory 20221119 -- 4 cataloged event(s)
    [fetch] Arecibo-Observatory 2022-11-19 has 49 file(s) from a simultaneous second receiver (overlapping timestamps); keeping one series
  -> 4 positive + 2 negative crop(s) in 76.9s (49 files)

[243] Arecibo-Observatory 20221122 -- 8 cataloged event(s)
    [fetch] Arecibo-Observatory 2022-11-22 has 49 file(s) from a simultaneous second receiver (overlapping timestamps); keeping one series
  -> 8 positive + 2 negative crop(s) in 74.9s (49 files)

[244] Arecibo-Observatory 20221123 -- 2 cataloged event(s)
    [fetch] Arecibo-Observatory 2022-11-23 has 49 file(s) from a simultaneous second receiver (overlapping timestamps); keeping one series
  -> 2 positive + 2 negative crop(s) in 74.8s (49 files)

[245] Arecibo-Observatory 20221127 -- 1 cataloged event(s)
    [fetch] Arecibo-Observatory 2022-11-27 has 49 file(s) from a simultaneous second receiver (overlapping timestamps); keeping one series
  -> 1 positive + 2 negative crop(s) in 74.3s (49 files)

[246] Arecibo-Observatory 20221128 -- 1 cataloged event(s)
    [fetch] Arecibo-Observatory 2022-11-28 has 49 file(s) from a simultaneous second receiver (overlapping timestamps); keeping one series
  -> 1 positive + 2 negative crop(s) in 74.4s (49 files)

[247] Arecibo-Observatory 20221130 -- 1 cataloged event(s)
    [fetch] Arecibo-Observatory 2022-11-30 has 49 file(s) from a simultaneous second receiver (overlapping timestamps); keeping one series
  -> 1 positive + 2 negative crop(s) in 74.4s (49 files)

[248] Arecibo-Observatory 20221202 -- 1 cataloged event(s)
    [fetch] Arecibo-Observatory 2022-12-02 has 49 file(s) from a simultaneous second receiver (overlapping timestamps); keeping one series
  -> 1 positive + 2 negative crop(s) in 74.6s (49 files)

[249] Arecibo-Observatory 20221203 -- 5 cataloged event(s)
    [fetch] Arecibo-Observatory 2022-12-03 has 49 file(s) from a simultaneous second receiver (overlapping timestamps); keeping one series
  -> 5 positive + 2 negative crop(s) in 74.6s (49 files)

[250] Arecibo-Observatory 20221205 -- 2 cataloged event(s)
    [fetch] Arecibo-Observatory 2022-12-05 has 49 file(s) from a simultaneous second receiver (overlapping timestamps); keeping one series
  -> 2 positive + 2 negative crop(s) in 74.5s (49 files)

[251] Arecibo-Observatory 20221206 -- 6 cataloged event(s)
    [fetch] Arecibo-Observatory 2022-12-06 has 49 file(s) from a simultaneous second receiver (overlapping timestamps); keeping one series
  -> 6 positive + 2 negative crop(s) in 74.6s (49 files)

[252] Arecibo-Observatory 20221207 -- 9 cataloged event(s)
    [fetch] Arecibo-Observatory 2022-12-07 has 49 file(s) from a simultaneous second receiver (overlapping timestamps); keeping one series
    [extract] event 14:15-14:23 on 20221207 not fully covered by downloaded data for Arecibo-Observatory (gap or out of range), skipping
  -> 8 positive + 2 negative crop(s) in 74.7s (49 files)

[253] Arecibo-Observatory 20221208 -- 2 cataloged event(s)
    [fetch] Arecibo-Observatory 2022-12-08 has 49 file(s) from a simultaneous second receiver (overlapping timestamps); keeping one series
  -> 2 positive + 2 negative crop(s) in 74.7s (49 files)

[254] Arecibo-Observatory 20221210 -- 6 cataloged event(s)
    [fetch] Arecibo-Observatory 2022-12-10 has 49 file(s) from a simultaneous second receiver (overlapping timestamps); keeping one series
  -> 6 positive + 2 negative crop(s) in 74.6s (49 files)

[255] Arecibo-Observatory 20221211 -- 5 cataloged event(s)
    [fetch] Arecibo-Observatory 2022-12-11 has 49 file(s) from a simultaneous second receiver (overlapping timestamps); keeping one series
  -> 5 positive + 2 negative crop(s) in 75.1s (49 files)

[256] Arecibo-Observatory 20221212 -- 4 cataloged event(s)
    [fetch] Arecibo-Observatory 2022-12-12 has 49 file(s) from a simultaneous second receiver (overlapping timestamps); keeping one series
    [extract] could not parse time_range='18:03.18:03', skipping
  -> 3 positive + 2 negative crop(s) in 77.4s (49 files)

[257] Arecibo-Observatory 20221213 -- 5 cataloged event(s)
    [fetch] Arecibo-Observatory 2022-12-13 has 49 file(s) from a simultaneous second receiver (overlapping timestamps); keeping one series
  -> 5 positive + 2 negative crop(s) in 75.0s (49 files)

[258] Arecibo-Observatory 20221214 -- 3 cataloged event(s)
    [fetch] Arecibo-Observatory 2022-12-14 has 49 file(s) from a simultaneous second receiver (overlapping timestamps); keeping one series
  -> 3 positive + 2 negative crop(s) in 74.8s (49 files)

[259] Arecibo-Observatory 20221215 -- 6 cataloged event(s)
    [fetch] Arecibo-Observatory 2022-12-15 has 47 file(s) from a simultaneous second receiver (overlapping timestamps); keeping one series
    [extract] could not parse time_range='23:58-24:00', skipping
  -> 5 positive + 2 negative crop(s) in 71.6s (47 files)

[260] Arecibo-Observatory 20221216 -- 4 cataloged event(s)
    [fetch] Arecibo-Observatory 2022-12-16 has 49 file(s) from a simultaneous second receiver (overlapping timestamps); keeping one series
/home/ubuntu/Desktop/TransferLearning_CNN/ecallisto_grabber/scrape.py:123: FutureWarning: The behavior of DataFrame concatenation with empty or all-NA entries is deprecated. In a future version, this will no longer exclude empty or all-NA columns when determining the result dtypes. To retain the old behavior, exclude the relevant entries before the concat operation.
  new_meta = pd.concat([pos_meta, neg_meta], ignore_index=True)
  -> 4 positive + 2 negative crop(s) in 74.4s (49 files)

[261] Arecibo-Observatory 20221217 -- 1 cataloged event(s)
    [fetch] Arecibo-Observatory 2022-12-17 has 49 file(s) from a simultaneous second receiver (overlapping timestamps); keeping one series
  -> 1 positive + 2 negative crop(s) in 74.8s (49 files)

[262] Arecibo-Observatory 20221218 -- 4 cataloged event(s)
    [fetch] Arecibo-Observatory 2022-12-18 has 49 file(s) from a simultaneous second receiver (overlapping timestamps); keeping one series
  -> 4 positive + 2 negative crop(s) in 74.6s (49 files)

[263] Arecibo-Observatory 20221219 -- 1 cataloged event(s)
    [fetch] Arecibo-Observatory 2022-12-19 has 49 file(s) from a simultaneous second receiver (overlapping timestamps); keeping one series
  -> 1 positive + 2 negative crop(s) in 74.5s (49 files)

[264] Arecibo-Observatory 20221220 -- 6 cataloged event(s)
    [fetch] Arecibo-Observatory 2022-12-20 has 49 file(s) from a simultaneous second receiver (overlapping timestamps); keeping one series
  -> 6 positive + 2 negative crop(s) in 74.7s (49 files)

[265] Arecibo-Observatory 20221221 -- 3 cataloged event(s)
    [fetch] Arecibo-Observatory 2022-12-21 has 49 file(s) from a simultaneous second receiver (overlapping timestamps); keeping one series
  -> 3 positive + 2 negative crop(s) in 75.0s (49 files)

[266] Arecibo-Observatory 20221222 -- 5 cataloged event(s)
    [fetch] Arecibo-Observatory 2022-12-22 has 49 file(s) from a simultaneous second receiver (overlapping timestamps); keeping one series
  -> 5 positive + 2 negative crop(s) in 74.6s (49 files)

[267] Arecibo-Observatory 20221223 -- 3 cataloged event(s)
    [fetch] Arecibo-Observatory 2022-12-23 has 48 file(s) from a simultaneous second receiver (overlapping timestamps); keeping one series
  -> 3 positive + 2 negative crop(s) in 73.8s (49 files)

[268] Arecibo-Observatory 20221224 -- 6 cataloged event(s)
    [fetch] Arecibo-Observatory 2022-12-24 has 49 file(s) from a simultaneous second receiver (overlapping timestamps); keeping one series
  -> 6 positive + 2 negative crop(s) in 74.5s (49 files)

[269] Arecibo-Observatory 20221225 -- 1 cataloged event(s)
    [fetch] Arecibo-Observatory 2022-12-25 has 49 file(s) from a simultaneous second receiver (overlapping timestamps); keeping one series
  -> 1 positive + 2 negative crop(s) in 74.3s (49 files)

[270] Arecibo-Observatory 20221226 -- 10 cataloged event(s)
    [fetch] Arecibo-Observatory 2022-12-26 has 49 file(s) from a simultaneous second receiver (overlapping timestamps); keeping one series
    [extract] event 16:30-16:30 on 20221226 not fully covered by downloaded data for Arecibo-Observatory (gap or out of range), skipping
  -> 9 positive + 2 negative crop(s) in 74.5s (49 files)

[271] Arecibo-Observatory 20221227 -- 1 cataloged event(s)
    [fetch] Arecibo-Observatory 2022-12-27 has 49 file(s) from a simultaneous second receiver (overlapping timestamps); keeping one series
  -> 1 positive + 2 negative crop(s) in 74.4s (49 files)

[272] Arecibo-Observatory 20221229 -- 1 cataloged event(s)
    [fetch] Arecibo-Observatory 2022-12-29 has 49 file(s) from a simultaneous second receiver (overlapping timestamps); keeping one series
  -> 1 positive + 2 negative crop(s) in 74.3s (49 files)

[273] Arecibo-Observatory 20221230 -- 1 cataloged event(s)
    [fetch] Arecibo-Observatory 2022-12-30 has 49 file(s) from a simultaneous second receiver (overlapping timestamps); keeping one series
  -> 1 positive + 2 negative crop(s) in 74.5s (49 files)

[274] Arecibo-Observatory 20221231 -- 4 cataloged event(s)
    [fetch] Arecibo-Observatory 2022-12-31 has 49 file(s) from a simultaneous second receiver (overlapping timestamps); keeping one series
  -> 4 positive + 2 negative crop(s) in 74.4s (49 files)

[275] Arecibo-Observatory 20230101 -- 3 cataloged event(s)
    [fetch] Arecibo-Observatory 2023-01-01 has 49 file(s) from a simultaneous second receiver (overlapping timestamps); keeping one series
  -> 3 positive + 2 negative crop(s) in 74.2s (49 files)

[276] Arecibo-Observatory 20230102 -- 4 cataloged event(s)
    [fetch] Arecibo-Observatory 2023-01-02 has 49 file(s) from a simultaneous second receiver (overlapping timestamps); keeping one series
    [extract] event 03:33-03:41 on 20230102 not fully covered by downloaded data for Arecibo-Observatory (gap or out of range), skipping
  -> 3 positive + 2 negative crop(s) in 74.2s (49 files)

[277] Arecibo-Observatory 20230103 -- 2 cataloged event(s)
    [fetch] Arecibo-Observatory 2023-01-03 has 49 file(s) from a simultaneous second receiver (overlapping timestamps); keeping one series
  -> 2 positive + 2 negative crop(s) in 74.1s (49 files)

[278] Arecibo-Observatory 20230104 -- 3 cataloged event(s)
    [fetch] Arecibo-Observatory 2023-01-04 has 49 file(s) from a simultaneous second receiver (overlapping timestamps); keeping one series
  -> 3 positive + 2 negative crop(s) in 74.3s (49 files)

[279] Arecibo-Observatory 20230105 -- 2 cataloged event(s)
    [fetch] Arecibo-Observatory 2023-01-05 has 49 file(s) from a simultaneous second receiver (overlapping timestamps); keeping one series
  -> 2 positive + 2 negative crop(s) in 74.5s (49 files)

[280] Arecibo-Observatory 20230106 -- 2 cataloged event(s)
    [fetch] Arecibo-Observatory 2023-01-06 has 49 file(s) from a simultaneous second receiver (overlapping timestamps); keeping one series
  -> 2 positive + 2 negative crop(s) in 74.0s (49 files)

[281] Arecibo-Observatory 20230107 -- 2 cataloged event(s)
    [fetch] Arecibo-Observatory 2023-01-07 has 49 file(s) from a simultaneous second receiver (overlapping timestamps); keeping one series
    [extract] event 23:18-23:18 on 20230107 not fully covered by downloaded data for Arecibo-Observatory (gap or out of range), skipping
    [extract] event 22:56-22:58 on 20230107 not fully covered by downloaded data for Arecibo-Observatory (gap or out of range), skipping
  -> 0 positive + 2 negative crop(s) in 74.3s (49 files)

[282] Arecibo-Observatory 20230108 -- 15 cataloged event(s)
    [fetch] Arecibo-Observatory 2023-01-08 has 49 file(s) from a simultaneous second receiver (overlapping timestamps); keeping one series
    [extract] could not parse time_range='15:21-15.22', skipping
  -> 14 positive + 2 negative crop(s) in 74.2s (49 files)

[283] Arecibo-Observatory 20230109 -- 7 cataloged event(s)
    [fetch] Arecibo-Observatory 2023-01-09 has 49 file(s) from a simultaneous second receiver (overlapping timestamps); keeping one series
  -> 7 positive + 2 negative crop(s) in 74.3s (49 files)

[284] Arecibo-Observatory 20230110 -- 8 cataloged event(s)
    [fetch] Arecibo-Observatory 2023-01-10 has 49 file(s) from a simultaneous second receiver (overlapping timestamps); keeping one series
  -> 8 positive + 2 negative crop(s) in 74.4s (49 files)

[285] Arecibo-Observatory 20230111 -- 5 cataloged event(s)
    [fetch] Arecibo-Observatory 2023-01-11 has 42 file(s) from a simultaneous second receiver (overlapping timestamps); keeping one series
  -> 5 positive + 2 negative crop(s) in 63.9s (42 files)

[286] Arecibo-Observatory 20230112 -- 1 cataloged event(s)
    [fetch] Arecibo-Observatory 2023-01-12 has 49 file(s) from a simultaneous second receiver (overlapping timestamps); keeping one series
  -> 1 positive + 2 negative crop(s) in 74.0s (49 files)

[287] Arecibo-Observatory 20230113 -- 1 cataloged event(s)
    [fetch] Arecibo-Observatory 2023-01-13 has 49 file(s) from a simultaneous second receiver (overlapping timestamps); keeping one series
  -> 1 positive + 2 negative crop(s) in 74.2s (49 files)

[288] Arecibo-Observatory 20230116 -- 4 cataloged event(s)
    [fetch] Arecibo-Observatory 2023-01-16 has 49 file(s) from a simultaneous second receiver (overlapping timestamps); keeping one series
  -> 4 positive + 2 negative crop(s) in 74.3s (49 files)

[289] Arecibo-Observatory 20230117 -- 3 cataloged event(s)
    [fetch] Arecibo-Observatory 2023-01-17 has 49 file(s) from a simultaneous second receiver (overlapping timestamps); keeping one series
  -> 3 positive + 2 negative crop(s) in 74.2s (49 files)

[290] Arecibo-Observatory 20230119 -- 3 cataloged event(s)
    [fetch] Arecibo-Observatory 2023-01-19 has 49 file(s) from a simultaneous second receiver (overlapping timestamps); keeping one series
  -> 3 positive + 2 negative crop(s) in 74.2s (49 files)

[291] Arecibo-Observatory 20230120 -- 2 cataloged event(s)
    [fetch] Arecibo-Observatory 2023-01-20 has 25 file(s) from a simultaneous second receiver (overlapping timestamps); keeping one series
    [extract] event 14:01-14:08 on 20230120 not fully covered by downloaded data for Arecibo-Observatory (gap or out of range), skipping
  -> 1 positive + 2 negative crop(s) in 39.0s (25 files)

[292] Arecibo-Observatory 20230123 -- 3 cataloged event(s)
    [fetch] Arecibo-Observatory 2023-01-23 has 34 file(s) from a simultaneous second receiver (overlapping timestamps); keeping one series
  -> 3 positive + 2 negative crop(s) in 52.0s (34 files)

[293] Arecibo-Observatory 20230124 -- 4 cataloged event(s)
    [fetch] Arecibo-Observatory 2023-01-24 has 49 file(s) from a simultaneous second receiver (overlapping timestamps); keeping one series
    [extract] event 23:02-23:05 on 20230124 not fully covered by downloaded data for Arecibo-Observatory (gap or out of range), skipping
  -> 3 positive + 2 negative crop(s) in 74.2s (49 files)

[294] Arecibo-Observatory 20230125 -- 3 cataloged event(s)
    [fetch] Arecibo-Observatory 2023-01-25 has 49 file(s) from a simultaneous second receiver (overlapping timestamps); keeping one series
  -> 3 positive + 2 negative crop(s) in 74.2s (49 files)

[295] Arecibo-Observatory 20230127 -- 2 cataloged event(s)
    [fetch] Arecibo-Observatory 2023-01-27 has 49 file(s) from a simultaneous second receiver (overlapping timestamps); keeping one series
  -> 2 positive + 2 negative crop(s) in 74.3s (49 files)

[296] Arecibo-Observatory 20230129 -- 6 cataloged event(s)
    [fetch] Arecibo-Observatory 2023-01-29 has 49 file(s) from a simultaneous second receiver (overlapping timestamps); keeping one series
  -> 6 positive + 2 negative crop(s) in 74.3s (49 files)

[297] Arecibo-Observatory 20230130 -- 4 cataloged event(s)
    [fetch] Arecibo-Observatory 2023-01-30 has 49 file(s) from a simultaneous second receiver (overlapping timestamps); keeping one series
    [extract] event 12:56-13:00 on 20230130 not fully covered by downloaded data for Arecibo-Observatory (gap or out of range), skipping
  -> 3 positive + 2 negative crop(s) in 74.3s (49 files)

[298] Arecibo-Observatory 20230131 -- 1 cataloged event(s)
    [fetch] Arecibo-Observatory 2023-01-31 has 49 file(s) from a simultaneous second receiver (overlapping timestamps); keeping one series
  -> 1 positive + 2 negative crop(s) in 74.9s (49 files)

[299] Arecibo-Observatory 20230202 -- 1 cataloged event(s)
    [fetch] Arecibo-Observatory 2023-02-02 has 49 file(s) from a simultaneous second receiver (overlapping timestamps); keeping one series
  -> 1 positive + 2 negative crop(s) in 74.7s (49 files)

[300] Arecibo-Observatory 20230203 -- 7 cataloged event(s)
    [fetch] Arecibo-Observatory 2023-02-03 has 49 file(s) from a simultaneous second receiver (overlapping timestamps); keeping one series
  -> 7 positive + 2 negative crop(s) in 74.7s (49 files)

[301] Arecibo-Observatory 20230204 -- 4 cataloged event(s)
    [fetch] Arecibo-Observatory 2023-02-04 has 49 file(s) from a simultaneous second receiver (overlapping timestamps); keeping one series
  -> 4 positive + 2 negative crop(s) in 74.7s (49 files)

[302] Arecibo-Observatory 20230205 -- 3 cataloged event(s)
    [fetch] Arecibo-Observatory 2023-02-05 has 49 file(s) from a simultaneous second receiver (overlapping timestamps); keeping one series
  -> 3 positive + 2 negative crop(s) in 75.3s (49 files)

[303] Arecibo-Observatory 20230206 -- 1 cataloged event(s)
    [fetch] Arecibo-Observatory 2023-02-06 has 49 file(s) from a simultaneous second receiver (overlapping timestamps); keeping one series
  -> 1 positive + 2 negative crop(s) in 74.8s (49 files)

[304] Arecibo-Observatory 20230207 -- 5 cataloged event(s)
    [fetch] Arecibo-Observatory 2023-02-07 has 49 file(s) from a simultaneous second receiver (overlapping timestamps); keeping one series
  -> 5 positive + 2 negative crop(s) in 74.9s (49 files)

[305] Arecibo-Observatory 20230208 -- 1 cataloged event(s)
    [fetch] Arecibo-Observatory 2023-02-08 has 49 file(s) from a simultaneous second receiver (overlapping timestamps); keeping one series
  -> 1 positive + 2 negative crop(s) in 74.8s (49 files)

[306] Arecibo-Observatory 20230209 -- 7 cataloged event(s)
    [fetch] Arecibo-Observatory 2023-02-09 has 49 file(s) from a simultaneous second receiver (overlapping timestamps); keeping one series
    [extract] event 12:16-12:16 on 20230209 not fully covered by downloaded data for Arecibo-Observatory (gap or out of range), skipping
  -> 6 positive + 2 negative crop(s) in 77.4s (49 files)

[307] Arecibo-Observatory 20230210 -- 4 cataloged event(s)
    [fetch] Arecibo-Observatory 2023-02-10 has 49 file(s) from a simultaneous second receiver (overlapping timestamps); keeping one series
  -> 4 positive + 2 negative crop(s) in 74.8s (49 files)

[308] Arecibo-Observatory 20230211 -- 5 cataloged event(s)
    [fetch] Arecibo-Observatory 2023-02-11 has 10 file(s) from a simultaneous second receiver (overlapping timestamps); keeping one series
  -> 5 positive + 2 negative crop(s) in 46.4s (49 files)

[309] Arecibo-Observatory 20230212 -- 3 cataloged event(s)
    [fetch] Arecibo-Observatory 2023-02-12 has 32 file(s) from a simultaneous second receiver (overlapping timestamps); keeping one series
  -> 3 positive + 2 negative crop(s) in 51.3s (35 files)

[310] Arecibo-Observatory 20230213 -- 3 cataloged event(s)
    [fetch] skipping https://soleil.i4ds.ch/solarradio/data/2002-20yy_Callisto/2023/02/13/Arecibo-Observatory_20230213_190001_62.fit.gz: HTTPSConnectionPool(host='soleil.i4ds.ch', port=443): Max retries exceeded with url: /solarradio/data/2002-20yy_Callisto/2023/02/13/Arecibo-Observatory_20230213_190001_62.fit.gz (Caused by NewConnectionError('<urllib3.connection.HTTPSConnection object at 0x7b2cef5abf40>: Failed to establish a new connection: [Errno 111] Connection refused'))
    [fetch] Arecibo-Observatory 2023-02-13 has 48 file(s) from a simultaneous second receiver (overlapping timestamps); keeping one series
  -> 3 positive + 2 negative crop(s) in 95.2s (49 files)

[311] Arecibo-Observatory 20230214 -- 1 cataloged event(s)
    [fetch] Arecibo-Observatory 2023-02-14 has 49 file(s) from a simultaneous second receiver (overlapping timestamps); keeping one series
  -> 1 positive + 2 negative crop(s) in 74.6s (49 files)

[312] Arecibo-Observatory 20230215 -- 5 cataloged event(s)
    [fetch] Arecibo-Observatory 2023-02-15 has 49 file(s) from a simultaneous second receiver (overlapping timestamps); keeping one series
  -> 5 positive + 2 negative crop(s) in 74.9s (49 files)

[313] Arecibo-Observatory 20230216 -- 3 cataloged event(s)
    [fetch] Arecibo-Observatory 2023-02-16 has 38 file(s) from a simultaneous second receiver (overlapping timestamps); keeping one series
  -> 3 positive + 2 negative crop(s) in 58.4s (38 files)

[314] Arecibo-Observatory 20230217 -- 5 cataloged event(s)
    [fetch] Arecibo-Observatory 2023-02-17 has 49 file(s) from a simultaneous second receiver (overlapping timestamps); keeping one series
  -> 5 positive + 2 negative crop(s) in 75.4s (49 files)

[315] Arecibo-Observatory 20230218 -- 2 cataloged event(s)
    [fetch] Arecibo-Observatory 2023-02-18 has 49 file(s) from a simultaneous second receiver (overlapping timestamps); keeping one series
  -> 2 positive + 2 negative crop(s) in 74.8s (49 files)

[316] Arecibo-Observatory 20230219 -- 7 cataloged event(s)
    [fetch] Arecibo-Observatory 2023-02-19 has 49 file(s) from a simultaneous second receiver (overlapping timestamps); keeping one series
  -> 7 positive + 2 negative crop(s) in 74.5s (49 files)

[317] Arecibo-Observatory 20230220 -- 2 cataloged event(s)
    [fetch] Arecibo-Observatory 2023-02-20 has 49 file(s) from a simultaneous second receiver (overlapping timestamps); keeping one series
  -> 2 positive + 2 negative crop(s) in 74.6s (49 files)
/home/ubuntu/Desktop/TransferLearning_CNN/ecallisto_grabber/scrape.py:123: FutureWarning: The behavior of DataFrame concatenation with empty or all-NA entries is deprecated. In a future version, this will no longer exclude empty or all-NA columns when determining the result dtypes. To retain the old behavior, exclude the relevant entries before the concat operation.
  new_meta = pd.concat([pos_meta, neg_meta], ignore_index=True)
/home/ubuntu/Desktop/TransferLearning_CNN/ecallisto_grabber/scrape.py:123: FutureWarning: The behavior of DataFrame concatenation with empty or all-NA entries is deprecated. In a future version, this will no longer exclude empty or all-NA columns when determining the result dtypes. To retain the old behavior, exclude the relevant entries before the concat operation.
  new_meta = pd.concat([pos_meta, neg_meta], ignore_index=True)

[318] Arecibo-Observatory 20230221 -- 9 cataloged event(s)
    [fetch] Arecibo-Observatory 2023-02-21 has 49 file(s) from a simultaneous second receiver (overlapping timestamps); keeping one series
  -> 9 positive + 2 negative crop(s) in 74.5s (49 files)

[319] Arecibo-Observatory 20230222 -- 3 cataloged event(s)
    [fetch] Arecibo-Observatory 2023-02-22 has 49 file(s) from a simultaneous second receiver (overlapping timestamps); keeping one series
  -> 3 positive + 2 negative crop(s) in 74.6s (49 files)

[320] Arecibo-Observatory 20230223 -- 2 cataloged event(s)
    [fetch] Arecibo-Observatory 2023-02-23 has 49 file(s) from a simultaneous second receiver (overlapping timestamps); keeping one series
    [extract] event 12:25-12:32 on 20230223 not fully covered by downloaded data for Arecibo-Observatory (gap or out of range), skipping
  -> 1 positive + 2 negative crop(s) in 74.7s (49 files)

[321] Arecibo-Observatory 20230224 -- 13 cataloged event(s)
    [fetch] Arecibo-Observatory 2023-02-24 has 49 file(s) from a simultaneous second receiver (overlapping timestamps); keeping one series
  -> 13 positive + 2 negative crop(s) in 74.8s (49 files)

[322] Arecibo-Observatory 20230225 -- 8 cataloged event(s)
    [fetch] Arecibo-Observatory 2023-02-25 has 49 file(s) from a simultaneous second receiver (overlapping timestamps); keeping one series
  -> 8 positive + 2 negative crop(s) in 78.1s (49 files)

[323] Arecibo-Observatory 20230226 -- 6 cataloged event(s)
    [fetch] Arecibo-Observatory 2023-02-26 has 49 file(s) from a simultaneous second receiver (overlapping timestamps); keeping one series
  -> 6 positive + 2 negative crop(s) in 74.4s (49 files)

[324] Arecibo-Observatory 20230227 -- 4 cataloged event(s)
    [fetch] Arecibo-Observatory 2023-02-27 has 46 file(s) from a simultaneous second receiver (overlapping timestamps); keeping one series
  -> 4 positive + 2 negative crop(s) in 70.1s (46 files)

[325] Arecibo-Observatory 20230228 -- 2 cataloged event(s)
    [fetch] Arecibo-Observatory 2023-02-28 has 49 file(s) from a simultaneous second receiver (overlapping timestamps); keeping one series
    [extract] could not parse time_range='15:43-15.43', skipping
    [extract] could not parse time_range='14.50-14:57', skipping
  -> 0 positive + 2 negative crop(s) in 74.9s (49 files)

[326] Arecibo-Observatory 20230301 -- 5 cataloged event(s)
    [fetch] Arecibo-Observatory 2023-03-01 has 49 file(s) from a simultaneous second receiver (overlapping timestamps); keeping one series
  -> 5 positive + 2 negative crop(s) in 74.7s (49 files)

[327] Arecibo-Observatory 20230302 -- 2 cataloged event(s)
    [fetch] Arecibo-Observatory 2023-03-02 has 49 file(s) from a simultaneous second receiver (overlapping timestamps); keeping one series
  -> 2 positive + 2 negative crop(s) in 74.8s (49 files)

[328] Arecibo-Observatory 20230303 -- 4 cataloged event(s)
    [fetch] Arecibo-Observatory 2023-03-03 has 49 file(s) from a simultaneous second receiver (overlapping timestamps); keeping one series
  -> 4 positive + 2 negative crop(s) in 74.9s (49 files)

[329] Arecibo-Observatory 20230304 -- 4 cataloged event(s)
    [fetch] Arecibo-Observatory 2023-03-04 has 49 file(s) from a simultaneous second receiver (overlapping timestamps); keeping one series
  -> 4 positive + 2 negative crop(s) in 75.4s (49 files)

[330] Arecibo-Observatory 20230305 -- 2 cataloged event(s)
    [fetch] Arecibo-Observatory 2023-03-05 has 49 file(s) from a simultaneous second receiver (overlapping timestamps); keeping one series
    [extract] event 16:30-16:30 on 20230305 not fully covered by downloaded data for Arecibo-Observatory (gap or out of range), skipping
  -> 1 positive + 2 negative crop(s) in 74.8s (49 files)

[331] Arecibo-Observatory 20230306 -- 1 cataloged event(s)
    [fetch] Arecibo-Observatory 2023-03-06 has 49 file(s) from a simultaneous second receiver (overlapping timestamps); keeping one series
    [extract] event 19:00-10:02 on 20230306 not fully covered by downloaded data for Arecibo-Observatory (gap or out of range), skipping
  -> 0 positive + 2 negative crop(s) in 74.6s (49 files)

[332] Arecibo-Observatory 20230308 -- 1 cataloged event(s)
    [fetch] Arecibo-Observatory 2023-03-08 has 49 file(s) from a simultaneous second receiver (overlapping timestamps); keeping one series
  -> 1 positive + 2 negative crop(s) in 75.0s (49 files)

[333] Arecibo-Observatory 20230310 -- 1 cataloged event(s)
    [fetch] Arecibo-Observatory 2023-03-10 has 49 file(s) from a simultaneous second receiver (overlapping timestamps); keeping one series
  -> 1 positive + 2 negative crop(s) in 75.1s (49 files)

[334] Arecibo-Observatory 20230311 -- 1 cataloged event(s)
    [fetch] Arecibo-Observatory 2023-03-11 has 49 file(s) from a simultaneous second receiver (overlapping timestamps); keeping one series
  -> 1 positive + 2 negative crop(s) in 75.1s (49 files)

[335] Arecibo-Observatory 20230312 -- 2 cataloged event(s)
    [fetch] Arecibo-Observatory 2023-03-12 has 49 file(s) from a simultaneous second receiver (overlapping timestamps); keeping one series
  -> 2 positive + 2 negative crop(s) in 75.1s (49 files)

[336] Arecibo-Observatory 20230313 -- 2 cataloged event(s)
    [fetch] Arecibo-Observatory 2023-03-13 has 49 file(s) from a simultaneous second receiver (overlapping timestamps); keeping one series
  -> 2 positive + 2 negative crop(s) in 75.1s (49 files)

[337] Arecibo-Observatory 20230314 -- 2 cataloged event(s)
    [fetch] Arecibo-Observatory 2023-03-14 has 49 file(s) from a simultaneous second receiver (overlapping timestamps); keeping one series
  -> 2 positive + 2 negative crop(s) in 75.2s (49 files)

[338] Arecibo-Observatory 20230315 -- 4 cataloged event(s)
    [fetch] Arecibo-Observatory 2023-03-15 has 49 file(s) from a simultaneous second receiver (overlapping timestamps); keeping one series
  -> 4 positive + 2 negative crop(s) in 74.9s (49 files)

[339] Arecibo-Observatory 20230317 -- 4 cataloged event(s)
    [fetch] Arecibo-Observatory 2023-03-17 has 44 file(s) from a simultaneous second receiver (overlapping timestamps); keeping one series
  -> 4 positive + 2 negative crop(s) in 67.5s (44 files)

[340] Arecibo-Observatory 20230318 -- 5 cataloged event(s)
    [fetch] Arecibo-Observatory 2023-03-18 has 49 file(s) from a simultaneous second receiver (overlapping timestamps); keeping one series
  -> 5 positive + 2 negative crop(s) in 74.6s (49 files)

[341] Arecibo-Observatory 20230319 -- 5 cataloged event(s)
    [fetch] Arecibo-Observatory 2023-03-19 has 49 file(s) from a simultaneous second receiver (overlapping timestamps); keeping one series
    [extract] event 20:00-20:02 on 20230319 not fully covered by downloaded data for Arecibo-Observatory (gap or out of range), skipping
  -> 4 positive + 2 negative crop(s) in 74.8s (49 files)

[342] Arecibo-Observatory 20230321 -- 5 cataloged event(s)
    [fetch] Arecibo-Observatory 2023-03-21 has 49 file(s) from a simultaneous second receiver (overlapping timestamps); keeping one series
    [extract] burst-Arecibo-Observatory-03-21-2023-175200-175400-typeIII.npy already exists (duplicate catalog row?), skipping
  -> 4 positive + 2 negative crop(s) in 74.9s (49 files)

[343] Arecibo-Observatory 20230322 -- 3 cataloged event(s)
    [fetch] Arecibo-Observatory 2023-03-22 has 49 file(s) from a simultaneous second receiver (overlapping timestamps); keeping one series
  -> 3 positive + 2 negative crop(s) in 74.9s (49 files)

[344] Arecibo-Observatory 20230323 -- 8 cataloged event(s)
    [fetch] Arecibo-Observatory 2023-03-23 has 49 file(s) from a simultaneous second receiver (overlapping timestamps); keeping one series
  -> 8 positive + 2 negative crop(s) in 74.9s (49 files)

[345] Arecibo-Observatory 20230324 -- 1 cataloged event(s)
    [fetch] Arecibo-Observatory 2023-03-24 has 49 file(s) from a simultaneous second receiver (overlapping timestamps); keeping one series
  -> 1 positive + 2 negative crop(s) in 75.2s (49 files)

[346] Arecibo-Observatory 20230325 -- 4 cataloged event(s)
    [fetch] Arecibo-Observatory 2023-03-25 has 49 file(s) from a simultaneous second receiver (overlapping timestamps); keeping one series
  -> 4 positive + 2 negative crop(s) in 75.6s (49 files)

[347] Arecibo-Observatory 20230326 -- 5 cataloged event(s)
    [fetch] Arecibo-Observatory 2023-03-26 has 49 file(s) from a simultaneous second receiver (overlapping timestamps); keeping one series
  -> 5 positive + 2 negative crop(s) in 75.1s (49 files)

[348] Arecibo-Observatory 20230327 -- 3 cataloged event(s)
    [fetch] Arecibo-Observatory 2023-03-27 has 49 file(s) from a simultaneous second receiver (overlapping timestamps); keeping one series
  -> 3 positive + 2 negative crop(s) in 75.0s (49 files)

[349] Arecibo-Observatory 20230329 -- 4 cataloged event(s)
    [fetch] Arecibo-Observatory 2023-03-29 has 40 file(s) from a simultaneous second receiver (overlapping timestamps); keeping one series
  -> 4 positive + 2 negative crop(s) in 61.3s (40 files)

[350] Arecibo-Observatory 20230330 -- 4 cataloged event(s)
    [fetch] Arecibo-Observatory 2023-03-30 has 49 file(s) from a simultaneous second receiver (overlapping timestamps); keeping one series
  -> 4 positive + 2 negative crop(s) in 74.9s (49 files)

[351] Arecibo-Observatory 20230331 -- 4 cataloged event(s)
    [fetch] Arecibo-Observatory 2023-03-31 has 49 file(s) from a simultaneous second receiver (overlapping timestamps); keeping one series
  -> 4 positive + 2 negative crop(s) in 75.6s (49 files)

[352] Arecibo-Observatory 20230401 -- 1 cataloged event(s)
    [fetch] Arecibo-Observatory 2023-04-01 has 49 file(s) from a simultaneous second receiver (overlapping timestamps); keeping one series
  -> 1 positive + 2 negative crop(s) in 75.3s (49 files)

[353] Arecibo-Observatory 20230402 -- 2 cataloged event(s)
    [fetch] Arecibo-Observatory 2023-04-02 has 49 file(s) from a simultaneous second receiver (overlapping timestamps); keeping one series
  -> 2 positive + 2 negative crop(s) in 75.2s (49 files)

[354] Arecibo-Observatory 20230404 -- 3 cataloged event(s)
    [fetch] Arecibo-Observatory 2023-04-04 has 49 file(s) from a simultaneous second receiver (overlapping timestamps); keeping one series
  -> 3 positive + 2 negative crop(s) in 75.1s (49 files)

[355] Arecibo-Observatory 20230405 -- 1 cataloged event(s)
    [fetch] Arecibo-Observatory 2023-04-05 has 49 file(s) from a simultaneous second receiver (overlapping timestamps); keeping one series
  -> 1 positive + 2 negative crop(s) in 77.9s (49 files)

[356] Arecibo-Observatory 20230406 -- 1 cataloged event(s)
    [fetch] Arecibo-Observatory 2023-04-06 has 49 file(s) from a simultaneous second receiver (overlapping timestamps); keeping one series
  -> 1 positive + 2 negative crop(s) in 75.1s (49 files)

[357] Arecibo-Observatory 20230407 -- 2 cataloged event(s)
    [fetch] Arecibo-Observatory 2023-04-07 has 49 file(s) from a simultaneous second receiver (overlapping timestamps); keeping one series
  -> 2 positive + 2 negative crop(s) in 75.5s (49 files)

[358] Arecibo-Observatory 20230408 -- 4 cataloged event(s)
    [fetch] Arecibo-Observatory 2023-04-08 has 49 file(s) from a simultaneous second receiver (overlapping timestamps); keeping one series
  -> 4 positive + 2 negative crop(s) in 74.9s (49 files)

[359] Arecibo-Observatory 20230409 -- 1 cataloged event(s)
    [fetch] Arecibo-Observatory 2023-04-09 has 49 file(s) from a simultaneous second receiver (overlapping timestamps); keeping one series
  -> 1 positive + 2 negative crop(s) in 75.2s (49 files)

[360] Arecibo-Observatory 20230411 -- 3 cataloged event(s)
    [fetch] Arecibo-Observatory 2023-04-11 has 49 file(s) from a simultaneous second receiver (overlapping timestamps); keeping one series
  -> 3 positive + 2 negative crop(s) in 75.2s (49 files)

[361] Arecibo-Observatory 20230413 -- 5 cataloged event(s)
    [fetch] Arecibo-Observatory 2023-04-13 has 49 file(s) from a simultaneous second receiver (overlapping timestamps); keeping one series
    [extract] event 14:15-14:15 on 20230413 not fully covered by downloaded data for Arecibo-Observatory (gap or out of range), skipping
  -> 4 positive + 2 negative crop(s) in 75.0s (49 files)

[362] Arecibo-Observatory 20230414 -- 3 cataloged event(s)
    [fetch] Arecibo-Observatory 2023-04-14 has 49 file(s) from a simultaneous second receiver (overlapping timestamps); keeping one series
  -> 3 positive + 2 negative crop(s) in 75.1s (49 files)

[363] Arecibo-Observatory 20230415 -- 2 cataloged event(s)
    [fetch] Arecibo-Observatory 2023-04-15 has 49 file(s) from a simultaneous second receiver (overlapping timestamps); keeping one series
  -> 2 positive + 2 negative crop(s) in 75.0s (49 files)

[364] Arecibo-Observatory 20230416 -- 3 cataloged event(s)
    [fetch] Arecibo-Observatory 2023-04-16 has 49 file(s) from a simultaneous second receiver (overlapping timestamps); keeping one series
  -> 3 positive + 2 negative crop(s) in 75.0s (49 files)

[365] Arecibo-Observatory 20230417 -- 6 cataloged event(s)
    [fetch] Arecibo-Observatory 2023-04-17 has 49 file(s) from a simultaneous second receiver (overlapping timestamps); keeping one series
  -> 6 positive + 2 negative crop(s) in 75.6s (49 files)

[366] Arecibo-Observatory 20230418 -- 3 cataloged event(s)
    [fetch] Arecibo-Observatory 2023-04-18 has 49 file(s) from a simultaneous second receiver (overlapping timestamps); keeping one series
  -> 3 positive + 2 negative crop(s) in 76.3s (49 files)

[367] Arecibo-Observatory 20230419 -- 3 cataloged event(s)
    [fetch] Arecibo-Observatory 2023-04-19 has 49 file(s) from a simultaneous second receiver (overlapping timestamps); keeping one series
  -> 3 positive + 2 negative crop(s) in 75.5s (49 files)

[368] Arecibo-Observatory 20230420 -- 3 cataloged event(s)
    [fetch] Arecibo-Observatory 2023-04-20 has 49 file(s) from a simultaneous second receiver (overlapping timestamps); keeping one series
  -> 3 positive + 2 negative crop(s) in 75.4s (49 files)

[369] Arecibo-Observatory 20230421 -- 9 cataloged event(s)
    [fetch] Arecibo-Observatory 2023-04-21 has 49 file(s) from a simultaneous second receiver (overlapping timestamps); keeping one series
    [extract] event 22:22-22:24 on 20230421 not fully covered by downloaded data for Arecibo-Observatory (gap or out of range), skipping
  -> 8 positive + 2 negative crop(s) in 75.3s (49 files)

[370] Arecibo-Observatory 20230422 -- 1 cataloged event(s)
    [fetch] Arecibo-Observatory 2023-04-22 has 49 file(s) from a simultaneous second receiver (overlapping timestamps); keeping one series
  -> 1 positive + 2 negative crop(s) in 75.1s (49 files)

[371] Arecibo-Observatory 20230423 -- 2 cataloged event(s)
    [fetch] Arecibo-Observatory 2023-04-23 has 49 file(s) from a simultaneous second receiver (overlapping timestamps); keeping one series
  -> 2 positive + 2 negative crop(s) in 74.9s (49 files)

[372] Arecibo-Observatory 20230425 -- 4 cataloged event(s)
    [fetch] Arecibo-Observatory 2023-04-25 has 49 file(s) from a simultaneous second receiver (overlapping timestamps); keeping one series
  -> 4 positive + 2 negative crop(s) in 75.3s (49 files)

[373] Arecibo-Observatory 20230426 -- 1 cataloged event(s)
    [fetch] Arecibo-Observatory 2023-04-26 has 49 file(s) from a simultaneous second receiver (overlapping timestamps); keeping one series
  -> 1 positive + 2 negative crop(s) in 75.4s (49 files)

[374] Arecibo-Observatory 20230427 -- 3 cataloged event(s)
    [fetch] Arecibo-Observatory 2023-04-27 has 49 file(s) from a simultaneous second receiver (overlapping timestamps); keeping one series
  -> 3 positive + 2 negative crop(s) in 75.1s (49 files)

[375] Arecibo-Observatory 20230428 -- 8 cataloged event(s)
    [fetch] Arecibo-Observatory 2023-04-28 has 50 file(s) from a simultaneous second receiver (overlapping timestamps); keeping one series
  -> 8 positive + 2 negative crop(s) in 76.2s (50 files)

[376] Arecibo-Observatory 20230429 -- 8 cataloged event(s)
    [fetch] Arecibo-Observatory 2023-04-29 has 49 file(s) from a simultaneous second receiver (overlapping timestamps); keeping one series
    [extract] event 13:21-13:30 on 20230429 not fully covered by downloaded data for Arecibo-Observatory (gap or out of range), skipping
  -> 7 positive + 2 negative crop(s) in 74.9s (49 files)

[377] Arecibo-Observatory 20230430 -- 1 cataloged event(s)
    [fetch] Arecibo-Observatory 2023-04-30 has 49 file(s) from a simultaneous second receiver (overlapping timestamps); keeping one series
  -> 1 positive + 2 negative crop(s) in 75.3s (49 files)

[378] Arecibo-Observatory 20230501 -- 7 cataloged event(s)
    [fetch] Arecibo-Observatory 2023-05-01 has 49 file(s) from a simultaneous second receiver (overlapping timestamps); keeping one series
  -> 7 positive + 2 negative crop(s) in 75.2s (49 files)

[379] Arecibo-Observatory 20230502 -- 3 cataloged event(s)
    [fetch] Arecibo-Observatory 2023-05-02 has 49 file(s) from a simultaneous second receiver (overlapping timestamps); keeping one series
    [extract] event 16:30-16:32 on 20230502 not fully covered by downloaded data for Arecibo-Observatory (gap or out of range), skipping
  -> 2 positive + 2 negative crop(s) in 75.0s (49 files)

[380] Arecibo-Observatory 20230503 -- 1 cataloged event(s)
    [fetch] Arecibo-Observatory 2023-05-03 has 49 file(s) from a simultaneous second receiver (overlapping timestamps); keeping one series
  -> 1 positive + 2 negative crop(s) in 75.2s (49 files)

[381] Arecibo-Observatory 20230504 -- 2 cataloged event(s)
    [fetch] Arecibo-Observatory 2023-05-04 has 49 file(s) from a simultaneous second receiver (overlapping timestamps); keeping one series
  -> 2 positive + 2 negative crop(s) in 75.1s (49 files)

[382] Arecibo-Observatory 20230505 -- 13 cataloged event(s)
    [fetch] Arecibo-Observatory 2023-05-05 has 49 file(s) from a simultaneous second receiver (overlapping timestamps); keeping one series
    [extract] event 19:43-20:06 on 20230505 not fully covered by downloaded data for Arecibo-Observatory (gap or out of range), skipping
    [extract] event 16:28-16:29 on 20230505 not fully covered by downloaded data for Arecibo-Observatory (gap or out of range), skipping
  -> 11 positive + 2 negative crop(s) in 75.4s (49 files)

[383] Arecibo-Observatory 20230506 -- 9 cataloged event(s)
    [fetch] Arecibo-Observatory 2023-05-06 has 49 file(s) from a simultaneous second receiver (overlapping timestamps); keeping one series
  -> 9 positive + 2 negative crop(s) in 75.2s (49 files)

[384] Arecibo-Observatory 20230507 -- 8 cataloged event(s)
    [fetch] Arecibo-Observatory 2023-05-07 has 49 file(s) from a simultaneous second receiver (overlapping timestamps); keeping one series
  -> 8 positive + 2 negative crop(s) in 75.1s (49 files)

[385] Arecibo-Observatory 20230508 -- 11 cataloged event(s)
    [fetch] Arecibo-Observatory 2023-05-08 has 49 file(s) from a simultaneous second receiver (overlapping timestamps); keeping one series
    [extract] event 11:46-11:55 on 20230508 not fully covered by downloaded data for Arecibo-Observatory (gap or out of range), skipping
    [extract] could not parse time_range='18:49.18:50', skipping
  -> 9 positive + 2 negative crop(s) in 75.5s (49 files)

[386] Arecibo-Observatory 20230509 -- 12 cataloged event(s)
    [fetch] Arecibo-Observatory 2023-05-09 has 49 file(s) from a simultaneous second receiver (overlapping timestamps); keeping one series
  -> 12 positive + 2 negative crop(s) in 75.2s (49 files)

[387] Arecibo-Observatory 20230510 -- 8 cataloged event(s)
    [fetch] Arecibo-Observatory 2023-05-10 has 41 file(s) from a simultaneous second receiver (overlapping timestamps); keeping one series
  -> 8 positive + 2 negative crop(s) in 62.5s (41 files)

[388] Arecibo-Observatory 20230511 -- 12 cataloged event(s)
    [fetch] Arecibo-Observatory 2023-05-11 has 49 file(s) from a simultaneous second receiver (overlapping timestamps); keeping one series
  -> 12 positive + 2 negative crop(s) in 75.3s (49 files)

[389] Arecibo-Observatory 20230512 -- 2 cataloged event(s)
    [fetch] Arecibo-Observatory 2023-05-12 has 49 file(s) from a simultaneous second receiver (overlapping timestamps); keeping one series
  -> 2 positive + 2 negative crop(s) in 75.2s (49 files)

[390] Arecibo-Observatory 20230515 -- 3 cataloged event(s)
    [fetch] Arecibo-Observatory 2023-05-15 has 49 file(s) from a simultaneous second receiver (overlapping timestamps); keeping one series
  -> 3 positive + 2 negative crop(s) in 75.2s (49 files)

[391] Arecibo-Observatory 20230516 -- 2 cataloged event(s)
    [fetch] Arecibo-Observatory 2023-05-16 has 49 file(s) from a simultaneous second receiver (overlapping timestamps); keeping one series
  -> 2 positive + 2 negative crop(s) in 75.4s (49 files)

[392] Arecibo-Observatory 20230517 -- 4 cataloged event(s)
    [fetch] Arecibo-Observatory 2023-05-17 has 49 file(s) from a simultaneous second receiver (overlapping timestamps); keeping one series
  -> 4 positive + 2 negative crop(s) in 75.4s (49 files)

[393] Arecibo-Observatory 20230518 -- 5 cataloged event(s)
    [fetch] Arecibo-Observatory 2023-05-18 has 49 file(s) from a simultaneous second receiver (overlapping timestamps); keeping one series
  -> 5 positive + 2 negative crop(s) in 75.2s (49 files)

[394] Arecibo-Observatory 20230519 -- 8 cataloged event(s)
    [fetch] Arecibo-Observatory 2023-05-19 has 49 file(s) from a simultaneous second receiver (overlapping timestamps); keeping one series
  -> 8 positive + 2 negative crop(s) in 75.4s (49 files)

[395] Arecibo-Observatory 20230520 -- 2 cataloged event(s)
    [fetch] Arecibo-Observatory 2023-05-20 has 49 file(s) from a simultaneous second receiver (overlapping timestamps); keeping one series
  -> 2 positive + 2 negative crop(s) in 75.0s (49 files)

[396] Arecibo-Observatory 20230603 -- 1 cataloged event(s)
    [fetch] Arecibo-Observatory 2023-06-03 has 49 file(s) from a simultaneous second receiver (overlapping timestamps); keeping one series
  -> 1 positive + 2 negative crop(s) in 76.6s (49 files)

[397] Arecibo-Observatory 20230604 -- 10 cataloged event(s)
    [fetch] Arecibo-Observatory 2023-06-04 has 49 file(s) from a simultaneous second receiver (overlapping timestamps); keeping one series
  -> 10 positive + 2 negative crop(s) in 75.3s (49 files)

[398] Arecibo-Observatory 20230605 -- 12 cataloged event(s)
    [fetch] Arecibo-Observatory 2023-06-05 has 49 file(s) from a simultaneous second receiver (overlapping timestamps); keeping one series
    [extract] event 22:22-22:23 on 20230605 not fully covered by downloaded data for Arecibo-Observatory (gap or out of range), skipping
  -> 11 positive + 2 negative crop(s) in 75.3s (49 files)

[399] Arecibo-Observatory 20230607 -- 2 cataloged event(s)
    [fetch] Arecibo-Observatory 2023-06-07 has 49 file(s) from a simultaneous second receiver (overlapping timestamps); keeping one series
  -> 2 positive + 2 negative crop(s) in 75.2s (49 files)

[400] Arecibo-Observatory 20230609 -- 6 cataloged event(s)
    [fetch] Arecibo-Observatory 2023-06-09 has 49 file(s) from a simultaneous second receiver (overlapping timestamps); keeping one series
    [extract] event 19:30-19:30 on 20230609 not fully covered by downloaded data for Arecibo-Observatory (gap or out of range), skipping
  -> 5 positive + 2 negative crop(s) in 75.2s (49 files)

[401] Arecibo-Observatory 20230612 -- 6 cataloged event(s)
    [fetch] Arecibo-Observatory 2023-06-12 has 49 file(s) from a simultaneous second receiver (overlapping timestamps); keeping one series
  -> 6 positive + 2 negative crop(s) in 75.5s (49 files)

[402] Arecibo-Observatory 20230613 -- 8 cataloged event(s)
    [fetch] Arecibo-Observatory 2023-06-13 has 49 file(s) from a simultaneous second receiver (overlapping timestamps); keeping one series
  -> 8 positive + 2 negative crop(s) in 79.7s (49 files)

[403] Arecibo-Observatory 20230615 -- 3 cataloged event(s)
    [fetch] Arecibo-Observatory 2023-06-15 has 49 file(s) from a simultaneous second receiver (overlapping timestamps); keeping one series
  -> 3 positive + 2 negative crop(s) in 75.2s (49 files)

[404] Arecibo-Observatory 20230616 -- 3 cataloged event(s)
    [fetch] Arecibo-Observatory 2023-06-16 has 49 file(s) from a simultaneous second receiver (overlapping timestamps); keeping one series
  -> 3 positive + 2 negative crop(s) in 74.4s (49 files)

[405] Arecibo-Observatory 20230617 -- 11 cataloged event(s)
    [fetch] Arecibo-Observatory 2023-06-17 has 49 file(s) from a simultaneous second receiver (overlapping timestamps); keeping one series
  -> 11 positive + 2 negative crop(s) in 74.9s (49 files)

[406] Arecibo-Observatory 20230618 -- 2 cataloged event(s)
    [fetch] Arecibo-Observatory 2023-06-18 has 49 file(s) from a simultaneous second receiver (overlapping timestamps); keeping one series
  -> 2 positive + 2 negative crop(s) in 75.0s (49 files)

[407] Arecibo-Observatory 20230619 -- 5 cataloged event(s)
    [fetch] Arecibo-Observatory 2023-06-19 has 49 file(s) from a simultaneous second receiver (overlapping timestamps); keeping one series
  -> 5 positive + 2 negative crop(s) in 75.3s (49 files)

[408] Arecibo-Observatory 20230620 -- 3 cataloged event(s)
    [fetch] Arecibo-Observatory 2023-06-20 has 49 file(s) from a simultaneous second receiver (overlapping timestamps); keeping one series
    [extract] could not parse time_range='13:31-13.32', skipping
  -> 2 positive + 2 negative crop(s) in 75.4s (49 files)

[409] Arecibo-Observatory 20230621 -- 12 cataloged event(s)
    [fetch] Arecibo-Observatory 2023-06-21 has 49 file(s) from a simultaneous second receiver (overlapping timestamps); keeping one series
  -> 12 positive + 2 negative crop(s) in 75.4s (49 files)

[410] Arecibo-Observatory 20230622 -- 8 cataloged event(s)
    [fetch] Arecibo-Observatory 2023-06-22 has 49 file(s) from a simultaneous second receiver (overlapping timestamps); keeping one series
    [extract] event 16:30-16:30 on 20230622 not fully covered by downloaded data for Arecibo-Observatory (gap or out of range), skipping
  -> 7 positive + 2 negative crop(s) in 75.7s (49 files)

[411] Arecibo-Observatory 20230623 -- 17 cataloged event(s)
    [fetch] Arecibo-Observatory 2023-06-23 has 49 file(s) from a simultaneous second receiver (overlapping timestamps); keeping one series
    [extract] event 19:14-19:15 on 20230623 not fully covered by downloaded data for Arecibo-Observatory (gap or out of range), skipping
  -> 16 positive + 2 negative crop(s) in 75.4s (49 files)

[412] Arecibo-Observatory 20230624 -- 4 cataloged event(s)
    [fetch] Arecibo-Observatory 2023-06-24 has 49 file(s) from a simultaneous second receiver (overlapping timestamps); keeping one series
    [extract] event 13:31-14:00 on 20230624 not fully covered by downloaded data for Arecibo-Observatory (gap or out of range), skipping
  -> 3 positive + 2 negative crop(s) in 75.2s (49 files)

[413] Arecibo-Observatory 20230702 -- 1 cataloged event(s)
    [fetch] Arecibo-Observatory 2023-07-02 has 49 file(s) from a simultaneous second receiver (overlapping timestamps); keeping one series
  -> 1 positive + 2 negative crop(s) in 75.3s (49 files)

[414] Arecibo-Observatory 20230703 -- 8 cataloged event(s)
    [fetch] Arecibo-Observatory 2023-07-03 has 49 file(s) from a simultaneous second receiver (overlapping timestamps); keeping one series
    [extract] event 12:31-12:32 on 20230703 not fully covered by downloaded data for Arecibo-Observatory (gap or out of range), skipping
  -> 7 positive + 2 negative crop(s) in 75.1s (49 files)

[415] Arecibo-Observatory 20230705 -- 5 cataloged event(s)
    [fetch] Arecibo-Observatory 2023-07-05 has 49 file(s) from a simultaneous second receiver (overlapping timestamps); keeping one series
  -> 5 positive + 2 negative crop(s) in 75.1s (49 files)

[416] Arecibo-Observatory 20230706 -- 4 cataloged event(s)
    [fetch] Arecibo-Observatory 2023-07-06 has 27 file(s) from a simultaneous second receiver (overlapping timestamps); keeping one series
    [extract] event 15:32-15:33 on 20230706 not fully covered by downloaded data for Arecibo-Observatory (gap or out of range), skipping
  -> 3 positive + 2 negative crop(s) in 42.6s (27 files)

[417] Arecibo-Observatory 20230707 -- 5 cataloged event(s)
    [fetch] Arecibo-Observatory 2023-07-07 has 49 file(s) from a simultaneous second receiver (overlapping timestamps); keeping one series
  -> 5 positive + 2 negative crop(s) in 75.4s (49 files)

[418] Arecibo-Observatory 20230708 -- 7 cataloged event(s)
    [fetch] Arecibo-Observatory 2023-07-08 has 49 file(s) from a simultaneous second receiver (overlapping timestamps); keeping one series
    [extract] event 13:30-13:34 on 20230708 not fully covered by downloaded data for Arecibo-Observatory (gap or out of range), skipping
  -> 6 positive + 2 negative crop(s) in 75.8s (49 files)

[419] Arecibo-Observatory 20230709 -- 7 cataloged event(s)
    [fetch] Arecibo-Observatory 2023-07-09 has 49 file(s) from a simultaneous second receiver (overlapping timestamps); keeping one series
  -> 7 positive + 2 negative crop(s) in 75.6s (49 files)

[420] Arecibo-Observatory 20230710 -- 10 cataloged event(s)
    [fetch] Arecibo-Observatory 2023-07-10 has 49 file(s) from a simultaneous second receiver (overlapping timestamps); keeping one series
    [extract] event 13:16-13:17 on 20230710 not fully covered by downloaded data for Arecibo-Observatory (gap or out of range), skipping
  -> 9 positive + 2 negative crop(s) in 75.5s (49 files)

[421] Arecibo-Observatory 20230711 -- 7 cataloged event(s)
    [fetch] Arecibo-Observatory 2023-07-11 has 49 file(s) from a simultaneous second receiver (overlapping timestamps); keeping one series
  -> 7 positive + 2 negative crop(s) in 75.8s (49 files)

[422] Arecibo-Observatory 20230712 -- 3 cataloged event(s)
    [fetch] Arecibo-Observatory 2023-07-12 has 49 file(s) from a simultaneous second receiver (overlapping timestamps); keeping one series
  -> 3 positive + 2 negative crop(s) in 75.6s (49 files)

[423] Arecibo-Observatory 20230714 -- 3 cataloged event(s)
    [fetch] Arecibo-Observatory 2023-07-14 has 49 file(s) from a simultaneous second receiver (overlapping timestamps); keeping one series
  -> 3 positive + 2 negative crop(s) in 109.2s (95 files)

[424] Arecibo-Observatory 20230715 -- 14 cataloged event(s)
    [fetch] Arecibo-Observatory 2023-07-15 has 49 file(s) from a simultaneous second receiver (overlapping timestamps); keeping one series
  -> 14 positive + 2 negative crop(s) in 106.4s (91 files)

[425] Arecibo-Observatory 20230717 -- 5 cataloged event(s)
    [fetch] Arecibo-Observatory 2023-07-17 has 49 file(s) from a simultaneous second receiver (overlapping timestamps); keeping one series
  -> 5 positive + 2 negative crop(s) in 75.1s (49 files)

[426] Arecibo-Observatory 20230718 -- 10 cataloged event(s)
    [fetch] Arecibo-Observatory 2023-07-18 has 49 file(s) from a simultaneous second receiver (overlapping timestamps); keeping one series
  -> 10 positive + 2 negative crop(s) in 75.3s (49 files)

[427] Arecibo-Observatory 20230719 -- 2 cataloged event(s)
    [fetch] Arecibo-Observatory 2023-07-19 has 49 file(s) from a simultaneous second receiver (overlapping timestamps); keeping one series
  -> 2 positive + 2 negative crop(s) in 75.0s (49 files)

[428] Arecibo-Observatory 20230720 -- 7 cataloged event(s)
    [fetch] Arecibo-Observatory 2023-07-20 has 49 file(s) from a simultaneous second receiver (overlapping timestamps); keeping one series
  -> 7 positive + 2 negative crop(s) in 75.4s (49 files)

[429] Arecibo-Observatory 20230721 -- 7 cataloged event(s)
    [fetch] Arecibo-Observatory 2023-07-21 has 49 file(s) from a simultaneous second receiver (overlapping timestamps); keeping one series
  -> 7 positive + 2 negative crop(s) in 75.1s (49 files)

[430] Arecibo-Observatory 20230722 -- 5 cataloged event(s)
    [fetch] Arecibo-Observatory 2023-07-22 has 49 file(s) from a simultaneous second receiver (overlapping timestamps); keeping one series
  -> 5 positive + 2 negative crop(s) in 75.3s (49 files)

[431] Arecibo-Observatory 20230723 -- 4 cataloged event(s)
    [fetch] Arecibo-Observatory 2023-07-23 has 49 file(s) from a simultaneous second receiver (overlapping timestamps); keeping one series
    [extract] event 12:00-12:07 on 20230723 not fully covered by downloaded data for Arecibo-Observatory (gap or out of range), skipping
  -> 3 positive + 2 negative crop(s) in 75.3s (49 files)

[432] Arecibo-Observatory 20230724 -- 4 cataloged event(s)
    [fetch] Arecibo-Observatory 2023-07-24 has 26 file(s) from a simultaneous second receiver (overlapping timestamps); keeping one series
  -> 4 positive + 2 negative crop(s) in 41.4s (26 files)

[433] Australia-ASSA 20210119 -- 1 cataloged event(s)
  -> 1 positive + 2 negative crop(s) in 41.7s (54 files)

[434] Australia-ASSA 20210127 -- 1 cataloged event(s)
  -> 1 positive + 2 negative crop(s) in 41.9s (54 files)

[435] Australia-ASSA 20210419 -- 3 cataloged event(s)
    [fetch] Australia-ASSA 2021-04-19 has 95 file(s) from a simultaneous second receiver (overlapping timestamps); keeping one series
    [fetch] Australia-ASSA 2021-04-19 has mixed configs: {200: 49, 400: 5} files by channel count; keeping the majority
  -> 3 positive + 2 negative crop(s) in 112.2s (49 files)

[436] Australia-ASSA 20210420 -- 2 cataloged event(s)
    [fetch] Australia-ASSA 2021-04-20 has 95 file(s) from a simultaneous second receiver (overlapping timestamps); keeping one series
  -> 2 positive + 2 negative crop(s) in 108.7s (49 files)

[437] Australia-ASSA 20210421 -- 2 cataloged event(s)
    [fetch] Australia-ASSA 2021-04-21 has 95 file(s) from a simultaneous second receiver (overlapping timestamps); keeping one series
  -> 2 positive + 2 negative crop(s) in 108.2s (48 files)

[438] Australia-ASSA 20210423 -- 2 cataloged event(s)
    [fetch] Australia-ASSA 2021-04-23 has 95 file(s) from a simultaneous second receiver (overlapping timestamps); keeping one series
  -> 2 positive + 2 negative crop(s) in 109.0s (49 files)

[439] Australia-ASSA 20210424 -- 1 cataloged event(s)
    [fetch] Australia-ASSA 2021-04-24 has 95 file(s) from a simultaneous second receiver (overlapping timestamps); keeping one series
  -> 1 positive + 2 negative crop(s) in 108.2s (48 files)

[440] Australia-ASSA 20210429 -- 1 cataloged event(s)
    [fetch] Australia-ASSA 2021-04-29 has 96 file(s) from a simultaneous second receiver (overlapping timestamps); keeping one series
  -> 1 positive + 2 negative crop(s) in 108.7s (48 files)

[441] Australia-ASSA 20210505 -- 1 cataloged event(s)
    [fetch] Australia-ASSA 2021-05-05 has 95 file(s) from a simultaneous second receiver (overlapping timestamps); keeping one series
  -> 1 positive + 2 negative crop(s) in 108.9s (49 files)

[442] Australia-ASSA 20210506 -- 5 cataloged event(s)
    [fetch] Australia-ASSA 2021-05-06 has 95 file(s) from a simultaneous second receiver (overlapping timestamps); keeping one series
  -> 5 positive + 2 negative crop(s) in 108.3s (48 files)

[443] Australia-ASSA 20210507 -- 2 cataloged event(s)
    [fetch] Australia-ASSA 2021-05-07 has 101 file(s) from a simultaneous second receiver (overlapping timestamps); keeping one series
  -> 2 positive + 2 negative crop(s) in 117.9s (55 files)

[444] Australia-ASSA 20210508 -- 2 cataloged event(s)
    [fetch] Australia-ASSA 2021-05-08 has 95 file(s) from a simultaneous second receiver (overlapping timestamps); keeping one series
  -> 2 positive + 2 negative crop(s) in 108.9s (49 files)

[445] Australia-ASSA 20210510 -- 1 cataloged event(s)
    [fetch] Australia-ASSA 2021-05-10 has 95 file(s) from a simultaneous second receiver (overlapping timestamps); keeping one series
  -> 1 positive + 2 negative crop(s) in 109.1s (49 files)

[446] Australia-ASSA 20210513 -- 2 cataloged event(s)
    [fetch] skipping https://soleil.i4ds.ch/solarradio/data/2002-20yy_Callisto/2021/05/13/Australia-ASSA_20210513_043002_60.fit.gz: Compressed file ended before the end-of-stream marker was reached
    [fetch] Australia-ASSA 2021-05-13 has 66 file(s) from a simultaneous second receiver (overlapping timestamps); keeping one series
  -> 2 positive + 2 negative crop(s) in 79.1s (34 files)

[447] Australia-ASSA 20210515 -- 3 cataloged event(s)
    [fetch] Australia-ASSA 2021-05-15 has 95 file(s) from a simultaneous second receiver (overlapping timestamps); keeping one series
  -> 3 positive + 2 negative crop(s) in 108.1s (48 files)

[448] Australia-ASSA 20210517 -- 2 cataloged event(s)
    [fetch] Australia-ASSA 2021-05-17 has 95 file(s) from a simultaneous second receiver (overlapping timestamps); keeping one series
  -> 2 positive + 2 negative crop(s) in 108.6s (49 files)

[449] Australia-ASSA 20210518 -- 3 cataloged event(s)
    [fetch] Australia-ASSA 2021-05-18 has 95 file(s) from a simultaneous second receiver (overlapping timestamps); keeping one series
  -> 3 positive + 2 negative crop(s) in 108.6s (49 files)

[450] Australia-ASSA 20210521 -- 8 cataloged event(s)
    [fetch] Australia-ASSA 2021-05-21 has 95 file(s) from a simultaneous second receiver (overlapping timestamps); keeping one series
  -> 8 positive + 2 negative crop(s) in 108.5s (49 files)

[451] Australia-ASSA 20210522 -- 6 cataloged event(s)
    [fetch] Australia-ASSA 2021-05-22 has 95 file(s) from a simultaneous second receiver (overlapping timestamps); keeping one series
    [fetch] Australia-ASSA 2021-05-22 has mixed configs: {200: 49, 400: 5} files by channel count; keeping the majority
  -> 6 positive + 2 negative crop(s) in 112.5s (49 files)

[452] Australia-ASSA 20210523 -- 7 cataloged event(s)
    [fetch] Australia-ASSA 2021-05-23 has 95 file(s) from a simultaneous second receiver (overlapping timestamps); keeping one series
  -> 7 positive + 2 negative crop(s) in 113.4s (55 files)

[453] Australia-ASSA 20210528 -- 2 cataloged event(s)
    [fetch] Australia-ASSA 2021-05-28 has 95 file(s) from a simultaneous second receiver (overlapping timestamps); keeping one series
  -> 2 positive + 2 negative crop(s) in 108.7s (49 files)

[454] Australia-ASSA 20210531 -- 5 cataloged event(s)
    [fetch] Australia-ASSA 2021-05-31 has 95 file(s) from a simultaneous second receiver (overlapping timestamps); keeping one series
    [fetch] Australia-ASSA 2021-05-31 has mixed configs: {200: 48, 400: 5} files by channel count; keeping the majority
  -> 5 positive + 2 negative crop(s) in 111.5s (48 files)

[455] Australia-ASSA 20210603 -- 7 cataloged event(s)
    [fetch] Australia-ASSA 2021-06-03 has 95 file(s) from a simultaneous second receiver (overlapping timestamps); keeping one series
  -> 7 positive + 2 negative crop(s) in 108.7s (49 files)

[456] Australia-ASSA 20210614 -- 2 cataloged event(s)
    [fetch] Australia-ASSA 2021-06-14 has 95 file(s) from a simultaneous second receiver (overlapping timestamps); keeping one series
  -> 2 positive + 2 negative crop(s) in 106.4s (49 files)

[457] Australia-ASSA 20210615 -- 1 cataloged event(s)
    [fetch] Australia-ASSA 2021-06-15 has 95 file(s) from a simultaneous second receiver (overlapping timestamps); keeping one series
  -> 1 positive + 2 negative crop(s) in 106.5s (49 files)

[458] Australia-ASSA 20210616 -- 1 cataloged event(s)
    [fetch] Australia-ASSA 2021-06-16 has 95 file(s) from a simultaneous second receiver (overlapping timestamps); keeping one series
  -> 1 positive + 2 negative crop(s) in 106.0s (48 files)

[459] Australia-ASSA 20210622 -- 1 cataloged event(s)
    [fetch] Australia-ASSA 2021-06-22 has 95 file(s) from a simultaneous second receiver (overlapping timestamps); keeping one series
  -> 1 positive + 2 negative crop(s) in 104.9s (48 files)

[460] Australia-ASSA 20210625 -- 4 cataloged event(s)
    [fetch] Australia-ASSA 2021-06-25 has 95 file(s) from a simultaneous second receiver (overlapping timestamps); keeping one series
  -> 4 positive + 2 negative crop(s) in 106.2s (49 files)

[461] Australia-ASSA 20210630 -- 1 cataloged event(s)
    [fetch] Australia-ASSA 2021-06-30 has 32 file(s) from a simultaneous second receiver (overlapping timestamps); keeping one series
  -> 1 positive + 2 negative crop(s) in 36.6s (16 files)

[462] Australia-ASSA 20210703 -- 2 cataloged event(s)
    [fetch] Australia-ASSA 2021-07-03 has 70 file(s) from a simultaneous second receiver (overlapping timestamps); keeping one series
    [fetch] Australia-ASSA 2021-07-03 has mixed configs: {400: 12, 200: 23} files by channel count; keeping the majority
  -> 2 positive + 2 negative crop(s) in 76.8s (23 files)

[463] Australia-ASSA 20210709 -- 1 cataloged event(s)
/home/ubuntu/Desktop/TransferLearning_CNN/ecallisto_grabber/scrape.py:123: FutureWarning: The behavior of DataFrame concatenation with empty or all-NA entries is deprecated. In a future version, this will no longer exclude empty or all-NA columns when determining the result dtypes. To retain the old behavior, exclude the relevant entries before the concat operation.
  new_meta = pd.concat([pos_meta, neg_meta], ignore_index=True)
/home/ubuntu/Desktop/TransferLearning_CNN/ecallisto_grabber/scrape.py:123: FutureWarning: The behavior of DataFrame concatenation with empty or all-NA entries is deprecated. In a future version, this will no longer exclude empty or all-NA columns when determining the result dtypes. To retain the old behavior, exclude the relevant entries before the concat operation.
  new_meta = pd.concat([pos_meta, neg_meta], ignore_index=True)
    [fetch] Australia-ASSA 2021-07-09 has 96 file(s) from a simultaneous second receiver (overlapping timestamps); keeping one series
  -> 1 positive + 2 negative crop(s) in 106.8s (49 files)

[464] Australia-ASSA 20210720 -- 2 cataloged event(s)
    [fetch] Australia-ASSA 2021-07-20 has 96 file(s) from a simultaneous second receiver (overlapping timestamps); keeping one series
    [fetch] Australia-ASSA 2021-07-20 has mixed configs: {200: 47, 400: 1} files by channel count; keeping the majority
  -> 2 positive + 2 negative crop(s) in 106.8s (47 files)

[465] Australia-ASSA 20210721 -- 1 cataloged event(s)
    [fetch] Australia-ASSA 2021-07-21 has 96 file(s) from a simultaneous second receiver (overlapping timestamps); keeping one series
    [fetch] Australia-ASSA 2021-07-21 has mixed configs: {200: 32, 400: 17} files by channel count; keeping the majority
  -> 1 positive + 2 negative crop(s) in 107.7s (32 files)

[466] Australia-ASSA 20210722 -- 1 cataloged event(s)
    [fetch] Australia-ASSA 2021-07-22 has 95 file(s) from a simultaneous second receiver (overlapping timestamps); keeping one series
    [fetch] Australia-ASSA 2021-07-22 has mixed configs: {200: 45, 400: 8} files by channel count; keeping the majority
    [extract] event 00:00-00:00 on 20210722 not fully covered by downloaded data for Australia-ASSA (gap or out of range), skipping
  -> 0 positive + 2 negative crop(s) in 109.4s (45 files)

[467] Australia-ASSA 20210724 -- 5 cataloged event(s)
    [fetch] Australia-ASSA 2021-07-24 has 96 file(s) from a simultaneous second receiver (overlapping timestamps); keeping one series
    [fetch] Australia-ASSA 2021-07-24 has mixed configs: {400: 42, 200: 11} files by channel count; keeping the majority
    [extract] event 01:19-01:19 on 20210724 not fully covered by downloaded data for Australia-ASSA (gap or out of range), skipping
    [extract] event 01:42-01:43 on 20210724 not fully covered by downloaded data for Australia-ASSA (gap or out of range), skipping
  -> 3 positive + 2 negative crop(s) in 110.5s (42 files)

[468] Australia-ASSA 20210822 -- 2 cataloged event(s)
    [fetch] Australia-ASSA 2021-08-22 has 96 file(s) from a simultaneous second receiver (overlapping timestamps); keeping one series
    [fetch] Australia-ASSA 2021-08-22 has mixed configs: {400: 6, 200: 43} files by channel count; keeping the majority
    [extract] event 00:25-00:26 on 20210822 not fully covered by downloaded data for Australia-ASSA (gap or out of range), skipping
  -> 1 positive + 2 negative crop(s) in 107.1s (43 files)

[469] Australia-ASSA 20210826 -- 5 cataloged event(s)
    [fetch] Australia-ASSA 2021-08-26 has 96 file(s) from a simultaneous second receiver (overlapping timestamps); keeping one series
    [fetch] Australia-ASSA 2021-08-26 has mixed configs: {200: 42, 400: 11} files by channel count; keeping the majority
  -> 5 positive + 2 negative crop(s) in 110.0s (42 files)

[470] Australia-ASSA 20210827 -- 5 cataloged event(s)
    [fetch] Australia-ASSA 2021-08-27 has 96 file(s) from a simultaneous second receiver (overlapping timestamps); keeping one series
  -> 5 positive + 2 negative crop(s) in 106.6s (48 files)

[471] Australia-ASSA 20210828 -- 11 cataloged event(s)
    [fetch] Australia-ASSA 2021-08-28 has 96 file(s) from a simultaneous second receiver (overlapping timestamps); keeping one series
    [fetch] Australia-ASSA 2021-08-28 has mixed configs: {200: 48, 400: 5} files by channel count; keeping the majority
    [extract] event 05:16-05:16 on 20210828 not fully covered by downloaded data for Australia-ASSA (gap or out of range), skipping
    [extract] event 06:55-07:00 on 20210828 not fully covered by downloaded data for Australia-ASSA (gap or out of range), skipping
    [extract] event 06:55-07:00 on 20210828 not fully covered by downloaded data for Australia-ASSA (gap or out of range), skipping
  -> 8 positive + 2 negative crop(s) in 110.9s (48 files)

[472] Australia-ASSA 20210829 -- 21 cataloged event(s)
    [fetch] Australia-ASSA 2021-08-29 has 96 file(s) from a simultaneous second receiver (overlapping timestamps); keeping one series
    [fetch] Australia-ASSA 2021-08-29 has mixed configs: {200: 40, 400: 9} files by channel count; keeping the majority
    [extract] event 06:48-06:48 on 20210829 not fully covered by downloaded data for Australia-ASSA (gap or out of range), skipping
    [extract] event 01:30-01:33 on 20210829 not fully covered by downloaded data for Australia-ASSA (gap or out of range), skipping
  -> 19 positive + 2 negative crop(s) in 107.0s (40 files)

[473] Australia-ASSA 20210830 -- 10 cataloged event(s)
    [fetch] Australia-ASSA 2021-08-30 has 95 file(s) from a simultaneous second receiver (overlapping timestamps); keeping one series
    [fetch] Australia-ASSA 2021-08-30 has mixed configs: {200: 49, 400: 5} files by channel count; keeping the majority
  -> 10 positive + 2 negative crop(s) in 110.0s (49 files)

[474] Australia-ASSA 20210831 -- 4 cataloged event(s)
    [fetch] Australia-ASSA 2021-08-31 has 95 file(s) from a simultaneous second receiver (overlapping timestamps); keeping one series
    [fetch] Australia-ASSA 2021-08-31 has mixed configs: {200: 37, 400: 16} files by channel count; keeping the majority
  -> 4 positive + 2 negative crop(s) in 109.9s (37 files)

[475] Australia-ASSA 20210901 -- 3 cataloged event(s)
    [fetch] Australia-ASSA 2021-09-01 has 96 file(s) from a simultaneous second receiver (overlapping timestamps); keeping one series
    [fetch] Australia-ASSA 2021-09-01 has mixed configs: {400: 16, 200: 37} files by channel count; keeping the majority
  -> 3 positive + 2 negative crop(s) in 110.7s (37 files)

[476] Australia-ASSA 20210905 -- 4 cataloged event(s)
    [fetch] Australia-ASSA 2021-09-05 has 96 file(s) from a simultaneous second receiver (overlapping timestamps); keeping one series
    [fetch] Australia-ASSA 2021-09-05 has mixed configs: {400: 16, 200: 38} files by channel count; keeping the majority
    [extract] event 01:20-01:20 on 20210905 not fully covered by downloaded data for Australia-ASSA (gap or out of range), skipping
    [extract] event 02:35-02:35 on 20210905 not fully covered by downloaded data for Australia-ASSA (gap or out of range), skipping
    [extract] event 03:46-03:48 on 20210905 not fully covered by downloaded data for Australia-ASSA (gap or out of range), skipping
  -> 1 positive + 2 negative crop(s) in 111.7s (38 files)

[477] Australia-ASSA 20210906 -- 3 cataloged event(s)
    [fetch] Australia-ASSA 2021-09-06 has 95 file(s) from a simultaneous second receiver (overlapping timestamps); keeping one series
    [fetch] Australia-ASSA 2021-09-06 has mixed configs: {200: 44, 400: 9} files by channel count; keeping the majority
  -> 3 positive + 2 negative crop(s) in 110.6s (44 files)

[478] Australia-ASSA 20210907 -- 5 cataloged event(s)
    [fetch] Australia-ASSA 2021-09-07 has 96 file(s) from a simultaneous second receiver (overlapping timestamps); keeping one series
    [fetch] Australia-ASSA 2021-09-07 has mixed configs: {200: 39, 400: 14} files by channel count; keeping the majority
    [extract] event 22:15-22:15 on 20210907 not fully covered by downloaded data for Australia-ASSA (gap or out of range), skipping
  -> 4 positive + 2 negative crop(s) in 110.9s (39 files)

[479] Australia-ASSA 20210908 -- 4 cataloged event(s)
    [fetch] Australia-ASSA 2021-09-08 has 96 file(s) from a simultaneous second receiver (overlapping timestamps); keeping one series
    [fetch] Australia-ASSA 2021-09-08 has mixed configs: {400: 22, 200: 26} files by channel count; keeping the majority
    [extract] event 23:50-23:50 on 20210908 not fully covered by downloaded data for Australia-ASSA (gap or out of range), skipping
    [extract] event 00:07-00:25 on 20210908 not fully covered by downloaded data for Australia-ASSA (gap or out of range), skipping
    [extract] event 01:52-01:52 on 20210908 not fully covered by downloaded data for Australia-ASSA (gap or out of range), skipping
  -> 1 positive + 0 negative crop(s) in 107.7s (26 files)

[480] Australia-ASSA 20210909 -- 7 cataloged event(s)
/home/ubuntu/Desktop/TransferLearning_CNN/ecallisto_grabber/scrape.py:123: FutureWarning: The behavior of DataFrame concatenation with empty or all-NA entries is deprecated. In a future version, this will no longer exclude empty or all-NA columns when determining the result dtypes. To retain the old behavior, exclude the relevant entries before the concat operation.
  new_meta = pd.concat([pos_meta, neg_meta], ignore_index=True)
    [fetch] Australia-ASSA 2021-09-09 has 82 file(s) from a simultaneous second receiver (overlapping timestamps); keeping one series
  -> 7 positive + 2 negative crop(s) in 99.6s (47 files)

[481] Australia-ASSA 20210911 -- 2 cataloged event(s)
    [fetch] Australia-ASSA 2021-09-11 has 91 file(s) from a simultaneous second receiver (overlapping timestamps); keeping one series
  -> 2 positive + 2 negative crop(s) in 103.6s (46 files)

[482] Australia-ASSA 20210912 -- 2 cataloged event(s)
    [fetch] Australia-ASSA 2021-09-12 has 92 file(s) from a simultaneous second receiver (overlapping timestamps); keeping one series
    [fetch] Australia-ASSA 2021-09-12 has mixed configs: {200: 39, 400: 7} files by channel count; keeping the majority
    [extract] event 23:10-23:12 on 20210912 not fully covered by downloaded data for Australia-ASSA (gap or out of range), skipping
  -> 1 positive + 2 negative crop(s) in 104.8s (39 files)

[483] Australia-ASSA 20210913 -- 3 cataloged event(s)
    [fetch] Australia-ASSA 2021-09-13 has 109 file(s) from a simultaneous second receiver (overlapping timestamps); keeping one series
    [fetch] Australia-ASSA 2021-09-13 has mixed configs: {400: 42, 200: 56} files by channel count; keeping the majority
    [extract] event 00:39-00:40 on 20210913 not fully covered by downloaded data for Australia-ASSA (gap or out of range), skipping
    [extract] event 01:30-01:39 on 20210913 not fully covered by downloaded data for Australia-ASSA (gap or out of range), skipping
  -> 1 positive + 2 negative crop(s) in 156.6s (56 files)

[484] Australia-ASSA 20210914 -- 3 cataloged event(s)
    [fetch] Australia-ASSA 2021-09-14 has 91 file(s) from a simultaneous second receiver (overlapping timestamps); keeping one series
    [fetch] Australia-ASSA 2021-09-14 has mixed configs: {200: 46, 400: 50} files by channel count; keeping the majority
    [extract] event 06:41-06:41 on 20210914 not fully covered by downloaded data for Australia-ASSA (gap or out of range), skipping
    [extract] event 23:46-23:46 on 20210914 not fully covered by downloaded data for Australia-ASSA (gap or out of range), skipping
    [extract] event 23:50-23:50 on 20210914 not fully covered by downloaded data for Australia-ASSA (gap or out of range), skipping
  -> 0 positive + 2 negative crop(s) in 140.8s (50 files)

[485] Australia-ASSA 20210917 -- 1 cataloged event(s)
    [fetch] Australia-ASSA 2021-09-17 has 142 file(s) from a simultaneous second receiver (overlapping timestamps); keeping one series
  -> 1 positive + 2 negative crop(s) in 177.7s (96 files)

[486] Australia-ASSA 20210918 -- 2 cataloged event(s)
    [fetch] Australia-ASSA 2021-09-18 has 135 file(s) from a simultaneous second receiver (overlapping timestamps); keeping one series
    [fetch] Australia-ASSA 2021-09-18 has mixed configs: {200: 95, 400: 4} files by channel count; keeping the majority
  -> 2 positive + 2 negative crop(s) in 174.8s (95 files)

[487] Australia-ASSA 20210919 -- 5 cataloged event(s)
    [fetch] Australia-ASSA 2021-09-19 has 95 file(s) from a simultaneous second receiver (overlapping timestamps); keeping one series
    [fetch] Australia-ASSA 2021-09-19 has mixed configs: {200: 49, 400: 5} files by channel count; keeping the majority
  -> 5 positive + 2 negative crop(s) in 111.3s (49 files)

[488] Australia-ASSA 20210920 -- 5 cataloged event(s)
    [fetch] Australia-ASSA 2021-09-20 has 95 file(s) from a simultaneous second receiver (overlapping timestamps); keeping one series
  -> 5 positive + 2 negative crop(s) in 108.4s (49 files)

[489] Australia-ASSA 20210921 -- 4 cataloged event(s)
    [fetch] Australia-ASSA 2021-09-21 has 67 file(s) from a simultaneous second receiver (overlapping timestamps); keeping one series
  -> 4 positive + 2 negative crop(s) in 77.3s (35 files)

[490] Australia-ASSA 20210922 -- 8 cataloged event(s)
    [fetch] Australia-ASSA 2021-09-22 has 95 file(s) from a simultaneous second receiver (overlapping timestamps); keeping one series
    [fetch] Australia-ASSA 2021-09-22 has mixed configs: {200: 24, 400: 24} files by channel count; keeping the majority
    [extract] event 22:36-22:36 on 20210922 not fully covered by downloaded data for Australia-ASSA (gap or out of range), skipping
    [extract] event 22:24-22:25 on 20210922 not fully covered by downloaded data for Australia-ASSA (gap or out of range), skipping
    [extract] event 21:49-21:52 on 20210922 not fully covered by downloaded data for Australia-ASSA (gap or out of range), skipping
  -> 5 positive + 2 negative crop(s) in 107.7s (24 files)

[491] Australia-ASSA 20210923 -- 11 cataloged event(s)
    [fetch] Australia-ASSA 2021-09-23 has 73 file(s) from a simultaneous second receiver (overlapping timestamps); keeping one series
    [fetch] Australia-ASSA 2021-09-23 has mixed configs: {200: 21, 400: 18} files by channel count; keeping the majority
    [extract] event 07:55-07:58 on 20210923 not fully covered by downloaded data for Australia-ASSA (gap or out of range), skipping
    [extract] event 06:47-06:47 on 20210923 not fully covered by downloaded data for Australia-ASSA (gap or out of range), skipping
    [extract] event 06:00-06:05 on 20210923 not fully covered by downloaded data for Australia-ASSA (gap or out of range), skipping
    [extract] event 04:46-04:50 on 20210923 not fully covered by downloaded data for Australia-ASSA (gap or out of range), skipping
    [extract] event 05:15-05:25 on 20210923 not fully covered by downloaded data for Australia-ASSA (gap or out of range), skipping
    [extract] event 05:02-05:05 on 20210923 not fully covered by downloaded data for Australia-ASSA (gap or out of range), skipping
    [extract] event 04:58-04:58 on 20210923 not fully covered by downloaded data for Australia-ASSA (gap or out of range), skipping
    [extract] event 04:31-04:38 on 20210923 not fully covered by downloaded data for Australia-ASSA (gap or out of range), skipping
    [extract] event 03:51-03:54 on 20210923 not fully covered by downloaded data for Australia-ASSA (gap or out of range), skipping
  -> 2 positive + 2 negative crop(s) in 84.6s (21 files)

[492] Australia-ASSA 20210924 -- 2 cataloged event(s)
    [fetch] Australia-ASSA 2021-09-24 has 72 file(s) from a simultaneous second receiver (overlapping timestamps); keeping one series
    [extract] event 03:08-03:14 on 20210924 not fully covered by downloaded data for Australia-ASSA (gap or out of range), skipping
  -> 1 positive + 2 negative crop(s) in 81.8s (37 files)

[493] Australia-ASSA 20210925 -- 6 cataloged event(s)
    [fetch] Australia-ASSA 2021-09-25 has 95 file(s) from a simultaneous second receiver (overlapping timestamps); keeping one series
    [fetch] Australia-ASSA 2021-09-25 has mixed configs: {200: 48, 400: 6} files by channel count; keeping the majority
  -> 6 positive + 2 negative crop(s) in 112.1s (48 files)

[494] Australia-ASSA 20210926 -- 7 cataloged event(s)
    [fetch] Australia-ASSA 2021-09-26 has 95 file(s) from a simultaneous second receiver (overlapping timestamps); keeping one series
    [fetch] Australia-ASSA 2021-09-26 has mixed configs: {200: 37, 400: 16} files by channel count; keeping the majority
    [extract] event 21:24-21:26 on 20210926 not fully covered by downloaded data for Australia-ASSA (gap or out of range), skipping
    [extract] event 23:53-23:59 on 20210926 not fully covered by downloaded data for Australia-ASSA (gap or out of range), skipping
    [extract] event 23:46-23:46 on 20210926 not fully covered by downloaded data for Australia-ASSA (gap or out of range), skipping
    [extract] event 22:37-22:41 on 20210926 not fully covered by downloaded data for Australia-ASSA (gap or out of range), skipping
  -> 3 positive + 2 negative crop(s) in 111.1s (37 files)

[495] Australia-ASSA 20210927 -- 4 cataloged event(s)
    [fetch] Australia-ASSA 2021-09-27 has 96 file(s) from a simultaneous second receiver (overlapping timestamps); keeping one series
    [fetch] Australia-ASSA 2021-09-27 has mixed configs: {400: 30, 200: 18} files by channel count; keeping the majority
  -> 4 positive + 2 negative crop(s) in 108.6s (30 files)

[496] Australia-ASSA 20210928 -- 2 cataloged event(s)
    [fetch] Australia-ASSA 2021-09-28 has 96 file(s) from a simultaneous second receiver (overlapping timestamps); keeping one series
    [fetch] Australia-ASSA 2021-09-28 has mixed configs: {200: 14, 400: 39} files by channel count; keeping the majority
    [extract] event 06:19-06:38 on 20210928 not fully covered by downloaded data for Australia-ASSA (gap or out of range), skipping
  -> 1 positive + 2 negative crop(s) in 112.1s (39 files)

[497] Australia-ASSA 20210930 -- 4 cataloged event(s)
    [fetch] Australia-ASSA 2021-09-30 has 96 file(s) from a simultaneous second receiver (overlapping timestamps); keeping one series
    [fetch] Australia-ASSA 2021-09-30 has mixed configs: {400: 18, 200: 35} files by channel count; keeping the majority
    [extract] event 01:44-01:45 on 20210930 not fully covered by downloaded data for Australia-ASSA (gap or out of range), skipping
    [extract] event 02:21-02:21 on 20210930 not fully covered by downloaded data for Australia-ASSA (gap or out of range), skipping
  -> 2 positive + 2 negative crop(s) in 112.2s (35 files)

[498] Australia-ASSA 20211001 -- 2 cataloged event(s)
    [fetch] Australia-ASSA 2021-10-01 has 96 file(s) from a simultaneous second receiver (overlapping timestamps); keeping one series
    [fetch] Australia-ASSA 2021-10-01 has mixed configs: {400: 30, 200: 18} files by channel count; keeping the majority
    [extract] event 05:48-04:48 on 20211001 not fully covered by downloaded data for Australia-ASSA (gap or out of range), skipping
  -> 1 positive + 2 negative crop(s) in 108.1s (30 files)

[499] Australia-ASSA 20211002 -- 3 cataloged event(s)
    [fetch] Australia-ASSA 2021-10-02 has 96 file(s) from a simultaneous second receiver (overlapping timestamps); keeping one series
    [fetch] Australia-ASSA 2021-10-02 has mixed configs: {200: 18, 400: 30} files by channel count; keeping the majority
  -> 3 positive + 2 negative crop(s) in 108.2s (30 files)

[500] Australia-ASSA 20211003 -- 9 cataloged event(s)
    [fetch] Australia-ASSA 2021-10-03 has 61 file(s) from a simultaneous second receiver (overlapping timestamps); keeping one series
    [fetch] Australia-ASSA 2021-10-03 has mixed configs: {400: 3, 200: 46} files by channel count; keeping the majority
    [extract] event 03:13-03:16 on 20211003 not fully covered by downloaded data for Australia-ASSA (gap or out of range), skipping
    [extract] event 02:31-02:32 on 20211003 not fully covered by downloaded data for Australia-ASSA (gap or out of range), skipping
  -> 7 positive + 2 negative crop(s) in 83.5s (46 files)

Reached --limit 500, stopping (resume later to continue).

Timing: n=500, mean=77.6s, median=74.9s, min=10.2s, max=177.7s per station-day
Extrapolated total for all 3031 remaining station-days: ~65.3 hours (mean-time based; real run will vary by file count per station-day)

Done. Metadata: ../data/ecallisto/raw_events/metadata.csv
