/home/ubuntu/Desktop/TransferLearning_CNN/ecallisto_grabber/scrape.py:123: FutureWarning: The behavior of DataFrame concatenation with empty or all-NA entries is deprecated. In a future version, this will no longer exclude empty or all-NA columns when determining the result dtypes. To retain the old behavior, exclude the relevant entries before the concat operation.
  new_meta = pd.concat([pos_meta, neg_meta], ignore_index=True)
Fetching Monstein catalog 2021-01-01 .. 2024-03-31 ...
  [burst_catalog] fetching 2021-01 ...
  [burst_catalog] fetching 2021-02 ...
  [burst_catalog] fetching 2021-03 ...
  [burst_catalog] fetching 2021-04 ...
  [burst_catalog] fetching 2021-05 ...
  [burst_catalog] fetching 2021-06 ...
  [burst_catalog] fetching 2021-07 ...
  [burst_catalog] fetching 2021-08 ...
  [burst_catalog] fetching 2021-09 ...
  [burst_catalog] fetching 2021-10 ...
  [burst_catalog] fetching 2021-11 ...
  [burst_catalog] fetching 2021-12 ...
  [burst_catalog] fetching 2022-01 ...
  [burst_catalog] fetching 2022-02 ...
  [burst_catalog] fetching 2022-03 ...
  [burst_catalog] fetching 2022-04 ...
  [burst_catalog] fetching 2022-05 ...
  [burst_catalog] fetching 2022-06 ...
  [burst_catalog] fetching 2022-07 ...
  [burst_catalog] fetching 2022-08 ...
  [burst_catalog] fetching 2022-09 ...
  [burst_catalog] fetching 2022-10 ...
  [burst_catalog] fetching 2022-11 ...
  [burst_catalog] fetching 2022-12 ...
  [burst_catalog] fetching 2023-01 ...
  [burst_catalog] fetching 2023-02 ...
  [burst_catalog] fetching 2023-03 ...
  [burst_catalog] fetching 2023-04 ...
  [burst_catalog] fetching 2023-05 ...
  [burst_catalog] fetching 2023-06 ...
  [burst_catalog] fetching 2023-07 ...
  [burst_catalog] fetching 2023-08 ...
  [burst_catalog] fetching 2023-09 ...
  [burst_catalog] fetching 2023-10 ...
  [burst_catalog] fetching 2023-11 ...
  [burst_catalog] fetching 2023-12 ...
  [burst_catalog] fetching 2024-01 ...
  [burst_catalog] fetching 2024-02 ...
  [burst_catalog] fetching 2024-03 ...
7466 (station, event) rows after filtering (stations=['Australia-ASSA', 'SWISS-Landschlacht', 'EGYPT-Alexandria', 'SWISS-MUHEN', 'ROSWELL-NM', 'SPAIN-PERALEJOS', 'GREENLAND'], types=['II', 'III', 'V'])
duration pool for negatives: n=7439, median=60s
2599 distinct (station, date) pairs to fetch; 500 already done

[1] Australia-ASSA 20211004 -- 1 cataloged event(s)
    [fetch] Australia-ASSA 2021-10-04 has 47 file(s) from a simultaneous second receiver (overlapping timestamps); keeping one series
    [extract] event 05:44-05:45 on 20211004 not fully covered by downloaded data for Australia-ASSA (gap or out of range), skipping
  -> 0 positive + 2 negative crop(s) in 72.2s (48 files)

[2] Australia-ASSA 20211005 -- 2 cataloged event(s)
    [fetch] Australia-ASSA 2021-10-05 has 48 file(s) from a simultaneous second receiver (overlapping timestamps); keeping one series
    [extract] event 07:30-07:31 on 20211005 not fully covered by downloaded data for Australia-ASSA (gap or out of range), skipping
  -> 1 positive + 2 negative crop(s) in 72.9s (48 files)

[3] Australia-ASSA 20211006 -- 2 cataloged event(s)
    [fetch] Australia-ASSA 2021-10-06 has 48 file(s) from a simultaneous second receiver (overlapping timestamps); keeping one series
  -> 2 positive + 2 negative crop(s) in 72.1s (48 files)

[4] Australia-ASSA 20211007 -- 2 cataloged event(s)
    [fetch] Australia-ASSA 2021-10-07 has 48 file(s) from a simultaneous second receiver (overlapping timestamps); keeping one series
  -> 2 positive + 2 negative crop(s) in 73.7s (49 files)

[5] Australia-ASSA 20211008 -- 5 cataloged event(s)
    [fetch] Australia-ASSA 2021-10-08 has 47 file(s) from a simultaneous second receiver (overlapping timestamps); keeping one series
    [extract] event 05:01-05:01 on 20211008 not fully covered by downloaded data for Australia-ASSA (gap or out of range), skipping
  -> 4 positive + 2 negative crop(s) in 72.8s (49 files)

[6] Australia-ASSA 20211009 -- 8 cataloged event(s)
    [fetch] Australia-ASSA 2021-10-09 has 47 file(s) from a simultaneous second receiver (overlapping timestamps); keeping one series
    [extract] event 00:06-00:53 on 20211009 not fully covered by downloaded data for Australia-ASSA (gap or out of range), skipping
  -> 7 positive + 2 negative crop(s) in 72.3s (48 files)

[7] Australia-ASSA 20211010 -- 11 cataloged event(s)
    [fetch] Australia-ASSA 2021-10-10 has 48 file(s) from a simultaneous second receiver (overlapping timestamps); keeping one series
  -> 11 positive + 2 negative crop(s) in 72.8s (48 files)

[8] Australia-ASSA 20211011 -- 3 cataloged event(s)
    [fetch] Australia-ASSA 2021-10-11 has 48 file(s) from a simultaneous second receiver (overlapping timestamps); keeping one series
  -> 3 positive + 2 negative crop(s) in 77.9s (48 files)

[9] Australia-ASSA 20211012 -- 1 cataloged event(s)
    [fetch] Australia-ASSA 2021-10-12 has 48 file(s) from a simultaneous second receiver (overlapping timestamps); keeping one series
  -> 1 positive + 2 negative crop(s) in 73.3s (48 files)

[10] Australia-ASSA 20211013 -- 5 cataloged event(s)
    [fetch] Australia-ASSA 2021-10-13 has 48 file(s) from a simultaneous second receiver (overlapping timestamps); keeping one series
  -> 5 positive + 2 negative crop(s) in 73.2s (48 files)

[11] Australia-ASSA 20211014 -- 3 cataloged event(s)
    [fetch] Australia-ASSA 2021-10-14 has 48 file(s) from a simultaneous second receiver (overlapping timestamps); keeping one series
  -> 3 positive + 2 negative crop(s) in 73.1s (48 files)

[12] Australia-ASSA 20211022 -- 1 cataloged event(s)
    [fetch] Australia-ASSA 2021-10-22 has 48 file(s) from a simultaneous second receiver (overlapping timestamps); keeping one series
  -> 1 positive + 2 negative crop(s) in 73.2s (48 files)

[13] Australia-ASSA 20211023 -- 1 cataloged event(s)
    [fetch] Australia-ASSA 2021-10-23 has 48 file(s) from a simultaneous second receiver (overlapping timestamps); keeping one series
  -> 1 positive + 2 negative crop(s) in 73.0s (48 files)

[14] Australia-ASSA 20211024 -- 5 cataloged event(s)
    [fetch] Australia-ASSA 2021-10-24 has 48 file(s) from a simultaneous second receiver (overlapping timestamps); keeping one series
  -> 5 positive + 2 negative crop(s) in 73.0s (48 files)

[15] Australia-ASSA 20211025 -- 6 cataloged event(s)
    [fetch] Australia-ASSA 2021-10-25 has 48 file(s) from a simultaneous second receiver (overlapping timestamps); keeping one series
    [extract] could not parse time_range='20:59.21:00', skipping
  -> 5 positive + 2 negative crop(s) in 73.1s (48 files)

[16] Australia-ASSA 20211026 -- 5 cataloged event(s)
    [fetch] Australia-ASSA 2021-10-26 has 48 file(s) from a simultaneous second receiver (overlapping timestamps); keeping one series
    [extract] event 00:17-00:39 on 20211026 not fully covered by downloaded data for Australia-ASSA (gap or out of range), skipping
  -> 4 positive + 2 negative crop(s) in 73.4s (48 files)

[17] Australia-ASSA 20211027 -- 11 cataloged event(s)
    [fetch] Australia-ASSA 2021-10-27 has 48 file(s) from a simultaneous second receiver (overlapping timestamps); keeping one series
    [extract] event 05:34-04:35 on 20211027 not fully covered by downloaded data for Australia-ASSA (gap or out of range), skipping
  -> 10 positive + 2 negative crop(s) in 77.3s (53 files)

[18] Australia-ASSA 20211028 -- 1 cataloged event(s)
    [fetch] skipping https://soleil.i4ds.ch/solarradio/data/2002-20yy_Callisto/2021/10/28/Australia-ASSA_20211028_033003_01.fit.gz: Compressed file ended before the end-of-stream marker was reached
    [fetch] Australia-ASSA 2021-10-28 has 47 file(s) from a simultaneous second receiver (overlapping timestamps); keeping one series
  -> 1 positive + 2 negative crop(s) in 76.1s (48 files)

[19] Australia-ASSA 20211029 -- 5 cataloged event(s)
    [fetch] Australia-ASSA 2021-10-29 has 48 file(s) from a simultaneous second receiver (overlapping timestamps); keeping one series
  -> 5 positive + 2 negative crop(s) in 73.1s (48 files)

[20] Australia-ASSA 20211030 -- 2 cataloged event(s)
    [fetch] Australia-ASSA 2021-10-30 has 48 file(s) from a simultaneous second receiver (overlapping timestamps); keeping one series
    [extract] event 00:00-00:00 on 20211030 not fully covered by downloaded data for Australia-ASSA (gap or out of range), skipping
  -> 1 positive + 2 negative crop(s) in 72.9s (48 files)

[21] Australia-ASSA 20211031 -- 6 cataloged event(s)
    [fetch] Australia-ASSA 2021-10-31 has 48 file(s) from a simultaneous second receiver (overlapping timestamps); keeping one series
/home/ubuntu/Desktop/TransferLearning_CNN/ecallisto_grabber/scrape.py:123: FutureWarning: The behavior of DataFrame concatenation with empty or all-NA entries is deprecated. In a future version, this will no longer exclude empty or all-NA columns when determining the result dtypes. To retain the old behavior, exclude the relevant entries before the concat operation.
  new_meta = pd.concat([pos_meta, neg_meta], ignore_index=True)
  -> 6 positive + 2 negative crop(s) in 77.7s (54 files)

[22] Australia-ASSA 20211101 -- 3 cataloged event(s)
    [fetch] Australia-ASSA 2021-11-01 has 47 file(s) from a simultaneous second receiver (overlapping timestamps); keeping one series
    [extract] event 01:28-01:52 on 20211101 not fully covered by downloaded data for Australia-ASSA (gap or out of range), skipping
  -> 2 positive + 2 negative crop(s) in 72.5s (48 files)

[23] Australia-ASSA 20211102 -- 8 cataloged event(s)
    [fetch] Australia-ASSA 2021-11-02 has 48 file(s) from a simultaneous second receiver (overlapping timestamps); keeping one series
  -> 8 positive + 2 negative crop(s) in 73.8s (48 files)

[24] Australia-ASSA 20211103 -- 2 cataloged event(s)
    [fetch] Australia-ASSA 2021-11-03 has 48 file(s) from a simultaneous second receiver (overlapping timestamps); keeping one series
  -> 2 positive + 2 negative crop(s) in 73.6s (48 files)

[25] Australia-ASSA 20211104 -- 1 cataloged event(s)
    [fetch] Australia-ASSA 2021-11-04 has 48 file(s) from a simultaneous second receiver (overlapping timestamps); keeping one series
    [extract] event 04:16-04:17 on 20211104 not fully covered by downloaded data for Australia-ASSA (gap or out of range), skipping
  -> 0 positive + 2 negative crop(s) in 73.3s (48 files)

[26] Australia-ASSA 20211105 -- 1 cataloged event(s)
    [fetch] Australia-ASSA 2021-11-05 has 48 file(s) from a simultaneous second receiver (overlapping timestamps); keeping one series
  -> 1 positive + 2 negative crop(s) in 73.5s (48 files)

[27] Australia-ASSA 20211106 -- 1 cataloged event(s)
    [fetch] Australia-ASSA 2021-11-06 has 53 file(s) from a simultaneous second receiver (overlapping timestamps); keeping one series
  -> 1 positive + 2 negative crop(s) in 81.8s (53 files)

[28] Australia-ASSA 20211107 -- 3 cataloged event(s)
    [fetch] Australia-ASSA 2021-11-07 has 48 file(s) from a simultaneous second receiver (overlapping timestamps); keeping one series
  -> 3 positive + 2 negative crop(s) in 73.7s (48 files)

[29] Australia-ASSA 20211108 -- 8 cataloged event(s)
    [fetch] Australia-ASSA 2021-11-08 has 39 file(s) from a simultaneous second receiver (overlapping timestamps); keeping one series
  -> 8 positive + 2 negative crop(s) in 60.3s (39 files)

[30] Australia-ASSA 20211109 -- 1 cataloged event(s)
    [fetch] Australia-ASSA 2021-11-09 has 14 file(s) from a simultaneous second receiver (overlapping timestamps); keeping one series
  -> 1 positive + 2 negative crop(s) in 23.9s (15 files)

[31] Australia-ASSA 20211110 -- 1 cataloged event(s)
    [fetch] Australia-ASSA 2021-11-10 has 47 file(s) from a simultaneous second receiver (overlapping timestamps); keeping one series
  -> 1 positive + 2 negative crop(s) in 72.7s (48 files)

[32] Australia-ASSA 20211111 -- 1 cataloged event(s)
    [fetch] Australia-ASSA 2021-11-11 has 38 file(s) from a simultaneous second receiver (overlapping timestamps); keeping one series
  -> 1 positive + 2 negative crop(s) in 58.8s (38 files)

[33] Australia-ASSA 20211112 -- 3 cataloged event(s)
    [fetch] Australia-ASSA 2021-11-12 has 48 file(s) from a simultaneous second receiver (overlapping timestamps); keeping one series
  -> 3 positive + 2 negative crop(s) in 74.1s (49 files)

[34] Australia-ASSA 20211115 -- 5 cataloged event(s)
    [fetch] Australia-ASSA 2021-11-15 has 48 file(s) from a simultaneous second receiver (overlapping timestamps); keeping one series
  -> 5 positive + 2 negative crop(s) in 73.6s (48 files)

[35] Australia-ASSA 20211122 -- 1 cataloged event(s)
    [fetch] Australia-ASSA 2021-11-22 has 46 file(s) from a simultaneous second receiver (overlapping timestamps); keeping one series
  -> 1 positive + 2 negative crop(s) in 70.6s (46 files)

[36] Australia-ASSA 20211127 -- 1 cataloged event(s)
    [fetch] Australia-ASSA 2021-11-27 has 47 file(s) from a simultaneous second receiver (overlapping timestamps); keeping one series
  -> 1 positive + 2 negative crop(s) in 73.3s (49 files)

[37] Australia-ASSA 20211128 -- 1 cataloged event(s)
    [fetch] Australia-ASSA 2021-11-28 has 47 file(s) from a simultaneous second receiver (overlapping timestamps); keeping one series
  -> 1 positive + 2 negative crop(s) in 73.4s (49 files)

[38] Australia-ASSA 20211201 -- 2 cataloged event(s)
    [fetch] Australia-ASSA 2021-12-01 has 47 file(s) from a simultaneous second receiver (overlapping timestamps); keeping one series
  -> 2 positive + 2 negative crop(s) in 73.6s (49 files)

[39] Australia-ASSA 20211203 -- 1 cataloged event(s)
    [fetch] Australia-ASSA 2021-12-03 has 47 file(s) from a simultaneous second receiver (overlapping timestamps); keeping one series
  -> 1 positive + 2 negative crop(s) in 73.4s (49 files)

[40] Australia-ASSA 20211204 -- 3 cataloged event(s)
    [fetch] Australia-ASSA 2021-12-04 has 47 file(s) from a simultaneous second receiver (overlapping timestamps); keeping one series
    [extract] burst-Australia-ASSA-12-04-2021-073000-073200-typeIII.npy already exists (duplicate catalog row?), skipping
  -> 2 positive + 2 negative crop(s) in 73.4s (49 files)

[41] Australia-ASSA 20211205 -- 1 cataloged event(s)
    [fetch] Australia-ASSA 2021-12-05 has 47 file(s) from a simultaneous second receiver (overlapping timestamps); keeping one series
  -> 1 positive + 2 negative crop(s) in 73.2s (49 files)

[42] Australia-ASSA 20211206 -- 5 cataloged event(s)
    [fetch] Australia-ASSA 2021-12-06 has 47 file(s) from a simultaneous second receiver (overlapping timestamps); keeping one series
    [extract] could not parse time_range='06:52-06.53', skipping
  -> 4 positive + 2 negative crop(s) in 73.5s (49 files)

[43] Australia-ASSA 20211214 -- 3 cataloged event(s)
    [fetch] Australia-ASSA 2021-12-14 has 120 file(s) from a simultaneous second receiver (overlapping timestamps); keeping one series
    [fetch] Australia-ASSA 2021-12-14 has mixed configs: {200: 51, 400: 13} files by channel count; keeping the majority
    [extract] event 01:01-09:17 on 20211214 not fully covered by downloaded data for Australia-ASSA (gap or out of range), skipping
  -> 2 positive + 2 negative crop(s) in 138.2s (51 files)

[44] Australia-ASSA 20211215 -- 2 cataloged event(s)
    [fetch] Australia-ASSA 2021-12-15 has 119 file(s) from a simultaneous second receiver (overlapping timestamps); keeping one series
    [fetch] Australia-ASSA 2021-12-15 has mixed configs: {200: 59, 400: 4} files by channel count; keeping the majority
  -> 2 positive + 2 negative crop(s) in 136.3s (59 files)

[45] Australia-ASSA 20211216 -- 1 cataloged event(s)
    [fetch] Australia-ASSA 2021-12-16 has 109 file(s) from a simultaneous second receiver (overlapping timestamps); keeping one series
  -> 1 positive + 2 negative crop(s) in 124.4s (56 files)

[46] Australia-ASSA 20211217 -- 1 cataloged event(s)
    [fetch] Australia-ASSA 2021-12-17 has 119 file(s) from a simultaneous second receiver (overlapping timestamps); keeping one series
    [fetch] Australia-ASSA 2021-12-17 has mixed configs: {200: 60, 400: 4} files by channel count; keeping the majority
  -> 1 positive + 2 negative crop(s) in 137.5s (60 files)

[47] Australia-ASSA 20211218 -- 4 cataloged event(s)
    [fetch] Australia-ASSA 2021-12-18 has 119 file(s) from a simultaneous second receiver (overlapping timestamps); keeping one series
    [fetch] Australia-ASSA 2021-12-18 has mixed configs: {200: 55, 400: 5} files by channel count; keeping the majority
    [extract] could not parse time_range='01:19.01:20', skipping
    [extract] event 02:48-02:48 on 20211218 not fully covered by downloaded data for Australia-ASSA (gap or out of range), skipping
  -> 2 positive + 2 negative crop(s) in 135.4s (55 files)

[48] Australia-ASSA 20211219 -- 2 cataloged event(s)
    [fetch] Australia-ASSA 2021-12-19 has 120 file(s) from a simultaneous second receiver (overlapping timestamps); keeping one series
    [fetch] Australia-ASSA 2021-12-19 has mixed configs: {200: 60, 400: 3} files by channel count; keeping the majority
    [extract] event 07:59-08:00 on 20211219 not fully covered by downloaded data for Australia-ASSA (gap or out of range), skipping
/home/ubuntu/Desktop/TransferLearning_CNN/ecallisto_grabber/scrape.py:123: FutureWarning: The behavior of DataFrame concatenation with empty or all-NA entries is deprecated. In a future version, this will no longer exclude empty or all-NA columns when determining the result dtypes. To retain the old behavior, exclude the relevant entries before the concat operation.
  new_meta = pd.concat([pos_meta, neg_meta], ignore_index=True)
  -> 1 positive + 2 negative crop(s) in 137.3s (60 files)

[49] Australia-ASSA 20211220 -- 2 cataloged event(s)
    [fetch] Australia-ASSA 2021-12-20 has 120 file(s) from a simultaneous second receiver (overlapping timestamps); keeping one series
    [fetch] Australia-ASSA 2021-12-20 has mixed configs: {200: 58, 400: 5} files by channel count; keeping the majority
    [extract] event 03:30-03:43 on 20211220 not fully covered by downloaded data for Australia-ASSA (gap or out of range), skipping
  -> 1 positive + 2 negative crop(s) in 137.6s (58 files)

[50] Australia-ASSA 20211221 -- 7 cataloged event(s)
    [fetch] Australia-ASSA 2021-12-21 has 117 file(s) from a simultaneous second receiver (overlapping timestamps); keeping one series
    [fetch] Australia-ASSA 2021-12-21 has mixed configs: {200: 54, 400: 6} files by channel count; keeping the majority
    [extract] event 06:16-06:20 on 20211221 not fully covered by downloaded data for Australia-ASSA (gap or out of range), skipping
    [extract] event 02:47-02:48 on 20211221 not fully covered by downloaded data for Australia-ASSA (gap or out of range), skipping
  -> 5 positive + 2 negative crop(s) in 132.8s (54 files)

[51] Australia-ASSA 20211222 -- 1 cataloged event(s)
    [fetch] Australia-ASSA 2021-12-22 has 60 file(s) from a simultaneous second receiver (overlapping timestamps); keeping one series
  -> 1 positive + 2 negative crop(s) in 91.7s (61 files)

[52] Australia-ASSA 20211223 -- 5 cataloged event(s)
    [fetch] Australia-ASSA 2021-12-23 has 59 file(s) from a simultaneous second receiver (overlapping timestamps); keeping one series
  -> 5 positive + 2 negative crop(s) in 90.4s (60 files)

[53] Australia-ASSA 20211224 -- 1 cataloged event(s)
    [fetch] Australia-ASSA 2021-12-24 has 60 file(s) from a simultaneous second receiver (overlapping timestamps); keeping one series
  -> 1 positive + 2 negative crop(s) in 90.7s (60 files)

[54] Australia-ASSA 20211225 -- 3 cataloged event(s)
    [fetch] Australia-ASSA 2021-12-25 has 60 file(s) from a simultaneous second receiver (overlapping timestamps); keeping one series
  -> 3 positive + 2 negative crop(s) in 91.8s (61 files)

[55] Australia-ASSA 20211227 -- 3 cataloged event(s)
    [fetch] Australia-ASSA 2021-12-27 has 59 file(s) from a simultaneous second receiver (overlapping timestamps); keeping one series
  -> 3 positive + 2 negative crop(s) in 89.9s (60 files)

[56] Australia-ASSA 20211228 -- 9 cataloged event(s)
    [fetch] Australia-ASSA 2021-12-28 has 60 file(s) from a simultaneous second receiver (overlapping timestamps); keeping one series
  -> 9 positive + 2 negative crop(s) in 91.0s (60 files)

[57] Australia-ASSA 20211229 -- 7 cataloged event(s)
    [fetch] Australia-ASSA 2021-12-29 has 60 file(s) from a simultaneous second receiver (overlapping timestamps); keeping one series
    [extract] event 00:01-00:04 on 20211229 not fully covered by downloaded data for Australia-ASSA (gap or out of range), skipping
  -> 6 positive + 2 negative crop(s) in 90.6s (60 files)

[58] Australia-ASSA 20211230 -- 8 cataloged event(s)
    [fetch] Australia-ASSA 2021-12-30 has 60 file(s) from a simultaneous second receiver (overlapping timestamps); keeping one series
  -> 8 positive + 2 negative crop(s) in 91.4s (61 files)

[59] Australia-ASSA 20211231 -- 6 cataloged event(s)
    [fetch] skipping https://soleil.i4ds.ch/solarradio/data/2002-20yy_Callisto/2021/12/31/Australia-ASSA_20211231_074501_63.fit.gz: Compressed file ended before the end-of-stream marker was reached
    [fetch] Australia-ASSA 2021-12-31 has 58 file(s) from a simultaneous second receiver (overlapping timestamps); keeping one series
    [extract] event 00:00-00:01 on 20211231 not fully covered by downloaded data for Australia-ASSA (gap or out of range), skipping
  -> 5 positive + 2 negative crop(s) in 90.6s (61 files)

[60] Australia-ASSA 20220101 -- 2 cataloged event(s)
    [fetch] Australia-ASSA 2022-01-01 has 59 file(s) from a simultaneous second receiver (overlapping timestamps); keeping one series
  -> 2 positive + 2 negative crop(s) in 89.6s (60 files)

[61] Australia-ASSA 20220107 -- 3 cataloged event(s)
    [fetch] Australia-ASSA 2022-01-07 has 60 file(s) from a simultaneous second receiver (overlapping timestamps); keeping one series
  -> 3 positive + 2 negative crop(s) in 90.7s (60 files)

[62] Australia-ASSA 20220108 -- 1 cataloged event(s)
    [fetch] Australia-ASSA 2022-01-08 has 60 file(s) from a simultaneous second receiver (overlapping timestamps); keeping one series
  -> 1 positive + 2 negative crop(s) in 90.4s (60 files)

[63] Australia-ASSA 20220109 -- 1 cataloged event(s)
    [fetch] Australia-ASSA 2022-01-09 has 60 file(s) from a simultaneous second receiver (overlapping timestamps); keeping one series
  -> 1 positive + 2 negative crop(s) in 90.3s (60 files)

[64] Australia-ASSA 20220110 -- 2 cataloged event(s)
    [fetch] Australia-ASSA 2022-01-10 has 60 file(s) from a simultaneous second receiver (overlapping timestamps); keeping one series
  -> 2 positive + 2 negative crop(s) in 91.0s (61 files)

[65] Australia-ASSA 20220111 -- 11 cataloged event(s)
    [fetch] Australia-ASSA 2022-01-11 has 59 file(s) from a simultaneous second receiver (overlapping timestamps); keeping one series
    [extract] event 01:16-01:16 on 20220111 not fully covered by downloaded data for Australia-ASSA (gap or out of range), skipping
    [extract] burst-Australia-ASSA-01-11-2022-073900-073900-typeIII.npy already exists (duplicate catalog row?), skipping
  -> 9 positive + 2 negative crop(s) in 92.1s (61 files)

[66] Australia-ASSA 20220112 -- 12 cataloged event(s)
    [fetch] Australia-ASSA 2022-01-12 has 75 file(s) from a simultaneous second receiver (overlapping timestamps); keeping one series
    [extract] event 06:01-06:01 on 20220112 not fully covered by downloaded data for Australia-ASSA (gap or out of range), skipping
  -> 11 positive + 2 negative crop(s) in 104.1s (61 files)

[67] Australia-ASSA 20220113 -- 2 cataloged event(s)
    [fetch] Australia-ASSA 2022-01-13 has 73 file(s) from a simultaneous second receiver (overlapping timestamps); keeping one series
  -> 2 positive + 2 negative crop(s) in 100.5s (59 files)

[68] Australia-ASSA 20220114 -- 5 cataloged event(s)
    [fetch] Australia-ASSA 2022-01-14 has 111 file(s) from a simultaneous second receiver (overlapping timestamps); keeping one series
  -> 5 positive + 2 negative crop(s) in 129.1s (60 files)

[69] Australia-ASSA 20220115 -- 4 cataloged event(s)
    [fetch] Australia-ASSA 2022-01-15 has 112 file(s) from a simultaneous second receiver (overlapping timestamps); keeping one series
    [extract] could not parse time_range='05:09-05_09', skipping
  -> 3 positive + 2 negative crop(s) in 130.5s (61 files)

[70] Australia-ASSA 20220116 -- 4 cataloged event(s)
    [fetch] Australia-ASSA 2022-01-16 has 111 file(s) from a simultaneous second receiver (overlapping timestamps); keeping one series
  -> 4 positive + 2 negative crop(s) in 128.8s (60 files)

[71] Australia-ASSA 20220117 -- 1 cataloged event(s)
    [fetch] Australia-ASSA 2022-01-17 has 112 file(s) from a simultaneous second receiver (overlapping timestamps); keeping one series
  -> 1 positive + 2 negative crop(s) in 130.5s (61 files)

[72] Australia-ASSA 20220118 -- 1 cataloged event(s)
    [fetch] Australia-ASSA 2022-01-18 has 99 file(s) from a simultaneous second receiver (overlapping timestamps); keeping one series
  -> 1 positive + 2 negative crop(s) in 120.7s (60 files)

[73] Australia-ASSA 20220119 -- 1 cataloged event(s)
    [fetch] Australia-ASSA 2022-01-19 has 112 file(s) from a simultaneous second receiver (overlapping timestamps); keeping one series
    [extract] event 02:10-02:14 on 20220119 not fully covered by downloaded data for Australia-ASSA (gap or out of range), skipping
  -> 0 positive + 2 negative crop(s) in 130.1s (60 files)

[74] Australia-ASSA 20220120 -- 2 cataloged event(s)
    [fetch] Australia-ASSA 2022-01-20 has 86 file(s) from a simultaneous second receiver (overlapping timestamps); keeping one series
  -> 2 positive + 2 negative crop(s) in 111.8s (61 files)

[75] Australia-ASSA 20220122 -- 1 cataloged event(s)
    [fetch] Australia-ASSA 2022-01-22 has 59 file(s) from a simultaneous second receiver (overlapping timestamps); keeping one series
  -> 1 positive + 2 negative crop(s) in 91.0s (61 files)

[76] Australia-ASSA 20220124 -- 1 cataloged event(s)
    [fetch] Australia-ASSA 2022-01-24 has 59 file(s) from a simultaneous second receiver (overlapping timestamps); keeping one series
  -> 1 positive + 2 negative crop(s) in 90.6s (61 files)

[77] Australia-ASSA 20220125 -- 1 cataloged event(s)
    [fetch] Australia-ASSA 2022-01-25 has 59 file(s) from a simultaneous second receiver (overlapping timestamps); keeping one series
  -> 1 positive + 2 negative crop(s) in 90.3s (60 files)

[78] Australia-ASSA 20220126 -- 2 cataloged event(s)
    [fetch] Australia-ASSA 2022-01-26 has 38 file(s) from a simultaneous second receiver (overlapping timestamps); keeping one series
    [extract] could not parse time_range='01.55-01:56', skipping
  -> 1 positive + 2 negative crop(s) in 59.0s (38 files)

[79] Australia-ASSA 20220127 -- 2 cataloged event(s)
    [fetch] Australia-ASSA 2022-01-27 has 48 file(s) from a simultaneous second receiver (overlapping timestamps); keeping one series
  -> 2 positive + 2 negative crop(s) in 73.7s (49 files)

[80] Australia-ASSA 20220129 -- 1 cataloged event(s)
    [fetch] Australia-ASSA 2022-01-29 has 60 file(s) from a simultaneous second receiver (overlapping timestamps); keeping one series
  -> 1 positive + 2 negative crop(s) in 91.3s (60 files)

[81] Australia-ASSA 20220130 -- 1 cataloged event(s)
    [fetch] Australia-ASSA 2022-01-30 has 60 file(s) from a simultaneous second receiver (overlapping timestamps); keeping one series
  -> 1 positive + 2 negative crop(s) in 91.9s (61 files)

[82] Australia-ASSA 20220131 -- 14 cataloged event(s)
    [fetch] Australia-ASSA 2022-01-31 has 59 file(s) from a simultaneous second receiver (overlapping timestamps); keeping one series
  -> 14 positive + 2 negative crop(s) in 91.2s (61 files)

[83] Australia-ASSA 20220201 -- 7 cataloged event(s)
    [fetch] Australia-ASSA 2022-02-01 has 58 file(s) from a simultaneous second receiver (overlapping timestamps); keeping one series
  -> 7 positive + 2 negative crop(s) in 88.0s (59 files)

[84] Australia-ASSA 20220202 -- 5 cataloged event(s)
    [fetch] Australia-ASSA 2022-02-02 has 109 file(s) from a simultaneous second receiver (overlapping timestamps); keeping one series
    [fetch] Australia-ASSA 2022-02-02 has mixed configs: {200: 54, 400: 7} files by channel count; keeping the majority
  -> 5 positive + 2 negative crop(s) in 127.8s (54 files)

[85] Australia-ASSA 20220203 -- 9 cataloged event(s)
    [fetch] Australia-ASSA 2022-02-03 has 110 file(s) from a simultaneous second receiver (overlapping timestamps); keeping one series
    [fetch] Australia-ASSA 2022-02-03 has mixed configs: {200: 52, 400: 8} files by channel count; keeping the majority
    [extract] event 20:41-20:42 on 20220203 not fully covered by downloaded data for Australia-ASSA (gap or out of range), skipping
    [extract] event 02:14-02:14 on 20220203 not fully covered by downloaded data for Australia-ASSA (gap or out of range), skipping
  -> 7 positive + 2 negative crop(s) in 128.2s (52 files)

[86] Australia-ASSA 20220204 -- 9 cataloged event(s)
    [fetch] Australia-ASSA 2022-02-04 has 110 file(s) from a simultaneous second receiver (overlapping timestamps); keeping one series
    [fetch] Australia-ASSA 2022-02-04 has mixed configs: {200: 58, 400: 3} files by channel count; keeping the majority
  -> 9 positive + 2 negative crop(s) in 128.9s (58 files)

[87] Australia-ASSA 20220205 -- 7 cataloged event(s)
    [fetch] Australia-ASSA 2022-02-05 has 107 file(s) from a simultaneous second receiver (overlapping timestamps); keeping one series
    [fetch] Australia-ASSA 2022-02-05 has mixed configs: {400: 7, 200: 53} files by channel count; keeping the majority
    [extract] event 00:00-00:01 on 20220205 not fully covered by downloaded data for Australia-ASSA (gap or out of range), skipping
  -> 6 positive + 2 negative crop(s) in 125.8s (53 files)

[88] Australia-ASSA 20220206 -- 5 cataloged event(s)
    [fetch] Australia-ASSA 2022-02-06 has 108 file(s) from a simultaneous second receiver (overlapping timestamps); keeping one series
    [fetch] Australia-ASSA 2022-02-06 has mixed configs: {200: 47, 400: 13} files by channel count; keeping the majority
    [extract] event 22:47-22:49 on 20220206 not fully covered by downloaded data for Australia-ASSA (gap or out of range), skipping
    [extract] event 21:32-21:32 on 20220206 not fully covered by downloaded data for Australia-ASSA (gap or out of range), skipping
  -> 3 positive + 2 negative crop(s) in 126.4s (47 files)

[89] Australia-ASSA 20220207 -- 3 cataloged event(s)
    [fetch] Australia-ASSA 2022-02-07 has 108 file(s) from a simultaneous second receiver (overlapping timestamps); keeping one series
    [fetch] Australia-ASSA 2022-02-07 has mixed configs: {400: 10, 200: 51} files by channel count; keeping the majority
    [extract] event 01:13-01:13 on 20220207 not fully covered by downloaded data for Australia-ASSA (gap or out of range), skipping
  -> 2 positive + 2 negative crop(s) in 129.3s (51 files)

[90] Australia-ASSA 20220208 -- 6 cataloged event(s)
    [fetch] Australia-ASSA 2022-02-08 has 107 file(s) from a simultaneous second receiver (overlapping timestamps); keeping one series
    [fetch] Australia-ASSA 2022-02-08 has mixed configs: {400: 7, 200: 54} files by channel count; keeping the majority
    [extract] event 21:37-21:39 on 20220208 not fully covered by downloaded data for Australia-ASSA (gap or out of range), skipping
    [extract] event 21:42-21:48 on 20220208 not fully covered by downloaded data for Australia-ASSA (gap or out of range), skipping
  -> 4 positive + 2 negative crop(s) in 126.9s (54 files)

[91] Australia-ASSA 20220209 -- 6 cataloged event(s)
    [fetch] Australia-ASSA 2022-02-09 has 107 file(s) from a simultaneous second receiver (overlapping timestamps); keeping one series
    [fetch] Australia-ASSA 2022-02-09 has mixed configs: {200: 57, 400: 4} files by channel count; keeping the majority
  -> 6 positive + 2 negative crop(s) in 127.0s (57 files)

[92] Australia-ASSA 20220210 -- 3 cataloged event(s)
    [fetch] Australia-ASSA 2022-02-10 has 107 file(s) from a simultaneous second receiver (overlapping timestamps); keeping one series
    [fetch] Australia-ASSA 2022-02-10 has mixed configs: {200: 53, 400: 7} files by channel count; keeping the majority
    [extract] could not parse time_range='06:06-06:88', skipping
  -> 2 positive + 2 negative crop(s) in 126.8s (53 files)

[93] Australia-ASSA 20220211 -- 2 cataloged event(s)
    [fetch] skipping https://soleil.i4ds.ch/solarradio/data/2002-20yy_Callisto/2022/02/11/Australia-ASSA_20220211_004502_62.fit.gz: Compressed file ended before the end-of-stream marker was reached
    [fetch] Australia-ASSA 2022-02-11 has 55 file(s) from a simultaneous second receiver (overlapping timestamps); keeping one series
    [fetch] Australia-ASSA 2022-02-11 has mixed configs: {200: 35, 400: 21} files by channel count; keeping the majority
  -> 2 positive + 2 negative crop(s) in 88.4s (35 files)

[94] Australia-ASSA 20220212 -- 6 cataloged event(s)
    [fetch] Australia-ASSA 2022-02-12 has 59 file(s) from a simultaneous second receiver (overlapping timestamps); keeping one series
    [fetch] Australia-ASSA 2022-02-12 has mixed configs: {200: 53, 400: 7} files by channel count; keeping the majority
    [extract] event 22:02-22:02 on 20220212 not fully covered by downloaded data for Australia-ASSA (gap or out of range), skipping
    [extract] event 21:33-21:33 on 20220212 not fully covered by downloaded data for Australia-ASSA (gap or out of range), skipping
  -> 4 positive + 2 negative crop(s) in 90.7s (53 files)

[95] Australia-ASSA 20220213 -- 10 cataloged event(s)
    [fetch] Australia-ASSA 2022-02-13 has 108 file(s) from a simultaneous second receiver (overlapping timestamps); keeping one series
    [fetch] Australia-ASSA 2022-02-13 has mixed configs: {200: 42, 400: 18} files by channel count; keeping the majority
/home/ubuntu/Desktop/TransferLearning_CNN/ecallisto_grabber/scrape.py:123: FutureWarning: The behavior of DataFrame concatenation with empty or all-NA entries is deprecated. In a future version, this will no longer exclude empty or all-NA columns when determining the result dtypes. To retain the old behavior, exclude the relevant entries before the concat operation.
  new_meta = pd.concat([pos_meta, neg_meta], ignore_index=True)
    [extract] could not parse time_range='02.15-02:19', skipping
    [extract] event 05:59-06:06 on 20220213 not fully covered by downloaded data for Australia-ASSA (gap or out of range), skipping
  -> 8 positive + 2 negative crop(s) in 127.1s (42 files)

[96] Australia-ASSA 20220214 -- 1 cataloged event(s)
    [fetch] Australia-ASSA 2022-02-14 has 108 file(s) from a simultaneous second receiver (overlapping timestamps); keeping one series
    [fetch] Australia-ASSA 2022-02-14 has mixed configs: {200: 35, 400: 25} files by channel count; keeping the majority
    [extract] event 23:37-23:37 on 20220214 not fully covered by downloaded data for Australia-ASSA (gap or out of range), skipping
  -> 0 positive + 2 negative crop(s) in 128.8s (35 files)

[97] Australia-ASSA 20220215 -- 5 cataloged event(s)
    [fetch] Australia-ASSA 2022-02-15 has 108 file(s) from a simultaneous second receiver (overlapping timestamps); keeping one series
    [fetch] Australia-ASSA 2022-02-15 has mixed configs: {200: 53, 400: 8} files by channel count; keeping the majority
    [extract] event 01:01-01:02 on 20220215 not fully covered by downloaded data for Australia-ASSA (gap or out of range), skipping
  -> 4 positive + 2 negative crop(s) in 129.6s (53 files)

[98] Australia-ASSA 20220216 -- 1 cataloged event(s)
    [fetch] Australia-ASSA 2022-02-16 has 107 file(s) from a simultaneous second receiver (overlapping timestamps); keeping one series
    [fetch] Australia-ASSA 2022-02-16 has mixed configs: {200: 51, 400: 9} files by channel count; keeping the majority
  -> 1 positive + 2 negative crop(s) in 129.3s (51 files)

[99] Australia-ASSA 20220220 -- 1 cataloged event(s)
    [fetch] Australia-ASSA 2022-02-20 has 108 file(s) from a simultaneous second receiver (overlapping timestamps); keeping one series
    [fetch] Australia-ASSA 2022-02-20 has mixed configs: {200: 55, 400: 5} files by channel count; keeping the majority
  -> 1 positive + 2 negative crop(s) in 128.3s (55 files)

[100] Australia-ASSA 20220224 -- 1 cataloged event(s)
    [fetch] Australia-ASSA 2022-02-24 has 108 file(s) from a simultaneous second receiver (overlapping timestamps); keeping one series
    [fetch] Australia-ASSA 2022-02-24 has mixed configs: {400: 8, 200: 53} files by channel count; keeping the majority
  -> 1 positive + 2 negative crop(s) in 129.6s (53 files)

[101] Australia-ASSA 20220227 -- 1 cataloged event(s)
    [fetch] Australia-ASSA 2022-02-27 has 107 file(s) from a simultaneous second receiver (overlapping timestamps); keeping one series
    [fetch] Australia-ASSA 2022-02-27 has mixed configs: {200: 56, 400: 5} files by channel count; keeping the majority
  -> 1 positive + 2 negative crop(s) in 129.0s (56 files)

[102] Australia-ASSA 20220228 -- 1 cataloged event(s)
    [fetch] Australia-ASSA 2022-02-28 has 105 file(s) from a simultaneous second receiver (overlapping timestamps); keeping one series
    [fetch] Australia-ASSA 2022-02-28 has mixed configs: {200: 58, 400: 3} files by channel count; keeping the majority
  -> 1 positive + 2 negative crop(s) in 128.6s (58 files)

[103] Australia-ASSA 20220301 -- 1 cataloged event(s)
    [fetch] Australia-ASSA 2022-03-01 has 104 file(s) from a simultaneous second receiver (overlapping timestamps); keeping one series
    [fetch] Australia-ASSA 2022-03-01 has mixed configs: {400: 6, 200: 55} files by channel count; keeping the majority
  -> 1 positive + 2 negative crop(s) in 125.0s (55 files)

[104] Australia-ASSA 20220303 -- 3 cataloged event(s)
    [fetch] Australia-ASSA 2022-03-03 has 105 file(s) from a simultaneous second receiver (overlapping timestamps); keeping one series
    [fetch] Australia-ASSA 2022-03-03 has mixed configs: {400: 4, 200: 57} files by channel count; keeping the majority
    [extract] event 03:31-03:31 on 20220303 not fully covered by downloaded data for Australia-ASSA (gap or out of range), skipping
  -> 2 positive + 2 negative crop(s) in 126.4s (57 files)

[105] Australia-ASSA 20220304 -- 2 cataloged event(s)
    [fetch] Australia-ASSA 2022-03-04 has 105 file(s) from a simultaneous second receiver (overlapping timestamps); keeping one series
    [fetch] Australia-ASSA 2022-03-04 has mixed configs: {400: 6, 200: 55} files by channel count; keeping the majority
  -> 2 positive + 2 negative crop(s) in 124.2s (55 files)

[106] Australia-ASSA 20220305 -- 2 cataloged event(s)
    [fetch] Australia-ASSA 2022-03-05 has 105 file(s) from a simultaneous second receiver (overlapping timestamps); keeping one series
    [fetch] Australia-ASSA 2022-03-05 has mixed configs: {400: 4, 200: 57} files by channel count; keeping the majority
  -> 2 positive + 2 negative crop(s) in 126.6s (57 files)

[107] Australia-ASSA 20220306 -- 8 cataloged event(s)
    [fetch] Australia-ASSA 2022-03-06 has 105 file(s) from a simultaneous second receiver (overlapping timestamps); keeping one series
    [fetch] Australia-ASSA 2022-03-06 has mixed configs: {400: 4, 200: 57} files by channel count; keeping the majority
    [extract] event 00:07-00:08 on 20220306 not fully covered by downloaded data for Australia-ASSA (gap or out of range), skipping
  -> 7 positive + 2 negative crop(s) in 125.9s (57 files)

[108] Australia-ASSA 20220307 -- 2 cataloged event(s)
    [fetch] Australia-ASSA 2022-03-07 has 105 file(s) from a simultaneous second receiver (overlapping timestamps); keeping one series
    [fetch] Australia-ASSA 2022-03-07 has mixed configs: {400: 5, 200: 56} files by channel count; keeping the majority
  -> 2 positive + 2 negative crop(s) in 126.0s (56 files)

[109] Australia-ASSA 20220308 -- 5 cataloged event(s)
    [fetch] Australia-ASSA 2022-03-08 has 105 file(s) from a simultaneous second receiver (overlapping timestamps); keeping one series
    [fetch] Australia-ASSA 2022-03-08 has mixed configs: {400: 5, 200: 56} files by channel count; keeping the majority
  -> 5 positive + 2 negative crop(s) in 124.1s (56 files)

[110] Australia-ASSA 20220309 -- 5 cataloged event(s)
    [fetch] Australia-ASSA 2022-03-09 has 105 file(s) from a simultaneous second receiver (overlapping timestamps); keeping one series
    [fetch] Australia-ASSA 2022-03-09 has mixed configs: {400: 8, 200: 52} files by channel count; keeping the majority
    [extract] event 00:07-00:07 on 20220309 not fully covered by downloaded data for Australia-ASSA (gap or out of range), skipping
  -> 4 positive + 2 negative crop(s) in 123.5s (52 files)

[111] Australia-ASSA 20220310 -- 1 cataloged event(s)
    [fetch] Australia-ASSA 2022-03-10 has 24 file(s) from a simultaneous second receiver (overlapping timestamps); keeping one series
    [fetch] Australia-ASSA 2022-03-10 has mixed configs: {200: 2, 400: 44} files by channel count; keeping the majority
  -> 1 positive + 2 negative crop(s) in 53.9s (44 files)

[112] Australia-ASSA 20220311 -- 3 cataloged event(s)
    [fetch] Australia-ASSA 2022-03-11 has 106 file(s) from a simultaneous second receiver (overlapping timestamps); keeping one series
    [fetch] Australia-ASSA 2022-03-11 has mixed configs: {400: 15, 200: 46} files by channel count; keeping the majority
    [extract] event 06:00-06:01 on 20220311 not fully covered by downloaded data for Australia-ASSA (gap or out of range), skipping
  -> 2 positive + 2 negative crop(s) in 127.2s (46 files)

[113] Australia-ASSA 20220312 -- 4 cataloged event(s)
    [fetch] Australia-ASSA 2022-03-12 has 105 file(s) from a simultaneous second receiver (overlapping timestamps); keeping one series
    [fetch] Australia-ASSA 2022-03-12 has mixed configs: {400: 6, 200: 55} files by channel count; keeping the majority
    [extract] event 07:00-07:00 on 20220312 not fully covered by downloaded data for Australia-ASSA (gap or out of range), skipping
    [extract] event 00:08-00:08 on 20220312 not fully covered by downloaded data for Australia-ASSA (gap or out of range), skipping
  -> 2 positive + 2 negative crop(s) in 127.1s (55 files)

[114] Australia-ASSA 20220313 -- 3 cataloged event(s)
    [fetch] Australia-ASSA 2022-03-13 has 105 file(s) from a simultaneous second receiver (overlapping timestamps); keeping one series
/home/ubuntu/Desktop/TransferLearning_CNN/ecallisto_grabber/scrape.py:123: FutureWarning: The behavior of DataFrame concatenation with empty or all-NA entries is deprecated. In a future version, this will no longer exclude empty or all-NA columns when determining the result dtypes. To retain the old behavior, exclude the relevant entries before the concat operation.
  new_meta = pd.concat([pos_meta, neg_meta], ignore_index=True)
    [fetch] Australia-ASSA 2022-03-13 has mixed configs: {400: 7, 200: 54} files by channel count; keeping the majority
  -> 3 positive + 2 negative crop(s) in 126.0s (54 files)

[115] Australia-ASSA 20220314 -- 1 cataloged event(s)
    [fetch] Australia-ASSA 2022-03-14 has 105 file(s) from a simultaneous second receiver (overlapping timestamps); keeping one series
    [fetch] Australia-ASSA 2022-03-14 has mixed configs: {400: 4, 200: 57} files by channel count; keeping the majority
  -> 1 positive + 2 negative crop(s) in 126.1s (57 files)

[116] Australia-ASSA 20220315 -- 1 cataloged event(s)
    [fetch] Australia-ASSA 2022-03-15 has 105 file(s) from a simultaneous second receiver (overlapping timestamps); keeping one series
    [fetch] Australia-ASSA 2022-03-15 has mixed configs: {400: 23, 200: 37} files by channel count; keeping the majority
    [extract] event 05:37-05:37 on 20220315 not fully covered by downloaded data for Australia-ASSA (gap or out of range), skipping
  -> 0 positive + 2 negative crop(s) in 124.0s (37 files)

[117] Australia-ASSA 20220316 -- 4 cataloged event(s)
    [fetch] Australia-ASSA 2022-03-16 has 106 file(s) from a simultaneous second receiver (overlapping timestamps); keeping one series
    [fetch] Australia-ASSA 2022-03-16 has mixed configs: {200: 52, 400: 8} files by channel count; keeping the majority
    [extract] event 21:36-21:36 on 20220316 not fully covered by downloaded data for Australia-ASSA (gap or out of range), skipping
  -> 3 positive + 2 negative crop(s) in 124.7s (52 files)

[118] Australia-ASSA 20220317 -- 1 cataloged event(s)
    [fetch] Australia-ASSA 2022-03-17 has 90 file(s) from a simultaneous second receiver (overlapping timestamps); keeping one series
    [fetch] Australia-ASSA 2022-03-17 has mixed configs: {200: 60, 400: 1} files by channel count; keeping the majority
  -> 1 positive + 2 negative crop(s) in 113.5s (60 files)

[119] Australia-ASSA 20220318 -- 6 cataloged event(s)
    [fetch] Australia-ASSA 2022-03-18 has 105 file(s) from a simultaneous second receiver (overlapping timestamps); keeping one series
    [fetch] Australia-ASSA 2022-03-18 has mixed configs: {400: 4, 200: 57} files by channel count; keeping the majority
  -> 6 positive + 2 negative crop(s) in 124.4s (57 files)

[120] Australia-ASSA 20220319 -- 5 cataloged event(s)
    [fetch] Australia-ASSA 2022-03-19 has 105 file(s) from a simultaneous second receiver (overlapping timestamps); keeping one series
    [fetch] Australia-ASSA 2022-03-19 has mixed configs: {400: 4, 200: 57} files by channel count; keeping the majority
    [extract] event 00:03-00:03 on 20220319 not fully covered by downloaded data for Australia-ASSA (gap or out of range), skipping
  -> 4 positive + 2 negative crop(s) in 125.9s (57 files)

[121] Australia-ASSA 20220321 -- 2 cataloged event(s)
    [fetch] Australia-ASSA 2022-03-21 has 105 file(s) from a simultaneous second receiver (overlapping timestamps); keeping one series
    [fetch] Australia-ASSA 2022-03-21 has mixed configs: {400: 7, 200: 54} files by channel count; keeping the majority
  -> 2 positive + 2 negative crop(s) in 124.6s (54 files)

[122] Australia-ASSA 20220324 -- 2 cataloged event(s)
    [fetch] Australia-ASSA 2022-03-24 has 105 file(s) from a simultaneous second receiver (overlapping timestamps); keeping one series
    [fetch] Australia-ASSA 2022-03-24 has mixed configs: {400: 8, 200: 53} files by channel count; keeping the majority
    [extract] event 21:53-21:54 on 20220324 not fully covered by downloaded data for Australia-ASSA (gap or out of range), skipping
  -> 1 positive + 2 negative crop(s) in 128.3s (53 files)

[123] Australia-ASSA 20220325 -- 5 cataloged event(s)
    [fetch] Australia-ASSA 2022-03-25 has 105 file(s) from a simultaneous second receiver (overlapping timestamps); keeping one series
    [fetch] Australia-ASSA 2022-03-25 has mixed configs: {400: 13, 200: 47} files by channel count; keeping the majority
  -> 5 positive + 2 negative crop(s) in 123.6s (47 files)

[124] Australia-ASSA 20220327 -- 2 cataloged event(s)
    [fetch] Australia-ASSA 2022-03-27 has 105 file(s) from a simultaneous second receiver (overlapping timestamps); keeping one series
    [fetch] Australia-ASSA 2022-03-27 has mixed configs: {400: 13, 200: 47} files by channel count; keeping the majority
  -> 2 positive + 2 negative crop(s) in 123.9s (47 files)

[125] Australia-ASSA 20220328 -- 3 cataloged event(s)
    [fetch] Australia-ASSA 2022-03-28 has 106 file(s) from a simultaneous second receiver (overlapping timestamps); keeping one series
    [fetch] Australia-ASSA 2022-03-28 has mixed configs: {400: 7, 200: 54} files by channel count; keeping the majority
  -> 3 positive + 2 negative crop(s) in 125.2s (54 files)

[126] Australia-ASSA 20220329 -- 5 cataloged event(s)
    [fetch] Australia-ASSA 2022-03-29 has 105 file(s) from a simultaneous second receiver (overlapping timestamps); keeping one series
    [fetch] Australia-ASSA 2022-03-29 has mixed configs: {400: 8, 200: 52} files by channel count; keeping the majority
  -> 5 positive + 2 negative crop(s) in 124.3s (52 files)

[127] Australia-ASSA 20220330 -- 5 cataloged event(s)
    [fetch] Australia-ASSA 2022-03-30 has 106 file(s) from a simultaneous second receiver (overlapping timestamps); keeping one series
    [fetch] Australia-ASSA 2022-03-30 has mixed configs: {200: 58, 400: 3} files by channel count; keeping the majority
  -> 5 positive + 2 negative crop(s) in 126.8s (58 files)

[128] Australia-ASSA 20220331 -- 1 cataloged event(s)
    [fetch] Australia-ASSA 2022-03-31 has 105 file(s) from a simultaneous second receiver (overlapping timestamps); keeping one series
    [fetch] Australia-ASSA 2022-03-31 has mixed configs: {400: 5, 200: 56} files by channel count; keeping the majority
  -> 1 positive + 2 negative crop(s) in 125.0s (56 files)

[129] Australia-ASSA 20220401 -- 5 cataloged event(s)
    [fetch] Australia-ASSA 2022-04-01 has 105 file(s) from a simultaneous second receiver (overlapping timestamps); keeping one series
    [fetch] Australia-ASSA 2022-04-01 has mixed configs: {400: 6, 200: 55} files by channel count; keeping the majority
  -> 5 positive + 2 negative crop(s) in 125.4s (55 files)

[130] Australia-ASSA 20220402 -- 3 cataloged event(s)
    [fetch] Australia-ASSA 2022-04-02 has 93 file(s) from a simultaneous second receiver (overlapping timestamps); keeping one series
    [fetch] Australia-ASSA 2022-04-02 has mixed configs: {400: 11, 200: 46} files by channel count; keeping the majority
    [extract] event 02:46-02:26 on 20220402 not fully covered by downloaded data for Australia-ASSA (gap or out of range), skipping
  -> 2 positive + 2 negative crop(s) in 113.4s (46 files)

[131] Australia-ASSA 20220403 -- 1 cataloged event(s)
    [fetch] Australia-ASSA 2022-04-03 has 93 file(s) from a simultaneous second receiver (overlapping timestamps); keeping one series
    [fetch] Australia-ASSA 2022-04-03 has mixed configs: {200: 47, 400: 10} files by channel count; keeping the majority
  -> 1 positive + 2 negative crop(s) in 113.2s (47 files)

[132] Australia-ASSA 20220404 -- 2 cataloged event(s)
    [fetch] Australia-ASSA 2022-04-04 has 93 file(s) from a simultaneous second receiver (overlapping timestamps); keeping one series
    [fetch] Australia-ASSA 2022-04-04 has mixed configs: {200: 46, 400: 11} files by channel count; keeping the majority
  -> 2 positive + 2 negative crop(s) in 112.6s (46 files)

[133] Australia-ASSA 20220408 -- 3 cataloged event(s)
    [fetch] Australia-ASSA 2022-04-08 has 93 file(s) from a simultaneous second receiver (overlapping timestamps); keeping one series
    [fetch] Australia-ASSA 2022-04-08 has mixed configs: {200: 46, 400: 11} files by channel count; keeping the majority
  -> 3 positive + 2 negative crop(s) in 112.5s (46 files)

[134] Australia-ASSA 20220410 -- 1 cataloged event(s)
    [fetch] Australia-ASSA 2022-04-10 has 94 file(s) from a simultaneous second receiver (overlapping timestamps); keeping one series
    [fetch] Australia-ASSA 2022-04-10 has mixed configs: {200: 47, 400: 10} files by channel count; keeping the majority
/home/ubuntu/Desktop/TransferLearning_CNN/ecallisto_grabber/scrape.py:123: FutureWarning: The behavior of DataFrame concatenation with empty or all-NA entries is deprecated. In a future version, this will no longer exclude empty or all-NA columns when determining the result dtypes. To retain the old behavior, exclude the relevant entries before the concat operation.
  new_meta = pd.concat([pos_meta, neg_meta], ignore_index=True)
/home/ubuntu/Desktop/TransferLearning_CNN/ecallisto_grabber/scrape.py:123: FutureWarning: The behavior of DataFrame concatenation with empty or all-NA entries is deprecated. In a future version, this will no longer exclude empty or all-NA columns when determining the result dtypes. To retain the old behavior, exclude the relevant entries before the concat operation.
  new_meta = pd.concat([pos_meta, neg_meta], ignore_index=True)
  -> 1 positive + 2 negative crop(s) in 113.7s (47 files)

[135] Australia-ASSA 20220411 -- 2 cataloged event(s)
    [fetch] Australia-ASSA 2022-04-11 has 93 file(s) from a simultaneous second receiver (overlapping timestamps); keeping one series
    [fetch] Australia-ASSA 2022-04-11 has mixed configs: {200: 45, 400: 11} files by channel count; keeping the majority
  -> 2 positive + 2 negative crop(s) in 111.6s (45 files)

[136] Australia-ASSA 20220413 -- 1 cataloged event(s)
    [fetch] Australia-ASSA 2022-04-13 has 94 file(s) from a simultaneous second receiver (overlapping timestamps); keeping one series
    [fetch] Australia-ASSA 2022-04-13 has mixed configs: {200: 45, 400: 11} files by channel count; keeping the majority
  -> 1 positive + 2 negative crop(s) in 112.2s (45 files)

[137] Australia-ASSA 20220414 -- 1 cataloged event(s)
    [fetch] Australia-ASSA 2022-04-14 has 23 file(s) from a simultaneous second receiver (overlapping timestamps); keeping one series
    [fetch] Australia-ASSA 2022-04-14 has mixed configs: {200: 12, 400: 35} files by channel count; keeping the majority
    [extract] event 23:58-23:58 on 20220414 not fully covered by downloaded data for Australia-ASSA (gap or out of range), skipping
  -> 0 positive + 2 negative crop(s) in 53.4s (35 files)

[138] Australia-ASSA 20220415 -- 1 cataloged event(s)
    [fetch] Australia-ASSA 2022-04-15 has 93 file(s) from a simultaneous second receiver (overlapping timestamps); keeping one series
    [fetch] Australia-ASSA 2022-04-15 has mixed configs: {200: 46, 400: 11} files by channel count; keeping the majority
  -> 1 positive + 2 negative crop(s) in 112.3s (46 files)

[139] Australia-ASSA 20220417 -- 3 cataloged event(s)
    [fetch] Australia-ASSA 2022-04-17 has 93 file(s) from a simultaneous second receiver (overlapping timestamps); keeping one series
    [fetch] Australia-ASSA 2022-04-17 has mixed configs: {200: 45, 400: 11} files by channel count; keeping the majority
    [extract] event 22:34-22:34 on 20220417 not fully covered by downloaded data for Australia-ASSA (gap or out of range), skipping
  -> 2 positive + 2 negative crop(s) in 111.7s (45 files)

[140] Australia-ASSA 20220418 -- 2 cataloged event(s)
    [fetch] Australia-ASSA 2022-04-18 has 94 file(s) from a simultaneous second receiver (overlapping timestamps); keeping one series
    [fetch] Australia-ASSA 2022-04-18 has mixed configs: {200: 45, 400: 11} files by channel count; keeping the majority
  -> 2 positive + 2 negative crop(s) in 113.2s (45 files)

[141] Australia-ASSA 20220419 -- 4 cataloged event(s)
    [fetch] Australia-ASSA 2022-04-19 has 94 file(s) from a simultaneous second receiver (overlapping timestamps); keeping one series
    [fetch] Australia-ASSA 2022-04-19 has mixed configs: {400: 12, 200: 45} files by channel count; keeping the majority
  -> 4 positive + 2 negative crop(s) in 114.1s (45 files)

[142] Australia-ASSA 20220420 -- 5 cataloged event(s)
    [fetch] Australia-ASSA 2022-04-20 has 97 file(s) from a simultaneous second receiver (overlapping timestamps); keeping one series
    [fetch] Australia-ASSA 2022-04-20 has mixed configs: {400: 7, 200: 58} files by channel count; keeping the majority
  -> 5 positive + 2 negative crop(s) in 122.5s (58 files)

[143] Australia-ASSA 20220421 -- 10 cataloged event(s)
    [fetch] Australia-ASSA 2022-04-21 has 93 file(s) from a simultaneous second receiver (overlapping timestamps); keeping one series
    [fetch] Australia-ASSA 2022-04-21 has mixed configs: {200: 46, 400: 11} files by channel count; keeping the majority
    [extract] event 22:45-22:58 on 20220421 not fully covered by downloaded data for Australia-ASSA (gap or out of range), skipping
  -> 9 positive + 2 negative crop(s) in 113.6s (46 files)

[144] Australia-ASSA 20220425 -- 3 cataloged event(s)
    [fetch] Australia-ASSA 2022-04-25 has 81 file(s) from a simultaneous second receiver (overlapping timestamps); keeping one series
    [fetch] Australia-ASSA 2022-04-25 has mixed configs: {400: 5, 200: 52} files by channel count; keeping the majority
  -> 3 positive + 2 negative crop(s) in 104.0s (52 files)

[145] Australia-ASSA 20220426 -- 4 cataloged event(s)
    [fetch] Australia-ASSA 2022-04-26 has 51 file(s) from a simultaneous second receiver (overlapping timestamps); keeping one series
  -> 4 positive + 2 negative crop(s) in 80.9s (53 files)

[146] Australia-ASSA 20220427 -- 10 cataloged event(s)
    [fetch] Australia-ASSA 2022-04-27 has 63 file(s) from a simultaneous second receiver (overlapping timestamps); keeping one series
    [fetch] Australia-ASSA 2022-04-27 has mixed configs: {200: 46, 400: 7} files by channel count; keeping the majority
  -> 10 positive + 2 negative crop(s) in 87.5s (46 files)

[147] Australia-ASSA 20220428 -- 2 cataloged event(s)
    [fetch] Australia-ASSA 2022-04-28 has 93 file(s) from a simultaneous second receiver (overlapping timestamps); keeping one series
    [fetch] Australia-ASSA 2022-04-28 has mixed configs: {400: 11, 200: 46} files by channel count; keeping the majority
    [extract] event 22:25-22:26 on 20220428 not fully covered by downloaded data for Australia-ASSA (gap or out of range), skipping
    [extract] event 02:45-02:51 on 20220428 not fully covered by downloaded data for Australia-ASSA (gap or out of range), skipping
  -> 0 positive + 2 negative crop(s) in 113.8s (46 files)

[148] Australia-ASSA 20220429 -- 2 cataloged event(s)
    [fetch] Australia-ASSA 2022-04-29 has 94 file(s) from a simultaneous second receiver (overlapping timestamps); keeping one series
    [fetch] Australia-ASSA 2022-04-29 has mixed configs: {200: 49, 400: 8} files by channel count; keeping the majority
  -> 2 positive + 2 negative crop(s) in 113.9s (49 files)

[149] Australia-ASSA 20220430 -- 5 cataloged event(s)
    [fetch] Australia-ASSA 2022-04-30 has 99 file(s) from a simultaneous second receiver (overlapping timestamps); keeping one series
    [fetch] Australia-ASSA 2022-04-30 has mixed configs: {400: 13, 200: 52} files by channel count; keeping the majority
    [extract] event 22:06-22:07 on 20220430 not fully covered by downloaded data for Australia-ASSA (gap or out of range), skipping
  -> 4 positive + 2 negative crop(s) in 122.9s (52 files)

[150] Australia-ASSA 20220501 -- 9 cataloged event(s)
    [fetch] Australia-ASSA 2022-05-01 has 98 file(s) from a simultaneous second receiver (overlapping timestamps); keeping one series
    [fetch] Australia-ASSA 2022-05-01 has mixed configs: {400: 11, 200: 45} files by channel count; keeping the majority
    [extract] event 00:03-00:14 on 20220501 not fully covered by downloaded data for Australia-ASSA (gap or out of range), skipping
    [extract] event 01:33-01:34 on 20220501 not fully covered by downloaded data for Australia-ASSA (gap or out of range), skipping
  -> 7 positive + 2 negative crop(s) in 114.5s (45 files)

[151] Australia-ASSA 20220502 -- 7 cataloged event(s)
    [fetch] Australia-ASSA 2022-05-02 has 98 file(s) from a simultaneous second receiver (overlapping timestamps); keeping one series
    [fetch] Australia-ASSA 2022-05-02 has mixed configs: {200: 47, 400: 9} files by channel count; keeping the majority
  -> 7 positive + 2 negative crop(s) in 118.0s (47 files)

[152] Australia-ASSA 20220503 -- 3 cataloged event(s)
    [fetch] Australia-ASSA 2022-05-03 has 98 file(s) from a simultaneous second receiver (overlapping timestamps); keeping one series
    [fetch] Australia-ASSA 2022-05-03 has mixed configs: {200: 48, 400: 9} files by channel count; keeping the majority
  -> 3 positive + 2 negative crop(s) in 119.5s (48 files)

[153] Australia-ASSA 20220504 -- 3 cataloged event(s)
    [fetch] Australia-ASSA 2022-05-04 has 97 file(s) from a simultaneous second receiver (overlapping timestamps); keeping one series
    [fetch] Australia-ASSA 2022-05-04 has mixed configs: {200: 47, 400: 9} files by channel count; keeping the majority
  -> 3 positive + 2 negative crop(s) in 119.9s (47 files)

[154] Australia-ASSA 20220505 -- 2 cataloged event(s)
    [fetch] Australia-ASSA 2022-05-05 has 98 file(s) from a simultaneous second receiver (overlapping timestamps); keeping one series
/home/ubuntu/Desktop/TransferLearning_CNN/ecallisto_grabber/scrape.py:123: FutureWarning: The behavior of DataFrame concatenation with empty or all-NA entries is deprecated. In a future version, this will no longer exclude empty or all-NA columns when determining the result dtypes. To retain the old behavior, exclude the relevant entries before the concat operation.
  new_meta = pd.concat([pos_meta, neg_meta], ignore_index=True)
/home/ubuntu/Desktop/TransferLearning_CNN/ecallisto_grabber/scrape.py:123: FutureWarning: The behavior of DataFrame concatenation with empty or all-NA entries is deprecated. In a future version, this will no longer exclude empty or all-NA columns when determining the result dtypes. To retain the old behavior, exclude the relevant entries before the concat operation.
  new_meta = pd.concat([pos_meta, neg_meta], ignore_index=True)
    [fetch] Australia-ASSA 2022-05-05 has mixed configs: {200: 48, 400: 9} files by channel count; keeping the majority
  -> 2 positive + 2 negative crop(s) in 120.9s (48 files)

[155] Australia-ASSA 20220506 -- 2 cataloged event(s)
    [fetch] Australia-ASSA 2022-05-06 has 41 file(s) from a simultaneous second receiver (overlapping timestamps); keeping one series
    [fetch] Australia-ASSA 2022-05-06 has mixed configs: {200: 22, 400: 25} files by channel count; keeping the majority
    [extract] event 02:13-02:14 on 20220506 not fully covered by downloaded data for Australia-ASSA (gap or out of range), skipping
    [extract] event 01:54-01:55 on 20220506 not fully covered by downloaded data for Australia-ASSA (gap or out of range), skipping
  -> 0 positive + 2 negative crop(s) in 68.7s (25 files)

[156] Australia-ASSA 20220507 -- 1 cataloged event(s)
    [fetch] Australia-ASSA 2022-05-07 has 97 file(s) from a simultaneous second receiver (overlapping timestamps); keeping one series
    [fetch] Australia-ASSA 2022-05-07 has mixed configs: {400: 9, 200: 48} files by channel count; keeping the majority
  -> 1 positive + 2 negative crop(s) in 118.7s (48 files)

[157] Australia-ASSA 20220508 -- 8 cataloged event(s)
    [fetch] Australia-ASSA 2022-05-08 has 98 file(s) from a simultaneous second receiver (overlapping timestamps); keeping one series
    [fetch] Australia-ASSA 2022-05-08 has mixed configs: {200: 48, 400: 9} files by channel count; keeping the majority
  -> 8 positive + 2 negative crop(s) in 119.4s (48 files)

[158] Australia-ASSA 20220509 -- 3 cataloged event(s)
    [fetch] Australia-ASSA 2022-05-09 has 97 file(s) from a simultaneous second receiver (overlapping timestamps); keeping one series
    [fetch] Australia-ASSA 2022-05-09 has mixed configs: {400: 10, 200: 47} files by channel count; keeping the majority
  -> 3 positive + 2 negative crop(s) in 119.5s (47 files)

[159] Australia-ASSA 20220510 -- 3 cataloged event(s)
    [fetch] Australia-ASSA 2022-05-10 has 97 file(s) from a simultaneous second receiver (overlapping timestamps); keeping one series
    [fetch] Australia-ASSA 2022-05-10 has mixed configs: {200: 48, 400: 9} files by channel count; keeping the majority
  -> 3 positive + 2 negative crop(s) in 119.5s (48 files)

[160] Australia-ASSA 20220511 -- 7 cataloged event(s)
    [fetch] Australia-ASSA 2022-05-11 has 96 file(s) from a simultaneous second receiver (overlapping timestamps); keeping one series
    [fetch] Australia-ASSA 2022-05-11 has mixed configs: {200: 48, 400: 8} files by channel count; keeping the majority
  -> 7 positive + 2 negative crop(s) in 116.9s (48 files)

[161] Australia-ASSA 20220512 -- 2 cataloged event(s)
    [fetch] Australia-ASSA 2022-05-12 has 98 file(s) from a simultaneous second receiver (overlapping timestamps); keeping one series
    [fetch] Australia-ASSA 2022-05-12 has mixed configs: {200: 47, 400: 9} files by channel count; keeping the majority
  -> 2 positive + 2 negative crop(s) in 119.0s (47 files)

[162] Australia-ASSA 20220513 -- 6 cataloged event(s)
    [fetch] Australia-ASSA 2022-05-13 has 98 file(s) from a simultaneous second receiver (overlapping timestamps); keeping one series
    [fetch] Australia-ASSA 2022-05-13 has mixed configs: {200: 42, 400: 14} files by channel count; keeping the majority
    [extract] event 23:32-23:32 on 20220513 not fully covered by downloaded data for Australia-ASSA (gap or out of range), skipping
  -> 5 positive + 2 negative crop(s) in 118.8s (42 files)

[163] Australia-ASSA 20220514 -- 4 cataloged event(s)
    [fetch] Australia-ASSA 2022-05-14 has 98 file(s) from a simultaneous second receiver (overlapping timestamps); keeping one series
    [fetch] Australia-ASSA 2022-05-14 has mixed configs: {400: 10, 200: 47} files by channel count; keeping the majority
  -> 4 positive + 2 negative crop(s) in 117.9s (47 files)

[164] Australia-ASSA 20220516 -- 3 cataloged event(s)
    [fetch] Australia-ASSA 2022-05-16 has 97 file(s) from a simultaneous second receiver (overlapping timestamps); keeping one series
    [fetch] Australia-ASSA 2022-05-16 has mixed configs: {200: 48, 400: 9} files by channel count; keeping the majority
    [extract] event 22:33-22:36 on 20220516 not fully covered by downloaded data for Australia-ASSA (gap or out of range), skipping
  -> 2 positive + 2 negative crop(s) in 118.8s (48 files)

[165] Australia-ASSA 20220517 -- 1 cataloged event(s)
    [fetch] Australia-ASSA 2022-05-17 has 97 file(s) from a simultaneous second receiver (overlapping timestamps); keeping one series
    [fetch] Australia-ASSA 2022-05-17 has mixed configs: {400: 10, 200: 47} files by channel count; keeping the majority
  -> 1 positive + 2 negative crop(s) in 118.6s (47 files)

[166] Australia-ASSA 20220518 -- 6 cataloged event(s)
    [fetch] Australia-ASSA 2022-05-18 has 97 file(s) from a simultaneous second receiver (overlapping timestamps); keeping one series
    [fetch] Australia-ASSA 2022-05-18 has mixed configs: {400: 10, 200: 46} files by channel count; keeping the majority
    [extract] event 02:37-02:44 on 20220518 not fully covered by downloaded data for Australia-ASSA (gap or out of range), skipping
  -> 5 positive + 2 negative crop(s) in 118.4s (46 files)

[167] Australia-ASSA 20220519 -- 2 cataloged event(s)
    [fetch] Australia-ASSA 2022-05-19 has 98 file(s) from a simultaneous second receiver (overlapping timestamps); keeping one series
    [fetch] Australia-ASSA 2022-05-19 has mixed configs: {200: 48, 400: 9} files by channel count; keeping the majority
  -> 2 positive + 2 negative crop(s) in 120.3s (48 files)

[168] Australia-ASSA 20220520 -- 2 cataloged event(s)
    [fetch] Australia-ASSA 2022-05-20 has 97 file(s) from a simultaneous second receiver (overlapping timestamps); keeping one series
    [fetch] Australia-ASSA 2022-05-20 has mixed configs: {200: 48, 400: 9} files by channel count; keeping the majority
  -> 2 positive + 2 negative crop(s) in 120.1s (48 files)

[169] Australia-ASSA 20220521 -- 7 cataloged event(s)
    [fetch] Australia-ASSA 2022-05-21 has 97 file(s) from a simultaneous second receiver (overlapping timestamps); keeping one series
    [fetch] Australia-ASSA 2022-05-21 has mixed configs: {200: 47, 400: 9} files by channel count; keeping the majority
    [extract] event 22:30-22:30 on 20220521 not fully covered by downloaded data for Australia-ASSA (gap or out of range), skipping
  -> 6 positive + 2 negative crop(s) in 119.2s (47 files)

[170] Australia-ASSA 20220522 -- 5 cataloged event(s)
    [fetch] Australia-ASSA 2022-05-22 has 98 file(s) from a simultaneous second receiver (overlapping timestamps); keeping one series
    [fetch] Australia-ASSA 2022-05-22 has mixed configs: {200: 41, 400: 15} files by channel count; keeping the majority
  -> 5 positive + 2 negative crop(s) in 120.1s (41 files)

[171] Australia-ASSA 20220524 -- 1 cataloged event(s)
    [fetch] Australia-ASSA 2022-05-24 has 98 file(s) from a simultaneous second receiver (overlapping timestamps); keeping one series
    [fetch] Australia-ASSA 2022-05-24 has mixed configs: {400: 10, 200: 47} files by channel count; keeping the majority
    [extract] event 22:22-22:32 on 20220524 not fully covered by downloaded data for Australia-ASSA (gap or out of range), skipping
  -> 0 positive + 2 negative crop(s) in 120.5s (47 files)

[172] Australia-ASSA 20220525 -- 1 cataloged event(s)
    [fetch] Australia-ASSA 2022-05-25 has 97 file(s) from a simultaneous second receiver (overlapping timestamps); keeping one series
    [fetch] Australia-ASSA 2022-05-25 has mixed configs: {200: 48, 400: 9} files by channel count; keeping the majority
  -> 1 positive + 2 negative crop(s) in 121.1s (48 files)

[173] Australia-ASSA 20220526 -- 3 cataloged event(s)
    [fetch] Australia-ASSA 2022-05-26 has 96 file(s) from a simultaneous second receiver (overlapping timestamps); keeping one series
    [fetch] Australia-ASSA 2022-05-26 has mixed configs: {200: 48, 400: 9} files by channel count; keeping the majority
  -> 3 positive + 2 negative crop(s) in 118.8s (48 files)

[174] Australia-ASSA 20220527 -- 6 cataloged event(s)
/home/ubuntu/Desktop/TransferLearning_CNN/ecallisto_grabber/scrape.py:123: FutureWarning: The behavior of DataFrame concatenation with empty or all-NA entries is deprecated. In a future version, this will no longer exclude empty or all-NA columns when determining the result dtypes. To retain the old behavior, exclude the relevant entries before the concat operation.
  new_meta = pd.concat([pos_meta, neg_meta], ignore_index=True)
    [fetch] Australia-ASSA 2022-05-27 has 97 file(s) from a simultaneous second receiver (overlapping timestamps); keeping one series
    [fetch] Australia-ASSA 2022-05-27 has mixed configs: {400: 13, 200: 43} files by channel count; keeping the majority
  -> 6 positive + 2 negative crop(s) in 119.7s (43 files)

[175] Australia-ASSA 20220528 -- 3 cataloged event(s)
    [fetch] Australia-ASSA 2022-05-28 has 98 file(s) from a simultaneous second receiver (overlapping timestamps); keeping one series
    [fetch] Australia-ASSA 2022-05-28 has mixed configs: {200: 48, 400: 9} files by channel count; keeping the majority
  -> 3 positive + 2 negative crop(s) in 121.3s (48 files)

[176] Australia-ASSA 20220529 -- 1 cataloged event(s)
    [fetch] Australia-ASSA 2022-05-29 has 97 file(s) from a simultaneous second receiver (overlapping timestamps); keeping one series
    [fetch] Australia-ASSA 2022-05-29 has mixed configs: {200: 47, 400: 9} files by channel count; keeping the majority
  -> 1 positive + 2 negative crop(s) in 118.8s (47 files)

[177] Australia-ASSA 20220530 -- 1 cataloged event(s)
    [fetch] Australia-ASSA 2022-05-30 has 98 file(s) from a simultaneous second receiver (overlapping timestamps); keeping one series
    [fetch] Australia-ASSA 2022-05-30 has mixed configs: {200: 47, 400: 9} files by channel count; keeping the majority
  -> 1 positive + 2 negative crop(s) in 119.8s (47 files)

[178] Australia-ASSA 20220531 -- 1 cataloged event(s)
    [fetch] Australia-ASSA 2022-05-31 has 98 file(s) from a simultaneous second receiver (overlapping timestamps); keeping one series
    [fetch] Australia-ASSA 2022-05-31 has mixed configs: {200: 48, 400: 9} files by channel count; keeping the majority
  -> 1 positive + 2 negative crop(s) in 121.3s (48 files)

[179] Australia-ASSA 20220601 -- 4 cataloged event(s)
    [fetch] Australia-ASSA 2022-06-01 has 97 file(s) from a simultaneous second receiver (overlapping timestamps); keeping one series
    [fetch] Australia-ASSA 2022-06-01 has mixed configs: {200: 48, 400: 9} files by channel count; keeping the majority
  -> 4 positive + 2 negative crop(s) in 121.6s (48 files)

[180] Australia-ASSA 20220602 -- 3 cataloged event(s)
    [fetch] Australia-ASSA 2022-06-02 has 97 file(s) from a simultaneous second receiver (overlapping timestamps); keeping one series
    [fetch] Australia-ASSA 2022-06-02 has mixed configs: {400: 10, 200: 47} files by channel count; keeping the majority
  -> 3 positive + 2 negative crop(s) in 119.7s (47 files)

[181] Australia-ASSA 20220603 -- 1 cataloged event(s)
    [fetch] Australia-ASSA 2022-06-03 has 97 file(s) from a simultaneous second receiver (overlapping timestamps); keeping one series
    [fetch] Australia-ASSA 2022-06-03 has mixed configs: {400: 10, 200: 46} files by channel count; keeping the majority
    [extract] event 02:45-02:50 on 20220603 not fully covered by downloaded data for Australia-ASSA (gap or out of range), skipping
  -> 0 positive + 2 negative crop(s) in 118.8s (46 files)

[182] Australia-ASSA 20220608 -- 1 cataloged event(s)
    [fetch] Australia-ASSA 2022-06-08 has 60 file(s) from a simultaneous second receiver (overlapping timestamps); keeping one series
    [fetch] Australia-ASSA 2022-06-08 has mixed configs: {200: 48, 400: 6} files by channel count; keeping the majority
  -> 1 positive + 2 negative crop(s) in 90.0s (48 files)

[183] Australia-ASSA 20220612 -- 2 cataloged event(s)
    [fetch] Australia-ASSA 2022-06-12 has 81 file(s) from a simultaneous second receiver (overlapping timestamps); keeping one series
    [fetch] Australia-ASSA 2022-06-12 has mixed configs: {400: 1, 200: 54} files by channel count; keeping the majority
  -> 2 positive + 2 negative crop(s) in 105.9s (54 files)

[184] Australia-ASSA 20220613 -- 3 cataloged event(s)
    [fetch] Australia-ASSA 2022-06-13 has 85 file(s) from a simultaneous second receiver (overlapping timestamps); keeping one series
    [fetch] Australia-ASSA 2022-06-13 has mixed configs: {200: 51, 400: 4} files by channel count; keeping the majority
    [extract] event 23:28-23:33 on 20220613 not fully covered by downloaded data for Australia-ASSA (gap or out of range), skipping
  -> 2 positive + 2 negative crop(s) in 109.0s (51 files)

[185] Australia-ASSA 20220616 -- 1 cataloged event(s)
    [fetch] Australia-ASSA 2022-06-16 has 84 file(s) from a simultaneous second receiver (overlapping timestamps); keeping one series
    [fetch] Australia-ASSA 2022-06-16 has mixed configs: {200: 51, 400: 4} files by channel count; keeping the majority
  -> 1 positive + 2 negative crop(s) in 112.8s (51 files)

[186] Australia-ASSA 20220617 -- 3 cataloged event(s)
    [fetch] Australia-ASSA 2022-06-17 has 81 file(s) from a simultaneous second receiver (overlapping timestamps); keeping one series
    [fetch] Australia-ASSA 2022-06-17 has mixed configs: {400: 1, 200: 54} files by channel count; keeping the majority
  -> 3 positive + 2 negative crop(s) in 106.2s (54 files)

[187] Australia-ASSA 20220619 -- 3 cataloged event(s)
    [fetch] Australia-ASSA 2022-06-19 has 87 file(s) from a simultaneous second receiver (overlapping timestamps); keeping one series
    [fetch] Australia-ASSA 2022-06-19 has mixed configs: {200: 53, 400: 3} files by channel count; keeping the majority
  -> 3 positive + 2 negative crop(s) in 110.9s (53 files)

[188] Australia-ASSA 20220622 -- 2 cataloged event(s)
    [fetch] Australia-ASSA 2022-06-22 has 87 file(s) from a simultaneous second receiver (overlapping timestamps); keeping one series
    [fetch] Australia-ASSA 2022-06-22 has mixed configs: {400: 1, 200: 54} files by channel count; keeping the majority
  -> 2 positive + 2 negative crop(s) in 112.1s (54 files)

[189] Australia-ASSA 20220623 -- 1 cataloged event(s)
    [fetch] Australia-ASSA 2022-06-23 has 86 file(s) from a simultaneous second receiver (overlapping timestamps); keeping one series
    [fetch] Australia-ASSA 2022-06-23 has mixed configs: {200: 53, 400: 1} files by channel count; keeping the majority
  -> 1 positive + 2 negative crop(s) in 109.8s (53 files)

[190] Australia-ASSA 20220625 -- 1 cataloged event(s)
    [fetch] Australia-ASSA 2022-06-25 has 87 file(s) from a simultaneous second receiver (overlapping timestamps); keeping one series
    [fetch] Australia-ASSA 2022-06-25 has mixed configs: {200: 53, 400: 2} files by channel count; keeping the majority
  -> 1 positive + 2 negative crop(s) in 110.6s (53 files)

[191] Australia-ASSA 20220626 -- 6 cataloged event(s)
    [fetch] Australia-ASSA 2022-06-26 has 81 file(s) from a simultaneous second receiver (overlapping timestamps); keeping one series
    [fetch] Australia-ASSA 2022-06-26 has mixed configs: {400: 1, 200: 54} files by channel count; keeping the majority
  -> 6 positive + 2 negative crop(s) in 106.3s (54 files)

[192] Australia-ASSA 20220627 -- 4 cataloged event(s)
    [fetch] Australia-ASSA 2022-06-27 has 87 file(s) from a simultaneous second receiver (overlapping timestamps); keeping one series
    [fetch] Australia-ASSA 2022-06-27 has mixed configs: {200: 47, 400: 8} files by channel count; keeping the majority
    [extract] event 23:04-23:04 on 20220627 not fully covered by downloaded data for Australia-ASSA (gap or out of range), skipping
    [extract] event 03:55-03:55 on 20220627 not fully covered by downloaded data for Australia-ASSA (gap or out of range), skipping
    [extract] event 00:00-00:01 on 20220627 not fully covered by downloaded data for Australia-ASSA (gap or out of range), skipping
  -> 1 positive + 2 negative crop(s) in 110.3s (47 files)

[193] Australia-ASSA 20220628 -- 9 cataloged event(s)
    [fetch] Australia-ASSA 2022-06-28 has 94 file(s) from a simultaneous second receiver (overlapping timestamps); keeping one series
    [fetch] Australia-ASSA 2022-06-28 has mixed configs: {400: 35, 200: 19} files by channel count; keeping the majority
    [extract] event 01:18-01:24 on 20220628 not fully covered by downloaded data for Australia-ASSA (gap or out of range), skipping
  -> 8 positive + 2 negative crop(s) in 114.7s (35 files)

[194] Australia-ASSA 20220629 -- 2 cataloged event(s)
/home/ubuntu/Desktop/TransferLearning_CNN/ecallisto_grabber/scrape.py:123: FutureWarning: The behavior of DataFrame concatenation with empty or all-NA entries is deprecated. In a future version, this will no longer exclude empty or all-NA columns when determining the result dtypes. To retain the old behavior, exclude the relevant entries before the concat operation.
  new_meta = pd.concat([pos_meta, neg_meta], ignore_index=True)
/home/ubuntu/Desktop/TransferLearning_CNN/ecallisto_grabber/scrape.py:123: FutureWarning: The behavior of DataFrame concatenation with empty or all-NA entries is deprecated. In a future version, this will no longer exclude empty or all-NA columns when determining the result dtypes. To retain the old behavior, exclude the relevant entries before the concat operation.
  new_meta = pd.concat([pos_meta, neg_meta], ignore_index=True)
    [fetch] Australia-ASSA 2022-06-29 has 94 file(s) from a simultaneous second receiver (overlapping timestamps); keeping one series
    [fetch] Australia-ASSA 2022-06-29 has mixed configs: {400: 40, 200: 23} files by channel count; keeping the majority
  -> 2 positive + 2 negative crop(s) in 121.6s (40 files)

[195] Australia-ASSA 20220630 -- 4 cataloged event(s)
    [fetch] Australia-ASSA 2022-06-30 has 95 file(s) from a simultaneous second receiver (overlapping timestamps); keeping one series
    [fetch] Australia-ASSA 2022-06-30 has mixed configs: {400: 38, 200: 16} files by channel count; keeping the majority
  -> 4 positive + 2 negative crop(s) in 115.4s (38 files)

[196] Australia-ASSA 20220701 -- 4 cataloged event(s)
    [fetch] Australia-ASSA 2022-07-01 has 86 file(s) from a simultaneous second receiver (overlapping timestamps); keeping one series
    [fetch] Australia-ASSA 2022-07-01 has mixed configs: {400: 32, 200: 22} files by channel count; keeping the majority
  -> 4 positive + 2 negative crop(s) in 108.1s (32 files)

[197] Australia-ASSA 20220702 -- 6 cataloged event(s)
    [fetch] Australia-ASSA 2022-07-02 has 58 file(s) from a simultaneous second receiver (overlapping timestamps); keeping one series
    [fetch] Australia-ASSA 2022-07-02 has mixed configs: {200: 52, 400: 2} files by channel count; keeping the majority
    [extract] event 23:26-23:30 on 20220702 not fully covered by downloaded data for Australia-ASSA (gap or out of range), skipping
  -> 5 positive + 2 negative crop(s) in 87.8s (52 files)

[198] Australia-ASSA 20220703 -- 2 cataloged event(s)
    [fetch] Australia-ASSA 2022-07-03 has 33 file(s) from a simultaneous second receiver (overlapping timestamps); keeping one series
    [fetch] Australia-ASSA 2022-07-03 has mixed configs: {400: 34, 200: 8} files by channel count; keeping the majority
    [extract] event 00:00-00:00 on 20220703 not fully covered by downloaded data for Australia-ASSA (gap or out of range), skipping
  -> 1 positive + 2 negative crop(s) in 60.2s (34 files)

[199] Australia-ASSA 20220705 -- 5 cataloged event(s)
    [fetch] Australia-ASSA 2022-07-05 has 84 file(s) from a simultaneous second receiver (overlapping timestamps); keeping one series
    [fetch] Australia-ASSA 2022-07-05 has mixed configs: {400: 23, 200: 32} files by channel count; keeping the majority
    [extract] event 22:46-22:47 on 20220705 not fully covered by downloaded data for Australia-ASSA (gap or out of range), skipping
    [extract] event 04:00-04:03 on 20220705 not fully covered by downloaded data for Australia-ASSA (gap or out of range), skipping
    [extract] event 03:15-03:15 on 20220705 not fully covered by downloaded data for Australia-ASSA (gap or out of range), skipping
    [extract] event 02:31-02:31 on 20220705 not fully covered by downloaded data for Australia-ASSA (gap or out of range), skipping
  -> 1 positive + 2 negative crop(s) in 107.9s (32 files)

[200] Australia-ASSA 20220706 -- 5 cataloged event(s)
    [fetch] Australia-ASSA 2022-07-06 has 95 file(s) from a simultaneous second receiver (overlapping timestamps); keeping one series
    [fetch] Australia-ASSA 2022-07-06 has mixed configs: {400: 16, 200: 38} files by channel count; keeping the majority
    [extract] event 23:58-23:59 on 20220706 not fully covered by downloaded data for Australia-ASSA (gap or out of range), skipping
    [extract] event 02:40-02:46 on 20220706 not fully covered by downloaded data for Australia-ASSA (gap or out of range), skipping
  -> 3 positive + 2 negative crop(s) in 115.5s (38 files)

[201] Australia-ASSA 20220707 -- 1 cataloged event(s)
    [fetch] Australia-ASSA 2022-07-07 has 96 file(s) from a simultaneous second receiver (overlapping timestamps); keeping one series
    [fetch] Australia-ASSA 2022-07-07 has mixed configs: {400: 42, 200: 12} files by channel count; keeping the majority
  -> 1 positive + 2 negative crop(s) in 116.3s (42 files)

[202] Australia-ASSA 20220708 -- 3 cataloged event(s)
    [fetch] Australia-ASSA 2022-07-08 has 96 file(s) from a simultaneous second receiver (overlapping timestamps); keeping one series
    [fetch] Australia-ASSA 2022-07-08 has mixed configs: {400: 23, 200: 31} files by channel count; keeping the majority
    [extract] event 02:01-02:01 on 20220708 not fully covered by downloaded data for Australia-ASSA (gap or out of range), skipping
  -> 2 positive + 2 negative crop(s) in 116.0s (31 files)

[203] Australia-ASSA 20220709 -- 3 cataloged event(s)
    [fetch] Australia-ASSA 2022-07-09 has 96 file(s) from a simultaneous second receiver (overlapping timestamps); keeping one series
    [fetch] Australia-ASSA 2022-07-09 has mixed configs: {400: 34, 200: 21} files by channel count; keeping the majority
    [extract] event 04:31-04:31 on 20220709 not fully covered by downloaded data for Australia-ASSA (gap or out of range), skipping
  -> 2 positive + 2 negative crop(s) in 116.7s (34 files)

[204] Australia-ASSA 20220710 -- 1 cataloged event(s)
    [fetch] Australia-ASSA 2022-07-10 has 71 file(s) from a simultaneous second receiver (overlapping timestamps); keeping one series
    [fetch] Australia-ASSA 2022-07-10 has mixed configs: {400: 21, 200: 29} files by channel count; keeping the majority
  -> 1 positive + 2 negative crop(s) in 94.5s (29 files)

[205] Australia-ASSA 20220714 -- 2 cataloged event(s)
    [fetch] Australia-ASSA 2022-07-14 has 49 file(s) from a simultaneous second receiver (overlapping timestamps); keeping one series
    [fetch] Australia-ASSA 2022-07-14 has mixed configs: {400: 22, 200: 20} files by channel count; keeping the majority
    [extract] event 04:50-04:50 on 20220714 not fully covered by downloaded data for Australia-ASSA (gap or out of range), skipping
  -> 1 positive + 2 negative crop(s) in 71.3s (22 files)

[206] Australia-ASSA 20220715 -- 2 cataloged event(s)
    [fetch] Australia-ASSA 2022-07-15 has 69 file(s) from a simultaneous second receiver (overlapping timestamps); keeping one series
    [fetch] Australia-ASSA 2022-07-15 has mixed configs: {400: 10, 200: 30} files by channel count; keeping the majority
  -> 2 positive + 2 negative crop(s) in 84.8s (30 files)

[207] Australia-ASSA 20220716 -- 5 cataloged event(s)
    [fetch] Australia-ASSA 2022-07-16 has 76 file(s) from a simultaneous second receiver (overlapping timestamps); keeping one series
    [fetch] Australia-ASSA 2022-07-16 has mixed configs: {400: 6, 200: 32} files by channel count; keeping the majority
    [extract] event 00:04-00:05 on 20220716 not fully covered by downloaded data for Australia-ASSA (gap or out of range), skipping
    [extract] event 12:02-12:03 on 20220716 not fully covered by downloaded data for Australia-ASSA (gap or out of range), skipping
  -> 3 positive + 2 negative crop(s) in 89.3s (32 files)

[208] Australia-ASSA 20220717 -- 1 cataloged event(s)
    [fetch] Australia-ASSA 2022-07-17 has 68 file(s) from a simultaneous second receiver (overlapping timestamps); keeping one series
    [fetch] Australia-ASSA 2022-07-17 has mixed configs: {400: 5, 200: 33} files by channel count; keeping the majority
    [extract] event 02:54-02:54 on 20220717 not fully covered by downloaded data for Australia-ASSA (gap or out of range), skipping
  -> 0 positive + 2 negative crop(s) in 83.3s (33 files)

[209] Australia-ASSA 20220719 -- 1 cataloged event(s)
    [fetch] Australia-ASSA 2022-07-19 has 76 file(s) from a simultaneous second receiver (overlapping timestamps); keeping one series
    [fetch] Australia-ASSA 2022-07-19 has mixed configs: {400: 6, 200: 32} files by channel count; keeping the majority
  -> 1 positive + 2 negative crop(s) in 89.2s (32 files)

[210] Australia-ASSA 20220720 -- 1 cataloged event(s)
    [fetch] Australia-ASSA 2022-07-20 has 76 file(s) from a simultaneous second receiver (overlapping timestamps); keeping one series
    [fetch] Australia-ASSA 2022-07-20 has mixed configs: {400: 6, 200: 32} files by channel count; keeping the majority
    [extract] event 13:22-13:23 on 20220720 not fully covered by downloaded data for Australia-ASSA (gap or out of range), skipping
  -> 0 positive + 2 negative crop(s) in 87.8s (32 files)
/home/ubuntu/Desktop/TransferLearning_CNN/ecallisto_grabber/scrape.py:123: FutureWarning: The behavior of DataFrame concatenation with empty or all-NA entries is deprecated. In a future version, this will no longer exclude empty or all-NA columns when determining the result dtypes. To retain the old behavior, exclude the relevant entries before the concat operation.
  new_meta = pd.concat([pos_meta, neg_meta], ignore_index=True)
/home/ubuntu/Desktop/TransferLearning_CNN/ecallisto_grabber/scrape.py:123: FutureWarning: The behavior of DataFrame concatenation with empty or all-NA entries is deprecated. In a future version, this will no longer exclude empty or all-NA columns when determining the result dtypes. To retain the old behavior, exclude the relevant entries before the concat operation.
  new_meta = pd.concat([pos_meta, neg_meta], ignore_index=True)
/home/ubuntu/Desktop/TransferLearning_CNN/ecallisto_grabber/scrape.py:123: FutureWarning: The behavior of DataFrame concatenation with empty or all-NA entries is deprecated. In a future version, this will no longer exclude empty or all-NA columns when determining the result dtypes. To retain the old behavior, exclude the relevant entries before the concat operation.
  new_meta = pd.concat([pos_meta, neg_meta], ignore_index=True)

[211] Australia-ASSA 20220721 -- 4 cataloged event(s)
    [fetch] Australia-ASSA 2022-07-21 has 68 file(s) from a simultaneous second receiver (overlapping timestamps); keeping one series
    [fetch] Australia-ASSA 2022-07-21 has mixed configs: {400: 12, 200: 26} files by channel count; keeping the majority
    [extract] event 00:24-00:25 on 20220721 not fully covered by downloaded data for Australia-ASSA (gap or out of range), skipping
  -> 3 positive + 2 negative crop(s) in 81.8s (26 files)

[212] Australia-ASSA 20220722 -- 6 cataloged event(s)
    [fetch] Australia-ASSA 2022-07-22 has 36 file(s) from a simultaneous second receiver (overlapping timestamps); keeping one series
    [fetch] Australia-ASSA 2022-07-22 has mixed configs: {400: 17, 200: 21} files by channel count; keeping the majority
    [extract] event 03:05-03:08 on 20220722 not fully covered by downloaded data for Australia-ASSA (gap or out of range), skipping
    [extract] event 02:47-02:48 on 20220722 not fully covered by downloaded data for Australia-ASSA (gap or out of range), skipping
    [extract] event 00:04-00:06 on 20220722 not fully covered by downloaded data for Australia-ASSA (gap or out of range), skipping
  -> 3 positive + 2 negative crop(s) in 58.2s (21 files)

[213] Australia-ASSA 20220723 -- 3 cataloged event(s)
    [fetch] Australia-ASSA 2022-07-23 has 33 file(s) from a simultaneous second receiver (overlapping timestamps); keeping one series
    [fetch] Australia-ASSA 2022-07-23 has mixed configs: {400: 17, 200: 22} files by channel count; keeping the majority
  -> 3 positive + 2 negative crop(s) in 56.3s (22 files)

[214] Australia-ASSA 20220724 -- 1 cataloged event(s)
    [fetch] Australia-ASSA 2022-07-24 has 76 file(s) from a simultaneous second receiver (overlapping timestamps); keeping one series
    [fetch] Australia-ASSA 2022-07-24 has mixed configs: {400: 6, 200: 32} files by channel count; keeping the majority
  -> 1 positive + 2 negative crop(s) in 87.6s (32 files)

[215] Australia-ASSA 20220727 -- 1 cataloged event(s)
    [fetch] Australia-ASSA 2022-07-27 has 76 file(s) from a simultaneous second receiver (overlapping timestamps); keeping one series
    [fetch] Australia-ASSA 2022-07-27 has mixed configs: {400: 6, 200: 32} files by channel count; keeping the majority
    [extract] event 03:12-03:12 on 20220727 not fully covered by downloaded data for Australia-ASSA (gap or out of range), skipping
  -> 0 positive + 2 negative crop(s) in 87.9s (32 files)

[216] Australia-ASSA 20220730 -- 1 cataloged event(s)
    [fetch] Australia-ASSA 2022-07-30 has 76 file(s) from a simultaneous second receiver (overlapping timestamps); keeping one series
    [fetch] Australia-ASSA 2022-07-30 has mixed configs: {400: 6, 200: 32} files by channel count; keeping the majority
  -> 1 positive + 2 negative crop(s) in 87.5s (32 files)

[217] Australia-ASSA 20220731 -- 1 cataloged event(s)
    [fetch] Australia-ASSA 2022-07-31 has 76 file(s) from a simultaneous second receiver (overlapping timestamps); keeping one series
    [fetch] Australia-ASSA 2022-07-31 has mixed configs: {400: 6, 200: 32} files by channel count; keeping the majority
  -> 1 positive + 2 negative crop(s) in 87.8s (32 files)

[218] Australia-ASSA 20220802 -- 2 cataloged event(s)
    [fetch] Australia-ASSA 2022-08-02 has 76 file(s) from a simultaneous second receiver (overlapping timestamps); keeping one series
    [fetch] Australia-ASSA 2022-08-02 has mixed configs: {400: 5, 200: 33} files by channel count; keeping the majority
    [extract] event 22:11-22:11 on 20220802 not fully covered by downloaded data for Australia-ASSA (gap or out of range), skipping
  -> 1 positive + 2 negative crop(s) in 88.1s (33 files)

[219] Australia-ASSA 20220803 -- 1 cataloged event(s)
    [fetch] Australia-ASSA 2022-08-03 has 76 file(s) from a simultaneous second receiver (overlapping timestamps); keeping one series
    [fetch] Australia-ASSA 2022-08-03 has mixed configs: {400: 6, 200: 32} files by channel count; keeping the majority
  -> 1 positive + 2 negative crop(s) in 87.9s (32 files)

[220] Australia-ASSA 20220804 -- 2 cataloged event(s)
    [fetch] Australia-ASSA 2022-08-04 has 68 file(s) from a simultaneous second receiver (overlapping timestamps); keeping one series
    [fetch] Australia-ASSA 2022-08-04 has mixed configs: {400: 5, 200: 33} files by channel count; keeping the majority
    [extract] event 03:17-03:24 on 20220804 not fully covered by downloaded data for Australia-ASSA (gap or out of range), skipping
  -> 1 positive + 2 negative crop(s) in 82.7s (33 files)

[221] Australia-ASSA 20220805 -- 6 cataloged event(s)
    [fetch] Australia-ASSA 2022-08-05 has 38 file(s) from a simultaneous second receiver (overlapping timestamps); keeping one series
    [fetch] Australia-ASSA 2022-08-05 has mixed configs: {200: 37, 400: 2} files by channel count; keeping the majority
  -> 6 positive + 2 negative crop(s) in 60.0s (37 files)

[222] Australia-ASSA 20220806 -- 2 cataloged event(s)
    [fetch] Australia-ASSA 2022-08-06 has 29 file(s) from a simultaneous second receiver (overlapping timestamps); keeping one series
    [fetch] Australia-ASSA 2022-08-06 has mixed configs: {400: 21, 200: 18} files by channel count; keeping the majority
  -> 2 positive + 2 negative crop(s) in 53.1s (21 files)

[223] Australia-ASSA 20220807 -- 2 cataloged event(s)
    [fetch] Australia-ASSA 2022-08-07 has 38 file(s) from a simultaneous second receiver (overlapping timestamps); keeping one series
    [fetch] Australia-ASSA 2022-08-07 has mixed configs: {400: 22, 200: 17} files by channel count; keeping the majority
    [extract] event 02:26-02:33 on 20220807 not fully covered by downloaded data for Australia-ASSA (gap or out of range), skipping
    [extract] event 02:20-02:24 on 20220807 not fully covered by downloaded data for Australia-ASSA (gap or out of range), skipping
  -> 0 positive + 2 negative crop(s) in 59.6s (22 files)

[224] Australia-ASSA 20220808 -- 1 cataloged event(s)
    [fetch] Australia-ASSA 2022-08-08 has 76 file(s) from a simultaneous second receiver (overlapping timestamps); keeping one series
    [fetch] Australia-ASSA 2022-08-08 has mixed configs: {400: 6, 200: 32} files by channel count; keeping the majority
    [extract] event 00:16-00:17 on 20220808 not fully covered by downloaded data for Australia-ASSA (gap or out of range), skipping
  -> 0 positive + 2 negative crop(s) in 90.0s (32 files)

[225] Australia-ASSA 20220809 -- 2 cataloged event(s)
    [fetch] Australia-ASSA 2022-08-09 has 76 file(s) from a simultaneous second receiver (overlapping timestamps); keeping one series
    [fetch] Australia-ASSA 2022-08-09 has mixed configs: {400: 6, 200: 32} files by channel count; keeping the majority
  -> 2 positive + 2 negative crop(s) in 87.5s (32 files)

[226] Australia-ASSA 20220813 -- 1 cataloged event(s)
    [fetch] Australia-ASSA 2022-08-13 has 36 file(s) from a simultaneous second receiver (overlapping timestamps); keeping one series
    [fetch] Australia-ASSA 2022-08-13 has mixed configs: {400: 22, 200: 16} files by channel count; keeping the majority
  -> 1 positive + 2 negative crop(s) in 57.1s (22 files)

[227] Australia-ASSA 20220814 -- 1 cataloged event(s)
    [fetch] Australia-ASSA 2022-08-14 has 45 file(s) from a simultaneous second receiver (overlapping timestamps); keeping one series
    [fetch] Australia-ASSA 2022-08-14 has mixed configs: {400: 5, 200: 33} files by channel count; keeping the majority
  -> 1 positive + 2 negative crop(s) in 63.7s (33 files)

[228] Australia-ASSA 20220815 -- 1 cataloged event(s)
    [fetch] Australia-ASSA 2022-08-15 has 60 file(s) from a simultaneous second receiver (overlapping timestamps); keeping one series
    [fetch] Australia-ASSA 2022-08-15 has mixed configs: {400: 5, 200: 35} files by channel count; keeping the majority
  -> 1 positive + 2 negative crop(s) in 76.8s (35 files)

[229] Australia-ASSA 20220816 -- 4 cataloged event(s)
    [fetch] Australia-ASSA 2022-08-16 has 62 file(s) from a simultaneous second receiver (overlapping timestamps); keeping one series
/home/ubuntu/Desktop/TransferLearning_CNN/ecallisto_grabber/scrape.py:123: FutureWarning: The behavior of DataFrame concatenation with empty or all-NA entries is deprecated. In a future version, this will no longer exclude empty or all-NA columns when determining the result dtypes. To retain the old behavior, exclude the relevant entries before the concat operation.
  new_meta = pd.concat([pos_meta, neg_meta], ignore_index=True)
    [fetch] Australia-ASSA 2022-08-16 has mixed configs: {400: 4, 200: 38} files by channel count; keeping the majority
    [extract] event 00:09-00:09 on 20220816 not fully covered by downloaded data for Australia-ASSA (gap or out of range), skipping
    [extract] event 03:00-03:04 on 20220816 not fully covered by downloaded data for Australia-ASSA (gap or out of range), skipping
  -> 2 positive + 2 negative crop(s) in 80.0s (38 files)

[230] Australia-ASSA 20220819 -- 2 cataloged event(s)
    [fetch] Australia-ASSA 2022-08-19 has 62 file(s) from a simultaneous second receiver (overlapping timestamps); keeping one series
    [fetch] Australia-ASSA 2022-08-19 has mixed configs: {400: 4, 200: 38} files by channel count; keeping the majority
  -> 2 positive + 2 negative crop(s) in 79.8s (38 files)

[231] Australia-ASSA 20220825 -- 1 cataloged event(s)
    [fetch] Australia-ASSA 2022-08-25 has 72 file(s) from a simultaneous second receiver (overlapping timestamps); keeping one series
    [fetch] Australia-ASSA 2022-08-25 has mixed configs: {400: 3, 200: 39} files by channel count; keeping the majority
    [extract] event 00:40-00:41 on 20220825 not fully covered by downloaded data for Australia-ASSA (gap or out of range), skipping
  -> 0 positive + 2 negative crop(s) in 87.5s (39 files)

[232] Australia-ASSA 20220826 -- 1 cataloged event(s)
    [fetch] Australia-ASSA 2022-08-26 has 72 file(s) from a simultaneous second receiver (overlapping timestamps); keeping one series
    [fetch] Australia-ASSA 2022-08-26 has mixed configs: {400: 3, 200: 39} files by channel count; keeping the majority
  -> 1 positive + 2 negative crop(s) in 89.1s (39 files)

[233] Australia-ASSA 20220827 -- 4 cataloged event(s)
    [fetch] Australia-ASSA 2022-08-27 has 72 file(s) from a simultaneous second receiver (overlapping timestamps); keeping one series
    [fetch] Australia-ASSA 2022-08-27 has mixed configs: {400: 3, 200: 39} files by channel count; keeping the majority
  -> 4 positive + 2 negative crop(s) in 87.4s (39 files)

[234] Australia-ASSA 20220828 -- 1 cataloged event(s)
    [fetch] Australia-ASSA 2022-08-28 has 62 file(s) from a simultaneous second receiver (overlapping timestamps); keeping one series
    [fetch] Australia-ASSA 2022-08-28 has mixed configs: {400: 3, 200: 39} files by channel count; keeping the majority
  -> 1 positive + 2 negative crop(s) in 80.5s (39 files)

[235] Australia-ASSA 20220829 -- 6 cataloged event(s)
    [fetch] Australia-ASSA 2022-08-29 has 40 file(s) from a simultaneous second receiver (overlapping timestamps); keeping one series
    [fetch] Australia-ASSA 2022-08-29 has mixed configs: {400: 3, 200: 35} files by channel count; keeping the majority
    [extract] event 00:04-00:04 on 20220829 not fully covered by downloaded data for Australia-ASSA (gap or out of range), skipping
    [extract] event 02:41-02:47 on 20220829 not fully covered by downloaded data for Australia-ASSA (gap or out of range), skipping
  -> 4 positive + 2 negative crop(s) in 60.4s (35 files)

[236] Australia-ASSA 20220830 -- 3 cataloged event(s)
    [fetch] Australia-ASSA 2022-08-30 has 72 file(s) from a simultaneous second receiver (overlapping timestamps); keeping one series
    [fetch] Australia-ASSA 2022-08-30 has mixed configs: {400: 6, 200: 36} files by channel count; keeping the majority
  -> 3 positive + 2 negative crop(s) in 87.6s (36 files)

[237] Australia-ASSA 20220901 -- 2 cataloged event(s)
    [fetch] Australia-ASSA 2022-09-01 has 68 file(s) from a simultaneous second receiver (overlapping timestamps); keeping one series
    [fetch] Australia-ASSA 2022-09-01 has mixed configs: {400: 3, 200: 39} files by channel count; keeping the majority
  -> 2 positive + 2 negative crop(s) in 84.2s (39 files)

[238] Australia-ASSA 20220906 -- 2 cataloged event(s)
    [fetch] Australia-ASSA 2022-09-06 has 72 file(s) from a simultaneous second receiver (overlapping timestamps); keeping one series
    [fetch] Australia-ASSA 2022-09-06 has mixed configs: {400: 3, 200: 39} files by channel count; keeping the majority
    [extract] could not parse time_range='04.45-04:45', skipping
  -> 1 positive + 2 negative crop(s) in 87.3s (39 files)

[239] Australia-ASSA 20220907 -- 1 cataloged event(s)
    [fetch] Australia-ASSA 2022-09-07 has 70 file(s) from a simultaneous second receiver (overlapping timestamps); keeping one series
    [fetch] Australia-ASSA 2022-09-07 has mixed configs: {400: 7, 200: 35} files by channel count; keeping the majority
  -> 1 positive + 2 negative crop(s) in 85.6s (35 files)

[240] Australia-ASSA 20220909 -- 1 cataloged event(s)
    [fetch] Australia-ASSA 2022-09-09 has 72 file(s) from a simultaneous second receiver (overlapping timestamps); keeping one series
    [fetch] Australia-ASSA 2022-09-09 has mixed configs: {400: 3, 200: 39} files by channel count; keeping the majority
  -> 1 positive + 2 negative crop(s) in 87.9s (39 files)

[241] Australia-ASSA 20220910 -- 2 cataloged event(s)
    [fetch] Australia-ASSA 2022-09-10 has 72 file(s) from a simultaneous second receiver (overlapping timestamps); keeping one series
    [fetch] Australia-ASSA 2022-09-10 has mixed configs: {400: 3, 200: 39} files by channel count; keeping the majority
  -> 2 positive + 2 negative crop(s) in 87.8s (39 files)

[242] Australia-ASSA 20220911 -- 2 cataloged event(s)
    [fetch] Australia-ASSA 2022-09-11 has 72 file(s) from a simultaneous second receiver (overlapping timestamps); keeping one series
    [fetch] Australia-ASSA 2022-09-11 has mixed configs: {400: 3, 200: 39} files by channel count; keeping the majority
  -> 2 positive + 2 negative crop(s) in 87.1s (39 files)

[243] Australia-ASSA 20220912 -- 5 cataloged event(s)
    [fetch] Australia-ASSA 2022-09-12 has 72 file(s) from a simultaneous second receiver (overlapping timestamps); keeping one series
    [fetch] Australia-ASSA 2022-09-12 has mixed configs: {400: 3, 200: 39} files by channel count; keeping the majority
    [extract] event 10:00-10:01 on 20220912 not fully covered by downloaded data for Australia-ASSA (gap or out of range), skipping
  -> 4 positive + 2 negative crop(s) in 87.5s (39 files)

[244] Australia-ASSA 20220913 -- 2 cataloged event(s)
    [fetch] Australia-ASSA 2022-09-13 has 72 file(s) from a simultaneous second receiver (overlapping timestamps); keeping one series
    [fetch] Australia-ASSA 2022-09-13 has mixed configs: {400: 3, 200: 39} files by channel count; keeping the majority
    [extract] event 00:44-00:44 on 20220913 not fully covered by downloaded data for Australia-ASSA (gap or out of range), skipping
  -> 1 positive + 2 negative crop(s) in 89.1s (39 files)

[245] Australia-ASSA 20220915 -- 4 cataloged event(s)
    [fetch] Australia-ASSA 2022-09-15 has 72 file(s) from a simultaneous second receiver (overlapping timestamps); keeping one series
    [fetch] Australia-ASSA 2022-09-15 has mixed configs: {400: 3, 200: 39} files by channel count; keeping the majority
    [extract] event 00:10-00:12 on 20220915 not fully covered by downloaded data for Australia-ASSA (gap or out of range), skipping
  -> 3 positive + 2 negative crop(s) in 88.5s (39 files)

[246] Australia-ASSA 20220916 -- 6 cataloged event(s)
    [fetch] Australia-ASSA 2022-09-16 has 72 file(s) from a simultaneous second receiver (overlapping timestamps); keeping one series
    [fetch] Australia-ASSA 2022-09-16 has mixed configs: {400: 3, 200: 39} files by channel count; keeping the majority
    [extract] event 00:40-00:40 on 20220916 not fully covered by downloaded data for Australia-ASSA (gap or out of range), skipping
  -> 5 positive + 2 negative crop(s) in 87.3s (39 files)

[247] Australia-ASSA 20220918 -- 3 cataloged event(s)
    [fetch] Australia-ASSA 2022-09-18 has 71 file(s) from a simultaneous second receiver (overlapping timestamps); keeping one series
    [fetch] Australia-ASSA 2022-09-18 has mixed configs: {400: 6, 200: 36} files by channel count; keeping the majority
  -> 3 positive + 2 negative crop(s) in 86.6s (36 files)

[248] Australia-ASSA 20220919 -- 7 cataloged event(s)
/home/ubuntu/Desktop/TransferLearning_CNN/ecallisto_grabber/scrape.py:123: FutureWarning: The behavior of DataFrame concatenation with empty or all-NA entries is deprecated. In a future version, this will no longer exclude empty or all-NA columns when determining the result dtypes. To retain the old behavior, exclude the relevant entries before the concat operation.
  new_meta = pd.concat([pos_meta, neg_meta], ignore_index=True)
/home/ubuntu/Desktop/TransferLearning_CNN/ecallisto_grabber/scrape.py:123: FutureWarning: The behavior of DataFrame concatenation with empty or all-NA entries is deprecated. In a future version, this will no longer exclude empty or all-NA columns when determining the result dtypes. To retain the old behavior, exclude the relevant entries before the concat operation.
  new_meta = pd.concat([pos_meta, neg_meta], ignore_index=True)
    [fetch] Australia-ASSA 2022-09-19 has 72 file(s) from a simultaneous second receiver (overlapping timestamps); keeping one series
    [fetch] Australia-ASSA 2022-09-19 has mixed configs: {400: 4, 200: 38} files by channel count; keeping the majority
  -> 7 positive + 2 negative crop(s) in 87.8s (38 files)

[249] Australia-ASSA 20220920 -- 10 cataloged event(s)
    [fetch] Australia-ASSA 2022-09-20 has 72 file(s) from a simultaneous second receiver (overlapping timestamps); keeping one series
    [fetch] Australia-ASSA 2022-09-20 has mixed configs: {400: 3, 200: 39} files by channel count; keeping the majority
    [extract] event 08:13-08:14 on 20220920 not fully covered by downloaded data for Australia-ASSA (gap or out of range), skipping
  -> 9 positive + 2 negative crop(s) in 87.8s (39 files)

[250] Australia-ASSA 20220921 -- 3 cataloged event(s)
    [fetch] Australia-ASSA 2022-09-21 has 79 file(s) from a simultaneous second receiver (overlapping timestamps); keeping one series
    [fetch] Australia-ASSA 2022-09-21 has mixed configs: {400: 3, 200: 43} files by channel count; keeping the majority
  -> 3 positive + 2 negative crop(s) in 95.6s (43 files)

[251] Australia-ASSA 20220922 -- 1 cataloged event(s)
    [fetch] Australia-ASSA 2022-09-22 has 77 file(s) from a simultaneous second receiver (overlapping timestamps); keeping one series
    [fetch] Australia-ASSA 2022-09-22 has mixed configs: {400: 4, 200: 45} files by channel count; keeping the majority
  -> 1 positive + 2 negative crop(s) in 96.7s (45 files)

[252] Australia-ASSA 20220923 -- 8 cataloged event(s)
    [fetch] Australia-ASSA 2022-09-23 has 55 file(s) from a simultaneous second receiver (overlapping timestamps); keeping one series
  -> 8 positive + 2 negative crop(s) in 80.1s (49 files)

[253] Australia-ASSA 20220924 -- 8 cataloged event(s)
    [fetch] Australia-ASSA 2022-09-24 has 84 file(s) from a simultaneous second receiver (overlapping timestamps); keeping one series
    [fetch] Australia-ASSA 2022-09-24 has mixed configs: {400: 4, 200: 45} files by channel count; keeping the majority
    [extract] event 00:15-00:18 on 20220924 not fully covered by downloaded data for Australia-ASSA (gap or out of range), skipping
    [extract] event 00:02-00:03 on 20220924 not fully covered by downloaded data for Australia-ASSA (gap or out of range), skipping
  -> 6 positive + 2 negative crop(s) in 102.0s (45 files)

[254] Australia-ASSA 20220925 -- 3 cataloged event(s)
    [fetch] Australia-ASSA 2022-09-25 has 84 file(s) from a simultaneous second receiver (overlapping timestamps); keeping one series
    [fetch] Australia-ASSA 2022-09-25 has mixed configs: {400: 4, 200: 45} files by channel count; keeping the majority
  -> 3 positive + 2 negative crop(s) in 103.5s (45 files)

[255] Australia-ASSA 20220926 -- 5 cataloged event(s)
    [fetch] Australia-ASSA 2022-09-26 has 84 file(s) from a simultaneous second receiver (overlapping timestamps); keeping one series
    [fetch] Australia-ASSA 2022-09-26 has mixed configs: {400: 4, 200: 45} files by channel count; keeping the majority
    [extract] could not parse time_range='23:59:24:00', skipping
    [extract] event 00:02-00:04 on 20220926 not fully covered by downloaded data for Australia-ASSA (gap or out of range), skipping
  -> 3 positive + 2 negative crop(s) in 102.0s (45 files)

[256] Australia-ASSA 20220927 -- 3 cataloged event(s)
    [fetch] Australia-ASSA 2022-09-27 has 84 file(s) from a simultaneous second receiver (overlapping timestamps); keeping one series
    [fetch] Australia-ASSA 2022-09-27 has mixed configs: {400: 4, 200: 45} files by channel count; keeping the majority
    [extract] event 00:00-00:04 on 20220927 not fully covered by downloaded data for Australia-ASSA (gap or out of range), skipping
    [extract] event 03:11-03:11 on 20220927 not fully covered by downloaded data for Australia-ASSA (gap or out of range), skipping
    [extract] event 00:22-00:26 on 20220927 not fully covered by downloaded data for Australia-ASSA (gap or out of range), skipping
  -> 0 positive + 2 negative crop(s) in 102.4s (45 files)

[257] Australia-ASSA 20220928 -- 2 cataloged event(s)
    [fetch] Australia-ASSA 2022-09-28 has 84 file(s) from a simultaneous second receiver (overlapping timestamps); keeping one series
    [fetch] Australia-ASSA 2022-09-28 has mixed configs: {400: 4, 200: 45} files by channel count; keeping the majority
  -> 2 positive + 2 negative crop(s) in 102.9s (45 files)

[258] Australia-ASSA 20220930 -- 6 cataloged event(s)
    [fetch] Australia-ASSA 2022-09-30 has 84 file(s) from a simultaneous second receiver (overlapping timestamps); keeping one series
    [fetch] Australia-ASSA 2022-09-30 has mixed configs: {400: 4, 200: 45} files by channel count; keeping the majority
  -> 6 positive + 2 negative crop(s) in 102.0s (45 files)

[259] Australia-ASSA 20221001 -- 5 cataloged event(s)
    [fetch] Australia-ASSA 2022-10-01 has 84 file(s) from a simultaneous second receiver (overlapping timestamps); keeping one series
    [fetch] Australia-ASSA 2022-10-01 has mixed configs: {400: 4, 200: 45} files by channel count; keeping the majority
  -> 5 positive + 2 negative crop(s) in 101.9s (45 files)

[260] Australia-ASSA 20221002 -- 1 cataloged event(s)
    [fetch] Australia-ASSA 2022-10-02 has 70 file(s) from a simultaneous second receiver (overlapping timestamps); keeping one series
    [fetch] Australia-ASSA 2022-10-02 has mixed configs: {400: 4, 200: 45} files by channel count; keeping the majority
    [extract] event 00:06-00:06 on 20221002 not fully covered by downloaded data for Australia-ASSA (gap or out of range), skipping
  -> 0 positive + 2 negative crop(s) in 91.3s (45 files)

[261] Australia-ASSA 20221003 -- 2 cataloged event(s)
    [fetch] Australia-ASSA 2022-10-03 has 48 file(s) from a simultaneous second receiver (overlapping timestamps); keeping one series
    [fetch] Australia-ASSA 2022-10-03 has mixed configs: {400: 4, 200: 45} files by channel count; keeping the majority
  -> 2 positive + 2 negative crop(s) in 75.2s (45 files)

[262] Australia-ASSA 20221004 -- 2 cataloged event(s)
    [fetch] Australia-ASSA 2022-10-04 has 84 file(s) from a simultaneous second receiver (overlapping timestamps); keeping one series
    [fetch] Australia-ASSA 2022-10-04 has mixed configs: {400: 4, 200: 45} files by channel count; keeping the majority
  -> 2 positive + 2 negative crop(s) in 102.7s (45 files)

[263] Australia-ASSA 20221007 -- 6 cataloged event(s)
    [fetch] Australia-ASSA 2022-10-07 has 49 file(s) from a simultaneous second receiver (overlapping timestamps); keeping one series
  -> 6 positive + 2 negative crop(s) in 75.4s (49 files)

[264] Australia-ASSA 20221008 -- 7 cataloged event(s)
    [fetch] Australia-ASSA 2022-10-08 has 49 file(s) from a simultaneous second receiver (overlapping timestamps); keeping one series
    [extract] event 23:57-23:59 on 20221008 not fully covered by downloaded data for Australia-ASSA (gap or out of range), skipping
  -> 6 positive + 2 negative crop(s) in 75.7s (49 files)

[265] Australia-ASSA 20221010 -- 4 cataloged event(s)
    [fetch] Australia-ASSA 2022-10-10 has 76 file(s) from a simultaneous second receiver (overlapping timestamps); keeping one series
    [fetch] Australia-ASSA 2022-10-10 has mixed configs: {400: 10, 200: 39} files by channel count; keeping the majority
    [extract] event 23:18-23:20 on 20221010 not fully covered by downloaded data for Australia-ASSA (gap or out of range), skipping
  -> 3 positive + 2 negative crop(s) in 94.8s (39 files)

[266] Australia-ASSA 20221011 -- 8 cataloged event(s)
    [fetch] Australia-ASSA 2022-10-11 has 84 file(s) from a simultaneous second receiver (overlapping timestamps); keeping one series
    [fetch] Australia-ASSA 2022-10-11 has mixed configs: {400: 2, 200: 47} files by channel count; keeping the majority
    [extract] event 02:45-02:53 on 20221011 not fully covered by downloaded data for Australia-ASSA (gap or out of range), skipping
  -> 7 positive + 2 negative crop(s) in 102.0s (47 files)

[267] Australia-ASSA 20221012 -- 4 cataloged event(s)
    [fetch] Australia-ASSA 2022-10-12 has 83 file(s) from a simultaneous second receiver (overlapping timestamps); keeping one series
    [fetch] Australia-ASSA 2022-10-12 has mixed configs: {400: 4, 200: 45} files by channel count; keeping the majority
    [extract] event 00:07-00:08 on 20221012 not fully covered by downloaded data for Australia-ASSA (gap or out of range), skipping
  -> 3 positive + 2 negative crop(s) in 101.2s (45 files)

[268] Australia-ASSA 20221013 -- 3 cataloged event(s)
    [fetch] Australia-ASSA 2022-10-13 has 70 file(s) from a simultaneous second receiver (overlapping timestamps); keeping one series
    [fetch] Australia-ASSA 2022-10-13 has mixed configs: {400: 3, 200: 46} files by channel count; keeping the majority
    [extract] event 00:27-00:29 on 20221013 not fully covered by downloaded data for Australia-ASSA (gap or out of range), skipping
  -> 2 positive + 2 negative crop(s) in 91.1s (46 files)

[269] Australia-ASSA 20221016 -- 1 cataloged event(s)
    [fetch] Australia-ASSA 2022-10-16 has 78 file(s) from a simultaneous second receiver (overlapping timestamps); keeping one series
    [fetch] Australia-ASSA 2022-10-16 has mixed configs: {400: 4, 200: 45} files by channel count; keeping the majority
  -> 1 positive + 2 negative crop(s) in 97.3s (45 files)

[270] Australia-ASSA 20221017 -- 1 cataloged event(s)
    [fetch] Australia-ASSA 2022-10-17 has 84 file(s) from a simultaneous second receiver (overlapping timestamps); keeping one series
    [fetch] Australia-ASSA 2022-10-17 has mixed configs: {400: 4, 200: 45} files by channel count; keeping the majority
  -> 1 positive + 2 negative crop(s) in 101.0s (45 files)

[271] Australia-ASSA 20221021 -- 1 cataloged event(s)
    [fetch] Australia-ASSA 2022-10-21 has 84 file(s) from a simultaneous second receiver (overlapping timestamps); keeping one series
    [fetch] Australia-ASSA 2022-10-21 has mixed configs: {400: 3, 200: 46} files by channel count; keeping the majority
  -> 1 positive + 2 negative crop(s) in 101.4s (46 files)

[272] Australia-ASSA 20221023 -- 2 cataloged event(s)
    [fetch] Australia-ASSA 2022-10-23 has 49 file(s) from a simultaneous second receiver (overlapping timestamps); keeping one series
  -> 2 positive + 2 negative crop(s) in 75.2s (49 files)

[273] Australia-ASSA 20221024 -- 2 cataloged event(s)
    [fetch] Australia-ASSA 2022-10-24 has 84 file(s) from a simultaneous second receiver (overlapping timestamps); keeping one series
    [fetch] Australia-ASSA 2022-10-24 has mixed configs: {200: 46, 400: 3} files by channel count; keeping the majority
  -> 2 positive + 2 negative crop(s) in 101.1s (46 files)

[274] Australia-ASSA 20221025 -- 2 cataloged event(s)
    [fetch] Australia-ASSA 2022-10-25 has 84 file(s) from a simultaneous second receiver (overlapping timestamps); keeping one series
    [fetch] Australia-ASSA 2022-10-25 has mixed configs: {400: 4, 200: 45} files by channel count; keeping the majority
  -> 2 positive + 2 negative crop(s) in 101.5s (45 files)

[275] Australia-ASSA 20221026 -- 3 cataloged event(s)
    [fetch] Australia-ASSA 2022-10-26 has 84 file(s) from a simultaneous second receiver (overlapping timestamps); keeping one series
    [fetch] Australia-ASSA 2022-10-26 has mixed configs: {400: 4, 200: 45} files by channel count; keeping the majority
  -> 3 positive + 2 negative crop(s) in 101.3s (45 files)

[276] Australia-ASSA 20221027 -- 4 cataloged event(s)
    [fetch] Australia-ASSA 2022-10-27 has 84 file(s) from a simultaneous second receiver (overlapping timestamps); keeping one series
    [fetch] Australia-ASSA 2022-10-27 has mixed configs: {400: 4, 200: 45} files by channel count; keeping the majority
    [extract] event 03:23-03:25 on 20221027 not fully covered by downloaded data for Australia-ASSA (gap or out of range), skipping
  -> 3 positive + 2 negative crop(s) in 101.3s (45 files)

[277] Australia-ASSA 20221029 -- 6 cataloged event(s)
    [fetch] Australia-ASSA 2022-10-29 has 80 file(s) from a simultaneous second receiver (overlapping timestamps); keeping one series
    [fetch] Australia-ASSA 2022-10-29 has mixed configs: {400: 5, 200: 43} files by channel count; keeping the majority
  -> 6 positive + 2 negative crop(s) in 98.6s (43 files)

[278] Australia-ASSA 20221030 -- 5 cataloged event(s)
    [fetch] Australia-ASSA 2022-10-30 has 84 file(s) from a simultaneous second receiver (overlapping timestamps); keeping one series
    [fetch] Australia-ASSA 2022-10-30 has mixed configs: {400: 4, 200: 45} files by channel count; keeping the majority
    [extract] could not parse time_range='06:57-06.58', skipping
  -> 4 positive + 2 negative crop(s) in 101.8s (45 files)

[279] Australia-ASSA 20221102 -- 2 cataloged event(s)
    [fetch] Australia-ASSA 2022-11-02 has 84 file(s) from a simultaneous second receiver (overlapping timestamps); keeping one series
    [fetch] Australia-ASSA 2022-11-02 has mixed configs: {400: 4, 200: 45} files by channel count; keeping the majority
  -> 2 positive + 2 negative crop(s) in 101.7s (45 files)

[280] Australia-ASSA 20221103 -- 3 cataloged event(s)
    [fetch] Australia-ASSA 2022-11-03 has 77 file(s) from a simultaneous second receiver (overlapping timestamps); keeping one series
    [fetch] Australia-ASSA 2022-11-03 has mixed configs: {400: 4, 200: 45} files by channel count; keeping the majority
    [extract] event 00:25-00:25 on 20221103 not fully covered by downloaded data for Australia-ASSA (gap or out of range), skipping
  -> 2 positive + 2 negative crop(s) in 96.3s (45 files)

[281] Australia-ASSA 20221104 -- 1 cataloged event(s)
    [fetch] Australia-ASSA 2022-11-04 has 56 file(s) from a simultaneous second receiver (overlapping timestamps); keeping one series
  -> 1 positive + 2 negative crop(s) in 80.5s (49 files)

[282] Australia-ASSA 20221105 -- 1 cataloged event(s)
    [fetch] Australia-ASSA 2022-11-05 has 73 file(s) from a simultaneous second receiver (overlapping timestamps); keeping one series
    [fetch] Australia-ASSA 2022-11-05 has mixed configs: {400: 5, 200: 44} files by channel count; keeping the majority
  -> 1 positive + 2 negative crop(s) in 93.1s (44 files)

[283] Australia-ASSA 20221106 -- 6 cataloged event(s)
    [fetch] Australia-ASSA 2022-11-06 has 84 file(s) from a simultaneous second receiver (overlapping timestamps); keeping one series
    [fetch] Australia-ASSA 2022-11-06 has mixed configs: {400: 4, 200: 45} files by channel count; keeping the majority
  -> 6 positive + 2 negative crop(s) in 101.1s (45 files)

[284] Australia-ASSA 20221107 -- 3 cataloged event(s)
    [fetch] Australia-ASSA 2022-11-07 has 84 file(s) from a simultaneous second receiver (overlapping timestamps); keeping one series
    [fetch] Australia-ASSA 2022-11-07 has mixed configs: {400: 4, 200: 45} files by channel count; keeping the majority
    [extract] event 00:12-00:33 on 20221107 not fully covered by downloaded data for Australia-ASSA (gap or out of range), skipping
    [extract] event 00:22-00:22 on 20221107 not fully covered by downloaded data for Australia-ASSA (gap or out of range), skipping
  -> 1 positive + 2 negative crop(s) in 100.6s (45 files)

[285] Australia-ASSA 20221108 -- 3 cataloged event(s)
    [fetch] Australia-ASSA 2022-11-08 has 70 file(s) from a simultaneous second receiver (overlapping timestamps); keeping one series
    [fetch] Australia-ASSA 2022-11-08 has mixed configs: {400: 10, 200: 39} files by channel count; keeping the majority
  -> 3 positive + 2 negative crop(s) in 88.3s (39 files)

[286] Australia-ASSA 20221109 -- 4 cataloged event(s)
    [fetch] Australia-ASSA 2022-11-09 has 35 file(s) from a simultaneous second receiver (overlapping timestamps); keeping one series
    [fetch] Australia-ASSA 2022-11-09 has mixed configs: {400: 18, 200: 31} files by channel count; keeping the majority
    [extract] event 03:47-03:56 on 20221109 not fully covered by downloaded data for Australia-ASSA (gap or out of range), skipping
  -> 3 positive + 2 negative crop(s) in 66.4s (31 files)

[287] Australia-ASSA 20221110 -- 3 cataloged event(s)
    [fetch] Australia-ASSA 2022-11-10 has 48 file(s) from a simultaneous second receiver (overlapping timestamps); keeping one series
    [fetch] Australia-ASSA 2022-11-10 has mixed configs: {400: 18, 200: 31} files by channel count; keeping the majority
    [extract] could not parse time_range='23:59-24:00', skipping
    [extract] event 03:05-03:05 on 20221110 not fully covered by downloaded data for Australia-ASSA (gap or out of range), skipping
  -> 1 positive + 2 negative crop(s) in 74.3s (31 files)

[288] Australia-ASSA 20221111 -- 14 cataloged event(s)
    [fetch] Australia-ASSA 2022-11-11 has 94 file(s) from a simultaneous second receiver (overlapping timestamps); keeping one series
    [fetch] Australia-ASSA 2022-11-11 has mixed configs: {400: 7, 200: 48} files by channel count; keeping the majority
    [extract] event 22:01-22:01 on 20221111 not fully covered by downloaded data for Australia-ASSA (gap or out of range), skipping
    [extract] event 00:16-00:19 on 20221111 not fully covered by downloaded data for Australia-ASSA (gap or out of range), skipping
    [extract] event 03:15-03:19 on 20221111 not fully covered by downloaded data for Australia-ASSA (gap or out of range), skipping
  -> 11 positive + 2 negative crop(s) in 114.0s (48 files)

[289] Australia-ASSA 20221112 -- 7 cataloged event(s)
    [fetch] Australia-ASSA 2022-11-12 has 59 file(s) from a simultaneous second receiver (overlapping timestamps); keeping one series
    [fetch] Australia-ASSA 2022-11-12 has mixed configs: {400: 2, 200: 28} files by channel count; keeping the majority
  -> 7 positive + 2 negative crop(s) in 72.2s (28 files)

[290] Australia-ASSA 20221114 -- 1 cataloged event(s)
    [fetch] Australia-ASSA 2022-11-14 has 59 file(s) from a simultaneous second receiver (overlapping timestamps); keeping one series
    [fetch] Australia-ASSA 2022-11-14 has mixed configs: {400: 5, 200: 31} files by channel count; keeping the majority
  -> 1 positive + 2 negative crop(s) in 72.9s (31 files)

[291] Australia-ASSA 20221115 -- 3 cataloged event(s)
    [fetch] Australia-ASSA 2022-11-15 has 98 file(s) from a simultaneous second receiver (overlapping timestamps); keeping one series
    [fetch] Australia-ASSA 2022-11-15 has mixed configs: {400: 6, 200: 48} files by channel count; keeping the majority
  -> 3 positive + 2 negative crop(s) in 135.6s (48 files)

[292] Australia-ASSA 20221118 -- 4 cataloged event(s)
    [fetch] Australia-ASSA 2022-11-18 has 60 file(s) from a simultaneous second receiver (overlapping timestamps); keeping one series
    [fetch] Australia-ASSA 2022-11-18 has mixed configs: {400: 28, 200: 27} files by channel count; keeping the majority
    [extract] event 06:55-06:55 on 20221118 not fully covered by downloaded data for Australia-ASSA (gap or out of range), skipping
  -> 3 positive + 2 negative crop(s) in 88.7s (28 files)

[293] Australia-ASSA 20221120 -- 1 cataloged event(s)
    [fetch] Australia-ASSA 2022-11-20 has 85 file(s) from a simultaneous second receiver (overlapping timestamps); keeping one series
    [fetch] Australia-ASSA 2022-11-20 has mixed configs: {200: 50, 400: 5} files by channel count; keeping the majority
  -> 1 positive + 2 negative crop(s) in 108.4s (50 files)

[294] Australia-ASSA 20221122 -- 2 cataloged event(s)
    [fetch] Australia-ASSA 2022-11-22 has 98 file(s) from a simultaneous second receiver (overlapping timestamps); keeping one series
    [fetch] Australia-ASSA 2022-11-22 has mixed configs: {400: 5, 200: 49} files by channel count; keeping the majority
  -> 2 positive + 2 negative crop(s) in 116.0s (49 files)

[295] Australia-ASSA 20221123 -- 2 cataloged event(s)
    [fetch] Australia-ASSA 2022-11-23 has 100 file(s) from a simultaneous second receiver (overlapping timestamps); keeping one series
    [fetch] Australia-ASSA 2022-11-23 has mixed configs: {400: 5, 200: 50} files by channel count; keeping the majority
  -> 2 positive + 2 negative crop(s) in 117.9s (50 files)

[296] Australia-ASSA 20221124 -- 5 cataloged event(s)
    [fetch] Australia-ASSA 2022-11-24 has 100 file(s) from a simultaneous second receiver (overlapping timestamps); keeping one series
    [fetch] Australia-ASSA 2022-11-24 has mixed configs: {400: 2, 200: 53} files by channel count; keeping the majority
    [extract] event 00:01-00:06 on 20221124 not fully covered by downloaded data for Australia-ASSA (gap or out of range), skipping
  -> 4 positive + 2 negative crop(s) in 117.3s (53 files)

[297] Australia-ASSA 20221125 -- 1 cataloged event(s)
    [fetch] Australia-ASSA 2022-11-25 has 95 file(s) from a simultaneous second receiver (overlapping timestamps); keeping one series
    [fetch] Australia-ASSA 2022-11-25 has mixed configs: {400: 3, 200: 52} files by channel count; keeping the majority
  -> 1 positive + 2 negative crop(s) in 112.0s (52 files)

[298] Australia-ASSA 20221127 -- 1 cataloged event(s)
    [fetch] Australia-ASSA 2022-11-27 has 100 file(s) from a simultaneous second receiver (overlapping timestamps); keeping one series
    [fetch] Australia-ASSA 2022-11-27 has mixed configs: {400: 5, 200: 50} files by channel count; keeping the majority
  -> 1 positive + 2 negative crop(s) in 118.0s (50 files)

[299] Australia-ASSA 20221129 -- 1 cataloged event(s)
    [fetch] Australia-ASSA 2022-11-29 has 89 file(s) from a simultaneous second receiver (overlapping timestamps); keeping one series
    [fetch] Australia-ASSA 2022-11-29 has mixed configs: {400: 2, 200: 53} files by channel count; keeping the majority
  -> 1 positive + 2 negative crop(s) in 109.8s (53 files)

[300] Australia-ASSA 20221130 -- 5 cataloged event(s)
    [fetch] Australia-ASSA 2022-11-30 has 67 file(s) from a simultaneous second receiver (overlapping timestamps); keeping one series
    [fetch] Australia-ASSA 2022-11-30 has mixed configs: {200: 52, 400: 3} files by channel count; keeping the majority
  -> 5 positive + 2 negative crop(s) in 93.0s (52 files)

[301] Australia-ASSA 20221201 -- 1 cataloged event(s)
    [fetch] Australia-ASSA 2022-12-01 has 100 file(s) from a simultaneous second receiver (overlapping timestamps); keeping one series
    [fetch] Australia-ASSA 2022-12-01 has mixed configs: {400: 5, 200: 50} files by channel count; keeping the majority
  -> 1 positive + 2 negative crop(s) in 122.5s (50 files)

[302] Australia-ASSA 20221202 -- 3 cataloged event(s)
    [fetch] Australia-ASSA 2022-12-02 has 100 file(s) from a simultaneous second receiver (overlapping timestamps); keeping one series
    [fetch] Australia-ASSA 2022-12-02 has mixed configs: {400: 5, 200: 50} files by channel count; keeping the majority
  -> 3 positive + 2 negative crop(s) in 117.9s (50 files)

[303] Australia-ASSA 20221203 -- 10 cataloged event(s)
    [fetch] Australia-ASSA 2022-12-03 has 100 file(s) from a simultaneous second receiver (overlapping timestamps); keeping one series
    [fetch] Australia-ASSA 2022-12-03 has mixed configs: {400: 5, 200: 50} files by channel count; keeping the majority
  -> 10 positive + 2 negative crop(s) in 118.2s (50 files)

[304] Australia-ASSA 20221204 -- 1 cataloged event(s)
    [fetch] Australia-ASSA 2022-12-04 has 100 file(s) from a simultaneous second receiver (overlapping timestamps); keeping one series
    [fetch] Australia-ASSA 2022-12-04 has mixed configs: {400: 5, 200: 50} files by channel count; keeping the majority
  -> 1 positive + 2 negative crop(s) in 117.9s (50 files)

[305] Australia-ASSA 20221205 -- 1 cataloged event(s)
    [fetch] Australia-ASSA 2022-12-05 has 100 file(s) from a simultaneous second receiver (overlapping timestamps); keeping one series
    [fetch] Australia-ASSA 2022-12-05 has mixed configs: {400: 5, 200: 50} files by channel count; keeping the majority
  -> 1 positive + 2 negative crop(s) in 118.7s (50 files)

[306] Australia-ASSA 20221206 -- 1 cataloged event(s)
    [fetch] Australia-ASSA 2022-12-06 has 84 file(s) from a simultaneous second receiver (overlapping timestamps); keeping one series
    [fetch] Australia-ASSA 2022-12-06 has mixed configs: {400: 2, 200: 53} files by channel count; keeping the majority
  -> 1 positive + 2 negative crop(s) in 106.8s (53 files)

[307] Australia-ASSA 20221207 -- 10 cataloged event(s)
    [fetch] Australia-ASSA 2022-12-07 has 70 file(s) from a simultaneous second receiver (overlapping timestamps); keeping one series
    [fetch] Australia-ASSA 2022-12-07 has mixed configs: {200: 56, 400: 2} files by channel count; keeping the majority
    [extract] event 22:02-22:02 on 20221207 not fully covered by downloaded data for Australia-ASSA (gap or out of range), skipping
  -> 9 positive + 2 negative crop(s) in 97.5s (56 files)

[308] Australia-ASSA 20221208 -- 3 cataloged event(s)
    [fetch] Australia-ASSA 2022-12-08 has 103 file(s) from a simultaneous second receiver (overlapping timestamps); keeping one series
    [fetch] Australia-ASSA 2022-12-08 has mixed configs: {400: 8, 200: 50} files by channel count; keeping the majority
  -> 3 positive + 2 negative crop(s) in 123.2s (50 files)

[309] Australia-ASSA 20221210 -- 3 cataloged event(s)
    [fetch] Australia-ASSA 2022-12-10 has 103 file(s) from a simultaneous second receiver (overlapping timestamps); keeping one series
    [fetch] Australia-ASSA 2022-12-10 has mixed configs: {400: 8, 200: 50} files by channel count; keeping the majority
    [extract] event 02:37-02:10 on 20221210 not fully covered by downloaded data for Australia-ASSA (gap or out of range), skipping
  -> 2 positive + 2 negative crop(s) in 122.9s (50 files)

[310] Australia-ASSA 20221211 -- 7 cataloged event(s)
    [fetch] Australia-ASSA 2022-12-11 has 99 file(s) from a simultaneous second receiver (overlapping timestamps); keeping one series
    [fetch] Australia-ASSA 2022-12-11 has mixed configs: {400: 8, 200: 50} files by channel count; keeping the majority
    [extract] event 00:23-00:23 on 20221211 not fully covered by downloaded data for Australia-ASSA (gap or out of range), skipping
  -> 6 positive + 2 negative crop(s) in 118.6s (50 files)

[311] Australia-ASSA 20221212 -- 9 cataloged event(s)
    [fetch] Australia-ASSA 2022-12-12 has 103 file(s) from a simultaneous second receiver (overlapping timestamps); keeping one series
    [fetch] Australia-ASSA 2022-12-12 has mixed configs: {400: 8, 200: 50} files by channel count; keeping the majority
    [extract] event 03:22-03:22 on 20221212 not fully covered by downloaded data for Australia-ASSA (gap or out of range), skipping
    [extract] event 00:10-00:10 on 20221212 not fully covered by downloaded data for Australia-ASSA (gap or out of range), skipping
  -> 7 positive + 2 negative crop(s) in 122.5s (50 files)

[312] Australia-ASSA 20221213 -- 9 cataloged event(s)
    [fetch] Australia-ASSA 2022-12-13 has 103 file(s) from a simultaneous second receiver (overlapping timestamps); keeping one series
    [fetch] Australia-ASSA 2022-12-13 has mixed configs: {400: 8, 200: 50} files by channel count; keeping the majority
  -> 9 positive + 2 negative crop(s) in 121.7s (50 files)

[313] Australia-ASSA 20221214 -- 7 cataloged event(s)
    [fetch] Australia-ASSA 2022-12-14 has 103 file(s) from a simultaneous second receiver (overlapping timestamps); keeping one series
    [fetch] Australia-ASSA 2022-12-14 has mixed configs: {400: 8, 200: 50} files by channel count; keeping the majority
  -> 7 positive + 2 negative crop(s) in 123.2s (50 files)

[314] Australia-ASSA 20221215 -- 3 cataloged event(s)
    [fetch] Australia-ASSA 2022-12-15 has 103 file(s) from a simultaneous second receiver (overlapping timestamps); keeping one series
    [fetch] Australia-ASSA 2022-12-15 has mixed configs: {400: 8, 200: 50} files by channel count; keeping the majority
    [extract] event 03:11-03:13 on 20221215 not fully covered by downloaded data for Australia-ASSA (gap or out of range), skipping
  -> 2 positive + 2 negative crop(s) in 121.9s (50 files)

[315] Australia-ASSA 20221216 -- 6 cataloged event(s)
    [fetch] Australia-ASSA 2022-12-16 has 103 file(s) from a simultaneous second receiver (overlapping timestamps); keeping one series
    [fetch] Australia-ASSA 2022-12-16 has mixed configs: {400: 8, 200: 50} files by channel count; keeping the majority
    [extract] event 03:33-03:34 on 20221216 not fully covered by downloaded data for Australia-ASSA (gap or out of range), skipping
    [extract] event 00:04-00:06 on 20221216 not fully covered by downloaded data for Australia-ASSA (gap or out of range), skipping
  -> 4 positive + 2 negative crop(s) in 121.8s (50 files)

[316] Australia-ASSA 20221217 -- 12 cataloged event(s)
    [fetch] Australia-ASSA 2022-12-17 has 103 file(s) from a simultaneous second receiver (overlapping timestamps); keeping one series
    [fetch] Australia-ASSA 2022-12-17 has mixed configs: {400: 8, 200: 50} files by channel count; keeping the majority
    [extract] event 03:43-03:47 on 20221217 not fully covered by downloaded data for Australia-ASSA (gap or out of range), skipping
    [extract] event 03:23-03:25 on 20221217 not fully covered by downloaded data for Australia-ASSA (gap or out of range), skipping
    [extract] event 00:25-00:25 on 20221217 not fully covered by downloaded data for Australia-ASSA (gap or out of range), skipping
  -> 9 positive + 2 negative crop(s) in 122.4s (50 files)

[317] Australia-ASSA 20221218 -- 8 cataloged event(s)
    [fetch] Australia-ASSA 2022-12-18 has 103 file(s) from a simultaneous second receiver (overlapping timestamps); keeping one series
    [fetch] Australia-ASSA 2022-12-18 has mixed configs: {400: 8, 200: 50} files by channel count; keeping the majority
    [extract] event 09:41-10:03 on 20221218 not fully covered by downloaded data for Australia-ASSA (gap or out of range), skipping
    [extract] event 03:33-03:33 on 20221218 not fully covered by downloaded data for Australia-ASSA (gap or out of range), skipping
  -> 6 positive + 2 negative crop(s) in 122.8s (50 files)

[318] Australia-ASSA 20221219 -- 13 cataloged event(s)
    [fetch] Australia-ASSA 2022-12-19 has 103 file(s) from a simultaneous second receiver (overlapping timestamps); keeping one series
    [fetch] Australia-ASSA 2022-12-19 has mixed configs: {400: 8, 200: 50} files by channel count; keeping the majority
    [extract] could not parse time_range='01:36-01.40', skipping
    [extract] event 00:25-00:29 on 20221219 not fully covered by downloaded data for Australia-ASSA (gap or out of range), skipping
    [extract] event 03:12-03:12 on 20221219 not fully covered by downloaded data for Australia-ASSA (gap or out of range), skipping
  -> 10 positive + 2 negative crop(s) in 122.4s (50 files)

[319] Australia-ASSA 20221220 -- 13 cataloged event(s)
    [fetch] Australia-ASSA 2022-12-20 has 103 file(s) from a simultaneous second receiver (overlapping timestamps); keeping one series
    [fetch] Australia-ASSA 2022-12-20 has mixed configs: {400: 8, 200: 50} files by channel count; keeping the majority
    [extract] event 23:58-23:59 on 20221220 not fully covered by downloaded data for Australia-ASSA (gap or out of range), skipping
    [extract] event 00:03-00:04 on 20221220 not fully covered by downloaded data for Australia-ASSA (gap or out of range), skipping
    [extract] event 00:28-00:29 on 20221220 not fully covered by downloaded data for Australia-ASSA (gap or out of range), skipping
  -> 10 positive + 2 negative crop(s) in 122.5s (50 files)

[320] Australia-ASSA 20221221 -- 10 cataloged event(s)
    [fetch] Australia-ASSA 2022-12-21 has 101 file(s) from a simultaneous second receiver (overlapping timestamps); keeping one series
    [fetch] Australia-ASSA 2022-12-21 has mixed configs: {400: 8, 200: 48} files by channel count; keeping the majority
    [extract] event 00:36-00:36 on 20221221 not fully covered by downloaded data for Australia-ASSA (gap or out of range), skipping
  -> 9 positive + 2 negative crop(s) in 123.7s (48 files)

[321] Australia-ASSA 20221222 -- 7 cataloged event(s)
    [fetch] Australia-ASSA 2022-12-22 has 103 file(s) from a simultaneous second receiver (overlapping timestamps); keeping one series
    [fetch] Australia-ASSA 2022-12-22 has mixed configs: {400: 8, 200: 50} files by channel count; keeping the majority
  -> 7 positive + 2 negative crop(s) in 124.7s (50 files)

[322] Australia-ASSA 20221223 -- 6 cataloged event(s)
    [fetch] Australia-ASSA 2022-12-23 has 103 file(s) from a simultaneous second receiver (overlapping timestamps); keeping one series
    [fetch] Australia-ASSA 2022-12-23 has mixed configs: {400: 8, 200: 50} files by channel count; keeping the majority
    [extract] event 03:08-03:09 on 20221223 not fully covered by downloaded data for Australia-ASSA (gap or out of range), skipping
    [extract] event 00:37-00:39 on 20221223 not fully covered by downloaded data for Australia-ASSA (gap or out of range), skipping
    [extract] event 03:32-03:32 on 20221223 not fully covered by downloaded data for Australia-ASSA (gap or out of range), skipping
  -> 3 positive + 2 negative crop(s) in 122.0s (50 files)

[323] Australia-ASSA 20221224 -- 11 cataloged event(s)
    [fetch] Australia-ASSA 2022-12-24 has 103 file(s) from a simultaneous second receiver (overlapping timestamps); keeping one series
    [fetch] Australia-ASSA 2022-12-24 has mixed configs: {400: 11, 200: 47} files by channel count; keeping the majority
    [extract] event 22:22-22:24 on 20221224 not fully covered by downloaded data for Australia-ASSA (gap or out of range), skipping
    [extract] event 03:06-03:06 on 20221224 not fully covered by downloaded data for Australia-ASSA (gap or out of range), skipping
  -> 9 positive + 2 negative crop(s) in 122.2s (47 files)

[324] Australia-ASSA 20221225 -- 5 cataloged event(s)
    [fetch] Australia-ASSA 2022-12-25 has 103 file(s) from a simultaneous second receiver (overlapping timestamps); keeping one series
    [fetch] Australia-ASSA 2022-12-25 has mixed configs: {400: 4, 200: 54} files by channel count; keeping the majority
  -> 5 positive + 2 negative crop(s) in 122.0s (54 files)

[325] Australia-ASSA 20221226 -- 11 cataloged event(s)
    [fetch] Australia-ASSA 2022-12-26 has 103 file(s) from a simultaneous second receiver (overlapping timestamps); keeping one series
    [fetch] Australia-ASSA 2022-12-26 has mixed configs: {400: 9, 200: 49} files by channel count; keeping the majority
    [extract] burst-Australia-ASSA-12-26-2022-082200-082200-typeIII.npy already exists (duplicate catalog row?), skipping
    [extract] event 03:07-03:09 on 20221226 not fully covered by downloaded data for Australia-ASSA (gap or out of range), skipping
  -> 9 positive + 2 negative crop(s) in 122.4s (49 files)

[326] Australia-ASSA 20221227 -- 10 cataloged event(s)
    [fetch] Australia-ASSA 2022-12-27 has 103 file(s) from a simultaneous second receiver (overlapping timestamps); keeping one series
    [fetch] Australia-ASSA 2022-12-27 has mixed configs: {400: 6, 200: 52} files by channel count; keeping the majority
    [extract] event 03:01-03:01 on 20221227 not fully covered by downloaded data for Australia-ASSA (gap or out of range), skipping
    [extract] event 00:00-00:08 on 20221227 not fully covered by downloaded data for Australia-ASSA (gap or out of range), skipping
    [extract] event 00:38-00:38 on 20221227 not fully covered by downloaded data for Australia-ASSA (gap or out of range), skipping
    [extract] event 00:16-00:23 on 20221227 not fully covered by downloaded data for Australia-ASSA (gap or out of range), skipping
  -> 6 positive + 2 negative crop(s) in 123.9s (52 files)

[327] Australia-ASSA 20221228 -- 8 cataloged event(s)
    [fetch] Australia-ASSA 2022-12-28 has 103 file(s) from a simultaneous second receiver (overlapping timestamps); keeping one series
    [fetch] Australia-ASSA 2022-12-28 has mixed configs: {400: 8, 200: 50} files by channel count; keeping the majority
  -> 8 positive + 2 negative crop(s) in 122.6s (50 files)

[328] Australia-ASSA 20221229 -- 4 cataloged event(s)
    [fetch] Australia-ASSA 2022-12-29 has 84 file(s) from a simultaneous second receiver (overlapping timestamps); keeping one series
    [fetch] Australia-ASSA 2022-12-29 has mixed configs: {400: 8, 200: 50} files by channel count; keeping the majority
    [extract] event 00:05-00:07 on 20221229 not fully covered by downloaded data for Australia-ASSA (gap or out of range), skipping
    [extract] event 03:36-03:36 on 20221229 not fully covered by downloaded data for Australia-ASSA (gap or out of range), skipping
  -> 2 positive + 2 negative crop(s) in 108.6s (50 files)

[329] Australia-ASSA 20221231 -- 6 cataloged event(s)
    [fetch] Australia-ASSA 2022-12-31 has 103 file(s) from a simultaneous second receiver (overlapping timestamps); keeping one series
    [fetch] Australia-ASSA 2022-12-31 has mixed configs: {400: 8, 200: 50} files by channel count; keeping the majority
    [extract] event 03:44-03:44 on 20221231 not fully covered by downloaded data for Australia-ASSA (gap or out of range), skipping
  -> 5 positive + 2 negative crop(s) in 122.9s (50 files)

[330] Australia-ASSA 20230101 -- 4 cataloged event(s)
    [fetch] Australia-ASSA 2023-01-01 has 103 file(s) from a simultaneous second receiver (overlapping timestamps); keeping one series
    [fetch] Australia-ASSA 2023-01-01 has mixed configs: {400: 8, 200: 50} files by channel count; keeping the majority
  -> 4 positive + 2 negative crop(s) in 123.5s (50 files)

[331] Australia-ASSA 20230102 -- 6 cataloged event(s)
    [fetch] Australia-ASSA 2023-01-02 has 103 file(s) from a simultaneous second receiver (overlapping timestamps); keeping one series
    [fetch] Australia-ASSA 2023-01-02 has mixed configs: {400: 8, 200: 50} files by channel count; keeping the majority
    [extract] event 03:33-03:41 on 20230102 not fully covered by downloaded data for Australia-ASSA (gap or out of range), skipping
    [extract] event 00:42-00:42 on 20230102 not fully covered by downloaded data for Australia-ASSA (gap or out of range), skipping
  -> 4 positive + 2 negative crop(s) in 124.9s (50 files)

[332] Australia-ASSA 20230103 -- 7 cataloged event(s)
    [fetch] Australia-ASSA 2023-01-03 has 103 file(s) from a simultaneous second receiver (overlapping timestamps); keeping one series
    [fetch] Australia-ASSA 2023-01-03 has mixed configs: {400: 8, 200: 50} files by channel count; keeping the majority
    [extract] burst-Australia-ASSA-01-03-2023-053200-053300-typeIII.npy already exists (duplicate catalog row?), skipping
    [extract] burst-Australia-ASSA-01-03-2023-053200-053300-typeIII.npy already exists (duplicate catalog row?), skipping
  -> 5 positive + 2 negative crop(s) in 121.9s (50 files)

[333] Australia-ASSA 20230104 -- 7 cataloged event(s)
    [fetch] Australia-ASSA 2023-01-04 has 102 file(s) from a simultaneous second receiver (overlapping timestamps); keeping one series
    [fetch] Australia-ASSA 2023-01-04 has mixed configs: {400: 8, 200: 50} files by channel count; keeping the majority
    [extract] event 07:19-07:12 on 20230104 not fully covered by downloaded data for Australia-ASSA (gap or out of range), skipping
    [extract] event 03:36-03:36 on 20230104 not fully covered by downloaded data for Australia-ASSA (gap or out of range), skipping
    [extract] event 00:34-00:34 on 20230104 not fully covered by downloaded data for Australia-ASSA (gap or out of range), skipping
  -> 4 positive + 2 negative crop(s) in 122.1s (50 files)

[334] Australia-ASSA 20230105 -- 4 cataloged event(s)
    [fetch] Australia-ASSA 2023-01-05 has 103 file(s) from a simultaneous second receiver (overlapping timestamps); keeping one series
    [fetch] Australia-ASSA 2023-01-05 has mixed configs: {400: 8, 200: 50} files by channel count; keeping the majority
    [extract] event 22:08-22:12 on 20230105 not fully covered by downloaded data for Australia-ASSA (gap or out of range), skipping
  -> 3 positive + 2 negative crop(s) in 122.6s (50 files)

[335] Australia-ASSA 20230106 -- 10 cataloged event(s)
    [fetch] Australia-ASSA 2023-01-06 has 84 file(s) from a simultaneous second receiver (overlapping timestamps); keeping one series
    [fetch] Australia-ASSA 2023-01-06 has mixed configs: {400: 12, 200: 42} files by channel count; keeping the majority
    [extract] event 22:40-22:40 on 20230106 not fully covered by downloaded data for Australia-ASSA (gap or out of range), skipping
  -> 9 positive + 2 negative crop(s) in 104.8s (42 files)

[336] Australia-ASSA 20230107 -- 8 cataloged event(s)
    [fetch] Australia-ASSA 2023-01-07 has 103 file(s) from a simultaneous second receiver (overlapping timestamps); keeping one series
    [fetch] Australia-ASSA 2023-01-07 has mixed configs: {400: 7, 200: 51} files by channel count; keeping the majority
    [extract] event 03:17-03:19 on 20230107 not fully covered by downloaded data for Australia-ASSA (gap or out of range), skipping
    [extract] event 03:04-03:07 on 20230107 not fully covered by downloaded data for Australia-ASSA (gap or out of range), skipping
  -> 6 positive + 2 negative crop(s) in 122.4s (51 files)

[337] Australia-ASSA 20230108 -- 16 cataloged event(s)
    [fetch] Australia-ASSA 2023-01-08 has 103 file(s) from a simultaneous second receiver (overlapping timestamps); keeping one series
    [fetch] Australia-ASSA 2023-01-08 has mixed configs: {400: 8, 200: 50} files by channel count; keeping the majority
    [extract] event 03:05-03:07 on 20230108 not fully covered by downloaded data for Australia-ASSA (gap or out of range), skipping
    [extract] event 00:19-00:19 on 20230108 not fully covered by downloaded data for Australia-ASSA (gap or out of range), skipping
  -> 14 positive + 2 negative crop(s) in 123.9s (50 files)

[338] Australia-ASSA 20230109 -- 9 cataloged event(s)
    [fetch] Australia-ASSA 2023-01-09 has 102 file(s) from a simultaneous second receiver (overlapping timestamps); keeping one series
    [fetch] Australia-ASSA 2023-01-09 has mixed configs: {400: 7, 200: 51} files by channel count; keeping the majority
    [extract] could not parse time_range='01:31-01.35', skipping
  -> 8 positive + 2 negative crop(s) in 121.0s (51 files)

[339] Australia-ASSA 20230110 -- 5 cataloged event(s)
    [fetch] Australia-ASSA 2023-01-10 has 102 file(s) from a simultaneous second receiver (overlapping timestamps); keeping one series
    [fetch] Australia-ASSA 2023-01-10 has mixed configs: {400: 6, 200: 52} files by channel count; keeping the majority
    [extract] event 02:58-02:59 on 20230110 not fully covered by downloaded data for Australia-ASSA (gap or out of range), skipping
    [extract] event 00:20-00:23 on 20230110 not fully covered by downloaded data for Australia-ASSA (gap or out of range), skipping
  -> 3 positive + 2 negative crop(s) in 121.8s (52 files)

[340] Australia-ASSA 20230111 -- 14 cataloged event(s)
    [fetch] Australia-ASSA 2023-01-11 has 102 file(s) from a simultaneous second receiver (overlapping timestamps); keeping one series
    [fetch] Australia-ASSA 2023-01-11 has mixed configs: {400: 6, 200: 52} files by channel count; keeping the majority
    [extract] event 00:20-00:20 on 20230111 not fully covered by downloaded data for Australia-ASSA (gap or out of range), skipping
    [extract] event 02:59-03:02 on 20230111 not fully covered by downloaded data for Australia-ASSA (gap or out of range), skipping
    [extract] event 06:05-06:06 on 20230111 not fully covered by downloaded data for Australia-ASSA (gap or out of range), skipping
  -> 11 positive + 2 negative crop(s) in 120.5s (52 files)

[341] Australia-ASSA 20230112 -- 3 cataloged event(s)
    [fetch] Australia-ASSA 2023-01-12 has 102 file(s) from a simultaneous second receiver (overlapping timestamps); keeping one series
    [fetch] Australia-ASSA 2023-01-12 has mixed configs: {400: 6, 200: 52} files by channel count; keeping the majority
    [extract] event 00:04-00:04 on 20230112 not fully covered by downloaded data for Australia-ASSA (gap or out of range), skipping
  -> 2 positive + 2 negative crop(s) in 120.4s (52 files)

[342] Australia-ASSA 20230113 -- 4 cataloged event(s)
    [fetch] Australia-ASSA 2023-01-13 has 102 file(s) from a simultaneous second receiver (overlapping timestamps); keeping one series
    [fetch] Australia-ASSA 2023-01-13 has mixed configs: {400: 7, 200: 51} files by channel count; keeping the majority
    [extract] event 03:05-03:06 on 20230113 not fully covered by downloaded data for Australia-ASSA (gap or out of range), skipping
  -> 3 positive + 2 negative crop(s) in 120.3s (51 files)

[343] Australia-ASSA 20230114 -- 4 cataloged event(s)
    [fetch] Australia-ASSA 2023-01-14 has 102 file(s) from a simultaneous second receiver (overlapping timestamps); keeping one series
    [fetch] Australia-ASSA 2023-01-14 has mixed configs: {400: 7, 200: 51} files by channel count; keeping the majority
  -> 4 positive + 2 negative crop(s) in 120.7s (51 files)

[344] Australia-ASSA 20230115 -- 3 cataloged event(s)
    [fetch] Australia-ASSA 2023-01-15 has 102 file(s) from a simultaneous second receiver (overlapping timestamps); keeping one series
    [fetch] Australia-ASSA 2023-01-15 has mixed configs: {400: 6, 200: 52} files by channel count; keeping the majority
  -> 3 positive + 2 negative crop(s) in 120.8s (52 files)

[345] Australia-ASSA 20230116 -- 10 cataloged event(s)
    [fetch] Australia-ASSA 2023-01-16 has 102 file(s) from a simultaneous second receiver (overlapping timestamps); keeping one series
    [fetch] Australia-ASSA 2023-01-16 has mixed configs: {400: 6, 200: 52} files by channel count; keeping the majority
    [extract] event 03:15-03:15 on 20230116 not fully covered by downloaded data for Australia-ASSA (gap or out of range), skipping
    [extract] event 06:04-06:04 on 20230116 not fully covered by downloaded data for Australia-ASSA (gap or out of range), skipping
  -> 8 positive + 2 negative crop(s) in 120.7s (52 files)

[346] Australia-ASSA 20230117 -- 6 cataloged event(s)
    [fetch] Australia-ASSA 2023-01-17 has 102 file(s) from a simultaneous second receiver (overlapping timestamps); keeping one series
    [fetch] Australia-ASSA 2023-01-17 has mixed configs: {400: 7, 200: 51} files by channel count; keeping the majority
  -> 6 positive + 2 negative crop(s) in 120.9s (51 files)

[347] Australia-ASSA 20230118 -- 6 cataloged event(s)
    [fetch] Australia-ASSA 2023-01-18 has 102 file(s) from a simultaneous second receiver (overlapping timestamps); keeping one series
    [fetch] Australia-ASSA 2023-01-18 has mixed configs: {400: 6, 200: 52} files by channel count; keeping the majority
    [extract] event 00:27-00:27 on 20230118 not fully covered by downloaded data for Australia-ASSA (gap or out of range), skipping
  -> 5 positive + 2 negative crop(s) in 121.3s (52 files)

[348] Australia-ASSA 20230119 -- 5 cataloged event(s)
    [fetch] Australia-ASSA 2023-01-19 has 102 file(s) from a simultaneous second receiver (overlapping timestamps); keeping one series
    [fetch] Australia-ASSA 2023-01-19 has mixed configs: {400: 6, 200: 52} files by channel count; keeping the majority
    [extract] event 00:21-00:22 on 20230119 not fully covered by downloaded data for Australia-ASSA (gap or out of range), skipping
  -> 4 positive + 2 negative crop(s) in 121.1s (52 files)

[349] Australia-ASSA 20230120 -- 6 cataloged event(s)
    [fetch] Australia-ASSA 2023-01-20 has 102 file(s) from a simultaneous second receiver (overlapping timestamps); keeping one series
    [fetch] Australia-ASSA 2023-01-20 has mixed configs: {400: 6, 200: 52} files by channel count; keeping the majority
    [extract] event 00:03-00:03 on 20230120 not fully covered by downloaded data for Australia-ASSA (gap or out of range), skipping
    [extract] event 03:21-03:21 on 20230120 not fully covered by downloaded data for Australia-ASSA (gap or out of range), skipping
  -> 4 positive + 2 negative crop(s) in 121.1s (52 files)

[350] Australia-ASSA 20230121 -- 6 cataloged event(s)
    [fetch] Australia-ASSA 2023-01-21 has 102 file(s) from a simultaneous second receiver (overlapping timestamps); keeping one series
    [fetch] Australia-ASSA 2023-01-21 has mixed configs: {400: 6, 200: 52} files by channel count; keeping the majority
    [extract] event 06:02-06:03 on 20230121 not fully covered by downloaded data for Australia-ASSA (gap or out of range), skipping
  -> 5 positive + 2 negative crop(s) in 121.1s (52 files)

[351] Australia-ASSA 20230122 -- 4 cataloged event(s)
    [fetch] Australia-ASSA 2023-01-22 has 51 file(s) from a simultaneous second receiver (overlapping timestamps); keeping one series
/home/ubuntu/Desktop/TransferLearning_CNN/ecallisto_grabber/scrape.py:123: FutureWarning: The behavior of DataFrame concatenation with empty or all-NA entries is deprecated. In a future version, this will no longer exclude empty or all-NA columns when determining the result dtypes. To retain the old behavior, exclude the relevant entries before the concat operation.
  new_meta = pd.concat([pos_meta, neg_meta], ignore_index=True)
    [fetch] Australia-ASSA 2023-01-22 has mixed configs: {400: 4, 200: 49} files by channel count; keeping the majority
    [extract] event 00:02-00:08 on 20230122 not fully covered by downloaded data for Australia-ASSA (gap or out of range), skipping
    [extract] event 03:04-03:05 on 20230122 not fully covered by downloaded data for Australia-ASSA (gap or out of range), skipping
  -> 2 positive + 2 negative crop(s) in 79.4s (49 files)

[352] Australia-ASSA 20230124 -- 7 cataloged event(s)
    [fetch] Australia-ASSA 2023-01-24 has 102 file(s) from a simultaneous second receiver (overlapping timestamps); keeping one series
    [fetch] Australia-ASSA 2023-01-24 has mixed configs: {400: 6, 200: 52} files by channel count; keeping the majority
    [extract] event 03:16-03:23 on 20230124 not fully covered by downloaded data for Australia-ASSA (gap or out of range), skipping
    [extract] event 03:24-03:27 on 20230124 not fully covered by downloaded data for Australia-ASSA (gap or out of range), skipping
  -> 5 positive + 2 negative crop(s) in 121.0s (52 files)

[353] Australia-ASSA 20230125 -- 8 cataloged event(s)
    [fetch] Australia-ASSA 2023-01-25 has 102 file(s) from a simultaneous second receiver (overlapping timestamps); keeping one series
    [fetch] Australia-ASSA 2023-01-25 has mixed configs: {400: 6, 200: 52} files by channel count; keeping the majority
    [extract] event 03:26-03:26 on 20230125 not fully covered by downloaded data for Australia-ASSA (gap or out of range), skipping
  -> 7 positive + 2 negative crop(s) in 120.9s (52 files)

[354] Australia-ASSA 20230126 -- 2 cataloged event(s)
    [fetch] Australia-ASSA 2023-01-26 has 102 file(s) from a simultaneous second receiver (overlapping timestamps); keeping one series
    [fetch] Australia-ASSA 2023-01-26 has mixed configs: {400: 6, 200: 52} files by channel count; keeping the majority
  -> 2 positive + 2 negative crop(s) in 120.4s (52 files)

[355] Australia-ASSA 20230127 -- 6 cataloged event(s)
    [fetch] Australia-ASSA 2023-01-27 has 102 file(s) from a simultaneous second receiver (overlapping timestamps); keeping one series
    [fetch] Australia-ASSA 2023-01-27 has mixed configs: {400: 6, 200: 52} files by channel count; keeping the majority
  -> 6 positive + 2 negative crop(s) in 121.9s (52 files)

[356] Australia-ASSA 20230128 -- 1 cataloged event(s)
    [fetch] Australia-ASSA 2023-01-28 has 102 file(s) from a simultaneous second receiver (overlapping timestamps); keeping one series
    [fetch] Australia-ASSA 2023-01-28 has mixed configs: {400: 6, 200: 52} files by channel count; keeping the majority
  -> 1 positive + 2 negative crop(s) in 121.0s (52 files)

[357] Australia-ASSA 20230129 -- 1 cataloged event(s)
    [fetch] Australia-ASSA 2023-01-29 has 102 file(s) from a simultaneous second receiver (overlapping timestamps); keeping one series
    [fetch] Australia-ASSA 2023-01-29 has mixed configs: {400: 6, 200: 52} files by channel count; keeping the majority
  -> 1 positive + 2 negative crop(s) in 120.2s (52 files)

[358] Australia-ASSA 20230130 -- 3 cataloged event(s)
    [fetch] Australia-ASSA 2023-01-30 has 102 file(s) from a simultaneous second receiver (overlapping timestamps); keeping one series
    [fetch] Australia-ASSA 2023-01-30 has mixed configs: {400: 6, 200: 52} files by channel count; keeping the majority
    [extract] event 06:05-06:06 on 20230130 not fully covered by downloaded data for Australia-ASSA (gap or out of range), skipping
  -> 2 positive + 2 negative crop(s) in 120.5s (52 files)

[359] Australia-ASSA 20230131 -- 5 cataloged event(s)
    [fetch] Australia-ASSA 2023-01-31 has 102 file(s) from a simultaneous second receiver (overlapping timestamps); keeping one series
    [fetch] Australia-ASSA 2023-01-31 has mixed configs: {400: 6, 200: 52} files by channel count; keeping the majority
    [extract] event 00:04-00:05 on 20230131 not fully covered by downloaded data for Australia-ASSA (gap or out of range), skipping
  -> 4 positive + 2 negative crop(s) in 121.4s (52 files)

[360] Australia-ASSA 20230201 -- 2 cataloged event(s)
    [fetch] Australia-ASSA 2023-02-01 has 102 file(s) from a simultaneous second receiver (overlapping timestamps); keeping one series
    [fetch] Australia-ASSA 2023-02-01 has mixed configs: {400: 6, 200: 52} files by channel count; keeping the majority
  -> 2 positive + 2 negative crop(s) in 120.9s (52 files)

[361] Australia-ASSA 20230202 -- 1 cataloged event(s)
    [fetch] Australia-ASSA 2023-02-02 has 102 file(s) from a simultaneous second receiver (overlapping timestamps); keeping one series
    [fetch] Australia-ASSA 2023-02-02 has mixed configs: {400: 6, 200: 52} files by channel count; keeping the majority
    [extract] event 03:01-03:01 on 20230202 not fully covered by downloaded data for Australia-ASSA (gap or out of range), skipping
  -> 0 positive + 2 negative crop(s) in 121.8s (52 files)

[362] Australia-ASSA 20230203 -- 2 cataloged event(s)
    [fetch] Australia-ASSA 2023-02-03 has 102 file(s) from a simultaneous second receiver (overlapping timestamps); keeping one series
    [fetch] Australia-ASSA 2023-02-03 has mixed configs: {400: 5, 200: 53} files by channel count; keeping the majority
  -> 2 positive + 2 negative crop(s) in 123.2s (53 files)

[363] Australia-ASSA 20230204 -- 8 cataloged event(s)
    [fetch] Australia-ASSA 2023-02-04 has 102 file(s) from a simultaneous second receiver (overlapping timestamps); keeping one series
    [fetch] Australia-ASSA 2023-02-04 has mixed configs: {400: 6, 200: 52} files by channel count; keeping the majority
    [extract] event 03:01-03:01 on 20230204 not fully covered by downloaded data for Australia-ASSA (gap or out of range), skipping
  -> 7 positive + 2 negative crop(s) in 121.1s (52 files)

[364] Australia-ASSA 20230205 -- 2 cataloged event(s)
    [fetch] Australia-ASSA 2023-02-05 has 100 file(s) from a simultaneous second receiver (overlapping timestamps); keeping one series
    [fetch] Australia-ASSA 2023-02-05 has mixed configs: {400: 7, 200: 51} files by channel count; keeping the majority
  -> 2 positive + 2 negative crop(s) in 119.5s (51 files)

[365] Australia-ASSA 20230206 -- 2 cataloged event(s)
    [fetch] Australia-ASSA 2023-02-06 has 102 file(s) from a simultaneous second receiver (overlapping timestamps); keeping one series
    [fetch] Australia-ASSA 2023-02-06 has mixed configs: {400: 6, 200: 52} files by channel count; keeping the majority
    [extract] event 18:34-18:34 on 20230206 not fully covered by downloaded data for Australia-ASSA (gap or out of range), skipping
  -> 1 positive + 2 negative crop(s) in 121.1s (52 files)

[366] Australia-ASSA 20230207 -- 3 cataloged event(s)
    [fetch] Australia-ASSA 2023-02-07 has 96 file(s) from a simultaneous second receiver (overlapping timestamps); keeping one series
    [fetch] Australia-ASSA 2023-02-07 has mixed configs: {400: 8, 200: 47} files by channel count; keeping the majority
    [extract] event 03:02-03:02 on 20230207 not fully covered by downloaded data for Australia-ASSA (gap or out of range), skipping
  -> 2 positive + 2 negative crop(s) in 114.4s (47 files)

[367] Australia-ASSA 20230208 -- 4 cataloged event(s)
    [fetch] Australia-ASSA 2023-02-08 has 92 file(s) from a simultaneous second receiver (overlapping timestamps); keeping one series
    [fetch] Australia-ASSA 2023-02-08 has mixed configs: {400: 5, 200: 48} files by channel count; keeping the majority
    [extract] event 22:27-22:28 on 20230208 not fully covered by downloaded data for Australia-ASSA (gap or out of range), skipping
    [extract] event 22:03-22:03 on 20230208 not fully covered by downloaded data for Australia-ASSA (gap or out of range), skipping
  -> 2 positive + 2 negative crop(s) in 110.3s (48 files)

[368] Australia-ASSA 20230209 -- 11 cataloged event(s)
    [fetch] Australia-ASSA 2023-02-09 has 77 file(s) from a simultaneous second receiver (overlapping timestamps); keeping one series
    [fetch] Australia-ASSA 2023-02-09 has mixed configs: {400: 8, 200: 45} files by channel count; keeping the majority
    [extract] event 22:44-22:53 on 20230209 not fully covered by downloaded data for Australia-ASSA (gap or out of range), skipping
    [extract] event 22:15-22:16 on 20230209 not fully covered by downloaded data for Australia-ASSA (gap or out of range), skipping
    [extract] event 19:16-19:16 on 20230209 not fully covered by downloaded data for Australia-ASSA (gap or out of range), skipping
    [extract] event 05:59-06:00 on 20230209 not fully covered by downloaded data for Australia-ASSA (gap or out of range), skipping
  -> 7 positive + 2 negative crop(s) in 99.1s (45 files)

[369] Australia-ASSA 20230210 -- 18 cataloged event(s)
    [fetch] Australia-ASSA 2023-02-10 has 53 file(s) from a simultaneous second receiver (overlapping timestamps); keeping one series
    [fetch] Australia-ASSA 2023-02-10 has mixed configs: {400: 15, 200: 38} files by channel count; keeping the majority
    [extract] event 05:50-05:50 on 20230210 not fully covered by downloaded data for Australia-ASSA (gap or out of range), skipping
    [extract] event 05:32-05:33 on 20230210 not fully covered by downloaded data for Australia-ASSA (gap or out of range), skipping
    [extract] event 05:40-05:42 on 20230210 not fully covered by downloaded data for Australia-ASSA (gap or out of range), skipping
    [extract] event 00:09-00:09 on 20230210 not fully covered by downloaded data for Australia-ASSA (gap or out of range), skipping
    [extract] event 01:08-01:14 on 20230210 not fully covered by downloaded data for Australia-ASSA (gap or out of range), skipping
    [extract] event 03:02-03:03 on 20230210 not fully covered by downloaded data for Australia-ASSA (gap or out of range), skipping
    [extract] event 02:58-02:59 on 20230210 not fully covered by downloaded data for Australia-ASSA (gap or out of range), skipping
    [extract] event 03:11-03:16 on 20230210 not fully covered by downloaded data for Australia-ASSA (gap or out of range), skipping
    [extract] event 03:15-03:30 on 20230210 not fully covered by downloaded data for Australia-ASSA (gap or out of range), skipping
    [extract] event 05:04-05:06 on 20230210 not fully covered by downloaded data for Australia-ASSA (gap or out of range), skipping
    [extract] event 05:26-05:27 on 20230210 not fully covered by downloaded data for Australia-ASSA (gap or out of range), skipping
    [extract] event 03:02-03:07 on 20230210 not fully covered by downloaded data for Australia-ASSA (gap or out of range), skipping
  -> 6 positive + 2 negative crop(s) in 81.1s (38 files)

[370] Australia-ASSA 20230211 -- 2 cataloged event(s)
    [fetch] Australia-ASSA 2023-02-11 has 92 file(s) from a simultaneous second receiver (overlapping timestamps); keeping one series
    [fetch] Australia-ASSA 2023-02-11 has mixed configs: {400: 8, 200: 45} files by channel count; keeping the majority
  -> 2 positive + 2 negative crop(s) in 109.9s (45 files)

[371] Australia-ASSA 20230212 -- 3 cataloged event(s)
    [fetch] Australia-ASSA 2023-02-12 has 92 file(s) from a simultaneous second receiver (overlapping timestamps); keeping one series
    [fetch] Australia-ASSA 2023-02-12 has mixed configs: {400: 5, 200: 48} files by channel count; keeping the majority
    [extract] event 00:09-00:09 on 20230212 not fully covered by downloaded data for Australia-ASSA (gap or out of range), skipping
  -> 2 positive + 2 negative crop(s) in 110.3s (48 files)

[372] Australia-ASSA 20230213 -- 2 cataloged event(s)
    [fetch] Australia-ASSA 2023-02-13 has 92 file(s) from a simultaneous second receiver (overlapping timestamps); keeping one series
    [fetch] Australia-ASSA 2023-02-13 has mixed configs: {400: 5, 200: 48} files by channel count; keeping the majority
  -> 2 positive + 2 negative crop(s) in 109.9s (48 files)

[373] Australia-ASSA 20230214 -- 2 cataloged event(s)
    [fetch] Australia-ASSA 2023-02-14 has 92 file(s) from a simultaneous second receiver (overlapping timestamps); keeping one series
    [fetch] Australia-ASSA 2023-02-14 has mixed configs: {400: 5, 200: 48} files by channel count; keeping the majority
  -> 2 positive + 2 negative crop(s) in 110.0s (48 files)

[374] Australia-ASSA 20230216 -- 6 cataloged event(s)
    [fetch] Australia-ASSA 2023-02-16 has 92 file(s) from a simultaneous second receiver (overlapping timestamps); keeping one series
    [fetch] Australia-ASSA 2023-02-16 has mixed configs: {400: 5, 200: 48} files by channel count; keeping the majority
  -> 6 positive + 2 negative crop(s) in 110.4s (48 files)

[375] Australia-ASSA 20230217 -- 2 cataloged event(s)
    [fetch] Australia-ASSA 2023-02-17 has 92 file(s) from a simultaneous second receiver (overlapping timestamps); keeping one series
    [fetch] Australia-ASSA 2023-02-17 has mixed configs: {400: 5, 200: 48} files by channel count; keeping the majority
  -> 2 positive + 2 negative crop(s) in 110.1s (48 files)

[376] Australia-ASSA 20230218 -- 3 cataloged event(s)
    [fetch] Australia-ASSA 2023-02-18 has 92 file(s) from a simultaneous second receiver (overlapping timestamps); keeping one series
    [fetch] Australia-ASSA 2023-02-18 has mixed configs: {400: 5, 200: 48} files by channel count; keeping the majority
    [extract] event 22:19-22:19 on 20230218 not fully covered by downloaded data for Australia-ASSA (gap or out of range), skipping
  -> 2 positive + 2 negative crop(s) in 110.4s (48 files)

[377] Australia-ASSA 20230219 -- 9 cataloged event(s)
    [fetch] Australia-ASSA 2023-02-19 has 92 file(s) from a simultaneous second receiver (overlapping timestamps); keeping one series
    [fetch] Australia-ASSA 2023-02-19 has mixed configs: {400: 5, 200: 48} files by channel count; keeping the majority
  -> 9 positive + 2 negative crop(s) in 110.5s (48 files)

[378] Australia-ASSA 20230220 -- 8 cataloged event(s)
    [fetch] Australia-ASSA 2023-02-20 has 92 file(s) from a simultaneous second receiver (overlapping timestamps); keeping one series
    [fetch] Australia-ASSA 2023-02-20 has mixed configs: {400: 7, 200: 46} files by channel count; keeping the majority
  -> 8 positive + 2 negative crop(s) in 110.2s (46 files)

[379] Australia-ASSA 20230221 -- 14 cataloged event(s)
    [fetch] Australia-ASSA 2023-02-21 has 92 file(s) from a simultaneous second receiver (overlapping timestamps); keeping one series
    [fetch] Australia-ASSA 2023-02-21 has mixed configs: {400: 7, 200: 46} files by channel count; keeping the majority
    [extract] event 06:22-06:23 on 20230221 not fully covered by downloaded data for Australia-ASSA (gap or out of range), skipping
    [extract] could not parse time_range='04.50-04:50', skipping
  -> 12 positive + 2 negative crop(s) in 110.7s (46 files)

[380] Australia-ASSA 20230222 -- 2 cataloged event(s)
    [fetch] Australia-ASSA 2023-02-22 has 92 file(s) from a simultaneous second receiver (overlapping timestamps); keeping one series
    [fetch] Australia-ASSA 2023-02-22 has mixed configs: {400: 5, 200: 48} files by channel count; keeping the majority
    [extract] event 22:21-22:21 on 20230222 not fully covered by downloaded data for Australia-ASSA (gap or out of range), skipping
  -> 1 positive + 2 negative crop(s) in 110.7s (48 files)

[381] Australia-ASSA 20230223 -- 6 cataloged event(s)
    [fetch] Australia-ASSA 2023-02-23 has 84 file(s) from a simultaneous second receiver (overlapping timestamps); keeping one series
    [fetch] Australia-ASSA 2023-02-23 has mixed configs: {400: 2, 200: 51} files by channel count; keeping the majority
  -> 6 positive + 2 negative crop(s) in 104.6s (51 files)

[382] Australia-ASSA 20230224 -- 7 cataloged event(s)
    [fetch] Australia-ASSA 2023-02-24 has 53 file(s) from a simultaneous second receiver (overlapping timestamps); keeping one series
  -> 7 positive + 2 negative crop(s) in 81.9s (53 files)

[383] Australia-ASSA 20230225 -- 7 cataloged event(s)
    [fetch] Australia-ASSA 2023-02-25 has 53 file(s) from a simultaneous second receiver (overlapping timestamps); keeping one series
    [extract] could not parse time_range='01.58-01:59', skipping
  -> 6 positive + 2 negative crop(s) in 82.6s (53 files)

[384] Australia-ASSA 20230226 -- 3 cataloged event(s)
WARNING: File may have been truncated: actual file length (150464) is smaller than the expected size (725760) [astropy.io.fits.file]
WARNING: File may have been truncated: actual file length (128576) is smaller than the expected size (725760) [astropy.io.fits.file]
    [fetch] Australia-ASSA 2023-02-26 has 51 file(s) from a simultaneous second receiver (overlapping timestamps); keeping one series
  -> 3 positive + 2 negative crop(s) in 79.6s (53 files)

[385] Australia-ASSA 20230227 -- 6 cataloged event(s)
    [fetch] Australia-ASSA 2023-02-27 has 77 file(s) from a simultaneous second receiver (overlapping timestamps); keeping one series
    [fetch] Australia-ASSA 2023-02-27 has mixed configs: {400: 6, 200: 47} files by channel count; keeping the majority
    [extract] event 22:13-22:13 on 20230227 not fully covered by downloaded data for Australia-ASSA (gap or out of range), skipping
  -> 5 positive + 2 negative crop(s) in 99.5s (47 files)

[386] Australia-ASSA 20230228 -- 7 cataloged event(s)
    [fetch] Australia-ASSA 2023-02-28 has 31 file(s) from a simultaneous second receiver (overlapping timestamps); keeping one series
    [fetch] Australia-ASSA 2023-02-28 has mixed configs: {400: 10, 200: 36} files by channel count; keeping the majority
    [extract] event 00:15-00:16 on 20230228 not fully covered by downloaded data for Australia-ASSA (gap or out of range), skipping
  -> 6 positive + 2 negative crop(s) in 59.8s (36 files)

[387] Australia-ASSA 20230301 -- 1 cataloged event(s)
  -> 1 positive + 2 negative crop(s) in 31.5s (39 files)

[388] Australia-ASSA 20230303 -- 8 cataloged event(s)
    [fetch] skipping https://soleil.i4ds.ch/solarradio/data/2002-20yy_Callisto/2023/03/03/Australia-ASSA_20230303_061500_62.fit.gz: buffer is too small for requested array
    [fetch] skipping https://soleil.i4ds.ch/solarradio/data/2002-20yy_Callisto/2023/03/03/Australia-ASSA_20230303_061501_60.fit.gz: buffer is too small for requested array
    [fetch] Australia-ASSA 2023-03-03 has 78 file(s) from a simultaneous second receiver (overlapping timestamps); keeping one series
    [fetch] Australia-ASSA 2023-03-03 has mixed configs: {400: 18, 200: 35} files by channel count; keeping the majority
    [extract] event 03:17-03:19 on 20230303 not fully covered by downloaded data for Australia-ASSA (gap or out of range), skipping
    [extract] event 02:17-02:18 on 20230303 not fully covered by downloaded data for Australia-ASSA (gap or out of range), skipping
    [extract] event 01:37-01:37 on 20230303 not fully covered by downloaded data for Australia-ASSA (gap or out of range), skipping
  -> 5 positive + 2 negative crop(s) in 100.5s (35 files)

[389] Australia-ASSA 20230304 -- 7 cataloged event(s)
    [fetch] Australia-ASSA 2023-03-04 has 91 file(s) from a simultaneous second receiver (overlapping timestamps); keeping one series
    [fetch] Australia-ASSA 2023-03-04 has mixed configs: {400: 5, 200: 47} files by channel count; keeping the majority
    [extract] event 22:32-22:32 on 20230304 not fully covered by downloaded data for Australia-ASSA (gap or out of range), skipping
  -> 6 positive + 2 negative crop(s) in 109.1s (47 files)

[390] Australia-ASSA 20230305 -- 2 cataloged event(s)
    [fetch] Australia-ASSA 2023-03-05 has 86 file(s) from a simultaneous second receiver (overlapping timestamps); keeping one series
    [fetch] Australia-ASSA 2023-03-05 has mixed configs: {400: 5, 200: 45} files by channel count; keeping the majority
  -> 2 positive + 2 negative crop(s) in 105.2s (45 files)

[391] Australia-ASSA 20230307 -- 1 cataloged event(s)
    [fetch] Australia-ASSA 2023-03-07 has 92 file(s) from a simultaneous second receiver (overlapping timestamps); keeping one series
    [fetch] Australia-ASSA 2023-03-07 has mixed configs: {400: 9, 200: 44} files by channel count; keeping the majority
  -> 1 positive + 2 negative crop(s) in 111.4s (44 files)

[392] Australia-ASSA 20230309 -- 2 cataloged event(s)
    [fetch] Australia-ASSA 2023-03-09 has 92 file(s) from a simultaneous second receiver (overlapping timestamps); keeping one series
    [fetch] Australia-ASSA 2023-03-09 has mixed configs: {400: 5, 200: 48} files by channel count; keeping the majority
  -> 2 positive + 2 negative crop(s) in 110.4s (48 files)

[393] Australia-ASSA 20230311 -- 1 cataloged event(s)
    [fetch] Australia-ASSA 2023-03-11 has 92 file(s) from a simultaneous second receiver (overlapping timestamps); keeping one series
    [fetch] Australia-ASSA 2023-03-11 has mixed configs: {400: 5, 200: 48} files by channel count; keeping the majority
  -> 1 positive + 2 negative crop(s) in 112.7s (48 files)

[394] Australia-ASSA 20230312 -- 2 cataloged event(s)
    [fetch] Australia-ASSA 2023-03-12 has 92 file(s) from a simultaneous second receiver (overlapping timestamps); keeping one series
    [fetch] Australia-ASSA 2023-03-12 has mixed configs: {400: 5, 200: 48} files by channel count; keeping the majority
  -> 2 positive + 2 negative crop(s) in 112.1s (48 files)

[395] Australia-ASSA 20230313 -- 6 cataloged event(s)
    [fetch] Australia-ASSA 2023-03-13 has 92 file(s) from a simultaneous second receiver (overlapping timestamps); keeping one series
    [fetch] Australia-ASSA 2023-03-13 has mixed configs: {400: 5, 200: 48} files by channel count; keeping the majority
  -> 6 positive + 2 negative crop(s) in 111.3s (48 files)

[396] Australia-ASSA 20230314 -- 1 cataloged event(s)
    [fetch] Australia-ASSA 2023-03-14 has 92 file(s) from a simultaneous second receiver (overlapping timestamps); keeping one series
    [fetch] Australia-ASSA 2023-03-14 has mixed configs: {400: 5, 200: 48} files by channel count; keeping the majority
  -> 1 positive + 2 negative crop(s) in 113.3s (48 files)

[397] Australia-ASSA 20230315 -- 4 cataloged event(s)
    [fetch] Australia-ASSA 2023-03-15 has 92 file(s) from a simultaneous second receiver (overlapping timestamps); keeping one series
    [fetch] Australia-ASSA 2023-03-15 has mixed configs: {400: 5, 200: 48} files by channel count; keeping the majority
    [extract] could not parse time_range='01:03.01:04', skipping
    [extract] event 00:01-00:01 on 20230315 not fully covered by downloaded data for Australia-ASSA (gap or out of range), skipping
  -> 2 positive + 2 negative crop(s) in 110.1s (48 files)

[398] Australia-ASSA 20230316 -- 2 cataloged event(s)
    [fetch] Australia-ASSA 2023-03-16 has 92 file(s) from a simultaneous second receiver (overlapping timestamps); keeping one series
    [fetch] Australia-ASSA 2023-03-16 has mixed configs: {400: 5, 200: 48} files by channel count; keeping the majority
    [extract] could not parse time_range='04.15-04.15', skipping
  -> 1 positive + 2 negative crop(s) in 110.6s (48 files)

[399] Australia-ASSA 20230317 -- 4 cataloged event(s)
    [fetch] Australia-ASSA 2023-03-17 has 77 file(s) from a simultaneous second receiver (overlapping timestamps); keeping one series
    [fetch] Australia-ASSA 2023-03-17 has mixed configs: {400: 8, 200: 45} files by channel count; keeping the majority
    [extract] event 22:46-22:50 on 20230317 not fully covered by downloaded data for Australia-ASSA (gap or out of range), skipping
  -> 3 positive + 2 negative crop(s) in 99.8s (45 files)

[400] Australia-ASSA 20230318 -- 5 cataloged event(s)
    [fetch] Australia-ASSA 2023-03-18 has 39 file(s) from a simultaneous second receiver (overlapping timestamps); keeping one series
    [fetch] Australia-ASSA 2023-03-18 has mixed configs: {400: 19, 200: 34} files by channel count; keeping the majority
    [extract] event 00:32-00:36 on 20230318 not fully covered by downloaded data for Australia-ASSA (gap or out of range), skipping
    [extract] event 00:06-00:06 on 20230318 not fully covered by downloaded data for Australia-ASSA (gap or out of range), skipping
    [extract] event 05:54-05:57 on 20230318 not fully covered by downloaded data for Australia-ASSA (gap or out of range), skipping
  -> 2 positive + 2 negative crop(s) in 71.0s (34 files)

[401] Australia-ASSA 20230319 -- 3 cataloged event(s)
    [fetch] Australia-ASSA 2023-03-19 has 31 file(s) from a simultaneous second receiver (overlapping timestamps); keeping one series
    [fetch] Australia-ASSA 2023-03-19 has mixed configs: {400: 21, 200: 25} files by channel count; keeping the majority
    [extract] event 03:02-03:08 on 20230319 not fully covered by downloaded data for Australia-ASSA (gap or out of range), skipping
/home/ubuntu/Desktop/TransferLearning_CNN/ecallisto_grabber/scrape.py:123: FutureWarning: The behavior of DataFrame concatenation with empty or all-NA entries is deprecated. In a future version, this will no longer exclude empty or all-NA columns when determining the result dtypes. To retain the old behavior, exclude the relevant entries before the concat operation.
  new_meta = pd.concat([pos_meta, neg_meta], ignore_index=True)
  -> 2 positive + 2 negative crop(s) in 59.3s (25 files)

[402] Australia-ASSA 20230320 -- 1 cataloged event(s)
  -> 1 positive + 2 negative crop(s) in 31.1s (39 files)

[403] Australia-ASSA 20230323 -- 2 cataloged event(s)
    [fetch] Australia-ASSA 2023-03-23 has 54 file(s) from a simultaneous second receiver (overlapping timestamps); keeping one series
    [fetch] Australia-ASSA 2023-03-23 has mixed configs: {400: 25, 200: 28} files by channel count; keeping the majority
  -> 2 positive + 2 negative crop(s) in 82.5s (28 files)

[404] Australia-ASSA 20230324 -- 4 cataloged event(s)
    [fetch] Australia-ASSA 2023-03-24 has 121 file(s) from a simultaneous second receiver (overlapping timestamps); keeping one series
    [fetch] Australia-ASSA 2023-03-24 has mixed configs: {400: 3, 200: 48} files by channel count; keeping the majority
    [extract] event 09:41-09:41 on 20230324 not fully covered by downloaded data for Australia-ASSA (gap or out of range), skipping
  -> 3 positive + 2 negative crop(s) in 131.1s (48 files)

[405] Australia-ASSA 20230326 -- 6 cataloged event(s)
    [fetch] Australia-ASSA 2023-03-26 has 108 file(s) from a simultaneous second receiver (overlapping timestamps); keeping one series
    [fetch] Australia-ASSA 2023-03-26 has mixed configs: {400: 9, 200: 42} files by channel count; keeping the majority
    [extract] event 19:20-19:21 on 20230326 not fully covered by downloaded data for Australia-ASSA (gap or out of range), skipping
    [extract] event 05:57-05:59 on 20230326 not fully covered by downloaded data for Australia-ASSA (gap or out of range), skipping
  -> 4 positive + 2 negative crop(s) in 122.1s (42 files)

[406] Australia-ASSA 20230327 -- 9 cataloged event(s)
    [fetch] Australia-ASSA 2023-03-27 has 83 file(s) from a simultaneous second receiver (overlapping timestamps); keeping one series
    [fetch] Australia-ASSA 2023-03-27 has mixed configs: {400: 9, 200: 42} files by channel count; keeping the majority
    [extract] event 06:00-06:00 on 20230327 not fully covered by downloaded data for Australia-ASSA (gap or out of range), skipping
  -> 8 positive + 2 negative crop(s) in 103.3s (42 files)

[407] Australia-ASSA 20230328 -- 3 cataloged event(s)
    [fetch] Australia-ASSA 2023-03-28 has 121 file(s) from a simultaneous second receiver (overlapping timestamps); keeping one series
    [fetch] Australia-ASSA 2023-03-28 has mixed configs: {400: 9, 200: 42} files by channel count; keeping the majority
    [extract] event 03:03-03:05 on 20230328 not fully covered by downloaded data for Australia-ASSA (gap or out of range), skipping
  -> 2 positive + 2 negative crop(s) in 131.6s (42 files)

[408] Australia-ASSA 20230329 -- 2 cataloged event(s)
    [fetch] Australia-ASSA 2023-03-29 has 97 file(s) from a simultaneous second receiver (overlapping timestamps); keeping one series
    [fetch] Australia-ASSA 2023-03-29 has mixed configs: {400: 7, 200: 36} files by channel count; keeping the majority
    [extract] event 03:05-03:06 on 20230329 not fully covered by downloaded data for Australia-ASSA (gap or out of range), skipping
    [extract] event 03:32-03:34 on 20230329 not fully covered by downloaded data for Australia-ASSA (gap or out of range), skipping
  -> 0 positive + 2 negative crop(s) in 107.5s (36 files)

[409] Australia-ASSA 20230330 -- 13 cataloged event(s)
    [fetch] Australia-ASSA 2023-03-30 has 121 file(s) from a simultaneous second receiver (overlapping timestamps); keeping one series
    [fetch] Australia-ASSA 2023-03-30 has mixed configs: {400: 6, 200: 45} files by channel count; keeping the majority
    [extract] event 03:22-03:27 on 20230330 not fully covered by downloaded data for Australia-ASSA (gap or out of range), skipping
    [extract] event 02:59-02:59 on 20230330 not fully covered by downloaded data for Australia-ASSA (gap or out of range), skipping
    [extract] event 00:27-00:27 on 20230330 not fully covered by downloaded data for Australia-ASSA (gap or out of range), skipping
  -> 10 positive + 2 negative crop(s) in 131.8s (45 files)

[410] Australia-ASSA 20230331 -- 3 cataloged event(s)
    [fetch] Australia-ASSA 2023-03-31 has 121 file(s) from a simultaneous second receiver (overlapping timestamps); keeping one series
    [fetch] Australia-ASSA 2023-03-31 has mixed configs: {400: 9, 200: 42} files by channel count; keeping the majority
    [extract] event 06:14-06:15 on 20230331 not fully covered by downloaded data for Australia-ASSA (gap or out of range), skipping
  -> 2 positive + 2 negative crop(s) in 131.3s (42 files)

[411] Australia-ASSA 20230401 -- 2 cataloged event(s)
    [fetch] Australia-ASSA 2023-04-01 has 108 file(s) from a simultaneous second receiver (overlapping timestamps); keeping one series
    [fetch] Australia-ASSA 2023-04-01 has mixed configs: {400: 9, 200: 42} files by channel count; keeping the majority
    [extract] event 02:59-03:04 on 20230401 not fully covered by downloaded data for Australia-ASSA (gap or out of range), skipping
  -> 1 positive + 2 negative crop(s) in 121.8s (42 files)

[412] Australia-ASSA 20230402 -- 2 cataloged event(s)
    [fetch] Australia-ASSA 2023-04-02 has 83 file(s) from a simultaneous second receiver (overlapping timestamps); keeping one series
    [fetch] Australia-ASSA 2023-04-02 has mixed configs: {400: 9, 200: 42} files by channel count; keeping the majority
  -> 2 positive + 2 negative crop(s) in 102.4s (42 files)

[413] Australia-ASSA 20230403 -- 1 cataloged event(s)
    [fetch] Australia-ASSA 2023-04-03 has 110 file(s) from a simultaneous second receiver (overlapping timestamps); keeping one series
    [fetch] Australia-ASSA 2023-04-03 has mixed configs: {400: 15, 200: 36} files by channel count; keeping the majority
  -> 1 positive + 2 negative crop(s) in 123.6s (36 files)

[414] Australia-ASSA 20230404 -- 7 cataloged event(s)
    [fetch] Australia-ASSA 2023-04-04 has 121 file(s) from a simultaneous second receiver (overlapping timestamps); keeping one series
    [fetch] Australia-ASSA 2023-04-04 has mixed configs: {400: 3, 200: 48} files by channel count; keeping the majority
  -> 7 positive + 2 negative crop(s) in 131.1s (48 files)

[415] Australia-ASSA 20230407 -- 2 cataloged event(s)
    [fetch] Australia-ASSA 2023-04-07 has 105 file(s) from a simultaneous second receiver (overlapping timestamps); keeping one series
    [fetch] Australia-ASSA 2023-04-07 has mixed configs: {400: 7, 200: 44} files by channel count; keeping the majority
  -> 2 positive + 2 negative crop(s) in 120.1s (44 files)

[416] Australia-ASSA 20230411 -- 2 cataloged event(s)
    [fetch] Australia-ASSA 2023-04-11 has 107 file(s) from a simultaneous second receiver (overlapping timestamps); keeping one series
    [fetch] Australia-ASSA 2023-04-11 has mixed configs: {400: 3, 200: 42} files by channel count; keeping the majority
  -> 2 positive + 2 negative crop(s) in 116.5s (42 files)

[417] Australia-ASSA 20230412 -- 3 cataloged event(s)
    [fetch] Australia-ASSA 2023-04-12 has 107 file(s) from a simultaneous second receiver (overlapping timestamps); keeping one series
    [fetch] Australia-ASSA 2023-04-12 has mixed configs: {400: 3, 200: 42} files by channel count; keeping the majority
  -> 3 positive + 2 negative crop(s) in 117.7s (42 files)

[418] Australia-ASSA 20230413 -- 5 cataloged event(s)
    [fetch] Australia-ASSA 2023-04-13 has 95 file(s) from a simultaneous second receiver (overlapping timestamps); keeping one series
    [fetch] Australia-ASSA 2023-04-13 has mixed configs: {400: 8, 200: 37} files by channel count; keeping the majority
    [extract] event 23:42-23:43 on 20230413 not fully covered by downloaded data for Australia-ASSA (gap or out of range), skipping
  -> 4 positive + 2 negative crop(s) in 108.8s (37 files)

[419] Australia-ASSA 20230415 -- 2 cataloged event(s)
    [fetch] Australia-ASSA 2023-04-15 has 102 file(s) from a simultaneous second receiver (overlapping timestamps); keeping one series
    [fetch] Australia-ASSA 2023-04-15 has mixed configs: {400: 8, 200: 37} files by channel count; keeping the majority
    [extract] event 03:04-03:04 on 20230415 not fully covered by downloaded data for Australia-ASSA (gap or out of range), skipping
  -> 1 positive + 2 negative crop(s) in 112.9s (37 files)

[420] Australia-ASSA 20230416 -- 7 cataloged event(s)
    [fetch] Australia-ASSA 2023-04-16 has 107 file(s) from a simultaneous second receiver (overlapping timestamps); keeping one series
    [fetch] Australia-ASSA 2023-04-16 has mixed configs: {400: 3, 200: 42} files by channel count; keeping the majority
    [extract] event 03:05-03:05 on 20230416 not fully covered by downloaded data for Australia-ASSA (gap or out of range), skipping
  -> 6 positive + 2 negative crop(s) in 116.7s (42 files)

[421] Australia-ASSA 20230417 -- 10 cataloged event(s)
    [fetch] Australia-ASSA 2023-04-17 has 102 file(s) from a simultaneous second receiver (overlapping timestamps); keeping one series
    [fetch] Australia-ASSA 2023-04-17 has mixed configs: {400: 3, 200: 42} files by channel count; keeping the majority
    [extract] event 00:04-00:10 on 20230417 not fully covered by downloaded data for Australia-ASSA (gap or out of range), skipping
  -> 9 positive + 2 negative crop(s) in 112.4s (42 files)

[422] Australia-ASSA 20230418 -- 6 cataloged event(s)
    [fetch] Australia-ASSA 2023-04-18 has 107 file(s) from a simultaneous second receiver (overlapping timestamps); keeping one series
    [fetch] Australia-ASSA 2023-04-18 has mixed configs: {400: 3, 200: 42} files by channel count; keeping the majority
    [extract] event 06:00-06:01 on 20230418 not fully covered by downloaded data for Australia-ASSA (gap or out of range), skipping
  -> 5 positive + 2 negative crop(s) in 118.3s (42 files)

[423] Australia-ASSA 20230419 -- 1 cataloged event(s)
    [fetch] Australia-ASSA 2023-04-19 has 107 file(s) from a simultaneous second receiver (overlapping timestamps); keeping one series
    [fetch] Australia-ASSA 2023-04-19 has mixed configs: {400: 3, 200: 42} files by channel count; keeping the majority
  -> 1 positive + 2 negative crop(s) in 116.6s (42 files)

[424] Australia-ASSA 20230420 -- 6 cataloged event(s)
    [fetch] Australia-ASSA 2023-04-20 has 107 file(s) from a simultaneous second receiver (overlapping timestamps); keeping one series
    [fetch] Australia-ASSA 2023-04-20 has mixed configs: {400: 3, 200: 42} files by channel count; keeping the majority
    [extract] event 06:10-06:11 on 20230420 not fully covered by downloaded data for Australia-ASSA (gap or out of range), skipping
  -> 5 positive + 2 negative crop(s) in 115.7s (42 files)

[425] Australia-ASSA 20230421 -- 4 cataloged event(s)
    [fetch] Australia-ASSA 2023-04-21 has 107 file(s) from a simultaneous second receiver (overlapping timestamps); keeping one series
    [fetch] Australia-ASSA 2023-04-21 has mixed configs: {400: 3, 200: 42} files by channel count; keeping the majority
    [extract] event 03:01-03:09 on 20230421 not fully covered by downloaded data for Australia-ASSA (gap or out of range), skipping
  -> 3 positive + 2 negative crop(s) in 115.3s (42 files)

[426] Australia-ASSA 20230422 -- 6 cataloged event(s)
    [fetch] Australia-ASSA 2023-04-22 has 107 file(s) from a simultaneous second receiver (overlapping timestamps); keeping one series
    [fetch] Australia-ASSA 2023-04-22 has mixed configs: {400: 3, 200: 42} files by channel count; keeping the majority
  -> 6 positive + 2 negative crop(s) in 117.0s (42 files)

[427] Australia-ASSA 20230425 -- 3 cataloged event(s)
    [fetch] Australia-ASSA 2023-04-25 has 107 file(s) from a simultaneous second receiver (overlapping timestamps); keeping one series
    [fetch] Australia-ASSA 2023-04-25 has mixed configs: {400: 3, 200: 42} files by channel count; keeping the majority
    [extract] event 00:12-00:12 on 20230425 not fully covered by downloaded data for Australia-ASSA (gap or out of range), skipping
    [extract] event 03:05-03:05 on 20230425 not fully covered by downloaded data for Australia-ASSA (gap or out of range), skipping
  -> 1 positive + 2 negative crop(s) in 115.6s (42 files)

[428] Australia-ASSA 20230427 -- 1 cataloged event(s)
    [fetch] Australia-ASSA 2023-04-27 has 107 file(s) from a simultaneous second receiver (overlapping timestamps); keeping one series
    [fetch] Australia-ASSA 2023-04-27 has mixed configs: {400: 3, 200: 42} files by channel count; keeping the majority
  -> 1 positive + 2 negative crop(s) in 115.4s (42 files)

[429] Australia-ASSA 20230428 -- 2 cataloged event(s)
    [fetch] Australia-ASSA 2023-04-28 has 92 file(s) from a simultaneous second receiver (overlapping timestamps); keeping one series
    [fetch] Australia-ASSA 2023-04-28 has mixed configs: {400: 3, 200: 34} files by channel count; keeping the majority
    [extract] event 03:13-03:14 on 20230428 not fully covered by downloaded data for Australia-ASSA (gap or out of range), skipping
  -> 1 positive + 2 negative crop(s) in 100.7s (34 files)

[430] Australia-ASSA 20230429 -- 2 cataloged event(s)
    [fetch] Australia-ASSA 2023-04-29 has 41 file(s) from a simultaneous second receiver (overlapping timestamps); keeping one series
    [fetch] Australia-ASSA 2023-04-29 has mixed configs: {400: 1, 200: 21} files by channel count; keeping the majority
  -> 2 positive + 2 negative crop(s) in 49.1s (21 files)

[431] Australia-ASSA 20230430 -- 7 cataloged event(s)
    [fetch] Australia-ASSA 2023-04-30 has 106 file(s) from a simultaneous second receiver (overlapping timestamps); keeping one series
    [fetch] Australia-ASSA 2023-04-30 has mixed configs: {400: 13, 200: 32} files by channel count; keeping the majority
    [extract] event 03:35-03:43 on 20230430 not fully covered by downloaded data for Australia-ASSA (gap or out of range), skipping
    [extract] event 03:12-03:15 on 20230430 not fully covered by downloaded data for Australia-ASSA (gap or out of range), skipping
  -> 5 positive + 2 negative crop(s) in 114.5s (32 files)

[432] Australia-ASSA 20230501 -- 4 cataloged event(s)
    [fetch] Australia-ASSA 2023-05-01 has 102 file(s) from a simultaneous second receiver (overlapping timestamps); keeping one series
    [fetch] Australia-ASSA 2023-05-01 has mixed configs: {400: 6, 200: 39} files by channel count; keeping the majority
  -> 4 positive + 2 negative crop(s) in 111.3s (39 files)

[433] Australia-ASSA 20230502 -- 4 cataloged event(s)
    [fetch] Australia-ASSA 2023-05-02 has 81 file(s) from a simultaneous second receiver (overlapping timestamps); keeping one series
    [fetch] Australia-ASSA 2023-05-02 has mixed configs: {400: 4, 200: 42} files by channel count; keeping the majority
    [extract] event 02:32-03:21 on 20230502 not fully covered by downloaded data for Australia-ASSA (gap or out of range), skipping
  -> 3 positive + 2 negative crop(s) in 96.2s (42 files)

[434] Australia-ASSA 20230503 -- 1 cataloged event(s)
    [fetch] Australia-ASSA 2023-05-03 has 107 file(s) from a simultaneous second receiver (overlapping timestamps); keeping one series
    [fetch] Australia-ASSA 2023-05-03 has mixed configs: {400: 3, 200: 42} files by channel count; keeping the majority
  -> 1 positive + 2 negative crop(s) in 114.6s (42 files)

[435] Australia-ASSA 20230505 -- 8 cataloged event(s)
    [fetch] Australia-ASSA 2023-05-05 has 81 file(s) from a simultaneous second receiver (overlapping timestamps); keeping one series
    [fetch] Australia-ASSA 2023-05-05 has mixed configs: {400: 4, 200: 42} files by channel count; keeping the majority
  -> 8 positive + 2 negative crop(s) in 96.6s (42 files)

[436] Australia-ASSA 20230506 -- 11 cataloged event(s)
    [fetch] Australia-ASSA 2023-05-06 has 107 file(s) from a simultaneous second receiver (overlapping timestamps); keeping one series
    [fetch] Australia-ASSA 2023-05-06 has mixed configs: {400: 4, 200: 41} files by channel count; keeping the majority
    [extract] event 00:06-00:09 on 20230506 not fully covered by downloaded data for Australia-ASSA (gap or out of range), skipping
    [extract] event 03:09-03:11 on 20230506 not fully covered by downloaded data for Australia-ASSA (gap or out of range), skipping
  -> 9 positive + 2 negative crop(s) in 116.8s (41 files)
/home/ubuntu/Desktop/TransferLearning_CNN/ecallisto_grabber/scrape.py:123: FutureWarning: The behavior of DataFrame concatenation with empty or all-NA entries is deprecated. In a future version, this will no longer exclude empty or all-NA columns when determining the result dtypes. To retain the old behavior, exclude the relevant entries before the concat operation.
  new_meta = pd.concat([pos_meta, neg_meta], ignore_index=True)
/home/ubuntu/Desktop/TransferLearning_CNN/ecallisto_grabber/scrape.py:123: FutureWarning: The behavior of DataFrame concatenation with empty or all-NA entries is deprecated. In a future version, this will no longer exclude empty or all-NA columns when determining the result dtypes. To retain the old behavior, exclude the relevant entries before the concat operation.
  new_meta = pd.concat([pos_meta, neg_meta], ignore_index=True)

[437] Australia-ASSA 20230507 -- 6 cataloged event(s)
    [fetch] Australia-ASSA 2023-05-07 has 71 file(s) from a simultaneous second receiver (overlapping timestamps); keeping one series
    [fetch] Australia-ASSA 2023-05-07 has mixed configs: {400: 7, 200: 37} files by channel count; keeping the majority
    [extract] event 06:30-06:33 on 20230507 not fully covered by downloaded data for Australia-ASSA (gap or out of range), skipping
    [extract] event 05:05-05:06 on 20230507 not fully covered by downloaded data for Australia-ASSA (gap or out of range), skipping
  -> 4 positive + 2 negative crop(s) in 87.6s (37 files)

[438] Australia-ASSA 20230508 -- 7 cataloged event(s)
    [fetch] Australia-ASSA 2023-05-08 has 107 file(s) from a simultaneous second receiver (overlapping timestamps); keeping one series
    [fetch] Australia-ASSA 2023-05-08 has mixed configs: {400: 4, 200: 41} files by channel count; keeping the majority
  -> 7 positive + 2 negative crop(s) in 115.5s (41 files)

[439] Australia-ASSA 20230509 -- 3 cataloged event(s)
    [fetch] Australia-ASSA 2023-05-09 has 106 file(s) from a simultaneous second receiver (overlapping timestamps); keeping one series
    [fetch] Australia-ASSA 2023-05-09 has mixed configs: {400: 4, 200: 41} files by channel count; keeping the majority
  -> 3 positive + 2 negative crop(s) in 114.3s (41 files)

[440] Australia-ASSA 20230510 -- 4 cataloged event(s)
    [fetch] Australia-ASSA 2023-05-10 has 103 file(s) from a simultaneous second receiver (overlapping timestamps); keeping one series
    [fetch] Australia-ASSA 2023-05-10 has mixed configs: {400: 8, 200: 33} files by channel count; keeping the majority
    [extract] event 03:10-03:14 on 20230510 not fully covered by downloaded data for Australia-ASSA (gap or out of range), skipping
  -> 3 positive + 2 negative crop(s) in 109.9s (33 files)

[441] Australia-ASSA 20230511 -- 8 cataloged event(s)
    [fetch] Australia-ASSA 2023-05-11 has 66 file(s) from a simultaneous second receiver (overlapping timestamps); keeping one series
    [fetch] Australia-ASSA 2023-05-11 has mixed configs: {400: 5, 200: 42} files by channel count; keeping the majority
  -> 8 positive + 2 negative crop(s) in 87.0s (42 files)

[442] Australia-ASSA 20230512 -- 1 cataloged event(s)
    [fetch] Australia-ASSA 2023-05-12 has 59 file(s) from a simultaneous second receiver (overlapping timestamps); keeping one series
    [fetch] Australia-ASSA 2023-05-12 has mixed configs: {400: 12, 200: 20} files by channel count; keeping the majority
  -> 1 positive + 2 negative crop(s) in 69.6s (20 files)

[443] Australia-ASSA 20230514 -- 1 cataloged event(s)
    [fetch] Australia-ASSA 2023-05-14 has 84 file(s) from a simultaneous second receiver (overlapping timestamps); keeping one series
    [fetch] Australia-ASSA 2023-05-14 has mixed configs: {400: 9, 200: 33} files by channel count; keeping the majority
  -> 1 positive + 2 negative crop(s) in 95.2s (33 files)

[444] Australia-ASSA 20230515 -- 2 cataloged event(s)
    [fetch] Australia-ASSA 2023-05-15 has 85 file(s) from a simultaneous second receiver (overlapping timestamps); keeping one series
    [fetch] Australia-ASSA 2023-05-15 has mixed configs: {400: 9, 200: 33} files by channel count; keeping the majority
    [extract] event 03:20-03:21 on 20230515 not fully covered by downloaded data for Australia-ASSA (gap or out of range), skipping
    [extract] event 00:18-00:18 on 20230515 not fully covered by downloaded data for Australia-ASSA (gap or out of range), skipping
  -> 0 positive + 2 negative crop(s) in 99.3s (33 files)

[445] Australia-ASSA 20230516 -- 2 cataloged event(s)
    [fetch] Australia-ASSA 2023-05-16 has 116 file(s) from a simultaneous second receiver (overlapping timestamps); keeping one series
    [fetch] Australia-ASSA 2023-05-16 has mixed configs: {400: 9, 200: 33} files by channel count; keeping the majority
    [extract] could not parse time_range='02:42.02:42', skipping
  -> 1 positive + 2 negative crop(s) in 119.0s (33 files)

[446] Australia-ASSA 20230517 -- 2 cataloged event(s)
    [fetch] Australia-ASSA 2023-05-17 has 116 file(s) from a simultaneous second receiver (overlapping timestamps); keeping one series
    [fetch] Australia-ASSA 2023-05-17 has mixed configs: {400: 11, 200: 31} files by channel count; keeping the majority
  -> 2 positive + 2 negative crop(s) in 119.5s (31 files)

[447] Australia-ASSA 20230518 -- 3 cataloged event(s)
    [fetch] Australia-ASSA 2023-05-18 has 114 file(s) from a simultaneous second receiver (overlapping timestamps); keeping one series
    [fetch] Australia-ASSA 2023-05-18 has mixed configs: {400: 8, 200: 34} files by channel count; keeping the majority
    [extract] event 03:42-03:43 on 20230518 not fully covered by downloaded data for Australia-ASSA (gap or out of range), skipping
  -> 2 positive + 2 negative crop(s) in 117.7s (34 files)

[448] Australia-ASSA 20230519 -- 2 cataloged event(s)
    [fetch] Australia-ASSA 2023-05-19 has 117 file(s) from a simultaneous second receiver (overlapping timestamps); keeping one series
    [fetch] Australia-ASSA 2023-05-19 has mixed configs: {400: 9, 200: 33} files by channel count; keeping the majority
    [extract] event 00:12-00:13 on 20230519 not fully covered by downloaded data for Australia-ASSA (gap or out of range), skipping
  -> 1 positive + 2 negative crop(s) in 119.9s (33 files)

[449] Australia-ASSA 20230520 -- 3 cataloged event(s)
    [fetch] Australia-ASSA 2023-05-20 has 117 file(s) from a simultaneous second receiver (overlapping timestamps); keeping one series
    [fetch] Australia-ASSA 2023-05-20 has mixed configs: {400: 9, 200: 33} files by channel count; keeping the majority
    [extract] event 05:00-05:08 on 20230520 not fully covered by downloaded data for Australia-ASSA (gap or out of range), skipping
    [extract] event 04:41-04:48 on 20230520 not fully covered by downloaded data for Australia-ASSA (gap or out of range), skipping
  -> 1 positive + 2 negative crop(s) in 120.2s (33 files)

[450] Australia-ASSA 20230603 -- 1 cataloged event(s)
    [fetch] Australia-ASSA 2023-06-03 has 65 file(s) from a simultaneous second receiver (overlapping timestamps); keeping one series
    [fetch] Australia-ASSA 2023-06-03 has mixed configs: {400: 9, 200: 33} files by channel count; keeping the majority
    [extract] event 00:08-00:08 on 20230603 not fully covered by downloaded data for Australia-ASSA (gap or out of range), skipping
  -> 0 positive + 2 negative crop(s) in 81.6s (33 files)

[451] Australia-ASSA 20230604 -- 1 cataloged event(s)
    [fetch] Australia-ASSA 2023-06-04 has 65 file(s) from a simultaneous second receiver (overlapping timestamps); keeping one series
    [fetch] Australia-ASSA 2023-06-04 has mixed configs: {400: 7, 200: 35} files by channel count; keeping the majority
  -> 1 positive + 2 negative crop(s) in 84.3s (35 files)

[452] Australia-ASSA 20230605 -- 8 cataloged event(s)
    [fetch] Australia-ASSA 2023-06-05 has 64 file(s) from a simultaneous second receiver (overlapping timestamps); keeping one series
    [fetch] Australia-ASSA 2023-06-05 has mixed configs: {400: 9, 200: 33} files by channel count; keeping the majority
    [extract] event 00:24-00:24 on 20230605 not fully covered by downloaded data for Australia-ASSA (gap or out of range), skipping
    [extract] event 01:58-01:58 on 20230605 not fully covered by downloaded data for Australia-ASSA (gap or out of range), skipping
    [extract] event 00:36-00:39 on 20230605 not fully covered by downloaded data for Australia-ASSA (gap or out of range), skipping
  -> 5 positive + 2 negative crop(s) in 81.0s (33 files)

[453] Australia-ASSA 20230606 -- 2 cataloged event(s)
    [fetch] Australia-ASSA 2023-06-06 has 65 file(s) from a simultaneous second receiver (overlapping timestamps); keeping one series
    [fetch] Australia-ASSA 2023-06-06 has mixed configs: {400: 9, 200: 33} files by channel count; keeping the majority
  -> 2 positive + 2 negative crop(s) in 82.2s (33 files)

[454] Australia-ASSA 20230607 -- 1 cataloged event(s)
/home/ubuntu/Desktop/TransferLearning_CNN/ecallisto_grabber/scrape.py:123: FutureWarning: The behavior of DataFrame concatenation with empty or all-NA entries is deprecated. In a future version, this will no longer exclude empty or all-NA columns when determining the result dtypes. To retain the old behavior, exclude the relevant entries before the concat operation.
  new_meta = pd.concat([pos_meta, neg_meta], ignore_index=True)
/home/ubuntu/Desktop/TransferLearning_CNN/ecallisto_grabber/scrape.py:123: FutureWarning: The behavior of DataFrame concatenation with empty or all-NA entries is deprecated. In a future version, this will no longer exclude empty or all-NA columns when determining the result dtypes. To retain the old behavior, exclude the relevant entries before the concat operation.
  new_meta = pd.concat([pos_meta, neg_meta], ignore_index=True)
/home/ubuntu/Desktop/TransferLearning_CNN/ecallisto_grabber/scrape.py:123: FutureWarning: The behavior of DataFrame concatenation with empty or all-NA entries is deprecated. In a future version, this will no longer exclude empty or all-NA columns when determining the result dtypes. To retain the old behavior, exclude the relevant entries before the concat operation.
  new_meta = pd.concat([pos_meta, neg_meta], ignore_index=True)
/home/ubuntu/Desktop/TransferLearning_CNN/ecallisto_grabber/scrape.py:123: FutureWarning: The behavior of DataFrame concatenation with empty or all-NA entries is deprecated. In a future version, this will no longer exclude empty or all-NA columns when determining the result dtypes. To retain the old behavior, exclude the relevant entries before the concat operation.
  new_meta = pd.concat([pos_meta, neg_meta], ignore_index=True)
    [fetch] Australia-ASSA 2023-06-07 has 65 file(s) from a simultaneous second receiver (overlapping timestamps); keeping one series
    [fetch] Australia-ASSA 2023-06-07 has mixed configs: {400: 9, 200: 33} files by channel count; keeping the majority
    [extract] event 03:26-03:28 on 20230607 not fully covered by downloaded data for Australia-ASSA (gap or out of range), skipping
  -> 0 positive + 2 negative crop(s) in 83.3s (33 files)

[455] Australia-ASSA 20230609 -- 1 cataloged event(s)
    [fetch] Australia-ASSA 2023-06-09 has 22 file(s) from a simultaneous second receiver (overlapping timestamps); keeping one series
    [fetch] Australia-ASSA 2023-06-09 has mixed configs: {400: 23, 200: 19} files by channel count; keeping the majority
    [extract] event 06:09-06:11 on 20230609 not fully covered by downloaded data for Australia-ASSA (gap or out of range), skipping
  -> 0 positive + 2 negative crop(s) in 49.9s (23 files)

[456] Australia-ASSA 20230613 -- 2 cataloged event(s)
    [fetch] Australia-ASSA 2023-06-13 has 41 file(s) from a simultaneous second receiver (overlapping timestamps); keeping one series
    [fetch] Australia-ASSA 2023-06-13 has mixed configs: {400: 10, 200: 19} files by channel count; keeping the majority
    [extract] event 03:39-03:40 on 20230613 not fully covered by downloaded data for Australia-ASSA (gap or out of range), skipping
  -> 1 positive + 2 negative crop(s) in 54.2s (19 files)

[457] Australia-ASSA 20230614 -- 2 cataloged event(s)
    [fetch] Australia-ASSA 2023-06-14 has 35 file(s) from a simultaneous second receiver (overlapping timestamps); keeping one series
    [fetch] Australia-ASSA 2023-06-14 has mixed configs: {400: 21, 200: 22} files by channel count; keeping the majority
    [extract] event 02:19-02:19 on 20230614 not fully covered by downloaded data for Australia-ASSA (gap or out of range), skipping
  -> 1 positive + 2 negative crop(s) in 60.1s (22 files)

[458] Australia-ASSA 20230615 -- 1 cataloged event(s)
    [fetch] Australia-ASSA 2023-06-15 has 57 file(s) from a simultaneous second receiver (overlapping timestamps); keeping one series
    [fetch] Australia-ASSA 2023-06-15 has mixed configs: {400: 9, 200: 33} files by channel count; keeping the majority
    [extract] event 05:12-05:17 on 20230615 not fully covered by downloaded data for Australia-ASSA (gap or out of range), skipping
  -> 0 positive + 2 negative crop(s) in 75.4s (33 files)

[459] Australia-ASSA 20230616 -- 1 cataloged event(s)
    [fetch] Australia-ASSA 2023-06-16 has 57 file(s) from a simultaneous second receiver (overlapping timestamps); keeping one series
    [fetch] Australia-ASSA 2023-06-16 has mixed configs: {200: 26, 400: 8} files by channel count; keeping the majority
    [extract] event 02:13-02:15 on 20230616 not fully covered by downloaded data for Australia-ASSA (gap or out of range), skipping
  -> 0 positive + 2 negative crop(s) in 69.5s (26 files)

[460] Australia-ASSA 20230618 -- 2 cataloged event(s)
    [fetch] Australia-ASSA 2023-06-18 has 65 file(s) from a simultaneous second receiver (overlapping timestamps); keeping one series
    [fetch] Australia-ASSA 2023-06-18 has mixed configs: {400: 7, 200: 35} files by channel count; keeping the majority
  -> 2 positive + 2 negative crop(s) in 81.3s (35 files)

[461] Australia-ASSA 20230619 -- 2 cataloged event(s)
    [fetch] Australia-ASSA 2023-06-19 has 45 file(s) from a simultaneous second receiver (overlapping timestamps); keeping one series
    [fetch] Australia-ASSA 2023-06-19 has mixed configs: {400: 5, 200: 36} files by channel count; keeping the majority
  -> 2 positive + 2 negative crop(s) in 66.4s (36 files)

[462] Australia-ASSA 20230620 -- 1 cataloged event(s)
    [fetch] Australia-ASSA 2023-06-20 has 64 file(s) from a simultaneous second receiver (overlapping timestamps); keeping one series
    [fetch] Australia-ASSA 2023-06-20 has mixed configs: {400: 7, 200: 33} files by channel count; keeping the majority
  -> 1 positive + 2 negative crop(s) in 79.3s (33 files)

[463] Australia-ASSA 20230622 -- 3 cataloged event(s)
    [fetch] Australia-ASSA 2023-06-22 has 53 file(s) from a simultaneous second receiver (overlapping timestamps); keeping one series
    [fetch] Australia-ASSA 2023-06-22 has mixed configs: {400: 7, 200: 24} files by channel count; keeping the majority
    [extract] event 03:19-03:19 on 20230622 not fully covered by downloaded data for Australia-ASSA (gap or out of range), skipping
    [extract] event 00:24-00:30 on 20230622 not fully covered by downloaded data for Australia-ASSA (gap or out of range), skipping
  -> 1 positive + 2 negative crop(s) in 64.9s (24 files)

[464] Australia-ASSA 20230623 -- 4 cataloged event(s)
    [fetch] Australia-ASSA 2023-06-23 has 44 file(s) from a simultaneous second receiver (overlapping timestamps); keeping one series
    [fetch] Australia-ASSA 2023-06-23 has mixed configs: {400: 4, 200: 27} files by channel count; keeping the majority
    [extract] event 03:02-03:05 on 20230623 not fully covered by downloaded data for Australia-ASSA (gap or out of range), skipping
  -> 3 positive + 2 negative crop(s) in 58.1s (27 files)

[465] Australia-ASSA 20230624 -- 5 cataloged event(s)
    [fetch] Australia-ASSA 2023-06-24 has 25 file(s) from a simultaneous second receiver (overlapping timestamps); keeping one series
    [fetch] Australia-ASSA 2023-06-24 has mixed configs: {400: 6, 200: 32} files by channel count; keeping the majority
    [extract] event 00:43-00:44 on 20230624 not fully covered by downloaded data for Australia-ASSA (gap or out of range), skipping
    [extract] event 00:07-00:10 on 20230624 not fully covered by downloaded data for Australia-ASSA (gap or out of range), skipping
  -> 3 positive + 2 negative crop(s) in 49.2s (32 files)

[466] Australia-ASSA 20230702 -- 3 cataloged event(s)
    [fetch] Australia-ASSA 2023-07-02 has 66 file(s) from a simultaneous second receiver (overlapping timestamps); keeping one series
    [fetch] Australia-ASSA 2023-07-02 has mixed configs: {400: 7, 200: 35} files by channel count; keeping the majority
  -> 3 positive + 2 negative crop(s) in 83.7s (35 files)

[467] Australia-ASSA 20230703 -- 4 cataloged event(s)
    [fetch] Australia-ASSA 2023-07-03 has 64 file(s) from a simultaneous second receiver (overlapping timestamps); keeping one series
    [fetch] Australia-ASSA 2023-07-03 has mixed configs: {400: 8, 200: 34} files by channel count; keeping the majority
  -> 4 positive + 2 negative crop(s) in 80.9s (34 files)

[468] Australia-ASSA 20230704 -- 5 cataloged event(s)
    [fetch] Australia-ASSA 2023-07-04 has 64 file(s) from a simultaneous second receiver (overlapping timestamps); keeping one series
    [fetch] Australia-ASSA 2023-07-04 has mixed configs: {400: 8, 200: 34} files by channel count; keeping the majority
    [extract] event 03:14-03:17 on 20230704 not fully covered by downloaded data for Australia-ASSA (gap or out of range), skipping
  -> 4 positive + 2 negative crop(s) in 81.4s (34 files)

[469] Australia-ASSA 20230705 -- 2 cataloged event(s)
    [fetch] Australia-ASSA 2023-07-05 has 66 file(s) from a simultaneous second receiver (overlapping timestamps); keeping one series
    [fetch] Australia-ASSA 2023-07-05 has mixed configs: {400: 8, 200: 34} files by channel count; keeping the majority
    [extract] event 00:43-00:43 on 20230705 not fully covered by downloaded data for Australia-ASSA (gap or out of range), skipping
  -> 1 positive + 2 negative crop(s) in 82.8s (34 files)

[470] Australia-ASSA 20230706 -- 3 cataloged event(s)
    [fetch] Australia-ASSA 2023-07-06 has 66 file(s) from a simultaneous second receiver (overlapping timestamps); keeping one series
    [fetch] Australia-ASSA 2023-07-06 has mixed configs: {400: 7, 200: 35} files by channel count; keeping the majority
  -> 3 positive + 2 negative crop(s) in 84.9s (35 files)

[471] Australia-ASSA 20230707 -- 5 cataloged event(s)
    [fetch] Australia-ASSA 2023-07-07 has 66 file(s) from a simultaneous second receiver (overlapping timestamps); keeping one series
/home/ubuntu/Desktop/TransferLearning_CNN/ecallisto_grabber/scrape.py:123: FutureWarning: The behavior of DataFrame concatenation with empty or all-NA entries is deprecated. In a future version, this will no longer exclude empty or all-NA columns when determining the result dtypes. To retain the old behavior, exclude the relevant entries before the concat operation.
  new_meta = pd.concat([pos_meta, neg_meta], ignore_index=True)
    [fetch] Australia-ASSA 2023-07-07 has mixed configs: {400: 8, 200: 34} files by channel count; keeping the majority
    [extract] event 04:43-04:46 on 20230707 not fully covered by downloaded data for Australia-ASSA (gap or out of range), skipping
  -> 4 positive + 2 negative crop(s) in 83.3s (34 files)

[472] Australia-ASSA 20230708 -- 3 cataloged event(s)
    [fetch] Australia-ASSA 2023-07-08 has 44 file(s) from a simultaneous second receiver (overlapping timestamps); keeping one series
    [fetch] Australia-ASSA 2023-07-08 has mixed configs: {400: 7, 200: 20} files by channel count; keeping the majority
    [extract] event 01:47-01:51 on 20230708 not fully covered by downloaded data for Australia-ASSA (gap or out of range), skipping
  -> 2 positive + 2 negative crop(s) in 55.6s (20 files)

[473] Australia-ASSA 20230709 -- 9 cataloged event(s)
    [fetch] Australia-ASSA 2023-07-09 has 66 file(s) from a simultaneous second receiver (overlapping timestamps); keeping one series
    [fetch] Australia-ASSA 2023-07-09 has mixed configs: {400: 9, 200: 33} files by channel count; keeping the majority
    [extract] event 00:40-00:40 on 20230709 not fully covered by downloaded data for Australia-ASSA (gap or out of range), skipping
    [extract] event 00:15-00:23 on 20230709 not fully covered by downloaded data for Australia-ASSA (gap or out of range), skipping
    [extract] event 05:01-05:01 on 20230709 not fully covered by downloaded data for Australia-ASSA (gap or out of range), skipping
    [extract] event 03:24-03:37 on 20230709 not fully covered by downloaded data for Australia-ASSA (gap or out of range), skipping
  -> 5 positive + 2 negative crop(s) in 83.3s (33 files)

[474] Australia-ASSA 20230710 -- 4 cataloged event(s)
    [fetch] Australia-ASSA 2023-07-10 has 66 file(s) from a simultaneous second receiver (overlapping timestamps); keeping one series
    [fetch] Australia-ASSA 2023-07-10 has mixed configs: {400: 9, 200: 33} files by channel count; keeping the majority
    [extract] event 00:26-00:33 on 20230710 not fully covered by downloaded data for Australia-ASSA (gap or out of range), skipping
    [extract] event 03:33-03:37 on 20230710 not fully covered by downloaded data for Australia-ASSA (gap or out of range), skipping
    [extract] event 03:45-04:03 on 20230710 not fully covered by downloaded data for Australia-ASSA (gap or out of range), skipping
    [extract] event 03:39-03:44 on 20230710 not fully covered by downloaded data for Australia-ASSA (gap or out of range), skipping
  -> 0 positive + 2 negative crop(s) in 82.7s (33 files)

[475] Australia-ASSA 20230714 -- 5 cataloged event(s)
    [fetch] Australia-ASSA 2023-07-14 has 66 file(s) from a simultaneous second receiver (overlapping timestamps); keeping one series
    [fetch] Australia-ASSA 2023-07-14 has mixed configs: {400: 9, 200: 33} files by channel count; keeping the majority
    [extract] event 09:29-09:30 on 20230714 not fully covered by downloaded data for Australia-ASSA (gap or out of range), skipping
    [extract] event 02:15-02:15 on 20230714 not fully covered by downloaded data for Australia-ASSA (gap or out of range), skipping
    [extract] event 00:35-00:36 on 20230714 not fully covered by downloaded data for Australia-ASSA (gap or out of range), skipping
  -> 2 positive + 2 negative crop(s) in 82.9s (33 files)

[476] Australia-ASSA 20230715 -- 9 cataloged event(s)
    [fetch] Australia-ASSA 2023-07-15 has 66 file(s) from a simultaneous second receiver (overlapping timestamps); keeping one series
    [fetch] Australia-ASSA 2023-07-15 has mixed configs: {400: 7, 200: 35} files by channel count; keeping the majority
    [extract] event 00:25-00:25 on 20230715 not fully covered by downloaded data for Australia-ASSA (gap or out of range), skipping
    [extract] event 00:25-00:28 on 20230715 not fully covered by downloaded data for Australia-ASSA (gap or out of range), skipping
    [extract] event 01:53-01:54 on 20230715 not fully covered by downloaded data for Australia-ASSA (gap or out of range), skipping
  -> 6 positive + 2 negative crop(s) in 82.7s (35 files)

[477] Australia-ASSA 20230717 -- 8 cataloged event(s)
    [fetch] Australia-ASSA 2023-07-17 has 66 file(s) from a simultaneous second receiver (overlapping timestamps); keeping one series
    [fetch] Australia-ASSA 2023-07-17 has mixed configs: {400: 7, 200: 35} files by channel count; keeping the majority
  -> 8 positive + 2 negative crop(s) in 82.9s (35 files)

[478] Australia-ASSA 20230718 -- 2 cataloged event(s)
    [fetch] Australia-ASSA 2023-07-18 has 66 file(s) from a simultaneous second receiver (overlapping timestamps); keeping one series
    [fetch] Australia-ASSA 2023-07-18 has mixed configs: {400: 8, 200: 34} files by channel count; keeping the majority
  -> 2 positive + 2 negative crop(s) in 82.5s (34 files)

[479] Australia-ASSA 20230719 -- 3 cataloged event(s)
    [fetch] Australia-ASSA 2023-07-19 has 64 file(s) from a simultaneous second receiver (overlapping timestamps); keeping one series
    [fetch] Australia-ASSA 2023-07-19 has mixed configs: {400: 8, 200: 34} files by channel count; keeping the majority
  -> 3 positive + 2 negative crop(s) in 80.8s (34 files)

[480] Australia-ASSA 20230720 -- 1 cataloged event(s)
    [fetch] Australia-ASSA 2023-07-20 has 65 file(s) from a simultaneous second receiver (overlapping timestamps); keeping one series
    [fetch] Australia-ASSA 2023-07-20 has mixed configs: {400: 13, 200: 30} files by channel count; keeping the majority
  -> 1 positive + 2 negative crop(s) in 82.5s (30 files)

[481] Australia-ASSA 20230721 -- 3 cataloged event(s)
    [fetch] Australia-ASSA 2023-07-21 has 65 file(s) from a simultaneous second receiver (overlapping timestamps); keeping one series
    [fetch] Australia-ASSA 2023-07-21 has mixed configs: {400: 13, 200: 30} files by channel count; keeping the majority
    [extract] event 00:35-00:37 on 20230721 not fully covered by downloaded data for Australia-ASSA (gap or out of range), skipping
  -> 2 positive + 2 negative crop(s) in 82.4s (30 files)

[482] Australia-ASSA 20230722 -- 7 cataloged event(s)
    [fetch] Australia-ASSA 2023-07-22 has 65 file(s) from a simultaneous second receiver (overlapping timestamps); keeping one series
    [fetch] Australia-ASSA 2023-07-22 has mixed configs: {400: 13, 200: 30} files by channel count; keeping the majority
    [extract] event 03:51-03:52 on 20230722 not fully covered by downloaded data for Australia-ASSA (gap or out of range), skipping
    [extract] event 01:57-01:59 on 20230722 not fully covered by downloaded data for Australia-ASSA (gap or out of range), skipping
    [extract] event 00:35-00:35 on 20230722 not fully covered by downloaded data for Australia-ASSA (gap or out of range), skipping
    [extract] event 00:16-00:16 on 20230722 not fully covered by downloaded data for Australia-ASSA (gap or out of range), skipping
  -> 3 positive + 2 negative crop(s) in 82.5s (30 files)

[483] Australia-ASSA 20230724 -- 3 cataloged event(s)
    [fetch] Australia-ASSA 2023-07-24 has 65 file(s) from a simultaneous second receiver (overlapping timestamps); keeping one series
    [fetch] Australia-ASSA 2023-07-24 has mixed configs: {400: 13, 200: 30} files by channel count; keeping the majority
    [extract] event 03:54-03:54 on 20230724 not fully covered by downloaded data for Australia-ASSA (gap or out of range), skipping
    [extract] event 00:39-00:39 on 20230724 not fully covered by downloaded data for Australia-ASSA (gap or out of range), skipping
  -> 1 positive + 2 negative crop(s) in 82.3s (30 files)

[484] Australia-ASSA 20230726 -- 4 cataloged event(s)
    [fetch] Australia-ASSA 2023-07-26 has 34 file(s) from a simultaneous second receiver (overlapping timestamps); keeping one series
    [fetch] Australia-ASSA 2023-07-26 has mixed configs: {400: 22, 200: 22} files by channel count; keeping the majority
    [extract] event 23:35-23:36 on 20230726 not fully covered by downloaded data for Australia-ASSA (gap or out of range), skipping
  -> 3 positive + 2 negative crop(s) in 60.3s (22 files)

[485] Australia-ASSA 20230727 -- 2 cataloged event(s)
/home/ubuntu/Desktop/TransferLearning_CNN/ecallisto_grabber/scrape.py:123: FutureWarning: The behavior of DataFrame concatenation with empty or all-NA entries is deprecated. In a future version, this will no longer exclude empty or all-NA columns when determining the result dtypes. To retain the old behavior, exclude the relevant entries before the concat operation.
  new_meta = pd.concat([pos_meta, neg_meta], ignore_index=True)
/home/ubuntu/Desktop/TransferLearning_CNN/ecallisto_grabber/scrape.py:123: FutureWarning: The behavior of DataFrame concatenation with empty or all-NA entries is deprecated. In a future version, this will no longer exclude empty or all-NA columns when determining the result dtypes. To retain the old behavior, exclude the relevant entries before the concat operation.
  new_meta = pd.concat([pos_meta, neg_meta], ignore_index=True)
    [fetch] Australia-ASSA 2023-07-27 has 65 file(s) from a simultaneous second receiver (overlapping timestamps); keeping one series
    [fetch] Australia-ASSA 2023-07-27 has mixed configs: {400: 13, 200: 30} files by channel count; keeping the majority
    [extract] event 00:32-00:33 on 20230727 not fully covered by downloaded data for Australia-ASSA (gap or out of range), skipping
  -> 1 positive + 2 negative crop(s) in 82.4s (30 files)

[486] Australia-ASSA 20230728 -- 2 cataloged event(s)
    [fetch] Australia-ASSA 2023-07-28 has 48 file(s) from a simultaneous second receiver (overlapping timestamps); keeping one series
    [fetch] Australia-ASSA 2023-07-28 has mixed configs: {400: 12, 200: 17} files by channel count; keeping the majority
    [extract] event 01:47-01:48 on 20230728 not fully covered by downloaded data for Australia-ASSA (gap or out of range), skipping
  -> 1 positive + 2 negative crop(s) in 59.5s (17 files)

[487] Australia-ASSA 20230729 -- 8 cataloged event(s)
    [fetch] Australia-ASSA 2023-07-29 has 65 file(s) from a simultaneous second receiver (overlapping timestamps); keeping one series
    [fetch] Australia-ASSA 2023-07-29 has mixed configs: {400: 6, 200: 37} files by channel count; keeping the majority
    [extract] event 01:50-01:51 on 20230729 not fully covered by downloaded data for Australia-ASSA (gap or out of range), skipping
    [extract] event 04:47-04:56 on 20230729 not fully covered by downloaded data for Australia-ASSA (gap or out of range), skipping
  -> 6 positive + 2 negative crop(s) in 82.2s (37 files)

[488] Australia-ASSA 20230730 -- 3 cataloged event(s)
    [fetch] Australia-ASSA 2023-07-30 has 48 file(s) from a simultaneous second receiver (overlapping timestamps); keeping one series
    [fetch] Australia-ASSA 2023-07-30 has mixed configs: {400: 13, 200: 29} files by channel count; keeping the majority
    [extract] event 05:02-05:04 on 20230730 not fully covered by downloaded data for Australia-ASSA (gap or out of range), skipping
  -> 2 positive + 2 negative crop(s) in 69.2s (29 files)

[489] Australia-ASSA 20230731 -- 4 cataloged event(s)
    [fetch] Australia-ASSA 2023-07-31 has 32 file(s) from a simultaneous second receiver (overlapping timestamps); keeping one series
    [fetch] Australia-ASSA 2023-07-31 has mixed configs: {400: 15, 200: 21} files by channel count; keeping the majority
    [extract] event 23:36-23:44 on 20230731 not fully covered by downloaded data for Australia-ASSA (gap or out of range), skipping
    [extract] event 03:55-03:56 on 20230731 not fully covered by downloaded data for Australia-ASSA (gap or out of range), skipping
  -> 2 positive + 2 negative crop(s) in 52.5s (21 files)

[490] Australia-ASSA 20230801 -- 2 cataloged event(s)
    [fetch] Australia-ASSA 2023-08-01 has 65 file(s) from a simultaneous second receiver (overlapping timestamps); keeping one series
    [fetch] Australia-ASSA 2023-08-01 has mixed configs: {400: 13, 200: 30} files by channel count; keeping the majority
    [extract] event 00:05-00:05 on 20230801 not fully covered by downloaded data for Australia-ASSA (gap or out of range), skipping
  -> 1 positive + 2 negative crop(s) in 82.8s (30 files)

[491] Australia-ASSA 20230802 -- 3 cataloged event(s)
    [fetch] Australia-ASSA 2023-08-02 has 65 file(s) from a simultaneous second receiver (overlapping timestamps); keeping one series
    [fetch] Australia-ASSA 2023-08-02 has mixed configs: {400: 13, 200: 30} files by channel count; keeping the majority
  -> 3 positive + 2 negative crop(s) in 82.6s (30 files)

[492] Australia-ASSA 20230804 -- 2 cataloged event(s)
    [fetch] Australia-ASSA 2023-08-04 has 55 file(s) from a simultaneous second receiver (overlapping timestamps); keeping one series
    [fetch] Australia-ASSA 2023-08-04 has mixed configs: {400: 13, 200: 28} files by channel count; keeping the majority
    [extract] event 03:12-03:15 on 20230804 not fully covered by downloaded data for Australia-ASSA (gap or out of range), skipping
    [extract] event 00:21-00:24 on 20230804 not fully covered by downloaded data for Australia-ASSA (gap or out of range), skipping
  -> 0 positive + 2 negative crop(s) in 73.8s (28 files)

[493] Australia-ASSA 20230805 -- 7 cataloged event(s)
    [fetch] Australia-ASSA 2023-08-05 has 65 file(s) from a simultaneous second receiver (overlapping timestamps); keeping one series
    [fetch] Australia-ASSA 2023-08-05 has mixed configs: {400: 13, 200: 30} files by channel count; keeping the majority
    [extract] event 01:46-01:52 on 20230805 not fully covered by downloaded data for Australia-ASSA (gap or out of range), skipping
    [extract] event 02:24-02:24 on 20230805 not fully covered by downloaded data for Australia-ASSA (gap or out of range), skipping
    [extract] event 00:35-00:35 on 20230805 not fully covered by downloaded data for Australia-ASSA (gap or out of range), skipping
    [extract] event 04:46-04:51 on 20230805 not fully covered by downloaded data for Australia-ASSA (gap or out of range), skipping
  -> 3 positive + 2 negative crop(s) in 84.4s (30 files)

[494] Australia-ASSA 20230806 -- 4 cataloged event(s)
    [fetch] Australia-ASSA 2023-08-06 has 65 file(s) from a simultaneous second receiver (overlapping timestamps); keeping one series
    [fetch] Australia-ASSA 2023-08-06 has mixed configs: {400: 13, 200: 30} files by channel count; keeping the majority
    [extract] event 00:22-00:25 on 20230806 not fully covered by downloaded data for Australia-ASSA (gap or out of range), skipping
  -> 3 positive + 2 negative crop(s) in 82.4s (30 files)

[495] Australia-ASSA 20230807 -- 5 cataloged event(s)
    [fetch] Australia-ASSA 2023-08-07 has 65 file(s) from a simultaneous second receiver (overlapping timestamps); keeping one series
    [fetch] Australia-ASSA 2023-08-07 has mixed configs: {400: 14, 200: 29} files by channel count; keeping the majority
    [extract] event 01:49-01:52 on 20230807 not fully covered by downloaded data for Australia-ASSA (gap or out of range), skipping
    [extract] event 02:27-02:28 on 20230807 not fully covered by downloaded data for Australia-ASSA (gap or out of range), skipping
  -> 3 positive + 2 negative crop(s) in 82.6s (29 files)

[496] Australia-ASSA 20230808 -- 2 cataloged event(s)
    [fetch] Australia-ASSA 2023-08-08 has 65 file(s) from a simultaneous second receiver (overlapping timestamps); keeping one series
    [fetch] Australia-ASSA 2023-08-08 has mixed configs: {400: 13, 200: 30} files by channel count; keeping the majority
    [extract] event 03:55-03:55 on 20230808 not fully covered by downloaded data for Australia-ASSA (gap or out of range), skipping
    [extract] event 00:04-00:05 on 20230808 not fully covered by downloaded data for Australia-ASSA (gap or out of range), skipping
  -> 0 positive + 2 negative crop(s) in 82.2s (30 files)

[497] Australia-ASSA 20230810 -- 3 cataloged event(s)
    [fetch] Australia-ASSA 2023-08-10 has 74 file(s) from a simultaneous second receiver (overlapping timestamps); keeping one series
    [fetch] Australia-ASSA 2023-08-10 has mixed configs: {400: 8, 200: 37} files by channel count; keeping the majority
    [extract] event 00:25-00:27 on 20230810 not fully covered by downloaded data for Australia-ASSA (gap or out of range), skipping
  -> 2 positive + 2 negative crop(s) in 91.8s (37 files)

[498] Australia-ASSA 20230811 -- 3 cataloged event(s)
    [fetch] Australia-ASSA 2023-08-11 has 74 file(s) from a simultaneous second receiver (overlapping timestamps); keeping one series
    [fetch] Australia-ASSA 2023-08-11 has mixed configs: {400: 8, 200: 37} files by channel count; keeping the majority
    [extract] event 05:00-05:07 on 20230811 not fully covered by downloaded data for Australia-ASSA (gap or out of range), skipping
    [extract] event 23:05-23:05 on 20230811 not fully covered by downloaded data for Australia-ASSA (gap or out of range), skipping
  -> 1 positive + 2 negative crop(s) in 90.4s (37 files)

[499] Australia-ASSA 20230812 -- 1 cataloged event(s)
    [fetch] Australia-ASSA 2023-08-12 has 74 file(s) from a simultaneous second receiver (overlapping timestamps); keeping one series
    [fetch] Australia-ASSA 2023-08-12 has mixed configs: {400: 10, 200: 35} files by channel count; keeping the majority
  -> 1 positive + 2 negative crop(s) in 91.6s (35 files)

[500] Australia-ASSA 20230813 -- 1 cataloged event(s)
    [fetch] Australia-ASSA 2023-08-13 has 73 file(s) from a simultaneous second receiver (overlapping timestamps); keeping one series
    [fetch] Australia-ASSA 2023-08-13 has mixed configs: {400: 10, 200: 35} files by channel count; keeping the majority
  -> 1 positive + 2 negative crop(s) in 89.6s (35 files)

Reached --limit 500, stopping (resume later to continue).

Timing: n=500, mean=101.0s, median=106.3s, min=23.9s, max=138.2s per station-day
Extrapolated total for all 2099 remaining station-days: ~58.9 hours (mean-time based; real run will vary by file count per station-day)

Done. Metadata: ../data/ecallisto/raw_events/metadata.csv
