file_name,date,location,type,event_start_time,event_end_time,box_start_time,box_end_time,box_start_col,box_end_col,time_source,review_status,uncertain,clipped
win-Arecibo-Observatory-20211010-125405.npy,20211010,Arecibo-Observatory,III,12:55:00,12:56:00,12:55:00,12:56:00,220,460,catalog,discard,False,False
win-Arecibo-Observatory-20211010-125407.npy,20211010,Arecibo-Observatory,III,12:55:00,12:56:00,12:55:00,12:56:00,212,452,catalog,discard,False,False
win-Arecibo-Observatory-20211010-145407.npy,20211010,Arecibo-Observatory,III,15:00:00,15:00:00,15:00:10,15:00:45,1452,1592,zero_width_default,discard,False,False
win-Arecibo-Observatory-20211013-114500.npy,20211013,Arecibo-Observatory,III,11:51:00,11:52:00,11:51:00,11:52:00,1440,1680,catalog,discard,False,False
win-Arecibo-Observatory-20211023-150000.npy,20211023,Arecibo-Observatory,III,15:10:00,15:13:00,15:10:00,15:13:00,2400,3120,catalog,discard,False,False
win-Arecibo-Observatory-20211025-180001.npy,20211025,Arecibo-Observatory,III,18:05:00,18:05:00,18:05:10,18:05:45,1236,1376,zero_width_default,discard,False,False
win-Arecibo-Observatory-20211026-140001.npy,20211026,Arecibo-Observatory,III,14:06:00,14:13:00,14:06:08,14:06:42,1468,1604,manual,usable,False,False
win-Arecibo-Observatory-20211027-185529.npy,20211027,Arecibo-Observatory,III,19:09:00,19:10:00,19:09:00,19:10:00,3244,3484,catalog,,False,False
win-Arecibo-Observatory-20211028-124500.npy,20211028,Arecibo-Observatory,III,12:46:00,12:47:00,12:46:00,12:47:00,240,480,catalog,discard,False,False
win-Arecibo-Observatory-20211028-151500.npy,20211028,Arecibo-Observatory,II,15:28:00,15:50:00,15:28:00,15:50:00,3120,3600,catalog,,False,True
win-Arecibo-Observatory-20211028-153000.npy,20211028,Arecibo-Observatory,II,15:28:00,15:50:00,15:28:00,15:50:00,0,3600,catalog,,False,True
win-Arecibo-Observatory-20211028-154501.npy,20211028,Arecibo-Observatory,II,15:28:00,15:50:00,15:28:00,15:50:00,0,1196,catalog,,False,True
win-Arecibo-Observatory-20211030-171543.npy,20211030,Arecibo-Observatory,III,17:18:00,17:18:00,17:18:10,17:18:45,1176,1456,zero_width_default,discard,False,False
win-Arecibo-Observatory-20211031-151456.npy,20211031,Arecibo-Observatory,III,15:26:00,15:27:00,15:26:30,15:27:00,3470,3620,manual,usable,False,False
win-Arecibo-Observatory-20211101-105952.npy,20211101,Arecibo-Observatory,III,11:06:00,11:07:00,11:06:00,11:07:00,1840,2140,catalog,discard,False,False
win-Arecibo-Observatory-20211103-135902.npy,20211103,Arecibo-Observatory,III,14:06:00,14:08:00,14:06:00,14:08:00,2090,2690,catalog,discard,False,False
win-Arecibo-Observatory-20211117-135902.npy,20211117,Arecibo-Observatory,V,14:09:00,14:09:00,14:09:10,14:09:45,3040,3215,zero_width_default,discard,False,False
win-Arecibo-Observatory-20211215-143001.npy,20211215,Arecibo-Observatory,III,14:32:00,14:32:00,14:32:05,14:32:30,496,596,manual,usable,False,False
win-Arecibo-Observatory-20211221-173001.npy,20211221,Arecibo-Observatory,III,17:43:00,17:44:00,17:43:00,17:44:00,3116,3356,catalog,discard,False,False
win-Arecibo-Observatory-20211223-174500.npy,20211223,Arecibo-Observatory,III,17:55:00,17:58:00,17:55:40,17:57:00,2560,2880,manual,usable,False,False
win-Arecibo-Observatory-20211223-183000.npy,20211223,Arecibo-Observatory,III,18:31:00,18:31:00,18:31:20,18:31:35,320,380,manual,usable,False,False
win-Arecibo-Observatory-20211228-151500.npy,20211228,Arecibo-Observatory,III,15:27:00,15:27:00,15:27:10,15:27:45,2920,3060,zero_width_default,discard,False,False
win-Arecibo-Observatory-20220101-133000.npy,20220101,Arecibo-Observatory,III,13:42:00,13:45:00,13:42:35,13:43:45,3020,3300,manual,usable,False,False
win-Arecibo-Observatory-20220107-120000.npy,20220107,Arecibo-Observatory,III,12:11:00,12:11:00,12:11:25,12:11:35,2740,2780,manual,usable,False,False
win-Arecibo-Observatory-20220109-181459.npy,20220109,Arecibo-Observatory,III,18:18:00,18:24:00,18:18:00,18:24:00,724,2164,catalog,discard,False,False
win-Arecibo-Observatory-20220110-163000.npy,20220110,Arecibo-Observatory,III,16:36:00,16:36:00,16:36:10,16:36:20,1480,1520,manual,usable,False,False
win-Arecibo-Observatory-20220110-184500.npy,20220110,Arecibo-Observatory,III,18:48:00,18:48:00,18:48:25,18:48:55,820,940,manual,usable,False,False
win-Arecibo-Observatory-20220111-175959.npy,20220111,Arecibo-Observatory,III,18:10:00,18:10:00,18:10:10,18:10:45,2444,2584,zero_width_default,discard,False,False
win-Arecibo-Observatory-20220112-143001.npy,20220112,Arecibo-Observatory,V,14:32:00,14:32:00,14:32:10,14:32:30,516,596,manual,usable,False,False
win-Arecibo-Observatory-20220113-113000.npy,20220113,Arecibo-Observatory,III,11:33:00,11:33:00,11:33:10,11:33:45,760,900,zero_width_default,discard,False,False
win-Arecibo-Observatory-20220113-140001.npy,20220113,Arecibo-Observatory,III,14:01:00,14:01:00,14:01:10,14:01:45,276,416,zero_width_default,,False,False
win-Arecibo-Observatory-20220113-170000.npy,20220113,Arecibo-Observatory,III,17:09:00,17:10:00,17:09:45,17:10:00,2340,2400,manual,usable,False,False
win-Arecibo-Observatory-20220127-144500.npy,20220127,Arecibo-Observatory,V,14:45:00,14:46:00,14:45:00,14:46:00,0,240,catalog,discard,False,False
win-Arecibo-Observatory-20220129-123001.npy,20220129,Arecibo-Observatory,III,12:32:00,12:32:00,12:32:10,12:32:45,516,656,zero_width_default,discard,False,False
win-Arecibo-Observatory-20220129-133001.npy,20220129,Arecibo-Observatory,III,13:37:00,13:38:00,13:37:00,13:38:00,1676,1916,catalog,discard,False,False
win-Arecibo-Observatory-20220129-134501.npy,20220129,Arecibo-Observatory,III,13:57:00,13:57:00,13:57:10,13:57:45,2916,3056,zero_width_default,discard,False,False
win-Arecibo-Observatory-20220129-153000.npy,20220129,Arecibo-Observatory,III,15:30:00,15:30:00,15:30:02,15:30:18,8,72,manual,usable,False,False
win-Arecibo-Observatory-20220129-154500.npy,20220129,Arecibo-Observatory,III,15:53:00,15:54:00,15:53:30,15:54:50,2040,2360,manual,usable,False,False
win-Arecibo-Observatory-20220129-173000.npy,20220129,Arecibo-Observatory,III,17:31:00,17:31:00,17:31:30,17:31:40,360,400,manual,usable,False,False
win-Arecibo-Observatory-20220129-174500.npy,20220129,Arecibo-Observatory,III,17:50:00,17:56:00,17:53:30,17:56:00,2040,2640,manual,usable,False,False
win-Arecibo-Observatory-20220129-180000.npy,20220129,Arecibo-Observatory,III,18:06:00,18:07:00,18:06:03,18:07:19,1452,1756,manual,usable,False,False
win-Arecibo-Observatory-20220129-180000.npy,20220129,Arecibo-Observatory,III,18:01:00,18:01:00,18:01:28,18:01:50,352,440,manual,usable,False,False
win-Arecibo-Observatory-20220130-141500.npy,20220130,Arecibo-Observatory,III,14:21:00,14:21:00,14:21:10,14:21:30,1480,1560,manual,usable,False,False
win-Arecibo-Observatory-20220130-164500.npy,20220130,Arecibo-Observatory,III,16:53:00,16:53:00,16:53:20,16:53:35,2000,2060,manual,usable,False,False
win-Arecibo-Observatory-20220130-164500.npy,20220130,Arecibo-Observatory,III,16:59:00,16:59:00,16:58:50,16:59:20,3320,3440,manual,usable,False,False
win-Arecibo-Observatory-20220130-164500.npy,20220130,Arecibo-Observatory,V,16:47:00,16:47:00,16:47:09,16:47:32,516,608,manual,usable,False,False
win-Arecibo-Observatory-20220130-173000.npy,20220130,Arecibo-Observatory,III,17:35:00,17:35:00,17:35:40,17:35:59,1360,1436,manual,usable,False,False
win-Arecibo-Observatory-20220130-173000.npy,20220130,Arecibo-Observatory,III,17:38:00,17:39:00,17:38:30,17:39:30,2040,2280,manual,usable,False,False
win-Arecibo-Observatory-20220130-175959.npy,20220130,Arecibo-Observatory,III,18:05:00,18:08:00,18:05:00,18:08:00,1204,1924,catalog,usable,False,False
win-Arecibo-Observatory-20220130-182959.npy,20220130,Arecibo-Observatory,III,18:32:00,18:32:00,18:32:07,18:32:33,512,616,manual,usable,False,False
win-Arecibo-Observatory-20220130-191459.npy,20220130,Arecibo-Observatory,III,19:18:00,19:20:00,19:20:01,19:20:16,1208,1268,manual,usable,False,False
win-Arecibo-Observatory-20220130-192959.npy,20220130,Arecibo-Observatory,III,19:38:00,19:39:00,19:38:40,19:39:45,2084,2344,manual,usable,False,False
win-Arecibo-Observatory-20220130-195959.npy,20220130,Arecibo-Observatory,III,20:09:00,20:12:00,20:09:35,20:12:50,2304,3084,manual,usable,False,False
win-Arecibo-Observatory-20220131-131501.npy,20220131,Arecibo-Observatory,III,13:26:00,13:26:00,13:26:20,13:26:45,2716,2816,manual,usable,False,False
win-Arecibo-Observatory-20220131-133001.npy,20220131,Arecibo-Observatory,III,13:36:00,13:36:00,13:36:10,13:36:30,1476,1556,manual,usable,False,False
win-Arecibo-Observatory-20220131-140000.npy,20220131,Arecibo-Observatory,III,14:12:00,14:18:00,14:12:00,14:18:00,2880,3600,catalog,,False,True
win-Arecibo-Observatory-20220131-141501.npy,20220131,Arecibo-Observatory,III,14:12:00,14:18:00,14:12:00,14:18:00,0,716,catalog,,False,True
win-Arecibo-Observatory-20220131-150000.npy,20220131,Arecibo-Observatory,III,15:07:00,15:07:00,15:07:10,15:07:45,1720,1860,zero_width_default,discard,False,False
win-Arecibo-Observatory-20220131-150000.npy,20220131,Arecibo-Observatory,III,15:13:00,15:14:00,15:13:50,15:14:25,3320,3460,manual,usable,False,False
win-Arecibo-Observatory-20220131-151500.npy,20220131,Arecibo-Observatory,III,15:24:00,15:26:00,15:24:09,15:26:49,2196,2836,manual,usable,False,False
win-Arecibo-Observatory-20220131-160000.npy,20220131,Arecibo-Observatory,III,16:13:00,16:14:00,16:13:40,16:14:00,3280,3360,manual,usable,False,False
win-Arecibo-Observatory-20220131-161500.npy,20220131,Arecibo-Observatory,III,16:20:00,16:25:00,16:20:40,16:25:17,1360,2468,manual,usable,False,False
win-Arecibo-Observatory-20220131-170000.npy,20220131,Arecibo-Observatory,III,17:12:00,17:13:00,17:12:30,17:13:20,3000,3200,manual,usable,False,False
win-Arecibo-Observatory-20220131-173000.npy,20220131,Arecibo-Observatory,III,17:30:00,17:35:00,17:30:00,17:35:00,0,1200,catalog,discard,False,False
win-Arecibo-Observatory-20220131-174500.npy,20220131,Arecibo-Observatory,III,17:48:00,17:49:00,17:47:59,17:49:48,716,1152,manual,usable,False,False
win-Arecibo-Observatory-20220131-180000.npy,20220131,Arecibo-Observatory,III,18:12:00,18:15:00,18:12:00,18:15:00,2880,3600,catalog,usable,False,False
win-Arecibo-Observatory-20220131-180000.npy,20220131,Arecibo-Observatory,III,18:03:00,18:03:00,18:03:40,18:03:59,880,956,manual,usable,False,False
win-Arecibo-Observatory-20220131-180000.npy,20220131,Arecibo-Observatory,III,18:11:00,18:11:00,18:11:10,18:11:40,2680,2800,manual,usable,False,False
win-Arecibo-Observatory-20220131-184500.npy,20220131,Arecibo-Observatory,III,18:45:00,18:46:00,18:45:25,18:46:04,100,256,manual,usable,False,False
win-Arecibo-Observatory-20220131-191501.npy,20220131,Arecibo-Observatory,III,19:15:00,19:19:00,19:15:00,19:19:00,0,956,catalog,usable,False,True
win-Arecibo-Observatory-20220131-193001.npy,20220131,Arecibo-Observatory,III,19:36:00,19:36:00,19:36:10,19:36:45,1476,1616,zero_width_default,discard,False,False
win-Arecibo-Observatory-20220131-193001.npy,20220131,Arecibo-Observatory,III,19:44:00,19:44:00,19:44:20,19:44:40,3436,3516,manual,usable,False,False
win-Arecibo-Observatory-20220131-194501.npy,20220131,Arecibo-Observatory,III,19:47:00,19:47:00,19:47:40,19:47:55,636,696,manual,usable,False,False
win-Arecibo-Observatory-20220131-200001.npy,20220131,Arecibo-Observatory,III,20:11:00,20:13:00,20:11:00,20:13:00,2636,3116,catalog,discard,False,False
win-Arecibo-Observatory-20220131-201501.npy,20220131,Arecibo-Observatory,III,20:17:00,20:17:00,20:17:50,20:17:59,676,714,manual,usable,False,False
win-Arecibo-Observatory-20220131-203000.npy,20220131,Arecibo-Observatory,III,20:30:00,20:35:00,20:33:50,20:34:30,920,1080,manual,usable,False,False
win-Arecibo-Observatory-20220201-125349.npy,20220201,Arecibo-Observatory,III,12:58:00,13:01:00,12:58:00,13:01:00,1004,1724,catalog,discard,False,False
win-Arecibo-Observatory-20220201-135350.npy,20220201,Arecibo-Observatory,III,13:56:00,13:56:00,13:56:10,13:56:45,560,700,zero_width_default,discard,False,False
win-Arecibo-Observatory-20220201-140850.npy,20220201,Arecibo-Observatory,III,14:19:00,14:19:00,14:19:20,14:19:50,2520,2640,manual,usable,False,False
win-Arecibo-Observatory-20220201-160000.npy,20220201,Arecibo-Observatory,III,16:07:00,16:10:00,16:07:00,16:10:00,1680,2400,catalog,usable,False,False
win-Arecibo-Observatory-20220201-163000.npy,20220201,Arecibo-Observatory,III,16:30:00,16:31:00,16:30:00,16:31:00,0,240,catalog,usable,False,False
win-Arecibo-Observatory-20220201-165958.npy,20220201,Arecibo-Observatory,III,17:07:00,17:07:00,17:07:10,17:07:45,1728,1868,zero_width_default,discard,False,False
win-Arecibo-Observatory-20220201-172958.npy,20220201,Arecibo-Observatory,III,17:40:00,17:41:00,17:40:20,17:41:30,2488,2768,manual,usable,False,False
win-Arecibo-Observatory-20220201-172958.npy,20220201,Arecibo-Observatory,III,17:33:00,17:33:00,17:33:10,17:33:45,768,908,zero_width_default,discard,False,False
win-Arecibo-Observatory-20220201-185958.npy,20220201,Arecibo-Observatory,V,19:12:00,19:17:00,19:12:00,19:17:00,2888,3600,catalog,,False,True
win-Arecibo-Observatory-20220201-191459.npy,20220201,Arecibo-Observatory,V,19:12:00,19:17:00,19:12:00,19:17:00,0,484,catalog,,False,True
win-Arecibo-Observatory-20220201-202959.npy,20220201,Arecibo-Observatory,III,20:42:00,20:46:00,20:42:40,20:46:50,3044,3600,manual,usable,False,True
win-Arecibo-Observatory-20220201-204459.npy,20220201,Arecibo-Observatory,III,20:42:00,20:46:00,20:42:40,20:46:50,0,444,manual,usable,False,True
win-Arecibo-Observatory-20220202-140000.npy,20220202,Arecibo-Observatory,III,14:01:00,14:02:00,14:01:40,14:02:35,400,620,manual,usable,False,False
win-Arecibo-Observatory-20220202-150000.npy,20220202,Arecibo-Observatory,III,15:14:00,15:14:00,15:14:10,15:14:45,3400,3540,zero_width_default,discard,False,False
win-Arecibo-Observatory-20220202-151500.npy,20220202,Arecibo-Observatory,III,15:21:00,15:21:00,15:21:08,15:21:34,1472,1576,manual,usable,False,False
win-Arecibo-Observatory-20220202-171500.npy,20220202,Arecibo-Observatory,III,17:22:00,17:26:00,17:22:00,17:26:00,1680,2640,catalog,discard,False,False
win-Arecibo-Observatory-20220202-173000.npy,20220202,Arecibo-Observatory,III,17:42:00,17:43:00,17:42:40,17:43:00,3040,3120,manual,usable,False,False
win-Arecibo-Observatory-20220203-171459.npy,20220203,Arecibo-Observatory,III,17:20:00,17:26:00,17:20:00,17:26:00,1204,2644,catalog,discard,False,False
win-Arecibo-Observatory-20220203-175959.npy,20220203,Arecibo-Observatory,III,18:12:00,18:14:00,18:12:00,18:14:00,2884,3364,catalog,discard,False,False
win-Arecibo-Observatory-20220203-175959.npy,20220203,Arecibo-Observatory,III,18:05:00,18:05:00,18:05:10,18:05:45,1244,1384,zero_width_default,discard,False,False
win-Arecibo-Observatory-20220203-203000.npy,20220203,Arecibo-Observatory,V,20:41:00,20:42:00,20:41:40,20:42:40,2800,3040,manual,usable,False,False
win-Arecibo-Observatory-20220204-130000.npy,20220204,Arecibo-Observatory,III,13:01:00,13:01:00,13:01:20,13:01:45,320,420,manual,usable,False,False
win-Arecibo-Observatory-20220204-143001.npy,20220204,Arecibo-Observatory,III,14:43:00,14:43:00,14:43:06,14:43:31,3140,3240,manual,usable,False,False
win-Arecibo-Observatory-20220204-174500.npy,20220204,Arecibo-Observatory,III,17:55:00,17:56:00,17:55:35,17:56:20,2540,2720,manual,usable,False,False
win-Arecibo-Observatory-20220204-180000.npy,20220204,Arecibo-Observatory,III,18:00:00,18:00:00,18:00:45,18:00:58,180,232,manual,usable,False,False
win-Arecibo-Observatory-20220204-191501.npy,20220204,Arecibo-Observatory,III,19:29:00,19:30:00,19:29:00,19:30:00,3356,3596,catalog,discard,False,False
win-Arecibo-Observatory-20220205-120000.npy,20220205,Arecibo-Observatory,III,12:04:00,12:04:00,12:04:10,12:04:45,1000,1140,zero_width_default,discard,False,False
win-Arecibo-Observatory-20220205-131500.npy,20220205,Arecibo-Observatory,III,13:16:00,13:18:00,13:16:00,13:18:00,240,720,catalog,discard,False,False
win-Arecibo-Observatory-20220205-153000.npy,20220205,Arecibo-Observatory,III,15:37:00,15:37:00,15:37:10,15:37:45,1720,1860,zero_width_default,discard,False,False
win-Arecibo-Observatory-20220205-163000.npy,20220205,Arecibo-Observatory,III,16:31:00,16:31:00,16:31:10,16:31:40,280,400,manual,usable,False,False
win-Arecibo-Observatory-20220205-172959.npy,20220205,Arecibo-Observatory,III,17:42:00,17:43:00,17:42:40,17:43:20,3044,3204,manual,usable,False,False
win-Arecibo-Observatory-20220205-174459.npy,20220205,Arecibo-Observatory,III,17:55:00,17:58:00,17:55:00,17:58:00,2404,3124,catalog,usable,False,False
win-Arecibo-Observatory-20220205-181459.npy,20220205,Arecibo-Observatory,III,18:23:00,18:25:00,18:23:50,18:25:20,2124,2484,manual,usable,False,False
win-Arecibo-Observatory-20220205-182959.npy,20220205,Arecibo-Observatory,III,18:32:00,18:34:00,18:32:40,18:34:20,644,1044,manual,usable,False,False
win-Arecibo-Observatory-20220205-182959.npy,20220205,Arecibo-Observatory,III,18:43:00,18:43:00,18:43:10,18:43:50,3164,3324,manual,usable,False,False
win-Arecibo-Observatory-20220205-191500.npy,20220205,Arecibo-Observatory,III,19:18:00,19:20:00,19:18:00,19:20:00,720,1200,catalog,usable,False,False
win-Arecibo-Observatory-20220205-193000.npy,20220205,Arecibo-Observatory,III,19:41:00,19:41:00,19:41:20,19:41:40,2720,2800,manual,usable,False,False
win-Arecibo-Observatory-20220205-193000.npy,20220205,Arecibo-Observatory,III,19:44:00,19:45:00,19:44:40,19:45:10,3520,3600,manual,usable,False,True
win-Arecibo-Observatory-20220205-194500.npy,20220205,Arecibo-Observatory,III,19:56:00,19:56:00,19:56:03,19:56:19,2652,2716,manual,usable,False,False
win-Arecibo-Observatory-20220205-194500.npy,20220205,Arecibo-Observatory,III,19:44:00,19:45:00,19:44:40,19:45:10,0,40,manual,usable,False,True
win-Arecibo-Observatory-20220205-201500.npy,20220205,Arecibo-Observatory,III,20:28:00,20:28:00,20:28:20,20:28:40,3200,3280,manual,usable,False,False
win-Arecibo-Observatory-20220206-154500.npy,20220206,Arecibo-Observatory,III,15:47:00,15:48:00,15:47:00,15:48:00,480,720,catalog,usable,False,False
win-Arecibo-Observatory-20220206-163000.npy,20220206,Arecibo-Observatory,III,16:35:00,16:36:00,16:35:20,16:36:00,1280,1440,manual,usable,False,False
win-Arecibo-Observatory-20220206-193001.npy,20220206,Arecibo-Observatory,III,19:36:00,19:36:00,19:36:35,19:36:59,1576,1672,manual,usable,False,False
win-Arecibo-Observatory-20220207-161500.npy,20220207,Arecibo-Observatory,III,16:24:00,17:00:00,16:24:00,17:00:00,2160,3600,catalog,discard,False,True
win-Arecibo-Observatory-20220207-163000.npy,20220207,Arecibo-Observatory,III,16:24:00,17:00:00,16:24:00,17:00:00,0,3600,catalog,discard,False,True
win-Arecibo-Observatory-20220207-164459.npy,20220207,Arecibo-Observatory,III,16:24:00,17:00:00,16:24:00,17:00:00,0,3600,catalog,discard,False,True
win-Arecibo-Observatory-20220208-133000.npy,20220208,Arecibo-Observatory,III,13:35:00,13:35:00,13:35:10,13:35:45,1240,1380,zero_width_default,discard,False,False
win-Arecibo-Observatory-20220208-163000.npy,20220208,Arecibo-Observatory,III,16:32:00,16:35:00,16:32:00,16:35:00,480,1200,catalog,usable,False,False
win-Arecibo-Observatory-20220209-141500.npy,20220209,Arecibo-Observatory,III,14:23:00,14:23:00,14:23:10,14:23:45,1960,2100,zero_width_default,discard,False,False
win-Arecibo-Observatory-20220209-163000.npy,20220209,Arecibo-Observatory,III,16:42:00,16:42:00,16:42:10,16:42:45,2920,3060,zero_width_default,discard,False,False
win-Arecibo-Observatory-20220209-171459.npy,20220209,Arecibo-Observatory,III,17:23:00,17:23:00,17:23:15,17:23:40,1984,2084,manual,usable,False,False
win-Arecibo-Observatory-20220209-175959.npy,20220209,Arecibo-Observatory,III,18:13:00,18:13:00,18:13:10,18:13:45,3164,3304,zero_width_default,discard,False,False
win-Arecibo-Observatory-20220209-184459.npy,20220209,Arecibo-Observatory,III,18:49:00,18:50:00,18:49:40,18:50:30,1124,1324,manual,usable,False,False
win-Arecibo-Observatory-20220209-191459.npy,20220209,Arecibo-Observatory,III,19:25:00,19:25:00,19:25:10,19:25:25,2444,2504,manual,usable,False,False
win-Arecibo-Observatory-20220210-161500.npy,20220210,Arecibo-Observatory,III,16:26:00,16:27:00,16:26:30,16:27:05,2760,2900,manual,usable,False,False
win-Arecibo-Observatory-20220210-173000.npy,20220210,Arecibo-Observatory,III,17:37:00,17:37:00,17:37:10,17:37:45,1720,1860,zero_width_default,discard,False,False
win-Arecibo-Observatory-20220210-193001.npy,20220210,Arecibo-Observatory,III,19:32:00,19:32:00,19:32:10,19:32:45,516,656,zero_width_default,discard,False,False
win-Arecibo-Observatory-20220210-200001.npy,20220210,Arecibo-Observatory,III,20:13:00,20:15:00,20:13:00,20:15:00,3116,3596,catalog,discard,False,False
win-Arecibo-Observatory-20220211-133001.npy,20220211,Arecibo-Observatory,III,13:32:00,13:32:00,13:32:40,13:32:59,636,712,manual,usable,False,False
win-Arecibo-Observatory-20220211-150000.npy,20220211,Arecibo-Observatory,III,15:09:00,15:10:00,15:09:40,15:10:00,2320,2400,manual,usable,False,False
win-Arecibo-Observatory-20220211-192959.npy,20220211,Arecibo-Observatory,III,19:41:00,19:41:00,19:41:10,19:41:45,2684,2824,zero_width_default,discard,False,False
win-Arecibo-Observatory-20220212-140001.npy,20220212,Arecibo-Observatory,III,14:13:00,14:14:00,14:13:00,14:14:00,3116,3356,catalog,discard,False,False
win-Arecibo-Observatory-20220212-154500.npy,20220212,Arecibo-Observatory,III,15:47:00,15:48:00,15:47:00,15:48:00,480,720,catalog,usable,False,False
win-Arecibo-Observatory-20220212-163000.npy,20220212,Arecibo-Observatory,III,16:31:00,16:32:00,16:31:40,16:32:40,400,640,manual,usable,False,False
win-Arecibo-Observatory-20220212-170000.npy,20220212,Arecibo-Observatory,III,17:06:00,17:06:00,17:06:10,17:06:45,1480,1620,zero_width_default,discard,False,False
win-Arecibo-Observatory-20220212-171500.npy,20220212,Arecibo-Observatory,III,17:22:00,17:27:00,17:22:05,17:23:20,1700,2000,manual,usable,False,False
win-Arecibo-Observatory-20220212-183001.npy,20220212,Arecibo-Observatory,III,18:36:00,18:36:00,18:36:10,18:36:45,1476,1616,zero_width_default,discard,False,False
win-Arecibo-Observatory-20220212-190000.npy,20220212,Arecibo-Observatory,III,19:02:00,19:04:00,19:02:00,19:04:00,480,960,catalog,usable,False,False
win-Arecibo-Observatory-20220213-134500.npy,20220213,Arecibo-Observatory,III,13:45:00,13:46:00,13:45:30,13:46:59,120,476,manual,usable,False,False
win-Arecibo-Observatory-20220213-151500.npy,20220213,Arecibo-Observatory,III,15:25:00,15:27:00,15:25:00,15:27:00,2400,2880,catalog,usable,False,False
win-Arecibo-Observatory-20220213-160000.npy,20220213,Arecibo-Observatory,III,16:08:00,16:12:00,16:09:30,16:12:50,2280,3080,manual,usable,False,False
win-Arecibo-Observatory-20220213-174459.npy,20220213,Arecibo-Observatory,III,17:47:00,17:48:00,17:47:00,17:48:00,484,724,catalog,usable,False,False
win-Arecibo-Observatory-20220213-191459.npy,20220213,Arecibo-Observatory,III,19:26:00,19:27:00,19:26:00,19:27:00,2644,2884,catalog,discard,False,False
win-Arecibo-Observatory-20220214-121500.npy,20220214,Arecibo-Observatory,III,12:21:00,12:21:00,12:21:10,12:21:45,1480,1620,zero_width_default,discard,False,False
win-Arecibo-Observatory-20220215-143000.npy,20220215,Arecibo-Observatory,III,14:37:00,14:42:00,14:37:00,14:42:00,1680,2880,catalog,discard,False,False
win-Arecibo-Observatory-20220215-150000.npy,20220215,Arecibo-Observatory,III,15:06:00,15:12:00,15:06:00,15:12:00,1440,2880,catalog,usable,False,False
win-Arecibo-Observatory-20220216-141501.npy,20220216,Arecibo-Observatory,III,14:25:00,14:27:00,14:25:00,14:27:00,2396,2876,catalog,discard,False,False
win-Arecibo-Observatory-20220216-153001.npy,20220216,Arecibo-Observatory,V,15:34:00,15:35:00,15:34:00,15:35:00,956,1196,catalog,usable,False,False
win-Arecibo-Observatory-20220216-153001.npy,20220216,Arecibo-Observatory,III,15:32:00,15:34:00,15:34:00,15:34:59,956,1192,manual,usable,False,False
win-Arecibo-Observatory-20220218-190000.npy,20220218,Arecibo-Observatory,III,19:11:00,19:12:00,19:11:00,19:12:00,2640,2880,catalog,discard,False,False
win-Arecibo-Observatory-20220218-191500.npy,20220218,Arecibo-Observatory,II,19:17:00,19:22:00,19:17:11,19:18:47,524,908,manual,usable,False,False
win-Arecibo-Observatory-20220228-121500.npy,20220228,Arecibo-Observatory,III,12:29:00,12:30:00,12:29:25,12:30:20,3460,3600,manual,usable,False,True
win-Arecibo-Observatory-20220228-123000.npy,20220228,Arecibo-Observatory,III,12:29:00,12:30:00,12:29:25,12:30:20,0,80,manual,usable,False,True
win-Arecibo-Observatory-20220228-134501.npy,20220228,Arecibo-Observatory,III,13:56:00,13:56:00,13:56:20,13:56:40,2716,2796,manual,usable,False,False
win-Arecibo-Observatory-20220301-165959.npy,20220301,Arecibo-Observatory,III,17:01:00,17:03:00,17:01:00,17:03:00,244,724,catalog,discard,False,False
win-Arecibo-Observatory-20220302-121500.npy,20220302,Arecibo-Observatory,III,12:23:00,12:23:00,12:23:10,12:23:45,1960,2100,zero_width_default,discard,False,False
win-Arecibo-Observatory-20220302-154501.npy,20220302,Arecibo-Observatory,III,15:52:00,15:58:00,15:52:24,15:52:46,1772,1860,manual,usable,False,False
win-Arecibo-Observatory-20220302-173000.npy,20220302,Arecibo-Observatory,II,17:39:00,17:56:00,17:39:22,17:56:56,2248,3600,manual,usable,False,True
win-Arecibo-Observatory-20220302-174500.npy,20220302,Arecibo-Observatory,II,17:39:00,17:56:00,17:39:22,17:56:56,0,2864,manual,usable,False,True
win-Arecibo-Observatory-20220302-183000.npy,20220302,Arecibo-Observatory,III,18:35:00,18:35:00,18:35:50,18:35:59,1400,1436,manual,usable,False,False
win-Arecibo-Observatory-20220303-124501.npy,20220303,Arecibo-Observatory,III,12:48:00,12:49:00,12:48:20,12:49:10,796,996,manual,usable,False,False
win-Arecibo-Observatory-20220303-161501.npy,20220303,Arecibo-Observatory,III,16:16:00,16:17:00,16:16:00,16:17:00,236,476,catalog,usable,False,False
win-Arecibo-Observatory-20220304-120000.npy,20220304,Arecibo-Observatory,III,12:05:00,12:08:00,12:05:40,12:06:30,1360,1560,manual,usable,False,False
win-Arecibo-Observatory-20220304-180000.npy,20220304,Arecibo-Observatory,III,18:06:00,18:07:00,18:06:00,18:07:00,1440,1680,catalog,usable,False,False
win-Arecibo-Observatory-20220305-133001.npy,20220305,Arecibo-Observatory,III,13:38:00,13:38:00,13:38:10,13:38:45,1956,2096,zero_width_default,discard,False,False
win-Arecibo-Observatory-20220305-154501.npy,20220305,Arecibo-Observatory,III,15:46:00,15:47:00,15:46:00,15:47:00,236,476,catalog,discard,False,False
win-Arecibo-Observatory-20220305-161501.npy,20220305,Arecibo-Observatory,III,16:26:00,16:26:00,16:26:10,16:26:45,2676,2816,zero_width_default,discard,False,False
win-Arecibo-Observatory-20220305-171459.npy,20220305,Arecibo-Observatory,III,17:29:00,17:29:00,17:29:40,17:29:59,3524,3600,manual,usable,False,False
win-Arecibo-Observatory-20220305-171459.npy,20220305,Arecibo-Observatory,III,17:19:00,17:19:00,17:19:10,17:19:50,1004,1164,manual,usable,False,False
win-Arecibo-Observatory-20220306-124500.npy,20220306,Arecibo-Observatory,III,12:56:00,12:57:00,12:56:00,12:57:00,2640,2880,catalog,discard,False,False
win-Arecibo-Observatory-20220306-133000.npy,20220306,Arecibo-Observatory,III,13:39:00,13:40:00,13:39:45,13:40:45,2340,2580,manual,usable,False,False
win-Arecibo-Observatory-20220306-141501.npy,20220306,Arecibo-Observatory,III,14:18:00,14:22:00,14:20:40,14:22:00,1356,1676,manual,usable,False,False
win-Arecibo-Observatory-20220306-144501.npy,20220306,Arecibo-Observatory,III,14:48:00,15:10:00,14:48:00,15:10:00,716,3600,catalog,discard,False,True
win-Arecibo-Observatory-20220306-150001.npy,20220306,Arecibo-Observatory,III,14:48:00,15:10:00,14:48:00,15:10:00,0,2396,catalog,discard,False,True
win-Arecibo-Observatory-20220306-153001.npy,20220306,Arecibo-Observatory,III,15:38:00,15:43:00,15:38:00,15:43:00,1916,3116,catalog,discard,False,False
win-Arecibo-Observatory-20220306-160001.npy,20220306,Arecibo-Observatory,III,16:07:00,16:13:00,16:07:00,16:13:00,1676,3116,catalog,discard,False,False
win-Arecibo-Observatory-20220306-164500.npy,20220306,Arecibo-Observatory,III,16:56:00,16:58:00,16:56:40,16:57:00,2800,2880,manual,usable,False,False
win-Arecibo-Observatory-20220307-133001.npy,20220307,Arecibo-Observatory,III,13:36:00,13:36:00,13:36:25,13:36:40,1536,1596,manual,usable,False,False
win-Arecibo-Observatory-20220307-144501.npy,20220307,Arecibo-Observatory,III,14:50:00,14:50:00,14:50:10,14:50:45,1236,1376,zero_width_default,discard,False,False
win-Arecibo-Observatory-20220307-150001.npy,20220307,Arecibo-Observatory,III,15:00:00,15:02:00,15:00:00,15:02:00,0,476,catalog,usable,False,True
win-Arecibo-Observatory-20220307-172959.npy,20220307,Arecibo-Observatory,III,17:31:00,17:35:00,17:30:55,17:32:50,224,684,manual,usable,False,False
win-Arecibo-Observatory-20220307-175959.npy,20220307,Arecibo-Observatory,III,18:03:00,18:05:00,18:05:40,18:05:59,1364,1440,manual,usable,False,False
win-Arecibo-Observatory-20220307-181459.npy,20220307,Arecibo-Observatory,III,18:27:00,18:27:00,18:27:10,18:27:30,2924,3004,manual,usable,False,False
win-Arecibo-Observatory-20220308-134501.npy,20220308,Arecibo-Observatory,III,13:55:00,13:55:00,13:55:10,13:55:45,2436,2576,zero_width_default,discard,False,False
win-Arecibo-Observatory-20220308-150001.npy,20220308,Arecibo-Observatory,III,15:01:00,15:09:00,15:01:00,15:09:00,236,2156,catalog,discard,False,False
win-Arecibo-Observatory-20220308-160001.npy,20220308,Arecibo-Observatory,III,16:03:00,16:07:00,16:03:00,16:07:00,716,1676,catalog,discard,False,False
win-Arecibo-Observatory-20220308-184501.npy,20220308,Arecibo-Observatory,III,18:56:00,18:59:00,18:56:00,18:59:00,2636,3356,catalog,discard,False,False
win-Arecibo-Observatory-20220308-190001.npy,20220308,Arecibo-Observatory,III,19:03:00,19:03:00,19:03:04,19:03:35,732,856,manual,usable,False,False
win-Arecibo-Observatory-20220308-191500.npy,20220308,Arecibo-Observatory,III,19:18:00,19:19:00,19:18:50,19:19:00,920,960,manual,usable,False,False
win-Arecibo-Observatory-20220308-210001.npy,20220308,Arecibo-Observatory,III,21:04:00,21:05:00,21:04:00,21:05:00,956,1196,catalog,discard,False,False
win-Arecibo-Observatory-20220309-173852.npy,20220309,Arecibo-Observatory,III,17:49:00,17:50:00,17:49:00,17:50:00,2432,2672,catalog,usable,False,False
win-Arecibo-Observatory-20220309-182352.npy,20220309,Arecibo-Observatory,III,18:24:00,18:25:00,18:24:40,18:25:30,192,392,manual,usable,False,False
win-Arecibo-Observatory-20220309-185352.npy,20220309,Arecibo-Observatory,III,19:00:00,19:00:00,19:00:10,19:00:30,1512,1592,manual,usable,False,False
win-Arecibo-Observatory-20220311-124500.npy,20220311,Arecibo-Observatory,III,12:51:00,12:53:00,12:51:00,12:53:00,1440,1920,catalog,usable,False,False
win-Arecibo-Observatory-20220312-131501.npy,20220312,Arecibo-Observatory,III,13:25:00,13:26:00,13:25:00,13:26:00,2396,2636,catalog,discard,False,False
win-Arecibo-Observatory-20220312-131501.npy,20220312,Arecibo-Observatory,III,13:16:00,13:17:00,13:16:00,13:17:00,236,476,catalog,discard,False,False
win-Arecibo-Observatory-20220312-140001.npy,20220312,Arecibo-Observatory,III,14:07:00,14:11:00,14:07:00,14:11:00,1676,2636,catalog,usable,False,False
win-Arecibo-Observatory-20220312-154501.npy,20220312,Arecibo-Observatory,III,15:54:00,15:55:00,15:54:00,15:55:00,2156,2396,catalog,discard,False,False
win-Arecibo-Observatory-20220312-164500.npy,20220312,Arecibo-Observatory,III,16:51:00,16:51:00,16:51:10,16:51:45,1480,1620,zero_width_default,discard,False,False
win-Arecibo-Observatory-20220312-174500.npy,20220312,Arecibo-Observatory,III,17:45:00,17:47:00,17:45:40,17:46:30,160,360,manual,usable,False,False
win-Arecibo-Observatory-20220312-181501.npy,20220312,Arecibo-Observatory,III,18:24:00,18:25:00,18:24:00,18:25:00,2156,2396,catalog,discard,False,False
win-Arecibo-Observatory-20220313-124501.npy,20220313,Arecibo-Observatory,III,12:51:00,12:51:00,12:51:10,12:51:40,1476,1596,manual,usable,False,False
win-Arecibo-Observatory-20220313-141501.npy,20220313,Arecibo-Observatory,III,14:26:00,14:26:00,14:26:10,14:26:50,2676,2836,manual,usable,False,False
win-Arecibo-Observatory-20220313-161501.npy,20220313,Arecibo-Observatory,III,16:17:00,16:18:00,16:17:20,16:18:00,556,716,manual,usable,False,False
win-Arecibo-Observatory-20220313-181459.npy,20220313,Arecibo-Observatory,III,18:22:00,18:25:00,18:22:00,18:25:00,1684,2404,catalog,usable,False,False
win-Arecibo-Observatory-20220313-182959.npy,20220313,Arecibo-Observatory,III,18:43:00,18:44:00,18:44:00,18:44:30,3364,3484,manual,usable,False,False
win-Arecibo-Observatory-20220313-192959.npy,20220313,Arecibo-Observatory,III,19:37:00,19:37:00,19:37:10,19:37:30,1724,1804,manual,usable,False,False
win-Arecibo-Observatory-20220314-184500.npy,20220314,Arecibo-Observatory,III,18:53:00,18:53:00,18:53:20,18:53:40,2000,2080,manual,usable,False,False
win-Arecibo-Observatory-20220316-131500.npy,20220316,Arecibo-Observatory,III,13:26:00,13:27:00,13:26:45,13:27:05,2820,2900,manual,usable,False,False
win-Arecibo-Observatory-20220316-153001.npy,20220316,Arecibo-Observatory,III,15:32:00,15:32:00,15:32:08,15:32:39,508,632,manual,usable,False,False
win-Arecibo-Observatory-20220316-183000.npy,20220316,Arecibo-Observatory,III,18:41:00,18:41:00,18:41:10,18:41:45,2680,2820,zero_width_default,discard,False,False
win-Arecibo-Observatory-20220317-150001.npy,20220317,Arecibo-Observatory,III,15:00:00,15:00:00,15:00:10,15:00:30,36,116,manual,usable,False,False
win-Arecibo-Observatory-20220317-154501.npy,20220317,Arecibo-Observatory,III,15:48:00,15:48:00,15:48:20,15:48:40,796,876,manual,usable,False,False
win-Arecibo-Observatory-20220318-121500.npy,20220318,Arecibo-Observatory,III,12:15:00,12:15:00,12:15:40,12:15:59,160,236,manual,usable,False,False
win-Arecibo-Observatory-20220318-130001.npy,20220318,Arecibo-Observatory,III,13:09:00,13:09:00,13:09:10,13:09:45,2196,2336,zero_width_default,discard,False,False
win-Arecibo-Observatory-20220318-163000.npy,20220318,Arecibo-Observatory,III,16:32:00,16:32:00,16:32:30,16:32:50,600,680,manual,usable,False,False
win-Arecibo-Observatory-20220318-183000.npy,20220318,Arecibo-Observatory,III,18:37:00,18:37:00,18:37:30,18:37:50,1800,1880,manual,usable,False,False
win-Arecibo-Observatory-20220319-150001.npy,20220319,Arecibo-Observatory,III,15:14:00,15:14:00,15:14:10,15:14:45,3396,3536,zero_width_default,usable,False,False
win-Arecibo-Observatory-20220319-150001.npy,20220319,Arecibo-Observatory,III,15:04:00,15:04:00,15:04:10,15:04:45,996,1136,zero_width_default,discard,False,False
win-Arecibo-Observatory-20220319-164500.npy,20220319,Arecibo-Observatory,III,16:53:00,16:53:00,16:53:03,16:53:17,1932,1988,manual,usable,False,False
win-Arecibo-Observatory-20220319-170000.npy,20220319,Arecibo-Observatory,III,17:09:00,17:10:00,17:09:45,17:10:00,2340,2400,manual,usable,False,False
win-Arecibo-Observatory-20220321-123000.npy,20220321,Arecibo-Observatory,III,12:41:00,12:42:00,12:41:00,12:42:00,2640,2880,catalog,discard,False,False
win-Arecibo-Observatory-20220326-124501.npy,20220326,Arecibo-Observatory,III,12:58:00,12:58:00,12:58:20,12:58:40,3196,3276,manual,usable,False,False
win-Arecibo-Observatory-20220326-154501.npy,20220326,Arecibo-Observatory,III,15:58:00,15:58:00,15:58:20,15:58:50,3196,3316,manual,usable,False,False
win-Arecibo-Observatory-20220326-160001.npy,20220326,Arecibo-Observatory,III,16:01:00,16:01:00,16:01:20,16:01:50,316,436,manual,usable,False,False
win-Arecibo-Observatory-20220327-191459.npy,20220327,Arecibo-Observatory,III,19:22:00,19:23:00,19:22:00,19:23:00,1684,1924,catalog,discard,False,False
win-Arecibo-Observatory-20220328-111500.npy,20220328,Arecibo-Observatory,II,11:23:00,11:38:00,11:23:00,11:38:00,1920,3600,catalog,usable,False,True
win-Arecibo-Observatory-20220328-113000.npy,20220328,Arecibo-Observatory,II,11:23:00,11:38:00,11:23:00,11:38:00,0,1920,catalog,usable,False,True
win-Arecibo-Observatory-20220328-124500.npy,20220328,Arecibo-Observatory,III,12:49:00,12:50:00,12:49:40,12:50:20,1120,1280,manual,usable,False,False
win-Arecibo-Observatory-20220329-114500.npy,20220329,Arecibo-Observatory,III,11:55:00,11:55:00,11:55:10,11:55:45,2440,2580,zero_width_default,discard,False,False
win-Arecibo-Observatory-20220329-124500.npy,20220329,Arecibo-Observatory,III,12:48:00,12:48:00,12:48:10,12:48:45,760,900,zero_width_default,discard,False,False
win-Arecibo-Observatory-20220329-172959.npy,20220329,Arecibo-Observatory,III,17:35:00,17:35:00,17:35:02,17:35:49,1212,1400,manual,usable,False,False
win-Arecibo-Observatory-20220329-184459.npy,20220329,Arecibo-Observatory,III,18:59:00,18:59:00,18:59:50,18:59:59,3564,3600,manual,usable,False,False
win-Arecibo-Observatory-20220329-191459.npy,20220329,Arecibo-Observatory,III,19:25:00,19:25:00,19:25:10,19:25:45,2444,2584,zero_width_default,discard,False,False
win-Arecibo-Observatory-20220330-131501.npy,20220330,Arecibo-Observatory,III,13:15:00,13:16:00,13:15:00,13:16:00,0,236,catalog,usable,False,True
win-Arecibo-Observatory-20220330-140001.npy,20220330,Arecibo-Observatory,III,14:00:00,14:01:00,14:00:20,14:01:30,76,356,manual,usable,False,False
win-Arecibo-Observatory-20220330-143001.npy,20220330,Arecibo-Observatory,III,14:36:00,14:36:00,14:36:30,14:36:50,1556,1636,manual,usable,False,False
win-Arecibo-Observatory-20220330-173000.npy,20220330,Arecibo-Observatory,II,17:31:00,17:55:00,17:31:00,17:55:00,240,3600,catalog,usable,False,True
win-Arecibo-Observatory-20220330-174500.npy,20220330,Arecibo-Observatory,II,17:31:00,17:55:00,17:31:00,17:55:00,0,2400,catalog,usable,False,True
win-Arecibo-Observatory-20220331-121501.npy,20220331,Arecibo-Observatory,III,12:16:00,12:17:00,12:16:00,12:17:00,236,476,catalog,,False,False
win-Arecibo-Observatory-20220331-140001.npy,20220331,Arecibo-Observatory,III,14:01:00,14:01:00,14:01:10,14:01:45,276,416,zero_width_default,,False,False
win-Arecibo-Observatory-20220331-141501.npy,20220331,Arecibo-Observatory,III,14:17:00,14:17:00,14:17:10,14:17:45,516,656,zero_width_default,discard,False,False
win-Arecibo-Observatory-20220331-164500.npy,20220331,Arecibo-Observatory,III,16:54:00,16:54:00,16:54:10,16:54:45,2200,2340,zero_width_default,discard,False,False
win-Arecibo-Observatory-20220331-182959.npy,20220331,Arecibo-Observatory,II,18:34:00,18:55:00,18:34:00,18:55:00,964,3600,catalog,usable,False,True
win-Arecibo-Observatory-20220331-184459.npy,20220331,Arecibo-Observatory,II,18:34:00,18:55:00,18:34:00,18:55:00,0,2404,catalog,usable,False,True
win-Arecibo-Observatory-20220331-191459.npy,20220331,Arecibo-Observatory,II,19:29:00,19:39:00,19:29:00,19:39:00,3364,3600,catalog,usable,False,True
win-Arecibo-Observatory-20220331-192959.npy,20220331,Arecibo-Observatory,II,19:29:00,19:39:00,19:29:00,19:39:00,0,2164,catalog,usable,False,True
win-Arecibo-Observatory-20220401-130001.npy,20220401,Arecibo-Observatory,III,13:02:00,13:06:00,13:02:00,13:06:00,476,1436,catalog,discard,False,False
win-Arecibo-Observatory-20220401-133001.npy,20220401,Arecibo-Observatory,III,13:35:00,13:41:00,13:35:00,13:41:00,1196,2636,catalog,discard,False,False
win-Arecibo-Observatory-20220401-134501.npy,20220401,Arecibo-Observatory,III,13:52:00,13:53:00,13:52:00,13:53:00,1676,1916,catalog,discard,False,False
win-Arecibo-Observatory-20220401-153001.npy,20220401,Arecibo-Observatory,III,15:37:00,15:40:00,15:37:00,15:40:00,1676,2396,catalog,discard,False,False
win-Arecibo-Observatory-20220401-184501.npy,20220401,Arecibo-Observatory,III,18:51:00,18:51:00,18:51:10,18:51:45,1476,1616,zero_width_default,discard,False,False
win-Arecibo-Observatory-20220402-131501.npy,20220402,Arecibo-Observatory,II,13:23:00,13:38:00,13:23:00,13:38:00,1916,3600,catalog,usable,False,True
win-Arecibo-Observatory-20220402-133001.npy,20220402,Arecibo-Observatory,II,13:23:00,13:38:00,13:23:00,13:38:00,0,1916,catalog,usable,False,True
win-Arecibo-Observatory-20220402-153001.npy,20220402,Arecibo-Observatory,III,15:41:00,15:41:00,15:41:03,15:41:17,2648,2704,manual,usable,False,False
win-Arecibo-Observatory-20220403-130001.npy,20220403,Arecibo-Observatory,III,13:14:00,13:14:00,13:14:05,13:14:26,3376,3460,manual,usable,False,False
win-Arecibo-Observatory-20220403-151501.npy,20220403,Arecibo-Observatory,III,15:17:00,15:20:00,15:17:00,15:20:00,476,1196,catalog,usable,False,False
win-Arecibo-Observatory-20220403-161501.npy,20220403,Arecibo-Observatory,III,16:18:00,16:20:00,16:18:00,16:20:00,716,1196,catalog,discard,False,False
win-Arecibo-Observatory-20220404-131501.npy,20220404,Arecibo-Observatory,III,13:28:00,13:28:00,13:28:10,13:28:45,3156,3296,zero_width_default,discard,False,False
win-Arecibo-Observatory-20220404-150001.npy,20220404,Arecibo-Observatory,III,15:03:00,15:03:00,15:03:10,15:03:45,756,896,zero_width_default,discard,False,False
win-Arecibo-Observatory-20220404-172959.npy,20220404,Arecibo-Observatory,III,17:30:00,17:30:00,17:30:10,17:30:30,44,124,manual,usable,False,False
win-Arecibo-Observatory-20220407-161501.npy,20220407,Arecibo-Observatory,III,16:29:00,16:29:00,16:29:10,16:29:45,3396,3536,zero_width_default,,False,False
win-Arecibo-Observatory-20220408-114501.npy,20220408,Arecibo-Observatory,III,11:48:00,11:48:00,11:48:10,11:48:45,756,896,zero_width_default,discard,False,False
win-Arecibo-Observatory-20220408-130001.npy,20220408,Arecibo-Observatory,III,13:08:00,13:08:00,13:08:15,13:08:50,1976,2116,manual,usable,False,False
win-Arecibo-Observatory-20220408-143001.npy,20220408,Arecibo-Observatory,III,14:30:00,14:31:00,14:30:00,14:31:00,0,236,catalog,usable,False,True
win-Arecibo-Observatory-20220408-151501.npy,20220408,Arecibo-Observatory,III,15:26:00,15:29:00,15:26:26,15:29:44,2740,3532,manual,usable,False,False
win-Arecibo-Observatory-20220408-153001.npy,20220408,Arecibo-Observatory,III,15:41:00,15:42:00,15:41:30,15:42:20,2756,2956,manual,usable,False,False
win-Arecibo-Observatory-20220408-171459.npy,20220408,Arecibo-Observatory,V,17:24:00,17:28:00,17:24:05,17:28:36,2184,3268,manual,usable,False,False
win-Arecibo-Observatory-20220408-174459.npy,20220408,Arecibo-Observatory,III,17:48:00,17:49:00,17:48:00,17:49:00,724,964,catalog,discard,False,False
win-Arecibo-Observatory-20220409-111500.npy,20220409,Arecibo-Observatory,III,11:21:00,11:21:00,11:21:10,11:21:45,1480,1620,zero_width_default,discard,False,False
win-Arecibo-Observatory-20220409-130001.npy,20220409,Arecibo-Observatory,III,13:12:00,13:12:00,13:12:10,13:12:45,2916,3056,zero_width_default,discard,False,False
win-Arecibo-Observatory-20220409-143001.npy,20220409,Arecibo-Observatory,III,14:40:00,14:40:00,14:39:59,14:40:41,2392,2560,manual,usable,False,False
win-Arecibo-Observatory-20220412-143001.npy,20220412,Arecibo-Observatory,III,14:34:00,14:34:00,14:34:10,14:34:45,996,1136,zero_width_default,discard,False,False
win-Arecibo-Observatory-20220412-160001.npy,20220412,Arecibo-Observatory,III,16:02:00,16:02:00,16:02:10,16:02:45,516,656,zero_width_default,discard,False,False
win-Arecibo-Observatory-20220412-163000.npy,20220412,Arecibo-Observatory,III,16:35:00,16:35:00,16:35:10,16:35:45,1240,1380,zero_width_default,discard,False,False
win-Arecibo-Observatory-20220413-180000.npy,20220413,Arecibo-Observatory,III,18:05:00,18:06:00,18:05:00,18:06:00,1200,1440,catalog,discard,False,False
win-Arecibo-Observatory-20220414-113001.npy,20220414,Arecibo-Observatory,III,11:35:00,11:35:00,11:35:10,11:35:45,1236,1376,zero_width_default,discard,False,False
win-Arecibo-Observatory-20220414-133001.npy,20220414,Arecibo-Observatory,III,13:39:00,13:40:00,13:39:00,13:40:00,2156,2396,catalog,discard,False,False
win-Arecibo-Observatory-20220414-160001.npy,20220414,Arecibo-Observatory,III,16:13:00,16:14:00,16:13:00,16:14:00,3116,3356,catalog,usable,False,False
win-Arecibo-Observatory-20220415-114500.npy,20220415,Arecibo-Observatory,III,11:58:00,11:59:00,11:58:20,11:59:10,3200,3400,manual,usable,False,False
win-Arecibo-Observatory-20220415-121500.npy,20220415,Arecibo-Observatory,III,12:24:00,12:28:00,12:24:50,12:26:00,2360,2640,manual,usable,False,False
win-Arecibo-Observatory-20220415-130001.npy,20220415,Arecibo-Observatory,V,13:10:00,13:17:00,13:10:00,13:17:00,2396,3600,catalog,usable,False,True
win-Arecibo-Observatory-20220415-131501.npy,20220415,Arecibo-Observatory,V,13:10:00,13:17:00,13:10:00,13:17:00,0,476,catalog,usable,False,True
win-Arecibo-Observatory-20220415-140001.npy,20220415,Arecibo-Observatory,III,14:00:00,14:09:00,14:00:00,14:09:00,0,2156,catalog,discard,False,True
win-Arecibo-Observatory-20220415-141501.npy,20220415,Arecibo-Observatory,III,14:27:00,14:27:00,14:27:20,14:27:50,2956,3076,manual,usable,False,False
win-Arecibo-Observatory-20220415-143001.npy,20220415,Arecibo-Observatory,III,14:36:00,14:36:00,14:36:25,14:36:50,1536,1636,manual,usable,False,False
win-Arecibo-Observatory-20220415-160001.npy,20220415,Arecibo-Observatory,III,16:03:00,16:03:00,16:03:10,16:03:45,756,896,zero_width_default,discard,False,False
win-Arecibo-Observatory-20220415-184500.npy,20220415,Arecibo-Observatory,III,18:48:00,18:54:00,18:48:00,18:54:00,720,2160,catalog,discard,False,False
win-Arecibo-Observatory-20220416-153001.npy,20220416,Arecibo-Observatory,III,15:35:00,15:35:00,15:35:05,15:35:25,1216,1296,manual,usable,False,False
win-Arecibo-Observatory-20220417-114500.npy,20220417,Arecibo-Observatory,III,11:52:00,11:52:00,11:52:10,11:52:45,1720,1860,zero_width_default,discard,False,False
win-Arecibo-Observatory-20220417-143000.npy,20220417,Arecibo-Observatory,III,14:40:00,14:40:00,14:40:30,14:40:45,2520,2580,manual,usable,False,False
win-Arecibo-Observatory-20220418-113000.npy,20220418,Arecibo-Observatory,III,11:32:00,11:32:00,11:32:10,11:32:45,520,660,zero_width_default,discard,False,False
win-Arecibo-Observatory-20220418-131500.npy,20220418,Arecibo-Observatory,III,13:21:00,13:22:00,13:21:40,13:22:00,1600,1680,manual,usable,False,False
win-Arecibo-Observatory-20220418-141501.npy,20220418,Arecibo-Observatory,III,14:24:00,14:24:00,14:24:02,14:24:19,2164,2232,manual,usable,False,False
win-Arecibo-Observatory-20220420-114500.npy,20220420,Arecibo-Observatory,III,11:50:00,11:51:00,11:50:00,11:51:00,1200,1440,catalog,usable,False,False
win-Arecibo-Observatory-20220420-121500.npy,20220420,Arecibo-Observatory,III,12:25:00,12:27:00,12:25:40,12:27:50,2560,3080,manual,usable,False,False
win-Arecibo-Observatory-20220420-141501.npy,20220420,Arecibo-Observatory,V,14:15:00,14:15:00,14:15:10,14:15:45,36,176,zero_width_default,,False,False
win-Arecibo-Observatory-20220420-143001.npy,20220420,Arecibo-Observatory,III,14:39:00,14:43:00,14:39:29,14:40:16,2272,2460,manual,usable,False,False
win-Arecibo-Observatory-20220420-144501.npy,20220420,Arecibo-Observatory,III,14:47:00,14:47:00,14:47:09,14:47:48,512,668,manual,usable,False,False
win-Arecibo-Observatory-20220420-150001.npy,20220420,Arecibo-Observatory,III,15:11:00,15:11:00,15:11:40,15:11:59,2796,2872,manual,usable,False,False
win-Arecibo-Observatory-20220420-150001.npy,20220420,Arecibo-Observatory,III,15:01:00,15:02:00,15:02:00,15:02:40,476,636,manual,usable,False,False
win-Arecibo-Observatory-20220420-153001.npy,20220420,Arecibo-Observatory,III,15:31:00,15:35:00,15:31:04,15:35:19,252,1272,manual,usable,False,False
win-Arecibo-Observatory-20220420-161501.npy,20220420,Arecibo-Observatory,III,16:23:00,16:25:00,16:23:40,16:25:59,2076,2632,manual,usable,False,False
win-Arecibo-Observatory-20220420-163000.npy,20220420,Arecibo-Observatory,III,16:30:00,16:33:00,16:30:00,16:33:00,0,720,catalog,,False,False
win-Arecibo-Observatory-20220420-171500.npy,20220420,Arecibo-Observatory,III,17:28:00,17:31:00,17:28:00,17:31:00,3120,3600,catalog,usable,False,True
win-Arecibo-Observatory-20220420-173000.npy,20220420,Arecibo-Observatory,III,17:28:00,17:31:00,17:28:00,17:31:00,0,240,catalog,usable,False,True
win-Arecibo-Observatory-20220420-180000.npy,20220420,Arecibo-Observatory,III,18:06:00,18:06:00,18:06:10,18:06:35,1480,1580,manual,usable,False,False
win-Arecibo-Observatory-20220420-181500.npy,20220420,Arecibo-Observatory,III,18:27:00,18:27:00,18:27:11,18:27:59,2924,3116,manual,usable,False,False
win-Arecibo-Observatory-20220420-183000.npy,20220420,Arecibo-Observatory,III,18:41:00,18:41:00,18:40:59,18:41:30,2636,2760,manual,usable,False,False
win-Arecibo-Observatory-20220420-191500.npy,20220420,Arecibo-Observatory,III,19:18:00,19:18:00,19:18:10,19:18:45,760,900,zero_width_default,discard,False,False
win-Arecibo-Observatory-20220420-193000.npy,20220420,Arecibo-Observatory,III,19:30:00,19:30:00,19:30:10,19:30:45,40,180,zero_width_default,discard,False,False
win-Arecibo-Observatory-20220420-193000.npy,20220420,Arecibo-Observatory,III,19:43:00,19:43:00,19:43:20,19:44:00,3200,3360,manual,usable,False,False
win-Arecibo-Observatory-20220420-194500.npy,20220420,Arecibo-Observatory,III,19:59:00,20:03:00,19:59:00,20:03:00,3360,3600,catalog,usable,False,True
win-Arecibo-Observatory-20220420-200000.npy,20220420,Arecibo-Observatory,III,19:59:00,20:03:00,19:59:00,20:03:00,0,720,catalog,usable,False,True
win-Arecibo-Observatory-20220421-120000.npy,20220421,Arecibo-Observatory,III,12:03:00,12:03:00,12:03:10,12:03:45,760,900,zero_width_default,discard,False,False
win-Arecibo-Observatory-20220421-131500.npy,20220421,Arecibo-Observatory,III,13:28:00,13:29:00,13:28:00,13:29:00,3120,3360,catalog,discard,False,False
win-Arecibo-Observatory-20220421-183000.npy,20220421,Arecibo-Observatory,III,18:33:00,18:33:00,18:33:10,18:33:45,760,900,zero_width_default,discard,False,False
win-Arecibo-Observatory-20220422-123000.npy,20220422,Arecibo-Observatory,III,12:44:00,12:44:00,12:44:10,12:44:45,3400,3540,zero_width_default,discard,False,False
win-Arecibo-Observatory-20220422-141500.npy,20220422,Arecibo-Observatory,III,14:20:00,14:21:00,14:20:00,14:21:00,1200,1440,catalog,usable,False,False
win-Arecibo-Observatory-20220422-164459.npy,20220422,Arecibo-Observatory,III,16:56:00,16:57:00,16:56:30,16:57:30,2764,3004,manual,usable,False,False
win-Arecibo-Observatory-20220424-130001.npy,20220424,Arecibo-Observatory,III,13:02:00,13:02:00,13:02:30,13:02:50,596,676,manual,usable,False,False
win-Arecibo-Observatory-20220424-141501.npy,20220424,Arecibo-Observatory,III,14:17:00,14:17:00,14:17:10,14:17:45,516,656,zero_width_default,discard,False,False
win-Arecibo-Observatory-20220424-190001.npy,20220424,Arecibo-Observatory,III,19:03:00,19:03:00,19:03:10,19:03:45,756,896,zero_width_default,discard,False,False
win-Arecibo-Observatory-20220425-130001.npy,20220425,Arecibo-Observatory,III,13:06:00,13:06:00,13:06:10,13:06:45,1476,1616,zero_width_default,discard,False,False
win-Arecibo-Observatory-20220425-175959.npy,20220425,Arecibo-Observatory,III,18:04:00,18:10:00,18:04:00,18:10:00,964,2404,catalog,usable,False,False
win-Arecibo-Observatory-20220425-182959.npy,20220425,Arecibo-Observatory,III,18:30:00,18:30:00,18:30:20,18:30:50,84,204,manual,usable,False,False
win-Arecibo-Observatory-20220426-133001.npy,20220426,Arecibo-Observatory,III,13:30:00,13:31:00,13:30:40,13:31:00,156,236,manual,usable,False,False
win-Arecibo-Observatory-20220426-151501.npy,20220426,Arecibo-Observatory,III,15:17:00,15:19:00,15:17:33,15:19:44,608,1132,manual,usable,False,False
win-Arecibo-Observatory-20220427-110000.npy,20220427,Arecibo-Observatory,III,11:09:00,11:11:00,11:09:40,11:11:59,2320,2876,manual,usable,False,False
win-Arecibo-Observatory-20220427-111500.npy,20220427,Arecibo-Observatory,III,11:18:00,11:19:00,11:18:30,11:19:20,840,1040,manual,usable,False,False
win-Arecibo-Observatory-20220427-120000.npy,20220427,Arecibo-Observatory,III,12:04:00,12:12:00,12:04:19,12:12:23,1036,2972,manual,usable,False,False
win-Arecibo-Observatory-20220427-123000.npy,20220427,Arecibo-Observatory,III,12:30:00,12:33:00,12:30:13,12:33:59,52,956,manual,usable,False,False
win-Arecibo-Observatory-20220427-124501.npy,20220427,Arecibo-Observatory,III,12:46:00,12:46:00,12:46:10,12:46:45,276,416,zero_width_default,,False,False
win-Arecibo-Observatory-20220427-130000.npy,20220427,Arecibo-Observatory,III,13:01:00,13:01:00,13:01:20,13:01:40,320,400,manual,usable,False,False
win-Arecibo-Observatory-20220427-134500.npy,20220427,Arecibo-Observatory,III,13:53:00,13:55:00,13:53:40,13:55:00,2080,2400,manual,usable,False,False
win-Arecibo-Observatory-20220427-163000.npy,20220427,Arecibo-Observatory,III,16:42:00,16:42:00,16:41:59,16:42:27,2876,2988,manual,usable,False,False
win-Arecibo-Observatory-20220427-170000.npy,20220427,Arecibo-Observatory,III,17:05:00,17:05:00,17:05:10,17:05:45,1240,1380,zero_width_default,discard,False,False
win-Arecibo-Observatory-20220427-190000.npy,20220427,Arecibo-Observatory,III,19:11:00,19:11:00,19:11:20,19:11:59,2720,2876,manual,usable,False,False
win-Arecibo-Observatory-20220428-144501.npy,20220428,Arecibo-Observatory,III,14:52:00,14:52:00,14:52:10,14:52:45,1716,1856,zero_width_default,discard,False,False
win-Arecibo-Observatory-20220428-175959.npy,20220428,Arecibo-Observatory,III,18:03:00,18:03:00,18:03:10,18:03:45,764,904,zero_width_default,discard,False,False
win-Arecibo-Observatory-20220429-131500.npy,20220429,Arecibo-Observatory,III,13:19:00,13:20:00,13:19:40,13:20:00,1120,1200,manual,usable,False,False
win-Arecibo-Observatory-20220429-133001.npy,20220429,Arecibo-Observatory,III,13:35:00,13:43:00,13:35:00,13:43:00,1196,3116,catalog,discard,False,False
win-Arecibo-Observatory-20220429-163000.npy,20220429,Arecibo-Observatory,III,16:34:00,16:35:00,16:34:40,16:35:20,1120,1280,manual,usable,False,False
win-Arecibo-Observatory-20220429-171501.npy,20220429,Arecibo-Observatory,III,17:25:00,17:26:00,17:25:40,17:26:00,2556,2636,manual,usable,False,False
win-Arecibo-Observatory-20220429-181500.npy,20220429,Arecibo-Observatory,III,18:13:00,18:17:00,18:17:00,18:17:25,480,580,manual,usable,False,False
win-Arecibo-Observatory-20220429-183001.npy,20220429,Arecibo-Observatory,III,18:35:00,18:35:00,18:35:10,18:35:45,1236,1376,zero_width_default,discard,False,False
win-Arecibo-Observatory-20220430-100000.npy,20220430,Arecibo-Observatory,II,09:57:00,10:16:00,09:57:00,10:16:00,0,3600,catalog,,False,True
win-Arecibo-Observatory-20220430-101500.npy,20220430,Arecibo-Observatory,II,09:57:00,10:16:00,09:57:00,10:16:00,0,240,catalog,,False,True
win-Arecibo-Observatory-20220430-103000.npy,20220430,Arecibo-Observatory,III,10:40:00,10:40:00,10:40:10,10:40:50,2440,2600,manual,usable,False,False
win-Arecibo-Observatory-20220430-110000.npy,20220430,Arecibo-Observatory,III,11:11:00,11:21:00,11:11:00,11:21:00,2640,3600,catalog,usable,False,True
win-Arecibo-Observatory-20220430-111500.npy,20220430,Arecibo-Observatory,III,11:11:00,11:21:00,11:11:00,11:21:00,0,1440,catalog,usable,False,True
win-Arecibo-Observatory-20220430-113000.npy,20220430,Arecibo-Observatory,III,11:37:00,11:40:00,11:37:06,11:40:44,1704,2576,manual,usable,False,False
win-Arecibo-Observatory-20220430-123000.npy,20220430,Arecibo-Observatory,III,12:31:00,12:31:00,12:31:02,12:31:20,248,320,manual,usable,False,False
win-Arecibo-Observatory-20220430-133001.npy,20220430,Arecibo-Observatory,V,13:42:00,13:49:00,13:42:25,13:49:59,2976,3600,manual,usable,False,True
win-Arecibo-Observatory-20220430-133001.npy,20220430,Arecibo-Observatory,III,13:33:00,13:33:00,13:33:14,13:33:45,772,896,manual,usable,False,False
win-Arecibo-Observatory-20220430-134501.npy,20220430,Arecibo-Observatory,V,13:42:00,13:49:00,13:42:25,13:49:59,0,1192,manual,usable,False,True
win-Arecibo-Observatory-20220430-134501.npy,20220430,Arecibo-Observatory,II,13:46:00,14:03:00,13:46:00,14:03:00,236,3600,catalog,usable,False,True
win-Arecibo-Observatory-20220430-140001.npy,20220430,Arecibo-Observatory,II,14:10:00,14:28:00,14:10:00,14:28:00,2396,3600,catalog,usable,False,True
win-Arecibo-Observatory-20220430-140001.npy,20220430,Arecibo-Observatory,III,14:06:00,14:08:00,14:06:00,14:08:00,1436,1916,catalog,usable,False,False
win-Arecibo-Observatory-20220430-140001.npy,20220430,Arecibo-Observatory,II,13:46:00,14:03:00,13:46:00,14:03:00,0,716,catalog,usable,False,True
win-Arecibo-Observatory-20220430-141501.npy,20220430,Arecibo-Observatory,III,14:18:00,14:25:00,14:18:00,14:25:00,716,2396,catalog,usable,False,False
win-Arecibo-Observatory-20220430-141501.npy,20220430,Arecibo-Observatory,II,14:10:00,14:28:00,14:10:00,14:28:00,0,3116,catalog,usable,False,True
win-Arecibo-Observatory-20220430-150001.npy,20220430,Arecibo-Observatory,III,15:10:00,15:12:00,15:10:00,15:12:00,2396,2876,catalog,usable,False,False
win-Arecibo-Observatory-20220430-171500.npy,20220430,Arecibo-Observatory,III,17:18:00,17:22:00,17:18:00,17:22:00,720,1680,catalog,usable,False,False
win-Arecibo-Observatory-20220430-180000.npy,20220430,Arecibo-Observatory,III,18:00:00,18:00:00,18:00:15,18:00:50,60,200,manual,usable,False,False
win-Arecibo-Observatory-20220430-190001.npy,20220430,Arecibo-Observatory,III,19:07:00,19:09:00,19:07:05,19:09:56,1696,2380,manual,usable,False,False
win-Arecibo-Observatory-20220430-194501.npy,20220430,Arecibo-Observatory,V,19:45:00,19:46:00,19:45:50,19:46:59,196,472,manual,usable,False,False
win-Arecibo-Observatory-20220430-194501.npy,20220430,Arecibo-Observatory,II,19:47:00,20:07:00,19:46:01,19:56:00,240,2636,manual,usable,False,False
win-Arecibo-Observatory-20220501-114500.npy,20220501,Arecibo-Observatory,III,11:55:00,11:55:00,11:55:04,11:55:24,2416,2496,manual,usable,False,False
win-Arecibo-Observatory-20220501-141501.npy,20220501,Arecibo-Observatory,III,14:20:00,14:20:00,14:20:10,14:20:45,1236,1376,zero_width_default,discard,False,False
win-Arecibo-Observatory-20220501-151501.npy,20220501,Arecibo-Observatory,III,15:19:00,15:20:00,15:19:40,15:20:00,1116,1196,manual,usable,False,False
win-Arecibo-Observatory-20220501-153001.npy,20220501,Arecibo-Observatory,III,15:42:00,15:44:00,15:42:27,15:44:32,2984,3484,manual,usable,False,False
win-Arecibo-Observatory-20220501-172959.npy,20220501,Arecibo-Observatory,III,17:43:00,17:46:00,17:43:00,17:46:00,3124,3600,catalog,discard,False,True
win-Arecibo-Observatory-20220501-174459.npy,20220501,Arecibo-Observatory,III,17:43:00,17:46:00,17:43:00,17:46:00,0,244,catalog,discard,False,True
win-Arecibo-Observatory-20220501-175959.npy,20220501,Arecibo-Observatory,III,18:02:00,18:02:00,18:02:10,18:02:20,524,564,manual,usable,False,False
win-Arecibo-Observatory-20220501-182959.npy,20220501,Arecibo-Observatory,III,18:30:00,18:31:00,18:30:00,18:31:00,4,244,catalog,discard,False,False
win-Arecibo-Observatory-20220502-150001.npy,20220502,Arecibo-Observatory,III,15:09:00,15:09:00,15:08:55,15:09:25,2136,2256,manual,usable,False,False
win-Arecibo-Observatory-20220502-153001.npy,20220502,Arecibo-Observatory,III,15:36:00,15:37:00,15:36:40,15:37:10,1596,1716,manual,usable,False,False
win-Arecibo-Observatory-20220502-184500.npy,20220502,Arecibo-Observatory,III,18:52:00,18:57:00,18:52:00,18:57:00,1680,2880,catalog,usable,False,False
win-Arecibo-Observatory-20220502-190001.npy,20220502,Arecibo-Observatory,III,19:08:00,19:10:00,19:08:00,19:10:00,1916,2396,catalog,usable,False,False
win-Arecibo-Observatory-20220503-111500.npy,20220503,Arecibo-Observatory,III,11:26:00,11:26:00,11:26:10,11:26:45,2680,2820,zero_width_default,discard,False,False
win-Arecibo-Observatory-20220503-123000.npy,20220503,Arecibo-Observatory,III,12:37:00,12:38:00,12:37:00,12:38:00,1680,1920,catalog,discard,False,False
win-Arecibo-Observatory-20220503-134501.npy,20220503,Arecibo-Observatory,III,13:57:00,13:57:00,13:57:10,13:57:45,2916,3056,zero_width_default,discard,False,False
win-Arecibo-Observatory-20220503-154501.npy,20220503,Arecibo-Observatory,III,15:46:00,15:48:00,15:46:26,15:48:25,340,816,manual,usable,False,False
win-Arecibo-Observatory-20220503-161501.npy,20220503,Arecibo-Observatory,III,16:17:00,16:23:00,16:17:00,16:23:00,476,1916,catalog,usable,False,False
win-Arecibo-Observatory-20220504-114500.npy,20220504,Arecibo-Observatory,III,11:46:00,11:46:00,11:46:10,11:46:30,280,360,manual,usable,False,False
win-Arecibo-Observatory-20220504-120000.npy,20220504,Arecibo-Observatory,III,12:03:00,12:10:00,12:03:00,12:10:00,720,2400,catalog,discard,False,False
win-Arecibo-Observatory-20220504-133001.npy,20220504,Arecibo-Observatory,III,13:33:00,13:33:00,13:33:15,13:33:40,776,876,manual,usable,False,False
win-Arecibo-Observatory-20220504-140001.npy,20220504,Arecibo-Observatory,III,14:00:00,14:01:00,14:00:00,14:01:00,0,236,catalog,discard,False,True
win-Arecibo-Observatory-20220504-153001.npy,20220504,Arecibo-Observatory,III,15:32:00,15:32:00,15:32:08,15:32:25,508,576,manual,usable,False,False
win-Arecibo-Observatory-20220504-185959.npy,20220504,Arecibo-Observatory,III,19:05:00,19:05:00,19:05:15,19:05:40,1264,1364,manual,usable,False,False
win-Arecibo-Observatory-20220505-123001.npy,20220505,Arecibo-Observatory,III,12:30:00,12:33:00,12:31:50,12:33:40,436,876,manual,usable,False,False
win-Arecibo-Observatory-20220505-133001.npy,20220505,Arecibo-Observatory,III,13:43:00,13:44:00,13:43:40,13:44:10,3276,3396,manual,usable,False,False
win-Arecibo-Observatory-20220505-163000.npy,20220505,Arecibo-Observatory,III,16:38:00,16:39:00,16:38:00,16:39:00,1920,2160,catalog,discard,False,False
win-Arecibo-Observatory-20220505-170000.npy,20220505,Arecibo-Observatory,III,17:04:00,17:04:00,17:03:58,17:04:15,952,1020,manual,usable,False,False
win-Arecibo-Observatory-20220505-171500.npy,20220505,Arecibo-Observatory,III,17:18:00,17:27:00,17:18:00,17:27:00,720,2880,catalog,discard,False,False
win-Arecibo-Observatory-20220505-181500.npy,20220505,Arecibo-Observatory,III,18:16:00,18:23:00,18:16:00,18:23:00,240,1920,catalog,usable,False,False
win-Arecibo-Observatory-20220506-114500.npy,20220506,Arecibo-Observatory,III,11:48:00,11:49:00,11:48:00,11:49:00,720,960,catalog,discard,False,False
win-Arecibo-Observatory-20220506-131501.npy,20220506,Arecibo-Observatory,III,13:15:00,13:18:00,13:15:40,13:16:08,156,268,manual,usable,False,False
win-Arecibo-Observatory-20220506-150001.npy,20220506,Arecibo-Observatory,III,15:12:00,15:13:00,15:12:40,15:13:00,3036,3116,manual,usable,False,False
win-Arecibo-Observatory-20220506-153001.npy,20220506,Arecibo-Observatory,III,15:31:00,15:32:00,15:31:00,15:32:00,236,476,catalog,discard,False,False
win-Arecibo-Observatory-20220506-163000.npy,20220506,Arecibo-Observatory,III,16:36:00,16:36:00,16:36:10,16:36:45,1480,1620,zero_width_default,discard,False,False
win-Arecibo-Observatory-20220506-184500.npy,20220506,Arecibo-Observatory,III,18:55:00,18:55:00,18:55:10,18:55:45,2440,2580,zero_width_default,discard,False,False
win-Arecibo-Observatory-20220507-100000.npy,20220507,Arecibo-Observatory,III,10:14:00,10:15:00,10:14:50,10:15:30,3560,3600,manual,usable,False,True
win-Arecibo-Observatory-20220507-101500.npy,20220507,Arecibo-Observatory,III,10:14:00,10:15:00,10:14:50,10:15:30,0,120,manual,usable,False,True
win-Arecibo-Observatory-20220507-103000.npy,20220507,Arecibo-Observatory,III,10:35:00,10:36:00,10:35:00,10:36:00,1200,1440,catalog,usable,False,False
win-Arecibo-Observatory-20220507-110000.npy,20220507,Arecibo-Observatory,III,11:02:00,11:03:00,11:03:00,11:03:30,720,840,manual,usable,False,False
win-Arecibo-Observatory-20220507-113000.npy,20220507,Arecibo-Observatory,III,11:43:00,11:43:00,11:43:15,11:43:30,3180,3240,manual,usable,False,False
win-Arecibo-Observatory-20220507-130000.npy,20220507,Arecibo-Observatory,III,13:05:00,13:06:00,13:05:00,13:06:00,1200,1440,catalog,discard,False,False
win-Arecibo-Observatory-20220507-140001.npy,20220507,Arecibo-Observatory,III,14:15:00,14:18:00,14:14:50,14:18:00,3556,3600,manual,usable,False,True
win-Arecibo-Observatory-20220507-141501.npy,20220507,Arecibo-Observatory,III,14:15:00,14:18:00,14:14:50,14:18:00,0,716,manual,usable,False,True
win-Arecibo-Observatory-20220507-150001.npy,20220507,Arecibo-Observatory,III,15:05:00,15:06:00,15:05:50,15:06:50,1396,1636,manual,usable,False,False
win-Arecibo-Observatory-20220507-153001.npy,20220507,Arecibo-Observatory,III,15:41:00,15:43:00,15:41:00,15:43:00,2636,3116,catalog,discard,False,False
win-Arecibo-Observatory-20220508-140001.npy,20220508,Arecibo-Observatory,III,14:01:00,14:04:00,14:01:00,14:04:00,236,956,catalog,usable,False,False
win-Arecibo-Observatory-20220508-153001.npy,20220508,Arecibo-Observatory,III,15:33:00,15:36:00,15:33:00,15:36:00,716,1436,catalog,usable,False,False
win-Arecibo-Observatory-20220508-171500.npy,20220508,Arecibo-Observatory,III,17:15:00,17:17:00,17:15:40,17:17:50,160,680,manual,usable,False,False
win-Arecibo-Observatory-20220508-191500.npy,20220508,Arecibo-Observatory,III,19:18:00,19:18:00,19:18:10,19:18:45,760,900,zero_width_default,discard,False,False
win-Arecibo-Observatory-20220508-193001.npy,20220508,Arecibo-Observatory,III,19:39:00,19:42:00,19:39:00,19:42:00,2156,2876,catalog,usable,False,False
win-Arecibo-Observatory-20220508-201501.npy,20220508,Arecibo-Observatory,III,20:19:00,20:20:00,20:19:00,20:20:00,956,1196,catalog,discard,False,False
win-Arecibo-Observatory-20220509-104500.npy,20220509,Arecibo-Observatory,III,10:55:00,10:56:00,10:55:23,10:56:07,2492,2668,manual,usable,False,False
win-Arecibo-Observatory-20220509-110000.npy,20220509,Arecibo-Observatory,III,11:02:00,11:02:00,11:02:12,11:02:45,528,660,manual,usable,False,False
win-Arecibo-Observatory-20220509-123000.npy,20220509,Arecibo-Observatory,III,12:40:00,12:42:00,12:40:00,12:42:00,2400,2880,catalog,discard,False,False
win-Arecibo-Observatory-20220509-141501.npy,20220509,Arecibo-Observatory,III,14:22:00,14:28:00,14:22:00,14:28:00,1676,3116,catalog,usable,False,False
win-Arecibo-Observatory-20220509-173000.npy,20220509,Arecibo-Observatory,III,17:35:00,17:36:00,17:35:40,17:36:20,1360,1520,manual,usable,False,False
win-Arecibo-Observatory-20220510-133000.npy,20220510,Arecibo-Observatory,III,13:44:00,13:55:00,13:44:00,13:55:00,3360,3600,catalog,,False,True
win-Arecibo-Observatory-20220510-134501.npy,20220510,Arecibo-Observatory,II,13:58:00,14:22:00,13:58:00,14:22:00,3116,3600,catalog,usable,False,True
win-Arecibo-Observatory-20220510-134501.npy,20220510,Arecibo-Observatory,III,13:44:00,13:55:00,13:44:00,13:55:00,0,2396,catalog,,False,True
win-Arecibo-Observatory-20220510-140001.npy,20220510,Arecibo-Observatory,II,13:58:00,14:22:00,13:58:00,14:22:00,0,3600,catalog,usable,False,True
win-Arecibo-Observatory-20220510-141500.npy,20220510,Arecibo-Observatory,II,13:58:00,14:22:00,13:58:00,14:22:00,0,1680,catalog,usable,False,True
win-Arecibo-Observatory-20220510-141500.npy,20220510,Arecibo-Observatory,III,14:29:00,14:29:00,14:29:03,14:29:20,3372,3440,manual,usable,False,False
win-Arecibo-Observatory-20220510-154501.npy,20220510,Arecibo-Observatory,III,15:49:00,15:50:00,15:49:00,15:50:00,956,1196,catalog,usable,False,False
win-Arecibo-Observatory-20220510-191459.npy,20220510,Arecibo-Observatory,III,19:16:00,19:17:00,19:16:00,19:17:00,244,484,catalog,discard,False,False
win-Arecibo-Observatory-20220511-104500.npy,20220511,Arecibo-Observatory,III,10:46:00,10:47:00,10:46:29,10:47:13,356,532,manual,usable,False,False
win-Arecibo-Observatory-20220511-110000.npy,20220511,Arecibo-Observatory,III,11:11:00,11:12:00,11:11:00,11:12:00,2640,2880,catalog,usable,False,False
win-Arecibo-Observatory-20220511-113000.npy,20220511,Arecibo-Observatory,III,11:41:00,11:41:00,11:41:10,11:41:45,2680,2820,zero_width_default,discard,False,False
win-Arecibo-Observatory-20220511-123000.npy,20220511,Arecibo-Observatory,III,12:31:00,12:31:00,12:31:10,12:31:45,280,420,zero_width_default,discard,False,False
win-Arecibo-Observatory-20220511-130000.npy,20220511,Arecibo-Observatory,III,13:06:00,13:07:00,13:06:00,13:07:00,1440,1680,catalog,discard,False,False
win-Arecibo-Observatory-20220511-141500.npy,20220511,Arecibo-Observatory,III,14:16:00,14:18:00,14:16:40,14:18:40,400,880,manual,usable,False,False
win-Arecibo-Observatory-20220511-143001.npy,20220511,Arecibo-Observatory,III,14:40:00,14:41:00,14:40:29,14:41:12,2512,2684,manual,usable,False,False
win-Arecibo-Observatory-20220511-150001.npy,20220511,Arecibo-Observatory,III,15:00:00,15:00:00,15:00:07,15:00:34,24,132,manual,usable,False,False
win-Arecibo-Observatory-20220511-150001.npy,20220511,Arecibo-Observatory,III,15:12:00,15:13:00,15:12:39,15:13:09,3032,3152,manual,usable,False,False
win-Arecibo-Observatory-20220511-151501.npy,20220511,Arecibo-Observatory,III,15:17:00,15:20:00,15:17:11,15:20:47,520,1384,manual,usable,False,False
win-Arecibo-Observatory-20220511-170000.npy,20220511,Arecibo-Observatory,III,17:12:00,17:13:00,17:12:00,17:13:00,2880,3120,catalog,discard,False,False
win-Arecibo-Observatory-20220511-174500.npy,20220511,Arecibo-Observatory,III,17:45:00,17:53:00,17:45:41,17:53:24,164,2016,manual,usable,False,False
win-Arecibo-Observatory-20220511-183000.npy,20220511,Arecibo-Observatory,II,18:39:00,18:50:00,18:39:00,18:50:00,2160,3600,catalog,usable,False,True
win-Arecibo-Observatory-20220511-184500.npy,20220511,Arecibo-Observatory,II,18:39:00,18:50:00,18:39:00,18:50:00,0,1200,catalog,usable,False,True
win-Arecibo-Observatory-20220511-184500.npy,20220511,Arecibo-Observatory,II,18:57:00,19:15:00,18:57:00,19:15:00,2880,3600,catalog,usable,False,True
win-Arecibo-Observatory-20220511-190000.npy,20220511,Arecibo-Observatory,II,18:57:00,19:15:00,18:57:00,19:15:00,0,3600,catalog,usable,False,True
win-Arecibo-Observatory-20220512-114209.npy,20220512,Arecibo-Observatory,III,11:48:00,11:51:00,11:48:14,11:51:39,1460,2280,manual,usable,False,False
win-Arecibo-Observatory-20220512-124209.npy,20220512,Arecibo-Observatory,III,12:53:00,12:56:00,12:53:10,12:56:53,2644,3536,manual,usable,False,False
win-Arecibo-Observatory-20220513-123000.npy,20220513,Arecibo-Observatory,III,12:38:00,12:39:00,12:38:00,12:39:00,1920,2160,catalog,usable,False,False
win-Arecibo-Observatory-20220513-144501.npy,20220513,Arecibo-Observatory,III,14:56:00,14:56:00,14:56:20,14:56:45,2716,2816,manual,usable,False,False
win-Arecibo-Observatory-20220513-161501.npy,20220513,Arecibo-Observatory,III,16:22:00,16:24:00,16:22:32,16:24:11,1804,2200,manual,usable,False,False
win-Arecibo-Observatory-20220513-170000.npy,20220513,Arecibo-Observatory,III,17:01:00,17:07:00,17:01:19,17:07:27,316,1788,manual,usable,False,False
win-Arecibo-Observatory-20220513-171500.npy,20220513,Arecibo-Observatory,III,17:23:00,17:24:00,17:23:11,17:24:58,1964,2392,manual,usable,False,False
win-Arecibo-Observatory-20220513-173000.npy,20220513,Arecibo-Observatory,III,17:37:00,17:39:00,17:37:00,17:39:00,1680,2160,catalog,usable,False,False
win-Arecibo-Observatory-20220513-180000.npy,20220513,Arecibo-Observatory,III,18:11:00,18:11:00,18:11:30,18:11:50,2760,2840,manual,usable,False,False
win-Arecibo-Observatory-20220513-193000.npy,20220513,Arecibo-Observatory,III,19:37:00,19:44:00,19:37:00,19:44:00,1680,3360,catalog,discard,False,False
win-Arecibo-Observatory-20220514-114500.npy,20220514,Arecibo-Observatory,III,11:49:00,11:53:00,11:49:48,11:53:34,1152,2056,manual,usable,False,False
win-Arecibo-Observatory-20220514-131501.npy,20220514,Arecibo-Observatory,III,13:26:00,13:26:00,13:25:58,13:26:27,2628,2744,manual,usable,False,False
win-Arecibo-Observatory-20220514-133001.npy,20220514,Arecibo-Observatory,III,13:40:00,13:49:00,13:39:50,13:49:00,2356,3600,manual,usable,False,True
win-Arecibo-Observatory-20220514-134501.npy,20220514,Arecibo-Observatory,III,13:40:00,13:49:00,13:39:50,13:49:00,0,956,manual,usable,False,True
win-Arecibo-Observatory-20220514-141501.npy,20220514,Arecibo-Observatory,III,14:24:00,14:26:00,14:24:31,14:26:42,2280,2804,manual,usable,False,False
win-Arecibo-Observatory-20220514-144501.npy,20220514,Arecibo-Observatory,III,14:56:00,14:58:00,14:57:50,14:58:40,3076,3276,manual,usable,False,False
win-Arecibo-Observatory-20220514-150001.npy,20220514,Arecibo-Observatory,III,15:11:00,15:16:00,15:11:40,15:12:31,2796,3000,manual,usable,False,False
win-Arecibo-Observatory-20220514-154501.npy,20220514,Arecibo-Observatory,III,15:46:00,15:50:00,15:46:00,15:50:00,236,1196,catalog,usable,False,False
win-Arecibo-Observatory-20220514-160001.npy,20220514,Arecibo-Observatory,III,16:07:00,16:08:00,16:07:00,16:08:00,1676,1916,catalog,usable,False,False
win-Arecibo-Observatory-20220514-165959.npy,20220514,Arecibo-Observatory,III,17:05:00,17:05:00,17:05:03,17:05:13,1216,1256,manual,usable,False,False
win-Arecibo-Observatory-20220515-114500.npy,20220515,Arecibo-Observatory,III,11:56:00,11:56:00,11:56:10,11:56:45,2680,2820,zero_width_default,discard,False,False
win-Arecibo-Observatory-20220516-165959.npy,20220516,Arecibo-Observatory,III,17:03:00,17:11:00,17:03:00,17:11:00,724,2644,catalog,discard,False,False
win-Arecibo-Observatory-20220516-175959.npy,20220516,Arecibo-Observatory,III,18:12:00,18:14:00,18:12:13,18:14:29,2936,3480,manual,usable,False,False
win-Arecibo-Observatory-20220517-114500.npy,20220517,Arecibo-Observatory,III,11:51:00,11:51:00,11:51:10,11:51:45,1480,1620,zero_width_default,discard,False,False
win-Arecibo-Observatory-20220517-131501.npy,20220517,Arecibo-Observatory,III,13:20:00,13:20:00,13:20:10,13:20:45,1236,1376,zero_width_default,discard,False,False
win-Arecibo-Observatory-20220517-150001.npy,20220517,Arecibo-Observatory,III,15:07:00,15:08:00,15:06:00,15:08:20,1436,1996,manual,usable,False,False
win-Arecibo-Observatory-20220517-184501.npy,20220517,Arecibo-Observatory,III,18:46:00,18:46:00,18:46:10,18:46:45,276,416,zero_width_default,discard,False,False
win-Arecibo-Observatory-20220517-190001.npy,20220517,Arecibo-Observatory,III,19:04:00,19:06:00,19:04:00,19:06:00,956,1436,catalog,discard,False,False
win-Arecibo-Observatory-20220518-151501.npy,20220518,Arecibo-Observatory,III,15:29:00,15:29:00,15:29:15,15:29:40,3416,3516,manual,usable,False,False
win-Arecibo-Observatory-20220518-172959.npy,20220518,Arecibo-Observatory,III,17:37:00,17:42:00,17:37:00,17:42:00,1684,2884,catalog,usable,False,False
win-Arecibo-Observatory-20220519-120001.npy,20220519,Arecibo-Observatory,II,12:05:00,12:14:00,12:05:00,12:14:00,1196,3356,catalog,discard,False,False
win-Arecibo-Observatory-20220519-130001.npy,20220519,Arecibo-Observatory,III,13:06:00,13:06:00,13:06:10,13:06:45,1476,1616,zero_width_default,discard,False,False
win-Arecibo-Observatory-20220519-141501.npy,20220519,Arecibo-Observatory,III,14:21:00,14:21:00,14:21:10,14:21:45,1476,1616,zero_width_default,discard,False,False
win-Arecibo-Observatory-20220519-143001.npy,20220519,Arecibo-Observatory,III,14:31:00,14:37:00,14:31:00,14:37:00,236,1676,catalog,discard,False,False
win-Arecibo-Observatory-20220519-150001.npy,20220519,Arecibo-Observatory,III,15:12:00,15:13:00,15:12:00,15:13:00,2876,3116,catalog,discard,False,False
win-Arecibo-Observatory-20220519-151501.npy,20220519,Arecibo-Observatory,III,15:16:00,15:18:00,15:16:00,15:18:00,236,716,catalog,discard,False,False
win-Arecibo-Observatory-20220519-161501.npy,20220519,Arecibo-Observatory,III,16:15:00,16:20:00,16:20:00,16:20:50,1196,1396,manual,usable,False,False
win-Arecibo-Observatory-20220519-174500.npy,20220519,Arecibo-Observatory,III,17:50:00,17:51:00,17:50:00,17:51:00,1200,1440,catalog,discard,False,False
win-Arecibo-Observatory-20220520-113000.npy,20220520,Arecibo-Observatory,III,11:42:00,11:48:00,11:42:14,11:49:00,2936,3600,manual,usable,False,True
win-Arecibo-Observatory-20220520-114500.npy,20220520,Arecibo-Observatory,III,11:42:00,11:48:00,11:42:14,11:49:00,0,960,manual,usable,False,True
win-Arecibo-Observatory-20220520-124501.npy,20220520,Arecibo-Observatory,III,12:48:00,12:49:00,12:48:00,12:49:00,716,956,catalog,discard,False,False
win-Arecibo-Observatory-20220520-141501.npy,20220520,Arecibo-Observatory,III,14:24:00,14:27:00,14:24:00,14:27:00,2156,2876,catalog,usable,False,False
win-Arecibo-Observatory-20220520-141501.npy,20220520,Arecibo-Observatory,III,14:15:00,14:15:00,14:15:10,14:15:45,36,176,zero_width_default,discard,False,False
win-Arecibo-Observatory-20220520-160001.npy,20220520,Arecibo-Observatory,III,16:04:00,16:10:00,16:04:00,16:10:00,956,2396,catalog,discard,False,False
win-Arecibo-Observatory-20220520-164459.npy,20220520,Arecibo-Observatory,III,16:48:00,16:48:00,16:48:07,16:48:32,752,852,manual,usable,False,False
win-Arecibo-Observatory-20220520-165959.npy,20220520,Arecibo-Observatory,III,17:02:00,17:03:00,17:02:27,17:03:37,592,872,manual,usable,False,False
win-Arecibo-Observatory-20220520-192959.npy,20220520,Arecibo-Observatory,III,19:35:00,19:38:00,19:35:00,19:38:00,1204,1924,catalog,usable,False,False
win-Arecibo-Observatory-20220521-130001.npy,20220521,Arecibo-Observatory,III,13:13:00,13:13:00,13:12:58,13:13:20,3108,3196,manual,usable,False,False
win-Arecibo-Observatory-20220521-133001.npy,20220521,Arecibo-Observatory,III,13:37:00,13:39:00,13:37:00,13:39:00,1676,2156,catalog,usable,False,False
win-Arecibo-Observatory-20220521-140001.npy,20220521,Arecibo-Observatory,III,14:11:00,14:15:00,14:11:00,14:15:00,2636,3596,catalog,usable,False,False
win-Arecibo-Observatory-20220521-141501.npy,20220521,Arecibo-Observatory,III,14:15:00,14:21:00,14:16:14,14:21:13,292,1488,manual,usable,False,False
win-Arecibo-Observatory-20220521-143001.npy,20220521,Arecibo-Observatory,III,14:44:00,14:45:00,14:43:03,14:45:19,3128,3600,manual,usable,False,True
win-Arecibo-Observatory-20220521-144501.npy,20220521,Arecibo-Observatory,III,14:44:00,14:45:00,14:43:03,14:45:19,0,72,manual,usable,False,True
win-Arecibo-Observatory-20220521-144501.npy,20220521,Arecibo-Observatory,III,14:57:00,14:58:00,14:57:21,14:58:22,2960,3204,manual,usable,False,False
win-Arecibo-Observatory-20220521-163000.npy,20220521,Arecibo-Observatory,III,16:36:00,16:36:00,16:36:15,16:36:59,1500,1676,manual,usable,False,False
win-Arecibo-Observatory-20220521-164500.npy,20220521,Arecibo-Observatory,III,16:56:00,16:58:00,16:56:03,16:58:35,2652,3260,manual,usable,False,False
win-Arecibo-Observatory-20220522-140001.npy,20220522,Arecibo-Observatory,III,14:09:00,14:10:00,14:09:40,14:10:20,2316,2476,manual,usable,False,False
win-Arecibo-Observatory-20220524-141501.npy,20220524,Arecibo-Observatory,III,14:26:00,14:26:00,14:26:10,14:26:50,2676,2836,manual,usable,False,False
win-Arecibo-Observatory-20220524-154501.npy,20220524,Arecibo-Observatory,III,15:48:00,15:48:00,15:48:10,15:48:45,756,896,zero_width_default,discard,False,False
win-Arecibo-Observatory-20220524-160001.npy,20220524,Arecibo-Observatory,III,16:04:00,16:06:00,16:04:40,16:06:20,1116,1516,manual,usable,False,False
win-Arecibo-Observatory-20220524-161501.npy,20220524,Arecibo-Observatory,III,16:25:00,16:25:00,16:24:59,16:25:48,2392,2588,manual,usable,False,False
win-Arecibo-Observatory-20220524-194459.npy,20220524,Arecibo-Observatory,III,19:47:00,19:51:00,19:47:00,19:51:00,484,1444,catalog,discard,False,False
win-Arecibo-Observatory-20220525-104500.npy,20220525,Arecibo-Observatory,III,10:48:00,10:48:00,10:48:10,10:48:45,760,900,zero_width_default,discard,False,False
win-Arecibo-Observatory-20220525-123001.npy,20220525,Arecibo-Observatory,III,12:36:00,12:37:00,12:36:00,12:37:00,1436,1676,catalog,usable,False,False
win-Arecibo-Observatory-20220525-164500.npy,20220525,Arecibo-Observatory,III,16:53:00,16:53:00,16:53:40,16:53:55,2080,2140,manual,usable,False,False
win-Arecibo-Observatory-20220525-180000.npy,20220525,Arecibo-Observatory,III,18:13:00,18:14:00,18:13:10,18:14:50,3160,3560,manual,usable,False,False
win-Arecibo-Observatory-20220525-181500.npy,20220525,Arecibo-Observatory,II,18:17:00,18:23:00,18:17:35,18:24:00,620,2160,manual,usable,False,False
win-Arecibo-Observatory-20220526-143001.npy,20220526,Arecibo-Observatory,III,14:32:00,14:33:00,14:32:00,14:33:00,476,716,catalog,discard,False,False
win-Arecibo-Observatory-20220526-144501.npy,20220526,Arecibo-Observatory,III,14:57:00,14:57:00,14:57:10,14:57:45,2916,3056,zero_width_default,discard,False,False
win-Arecibo-Observatory-20220527-100000.npy,20220527,Arecibo-Observatory,III,10:08:00,10:08:00,10:08:20,10:08:59,2000,2156,manual,usable,False,False
win-Arecibo-Observatory-20220527-104500.npy,20220527,Arecibo-Observatory,III,10:56:00,10:56:00,10:56:10,10:56:45,2680,2820,zero_width_default,discard,False,False
win-Arecibo-Observatory-20220527-124500.npy,20220527,Arecibo-Observatory,III,12:49:00,12:53:00,12:49:00,12:53:00,960,1920,catalog,usable,False,False
win-Arecibo-Observatory-20220527-160001.npy,20220527,Arecibo-Observatory,III,16:13:00,16:14:00,16:13:00,16:14:00,3116,3356,catalog,usable,False,False
win-Arecibo-Observatory-20220527-160001.npy,20220527,Arecibo-Observatory,III,16:07:00,16:10:00,16:07:16,16:10:54,1740,2612,manual,usable,False,False
win-Arecibo-Observatory-20220527-160001.npy,20220527,Arecibo-Observatory,III,16:01:00,16:01:00,16:00:40,16:01:49,156,432,manual,usable,False,False
win-Arecibo-Observatory-20220527-161501.npy,20220527,Arecibo-Observatory,III,16:29:00,16:32:00,16:29:00,16:32:00,3356,3587,catalog,,False,True
win-Arecibo-Observatory-20220527-163000.npy,20220527,Arecibo-Observatory,III,16:41:00,16:42:00,16:41:12,16:42:45,2688,3060,manual,usable,False,False
win-Arecibo-Observatory-20220527-163000.npy,20220527,Arecibo-Observatory,III,16:37:00,16:38:00,16:37:05,16:38:51,1700,2124,manual,usable,False,False
win-Arecibo-Observatory-20220527-163000.npy,20220527,Arecibo-Observatory,III,16:29:00,16:32:00,16:29:00,16:32:00,0,480,catalog,,False,True
win-Arecibo-Observatory-20220527-184501.npy,20220527,Arecibo-Observatory,III,18:47:00,18:48:00,18:47:00,18:48:00,476,716,catalog,discard,False,False
win-Arecibo-Observatory-20220527-191500.npy,20220527,Arecibo-Observatory,V,19:27:00,19:30:00,19:27:00,19:30:00,2880,3600,catalog,,False,False
win-Arecibo-Observatory-20220527-193001.npy,20220527,Arecibo-Observatory,III,19:36:00,19:37:00,19:36:00,19:37:00,1436,1676,catalog,usable,False,False
win-Arecibo-Observatory-20220528-120000.npy,20220528,Arecibo-Observatory,III,12:07:00,12:11:00,12:07:00,12:11:00,1680,2640,catalog,usable,False,False
win-Arecibo-Observatory-20220528-130000.npy,20220528,Arecibo-Observatory,III,13:00:00,13:00:00,13:00:06,13:00:41,24,164,manual,usable,False,False
win-Arecibo-Observatory-20220528-134501.npy,20220528,Arecibo-Observatory,III,13:47:00,13:48:00,13:47:07,13:48:35,504,856,manual,usable,False,False
win-Arecibo-Observatory-20220528-150001.npy,20220528,Arecibo-Observatory,III,15:08:00,15:08:00,15:08:10,15:08:45,1956,2096,zero_width_default,discard,False,False
win-Arecibo-Observatory-20220528-160001.npy,20220528,Arecibo-Observatory,II,16:00:00,16:11:00,16:00:00,16:11:00,0,2636,catalog,usable,False,True
win-Arecibo-Observatory-20220528-163000.npy,20220528,Arecibo-Observatory,III,16:41:00,16:54:00,16:41:00,16:54:00,2640,3600,catalog,usable,False,True
win-Arecibo-Observatory-20220528-164459.npy,20220528,Arecibo-Observatory,III,16:41:00,16:54:00,16:41:00,16:54:00,0,2164,catalog,usable,False,True
win-Arecibo-Observatory-20220528-181459.npy,20220528,Arecibo-Observatory,III,18:23:00,18:23:00,18:23:10,18:23:45,1964,2104,zero_width_default,discard,False,False
win-Arecibo-Observatory-20220528-184459.npy,20220528,Arecibo-Observatory,III,18:58:00,19:03:00,18:58:15,19:03:40,3184,3600,manual,usable,False,True
win-Arecibo-Observatory-20220528-185959.npy,20220528,Arecibo-Observatory,III,18:58:00,19:03:00,18:58:15,19:03:40,0,884,manual,usable,False,True
win-Arecibo-Observatory-20220529-104500.npy,20220529,Arecibo-Observatory,III,10:53:00,10:53:00,10:53:20,10:53:45,2000,2100,manual,usable,False,False
win-Arecibo-Observatory-20220529-124500.npy,20220529,Arecibo-Observatory,III,12:56:00,12:57:00,12:56:00,12:57:00,2640,2880,catalog,discard,False,False
win-Arecibo-Observatory-20220529-140001.npy,20220529,Arecibo-Observatory,III,14:13:00,14:15:00,14:13:00,14:15:00,3116,3596,catalog,usable,False,False
win-Arecibo-Observatory-20220529-143001.npy,20220529,Arecibo-Observatory,III,14:42:00,14:42:00,14:42:10,14:42:45,2916,3056,zero_width_default,discard,False,False
win-Arecibo-Observatory-20220530-113000.npy,20220530,Arecibo-Observatory,III,11:34:00,11:34:00,11:34:10,11:34:45,1000,1140,zero_width_default,discard,False,False
win-Arecibo-Observatory-20220530-133001.npy,20220530,Arecibo-Observatory,III,13:43:00,13:44:00,13:44:20,13:44:51,3436,3560,manual,usable,False,False
win-Arecibo-Observatory-20220530-144501.npy,20220530,Arecibo-Observatory,III,14:50:00,14:51:00,14:50:06,14:51:36,1220,1580,manual,usable,False,False
win-Arecibo-Observatory-20220530-150001.npy,20220530,Arecibo-Observatory,III,15:03:00,15:11:00,15:03:00,15:11:00,716,2636,catalog,usable,False,False
win-Arecibo-Observatory-20220530-175959.npy,20220530,Arecibo-Observatory,III,18:03:00,18:04:00,18:03:00,18:04:00,724,964,catalog,usable,False,False
win-Arecibo-Observatory-20220530-192959.npy,20220530,Arecibo-Observatory,III,19:31:00,19:35:00,19:31:33,19:35:46,376,1388,manual,usable,False,False
win-Arecibo-Observatory-20220531-103000.npy,20220531,Arecibo-Observatory,III,10:42:00,10:42:00,10:41:58,10:42:26,2872,2984,manual,usable,False,False
win-Arecibo-Observatory-20220531-114501.npy,20220531,Arecibo-Observatory,III,11:50:00,11:50:00,11:50:10,11:50:45,1236,1376,zero_width_default,discard,False,False
win-Arecibo-Observatory-20220531-121500.npy,20220531,Arecibo-Observatory,III,12:27:00,12:27:00,12:27:40,12:28:00,3040,3120,manual,usable,False,False
win-Arecibo-Observatory-20220531-130001.npy,20220531,Arecibo-Observatory,III,13:13:00,13:15:00,13:13:00,13:15:00,3116,3596,catalog,flagged_for_retry,False,False
win-Arecibo-Observatory-20220531-144501.npy,20220531,Arecibo-Observatory,III,14:47:00,14:47:00,14:47:10,14:47:30,516,596,manual,usable,False,False
win-Arecibo-Observatory-20220531-154501.npy,20220531,Arecibo-Observatory,III,15:48:00,15:49:00,15:48:00,15:49:00,716,956,catalog,flagged_for_retry,False,False
win-Arecibo-Observatory-20220531-171500.npy,20220531,Arecibo-Observatory,III,17:22:00,17:22:00,17:22:08,17:22:22,1712,1768,manual,usable,False,False
win-Arecibo-Observatory-20220531-173000.npy,20220531,Arecibo-Observatory,III,17:36:00,17:42:00,17:36:00,17:42:00,1440,2880,catalog,discard,False,False
win-Arecibo-Observatory-20220531-181500.npy,20220531,Arecibo-Observatory,III,18:26:00,18:26:00,18:26:40,18:27:00,2800,2880,manual,usable,False,False
win-Arecibo-Observatory-20220531-184500.npy,20220531,Arecibo-Observatory,III,18:45:00,18:47:00,18:45:00,18:47:00,0,480,catalog,usable,False,False
win-Arecibo-Observatory-20220601-114500.npy,20220601,Arecibo-Observatory,III,11:59:00,11:59:00,11:59:10,11:59:45,3400,3540,zero_width_default,discard,False,False
win-Arecibo-Observatory-20220601-123000.npy,20220601,Arecibo-Observatory,III,12:31:00,12:31:00,12:31:30,12:31:45,360,420,manual,usable,False,False
win-Arecibo-Observatory-20220601-130000.npy,20220601,Arecibo-Observatory,III,13:12:00,13:12:00,13:12:20,13:12:30,2960,3000,manual,usable,False,False
win-Arecibo-Observatory-20220602-130001.npy,20220602,Arecibo-Observatory,III,13:03:00,13:04:00,13:03:40,13:04:40,876,1116,manual,usable,False,False
win-Arecibo-Observatory-20220602-134501.npy,20220602,Arecibo-Observatory,III,13:55:00,13:59:00,13:55:00,13:59:00,2396,3356,catalog,usable,False,False
win-Arecibo-Observatory-20220602-154501.npy,20220602,Arecibo-Observatory,III,15:52:00,15:54:00,15:52:41,15:54:12,1840,2204,manual,usable,False,False
win-Arecibo-Observatory-20220603-195959.npy,20220603,Arecibo-Observatory,III,20:00:00,20:01:00,20:00:00,20:01:00,4,244,catalog,discard,False,False
win-Arecibo-Observatory-20220606-101500.npy,20220606,Arecibo-Observatory,III,10:25:00,10:26:00,10:25:00,10:26:00,2400,2640,catalog,usable,False,False
win-Arecibo-Observatory-20220609-130001.npy,20220609,Arecibo-Observatory,III,13:03:00,13:04:00,13:03:00,13:04:00,716,956,catalog,usable,False,False
win-Arecibo-Observatory-20220609-134501.npy,20220609,Arecibo-Observatory,III,13:48:00,13:55:00,13:48:10,13:55:24,756,2492,manual,usable,False,False
win-Arecibo-Observatory-20220609-151501.npy,20220609,Arecibo-Observatory,III,15:27:00,15:28:00,15:27:00,15:28:00,2876,3116,catalog,discard,False,False
win-Arecibo-Observatory-20220609-164459.npy,20220609,Arecibo-Observatory,III,16:47:00,16:47:00,16:47:07,16:47:22,512,572,manual,usable,False,False
win-Arecibo-Observatory-20220611-182959.npy,20220611,Arecibo-Observatory,III,18:32:00,18:33:00,18:32:00,18:33:00,484,724,catalog,usable,False,False
win-Arecibo-Observatory-20220612-143001.npy,20220612,Arecibo-Observatory,III,14:32:00,14:32:00,14:32:10,14:32:45,516,656,zero_width_default,discard,False,False
win-Arecibo-Observatory-20220613-114500.npy,20220613,Arecibo-Observatory,III,11:52:00,11:53:00,11:52:00,11:53:00,1680,1920,catalog,discard,False,False
win-Arecibo-Observatory-20220613-120000.npy,20220613,Arecibo-Observatory,III,12:04:00,12:05:00,12:04:00,12:05:00,960,1200,catalog,usable,False,False
win-Arecibo-Observatory-20220613-123001.npy,20220613,Arecibo-Observatory,III,12:40:00,12:41:00,12:40:42,12:41:19,2564,2712,manual,usable,False,False
win-Arecibo-Observatory-20220613-124500.npy,20220613,Arecibo-Observatory,III,12:57:00,12:58:00,12:57:40,12:58:10,3040,3160,manual,usable,False,False
win-Arecibo-Observatory-20220613-134501.npy,20220613,Arecibo-Observatory,III,13:48:00,13:52:00,13:48:05,13:52:20,736,1756,manual,usable,False,False
win-Arecibo-Observatory-20220613-151501.npy,20220613,Arecibo-Observatory,III,15:15:00,15:18:00,15:15:00,15:18:00,0,716,catalog,usable,False,True
win-Arecibo-Observatory-20220613-172959.npy,20220613,Arecibo-Observatory,III,17:37:00,17:37:00,17:37:13,17:37:34,1736,1820,manual,usable,False,False
win-Arecibo-Observatory-20220613-181459.npy,20220613,Arecibo-Observatory,III,18:22:00,18:26:00,18:22:00,18:26:00,1684,2644,catalog,flagged_for_retry,False,False
win-Arecibo-Observatory-20220613-185959.npy,20220613,Arecibo-Observatory,III,19:14:00,19:14:00,19:14:05,19:14:17,3384,3432,manual,usable,False,False
win-Arecibo-Observatory-20220614-140001.npy,20220614,Arecibo-Observatory,III,14:04:00,14:04:00,14:04:35,14:05:00,1096,1196,manual,flagged_for_retry,False,False
win-Arecibo-Observatory-20220614-190000.npy,20220614,Arecibo-Observatory,III,19:05:00,19:12:00,19:05:00,19:12:00,1200,2880,catalog,discard,False,False
win-Arecibo-Observatory-20220624-133827.npy,20220624,Arecibo-Observatory,III,13:45:00,13:49:00,13:45:03,13:49:43,1584,2704,manual,usable,False,False
win-Arecibo-Observatory-20220624-162327.npy,20220624,Arecibo-Observatory,III,16:27:00,16:27:00,16:27:20,16:27:59,932,1088,manual,usable,False,False
win-Arecibo-Observatory-20220625-134501.npy,20220625,Arecibo-Observatory,III,13:58:00,14:01:00,13:57:40,14:01:40,3036,3600,manual,usable,False,True
win-Arecibo-Observatory-20220625-140001.npy,20220625,Arecibo-Observatory,III,13:58:00,14:01:00,13:57:40,14:01:40,0,396,manual,usable,False,True
win-Arecibo-Observatory-20220625-144501.npy,20220625,Arecibo-Observatory,III,14:57:00,14:58:00,14:56:52,14:58:39,2844,3272,manual,usable,False,False
win-Arecibo-Observatory-20220625-150001.npy,20220625,Arecibo-Observatory,III,15:10:00,15:17:00,15:10:00,15:17:00,2396,3600,catalog,usable,False,True
win-Arecibo-Observatory-20220625-151501.npy,20220625,Arecibo-Observatory,III,15:10:00,15:17:00,15:10:00,15:17:00,0,476,catalog,usable,False,True
win-Arecibo-Observatory-20220625-161501.npy,20220625,Arecibo-Observatory,III,16:26:00,16:27:00,16:26:00,16:27:00,2636,2876,catalog,usable,False,False
win-Arecibo-Observatory-20220625-174501.npy,20220625,Arecibo-Observatory,III,17:53:00,17:55:00,17:53:00,17:55:00,1916,2396,catalog,usable,False,False
win-Arecibo-Observatory-20220625-180001.npy,20220625,Arecibo-Observatory,III,18:08:00,18:09:00,18:08:33,18:09:13,2048,2208,manual,usable,False,False
win-Arecibo-Observatory-20220625-190001.npy,20220625,Arecibo-Observatory,III,19:10:00,19:11:00,19:10:00,19:11:00,2396,2636,catalog,discard,False,False
win-Arecibo-Observatory-20220626-111500.npy,20220626,Arecibo-Observatory,III,11:26:00,11:26:00,11:26:10,11:26:45,2680,2820,zero_width_default,discard,False,False
win-Arecibo-Observatory-20220626-154501.npy,20220626,Arecibo-Observatory,III,15:55:00,15:56:00,15:55:40,15:56:30,2556,2756,manual,usable,False,False
win-Arecibo-Observatory-20220626-171500.npy,20220626,Arecibo-Observatory,III,17:26:00,17:26:00,17:26:10,17:26:45,2680,2820,zero_width_default,discard,False,False
win-Arecibo-Observatory-20220627-104500.npy,20220627,Arecibo-Observatory,III,10:49:00,10:56:00,10:49:35,10:56:28,1100,2752,manual,usable,False,False
win-Arecibo-Observatory-20220627-110000.npy,20220627,Arecibo-Observatory,III,11:03:00,11:04:00,11:03:27,11:03:56,828,944,manual,usable,False,False
win-Arecibo-Observatory-20220627-120000.npy,20220627,Arecibo-Observatory,III,12:05:00,12:12:00,12:05:33,12:12:54,1332,3096,manual,usable,False,False
win-Arecibo-Observatory-20220627-124500.npy,20220627,Arecibo-Observatory,III,12:50:00,12:53:00,12:50:50,12:53:39,1400,2076,manual,usable,False,False
win-Arecibo-Observatory-20220627-130000.npy,20220627,Arecibo-Observatory,III,13:09:00,13:11:00,13:09:00,13:11:00,2160,2640,catalog,usable,False,False
win-Arecibo-Observatory-20220627-140000.npy,20220627,Arecibo-Observatory,III,14:02:00,14:10:00,14:07:08,14:10:45,1712,2580,manual,usable,False,False
win-Arecibo-Observatory-20220627-154501.npy,20220627,Arecibo-Observatory,III,15:55:00,16:01:00,15:55:29,16:01:39,2512,3600,manual,usable,False,True
win-Arecibo-Observatory-20220627-160001.npy,20220627,Arecibo-Observatory,III,15:55:00,16:01:00,15:55:29,16:01:39,0,392,manual,usable,False,True
win-Arecibo-Observatory-20220627-172959.npy,20220627,Arecibo-Observatory,III,17:31:00,17:33:00,17:31:27,17:33:51,352,928,manual,usable,False,False
win-Arecibo-Observatory-20220627-174459.npy,20220627,Arecibo-Observatory,III,17:45:00,17:53:00,17:45:06,17:53:38,28,2076,manual,usable,False,False
win-Arecibo-Observatory-20220627-175959.npy,20220627,Arecibo-Observatory,III,18:09:00,18:25:00,18:09:00,18:25:00,2164,3600,catalog,usable,False,True
win-Arecibo-Observatory-20220627-181459.npy,20220627,Arecibo-Observatory,III,18:09:00,18:25:00,18:09:00,18:25:00,0,2404,catalog,usable,False,True
win-Arecibo-Observatory-20220628-103000.npy,20220628,Arecibo-Observatory,III,10:40:00,10:40:00,10:40:10,10:40:45,2440,2580,zero_width_default,discard,False,False
win-Arecibo-Observatory-20220702-111500.npy,20220702,Arecibo-Observatory,III,11:17:00,11:18:00,11:17:50,11:18:11,680,764,manual,usable,False,False
win-Arecibo-Observatory-20220702-111500.npy,20220702,Arecibo-Observatory,III,11:24:00,11:27:00,11:25:51,11:27:30,2604,3000,manual,usable,False,False
win-Arecibo-Observatory-20220702-130000.npy,20220702,Arecibo-Observatory,III,13:13:00,13:18:00,13:13:29,13:18:54,3236,3600,manual,usable,False,True
win-Arecibo-Observatory-20220702-131500.npy,20220702,Arecibo-Observatory,III,13:13:00,13:18:00,13:13:29,13:18:54,0,936,manual,usable,False,True
win-Arecibo-Observatory-20220702-161500.npy,20220702,Arecibo-Observatory,III,16:27:00,16:28:00,16:27:54,16:28:46,3096,3304,manual,usable,False,False
win-Arecibo-Observatory-20220702-163000.npy,20220702,Arecibo-Observatory,III,16:38:00,16:43:00,16:38:18,16:39:24,1992,2256,manual,usable,False,False
win-Arecibo-Observatory-20220702-181500.npy,20220702,Arecibo-Observatory,III,18:15:00,18:20:00,18:15:24,18:20:28,96,1312,manual,usable,False,False
win-Arecibo-Observatory-20220703-124500.npy,20220703,Arecibo-Observatory,III,12:46:00,12:51:00,12:46:00,12:51:00,240,1440,catalog,,False,False
win-Arecibo-Observatory-20220703-130001.npy,20220703,Arecibo-Observatory,III,13:10:00,13:11:00,13:10:00,13:11:00,2396,2636,catalog,,False,False
win-Arecibo-Observatory-20220703-131500.npy,20220703,Arecibo-Observatory,III,13:17:00,13:19:00,13:17:00,13:19:00,480,960,catalog,,False,False
win-Arecibo-Observatory-20220703-133001.npy,20220703,Arecibo-Observatory,III,13:39:00,13:39:00,13:39:10,13:39:45,2196,2336,zero_width_default,,False,False
win-Arecibo-Observatory-20220703-140001.npy,20220703,Arecibo-Observatory,III,14:08:00,14:13:00,14:08:00,14:13:00,1916,3116,catalog,,False,False
win-Arecibo-Observatory-20220703-144501.npy,20220703,Arecibo-Observatory,III,14:56:00,14:57:00,14:56:00,14:57:00,2636,2876,catalog,,False,False
win-Arecibo-Observatory-20220703-150001.npy,20220703,Arecibo-Observatory,III,15:05:00,15:05:00,15:05:10,15:05:45,1236,1376,zero_width_default,,False,False
win-Arecibo-Observatory-20220703-160001.npy,20220703,Arecibo-Observatory,III,16:03:00,16:04:00,16:03:00,16:04:00,716,956,catalog,,False,False
win-Arecibo-Observatory-20220703-161501.npy,20220703,Arecibo-Observatory,III,16:20:00,16:23:00,16:20:00,16:23:00,1196,1916,catalog,,False,False
win-Arecibo-Observatory-20220703-163000.npy,20220703,Arecibo-Observatory,III,16:30:00,16:34:00,16:30:00,16:34:00,0,960,catalog,,False,False
win-Arecibo-Observatory-20220703-170000.npy,20220703,Arecibo-Observatory,III,17:00:00,17:00:00,17:00:10,17:00:45,40,180,zero_width_default,,False,False
win-Arecibo-Observatory-20220703-171500.npy,20220703,Arecibo-Observatory,III,17:21:00,17:24:00,17:22:10,17:23:38,1720,2072,manual,usable,False,False
win-Arecibo-Observatory-20220703-182959.npy,20220703,Arecibo-Observatory,III,18:38:00,18:38:00,18:38:12,18:38:46,1972,2108,manual,usable,False,False
win-Arecibo-Observatory-20220703-203000.npy,20220703,Arecibo-Observatory,III,20:41:00,20:41:00,20:41:38,20:41:44,2792,2816,manual,usable,False,False
win-Arecibo-Observatory-20220704-104500.npy,20220704,Arecibo-Observatory,III,10:57:00,10:58:00,10:57:00,10:58:00,2880,3120,catalog,,False,False
win-Arecibo-Observatory-20220704-121501.npy,20220704,Arecibo-Observatory,III,12:21:00,12:21:00,12:21:10,12:21:45,1476,1616,zero_width_default,,False,False
win-Arecibo-Observatory-20220704-133001.npy,20220704,Arecibo-Observatory,II,13:36:00,13:51:00,13:35:26,13:50:38,1300,3600,manual,usable,False,True
win-Arecibo-Observatory-20220704-134501.npy,20220704,Arecibo-Observatory,II,13:36:00,13:51:00,13:35:26,13:50:38,0,1348,manual,usable,False,True
win-Arecibo-Observatory-20220704-154501.npy,20220704,Arecibo-Observatory,III,15:54:00,15:54:00,15:54:10,15:54:45,2196,2336,zero_width_default,,False,False
win-Arecibo-Observatory-20220704-160001.npy,20220704,Arecibo-Observatory,III,16:07:00,16:08:00,16:07:00,16:08:00,1676,1916,catalog,,False,False
win-Arecibo-Observatory-20220704-171500.npy,20220704,Arecibo-Observatory,III,17:25:00,17:25:00,17:25:10,17:25:45,2440,2580,zero_width_default,,False,False
win-Arecibo-Observatory-20220704-193001.npy,20220704,Arecibo-Observatory,III,19:36:00,19:36:00,19:36:10,19:36:45,1476,1616,zero_width_default,,False,False
win-Arecibo-Observatory-20220705-110000.npy,20220705,Arecibo-Observatory,III,11:03:00,11:15:00,11:03:00,11:15:00,720,3600,catalog,,False,False
win-Arecibo-Observatory-20220705-111500.npy,20220705,Arecibo-Observatory,III,11:25:00,11:27:00,11:25:00,11:27:00,2400,2880,catalog,,False,False
win-Arecibo-Observatory-20220705-124501.npy,20220705,Arecibo-Observatory,III,12:54:00,12:58:00,12:54:00,12:58:00,2156,3116,catalog,,False,False
win-Arecibo-Observatory-20220705-150001.npy,20220705,Arecibo-Observatory,III,15:12:00,15:13:00,15:12:00,15:13:00,2876,3116,catalog,,False,False
win-Arecibo-Observatory-20220705-150001.npy,20220705,Arecibo-Observatory,III,15:00:00,15:01:00,15:00:00,15:01:00,0,236,catalog,,False,True
win-Arecibo-Observatory-20220705-151501.npy,20220705,Arecibo-Observatory,III,15:23:00,15:26:00,15:23:00,15:26:00,1916,2636,catalog,,False,False
win-Arecibo-Observatory-20220705-174459.npy,20220705,Arecibo-Observatory,III,17:45:00,17:46:00,17:45:00,17:46:00,4,244,catalog,,False,False
win-Arecibo-Observatory-20220705-182959.npy,20220705,Arecibo-Observatory,III,18:35:00,18:39:00,18:35:00,18:39:00,1204,2164,catalog,,False,False
win-Arecibo-Observatory-20220706-131501.npy,20220706,Arecibo-Observatory,III,13:22:00,13:23:00,13:22:00,13:23:00,1676,1916,catalog,,False,False
win-Arecibo-Observatory-20220706-160001.npy,20220706,Arecibo-Observatory,III,16:06:00,16:06:00,16:06:10,16:06:45,1476,1616,zero_width_default,,False,False
win-Arecibo-Observatory-20220707-113000.npy,20220707,Arecibo-Observatory,III,11:31:00,11:31:00,11:31:10,11:31:45,280,420,zero_width_default,,False,False
win-Arecibo-Observatory-20220712-193000.npy,20220712,Arecibo-Observatory,III,19:34:00,19:34:00,19:34:10,19:34:45,1000,1140,zero_width_default,,False,False
win-Arecibo-Observatory-20220713-111500.npy,20220713,Arecibo-Observatory,III,11:16:00,11:16:00,11:16:10,11:16:45,280,420,zero_width_default,,False,False
win-Arecibo-Observatory-20220713-131500.npy,20220713,Arecibo-Observatory,III,13:17:00,13:19:00,13:17:00,13:19:00,480,960,catalog,,False,False
win-Arecibo-Observatory-20220713-134501.npy,20220713,Arecibo-Observatory,III,13:53:00,13:56:00,13:53:00,13:56:00,1916,2636,catalog,,False,False
win-Arecibo-Observatory-20220713-153001.npy,20220713,Arecibo-Observatory,III,15:36:00,15:37:00,15:36:00,15:37:00,1436,1676,catalog,,False,False
win-Arecibo-Observatory-20220713-160001.npy,20220713,Arecibo-Observatory,III,16:10:00,16:10:00,16:10:10,16:10:45,2436,2576,zero_width_default,,False,False
win-Arecibo-Observatory-20220714-155738.npy,20220714,Arecibo-Observatory,III,15:58:00,15:58:00,15:58:10,15:58:45,128,268,zero_width_default,,False,False
win-Arecibo-Observatory-20220714-170000.npy,20220714,Arecibo-Observatory,III,17:01:00,17:01:00,17:01:10,17:01:45,280,420,zero_width_default,,False,False
win-Arecibo-Observatory-20220714-194500.npy,20220714,Arecibo-Observatory,III,19:55:00,19:56:00,19:55:00,19:56:00,2400,2640,catalog,,False,False
win-Arecibo-Observatory-20220715-110000.npy,20220715,Arecibo-Observatory,III,11:06:00,11:06:00,11:06:10,11:06:45,1480,1620,zero_width_default,,False,False
win-Arecibo-Observatory-20220715-114500.npy,20220715,Arecibo-Observatory,III,11:59:00,12:04:00,11:59:00,12:04:00,3360,3600,catalog,,False,True
win-Arecibo-Observatory-20220715-120000.npy,20220715,Arecibo-Observatory,III,11:59:00,12:04:00,11:59:00,12:04:00,0,960,catalog,,False,True
win-Arecibo-Observatory-20220715-123000.npy,20220715,Arecibo-Observatory,III,12:39:00,12:39:00,12:39:10,12:39:45,2200,2340,zero_width_default,,False,False
win-Arecibo-Observatory-20220715-140001.npy,20220715,Arecibo-Observatory,III,14:08:00,14:12:00,14:08:00,14:12:00,1916,2876,catalog,,False,False
win-Arecibo-Observatory-20220715-141501.npy,20220715,Arecibo-Observatory,III,14:20:00,14:20:00,14:20:10,14:20:45,1236,1376,zero_width_default,,False,False
win-Arecibo-Observatory-20220715-154501.npy,20220715,Arecibo-Observatory,III,15:58:00,16:04:00,15:58:00,16:04:00,3116,3600,catalog,,False,True
win-Arecibo-Observatory-20220715-160001.npy,20220715,Arecibo-Observatory,III,15:58:00,16:04:00,15:58:00,16:04:00,0,956,catalog,,False,True
win-Arecibo-Observatory-20220716-181500.npy,20220716,Arecibo-Observatory,III,18:26:00,18:26:00,18:26:10,18:26:45,2680,2820,zero_width_default,,False,False
win-Arecibo-Observatory-20220716-183000.npy,20220716,Arecibo-Observatory,III,18:35:00,18:36:00,18:35:00,18:36:00,1200,1440,catalog,,False,False
win-Arecibo-Observatory-20220717-140001.npy,20220717,Arecibo-Observatory,III,14:10:00,14:10:00,14:10:10,14:10:45,2436,2576,zero_width_default,,False,False
win-Arecibo-Observatory-20220717-154501.npy,20220717,Arecibo-Observatory,III,15:54:00,15:54:00,15:54:10,15:54:45,2196,2336,zero_width_default,,False,False
win-Arecibo-Observatory-20220717-171459.npy,20220717,Arecibo-Observatory,III,17:21:00,17:21:00,17:21:10,17:21:45,1484,1624,zero_width_default,,False,False
win-Arecibo-Observatory-20220718-143001.npy,20220718,Arecibo-Observatory,III,14:35:00,14:37:00,14:35:00,14:37:00,1196,1676,catalog,,False,False
win-Arecibo-Observatory-20220718-153001.npy,20220718,Arecibo-Observatory,III,15:43:00,15:48:00,15:43:00,15:48:00,3116,3600,catalog,,False,True
win-Arecibo-Observatory-20220718-154501.npy,20220718,Arecibo-Observatory,III,15:43:00,15:48:00,15:43:00,15:48:00,0,716,catalog,,False,True
win-Arecibo-Observatory-20220718-164500.npy,20220718,Arecibo-Observatory,III,16:51:00,16:51:00,16:51:10,16:51:45,1480,1620,zero_width_default,,False,False
win-Arecibo-Observatory-20220718-173000.npy,20220718,Arecibo-Observatory,III,17:38:00,17:40:00,17:38:00,17:40:00,1920,2400,catalog,,False,False
win-Arecibo-Observatory-20220719-110000.npy,20220719,Arecibo-Observatory,III,11:07:00,11:10:00,11:07:00,11:10:00,1680,2400,catalog,,False,False
win-Arecibo-Observatory-20220719-154501.npy,20220719,Arecibo-Observatory,III,15:51:00,15:52:00,15:51:00,15:52:00,1436,1676,catalog,,False,False
win-Arecibo-Observatory-20220719-171459.npy,20220719,Arecibo-Observatory,III,17:21:00,17:25:00,17:21:00,17:25:00,1444,2404,catalog,,False,False
win-Arecibo-Observatory-20220719-175959.npy,20220719,Arecibo-Observatory,III,18:00:00,18:05:00,18:00:00,18:05:00,4,1204,catalog,,False,False
win-Arecibo-Observatory-20220719-184459.npy,20220719,Arecibo-Observatory,III,18:52:00,18:52:00,18:52:10,18:52:45,1724,1864,zero_width_default,,False,False
win-Arecibo-Observatory-20220720-130001.npy,20220720,Arecibo-Observatory,III,13:12:00,13:13:00,13:12:00,13:13:00,2876,3116,catalog,,False,False
win-Arecibo-Observatory-20220720-160001.npy,20220720,Arecibo-Observatory,III,16:14:00,16:15:00,16:14:00,16:15:00,3356,3596,catalog,,False,False
win-Arecibo-Observatory-20220720-183000.npy,20220720,Arecibo-Observatory,III,18:32:00,18:33:00,18:32:00,18:33:00,480,720,catalog,,False,False
win-Arecibo-Observatory-20220721-140001.npy,20220721,Arecibo-Observatory,III,14:01:00,14:10:00,14:01:00,14:10:00,236,2396,catalog,,False,False
win-Arecibo-Observatory-20220721-154501.npy,20220721,Arecibo-Observatory,III,15:54:00,15:55:00,15:54:00,15:55:00,2156,2396,catalog,,False,False
win-Arecibo-Observatory-20220721-160001.npy,20220721,Arecibo-Observatory,III,16:06:00,16:07:00,16:06:00,16:07:00,1436,1676,catalog,,False,False
win-Arecibo-Observatory-20220721-164500.npy,20220721,Arecibo-Observatory,III,16:51:00,16:51:00,16:51:10,16:51:45,1480,1620,zero_width_default,,False,False
win-Arecibo-Observatory-20220721-165959.npy,20220721,Arecibo-Observatory,III,17:06:00,17:09:00,17:06:00,17:09:00,1444,2164,catalog,,False,False
win-Arecibo-Observatory-20220721-171459.npy,20220721,Arecibo-Observatory,III,17:16:00,17:16:00,17:16:10,17:16:45,284,424,zero_width_default,,False,False
win-Arecibo-Observatory-20220721-174459.npy,20220721,Arecibo-Observatory,III,17:58:00,17:58:00,17:58:10,17:58:45,3164,3304,zero_width_default,,False,False
win-Arecibo-Observatory-20220721-182959.npy,20220721,Arecibo-Observatory,III,18:36:00,18:37:00,18:36:00,18:37:00,1444,1684,catalog,,False,False
win-Arecibo-Observatory-20220721-192959.npy,20220721,Arecibo-Observatory,III,19:34:00,19:34:00,19:34:10,19:34:45,1004,1144,zero_width_default,,False,False
win-Arecibo-Observatory-20220722-123000.npy,20220722,Arecibo-Observatory,III,12:30:00,12:31:00,12:30:00,12:31:00,0,240,catalog,,False,False
win-Arecibo-Observatory-20220722-130000.npy,20220722,Arecibo-Observatory,III,13:04:00,13:06:00,13:04:00,13:06:00,960,1440,catalog,,False,False
win-Arecibo-Observatory-20220722-154501.npy,20220722,Arecibo-Observatory,III,15:55:00,15:55:00,15:55:10,15:55:45,2436,2576,zero_width_default,,False,False
win-Arecibo-Observatory-20220722-161501.npy,20220722,Arecibo-Observatory,III,16:20:00,16:21:00,16:20:00,16:21:00,1196,1436,catalog,,False,False
win-Arecibo-Observatory-20220722-180000.npy,20220722,Arecibo-Observatory,III,18:02:00,18:02:00,18:02:10,18:02:45,520,660,zero_width_default,,False,False
win-Arecibo-Observatory-20220722-181500.npy,20220722,Arecibo-Observatory,III,18:21:00,18:21:00,18:21:10,18:21:45,1480,1620,zero_width_default,,False,False
win-Arecibo-Observatory-20220722-194501.npy,20220722,Arecibo-Observatory,III,19:47:00,19:47:00,19:47:10,19:47:45,516,656,zero_width_default,,False,False
win-Arecibo-Observatory-20220723-140001.npy,20220723,Arecibo-Observatory,III,14:13:00,14:13:00,14:13:10,14:13:45,3156,3296,zero_width_default,,False,False
win-Arecibo-Observatory-20220723-182959.npy,20220723,Arecibo-Observatory,III,18:39:00,18:39:00,18:39:10,18:39:45,2204,2344,zero_width_default,,False,False
win-Arecibo-Observatory-20220723-192959.npy,20220723,Arecibo-Observatory,III,19:38:00,19:43:00,19:38:00,19:43:00,1924,3124,catalog,,False,False
win-Arecibo-Observatory-20220724-111500.npy,20220724,Arecibo-Observatory,III,11:19:00,11:19:00,11:19:10,11:19:45,1000,1140,zero_width_default,,False,False
win-Arecibo-Observatory-20220724-130001.npy,20220724,Arecibo-Observatory,III,13:12:00,13:14:00,13:12:00,13:14:00,2876,3356,catalog,,False,False
win-Arecibo-Observatory-20220726-134501.npy,20220726,Arecibo-Observatory,III,13:48:00,13:48:00,13:48:10,13:48:45,756,896,zero_width_default,,False,False
win-Arecibo-Observatory-20220727-141501.npy,20220727,Arecibo-Observatory,III,14:27:00,14:27:00,14:27:10,14:27:45,2916,3056,zero_width_default,,False,False
win-Arecibo-Observatory-20220730-130001.npy,20220730,Arecibo-Observatory,III,13:13:00,13:15:00,13:13:00,13:15:00,3116,3596,catalog,,False,False
win-Arecibo-Observatory-20220802-153001.npy,20220802,Arecibo-Observatory,III,15:37:00,15:38:00,15:37:00,15:38:00,1676,1916,catalog,,False,False
win-Arecibo-Observatory-20220802-194459.npy,20220802,Arecibo-Observatory,III,19:49:00,19:49:00,19:49:10,19:49:45,1004,1144,zero_width_default,,False,False
win-Arecibo-Observatory-20220803-163000.npy,20220803,Arecibo-Observatory,III,16:31:00,16:31:00,16:31:10,16:31:45,280,420,zero_width_default,,False,False
win-Arecibo-Observatory-20220803-170000.npy,20220803,Arecibo-Observatory,II,17:12:00,17:21:00,17:13:30,17:19:59,3240,3600,manual,usable,False,True
win-Arecibo-Observatory-20220803-171500.npy,20220803,Arecibo-Observatory,II,17:12:00,17:21:00,17:13:30,17:19:59,0,1196,manual,usable,False,True
win-Arecibo-Observatory-20220804-130000.npy,20220804,Arecibo-Observatory,III,13:08:00,13:13:00,13:08:00,13:13:00,1920,3120,catalog,,False,False
win-Arecibo-Observatory-20220805-104500.npy,20220805,Arecibo-Observatory,III,10:48:00,10:49:00,10:48:00,10:49:00,720,960,catalog,,False,False
win-Arecibo-Observatory-20220805-114500.npy,20220805,Arecibo-Observatory,III,11:51:00,11:51:00,11:51:10,11:51:45,1480,1620,zero_width_default,,False,False
win-Arecibo-Observatory-20220805-130001.npy,20220805,Arecibo-Observatory,III,13:02:00,13:03:00,13:02:00,13:03:00,476,716,catalog,,False,False
win-Arecibo-Observatory-20220805-141501.npy,20220805,Arecibo-Observatory,III,14:17:00,14:17:00,14:17:10,14:17:45,516,656,zero_width_default,,False,False
win-Arecibo-Observatory-20220805-163000.npy,20220805,Arecibo-Observatory,III,16:31:00,16:31:00,16:31:10,16:31:45,280,420,zero_width_default,,False,False
win-Arecibo-Observatory-20220805-174500.npy,20220805,Arecibo-Observatory,III,17:55:00,17:57:00,17:55:00,17:57:00,2400,2880,catalog,,False,False
win-Arecibo-Observatory-20220805-190000.npy,20220805,Arecibo-Observatory,III,19:09:00,19:10:00,19:09:00,19:10:00,2160,2400,catalog,,False,False
win-Arecibo-Observatory-20220805-191500.npy,20220805,Arecibo-Observatory,III,19:29:00,19:44:00,19:29:00,19:44:00,3360,3600,catalog,,False,True
win-Arecibo-Observatory-20220805-193000.npy,20220805,Arecibo-Observatory,III,19:29:00,19:44:00,19:29:00,19:44:00,0,3360,catalog,,False,True
win-Arecibo-Observatory-20220806-150001.npy,20220806,Arecibo-Observatory,III,15:14:00,15:14:00,15:14:10,15:14:45,3396,3536,zero_width_default,,False,False
win-Arecibo-Observatory-20220807-111500.npy,20220807,Arecibo-Observatory,V,11:21:00,11:23:00,11:21:51,11:22:54,1644,1896,manual,usable,False,False
win-Arecibo-Observatory-20220807-143001.npy,20220807,Arecibo-Observatory,III,14:33:00,14:36:00,14:33:00,14:36:00,716,1436,catalog,,False,False
win-Arecibo-Observatory-20220807-190000.npy,20220807,Arecibo-Observatory,III,19:01:00,19:01:00,19:01:10,19:01:45,280,420,zero_width_default,,False,False
win-Arecibo-Observatory-20220808-114500.npy,20220808,Arecibo-Observatory,III,11:59:00,11:59:00,11:59:10,11:59:45,3400,3540,zero_width_default,,False,False
win-Arecibo-Observatory-20220808-124501.npy,20220808,Arecibo-Observatory,III,12:54:00,12:55:00,12:54:00,12:55:00,2156,2396,catalog,,False,False
win-Arecibo-Observatory-20220808-150001.npy,20220808,Arecibo-Observatory,III,15:07:00,15:07:00,15:07:10,15:07:45,1716,1856,zero_width_default,,False,False
win-Arecibo-Observatory-20220808-172959.npy,20220808,Arecibo-Observatory,III,17:30:00,17:30:00,17:30:10,17:30:45,44,184,zero_width_default,,False,False
win-Arecibo-Observatory-20220811-160001.npy,20220811,Arecibo-Observatory,III,16:06:00,16:07:00,16:06:00,16:07:00,1436,1676,catalog,,False,False
win-Arecibo-Observatory-20220812-110000.npy,20220812,Arecibo-Observatory,III,11:11:00,11:19:00,11:11:00,11:19:00,2640,3600,catalog,,False,True
win-Arecibo-Observatory-20220812-111500.npy,20220812,Arecibo-Observatory,III,11:11:00,11:19:00,11:11:00,11:19:00,0,960,catalog,,False,True
win-Arecibo-Observatory-20220812-123000.npy,20220812,Arecibo-Observatory,III,12:32:00,12:32:00,12:32:10,12:32:45,520,660,zero_width_default,,False,False
win-Arecibo-Observatory-20220812-151501.npy,20220812,Arecibo-Observatory,III,15:19:00,15:19:00,15:19:10,15:19:45,996,1136,zero_width_default,,False,False
win-Arecibo-Observatory-20220813-123000.npy,20220813,Arecibo-Observatory,III,12:44:00,12:45:00,12:44:00,12:45:00,3360,3600,catalog,,False,False
win-Arecibo-Observatory-20220813-124500.npy,20220813,Arecibo-Observatory,III,12:55:00,12:55:00,12:55:10,12:55:45,2440,2580,zero_width_default,,False,False
win-Arecibo-Observatory-20220814-120000.npy,20220814,Arecibo-Observatory,III,12:01:00,12:01:00,12:01:10,12:01:45,280,420,zero_width_default,,False,False
win-Arecibo-Observatory-20220814-120000.npy,20220814,Arecibo-Observatory,II,12:04:00,12:09:00,12:04:54,12:09:21,1176,2244,manual,usable,False,False
win-Arecibo-Observatory-20220814-121500.npy,20220814,Arecibo-Observatory,III,12:18:00,12:19:00,12:18:00,12:19:00,720,960,catalog,,False,False
win-Arecibo-Observatory-20220814-184459.npy,20220814,Arecibo-Observatory,III,18:59:00,19:07:00,18:59:00,19:07:00,3364,3600,catalog,,False,True
win-Arecibo-Observatory-20220814-185959.npy,20220814,Arecibo-Observatory,III,18:59:00,19:07:00,18:59:00,19:07:00,0,1684,catalog,,False,True
win-Arecibo-Observatory-20220815-131500.npy,20220815,Arecibo-Observatory,III,13:19:00,13:20:00,13:19:00,13:20:00,960,1200,catalog,,False,False
win-Arecibo-Observatory-20220815-143001.npy,20220815,Arecibo-Observatory,III,14:33:00,14:35:00,14:33:00,14:35:00,716,1196,catalog,,False,False
win-Arecibo-Observatory-20220815-150001.npy,20220815,Arecibo-Observatory,II,15:01:00,15:05:00,15:00:27,15:05:14,104,1252,manual,usable,False,False
win-Arecibo-Observatory-20220815-154501.npy,20220815,Arecibo-Observatory,III,15:56:00,15:58:00,15:56:00,15:58:00,2636,3116,catalog,,False,False
win-Arecibo-Observatory-20220815-154501.npy,20220815,Arecibo-Observatory,V,15:53:00,15:56:00,15:53:21,15:56:59,2000,2872,manual,usable,False,False
win-Arecibo-Observatory-20220815-160001.npy,20220815,Arecibo-Observatory,III,16:05:00,16:05:00,16:05:10,16:05:45,1236,1376,zero_width_default,,False,False
win-Arecibo-Observatory-20220815-164500.npy,20220815,Arecibo-Observatory,III,16:48:00,16:54:00,16:48:00,16:54:00,720,2160,catalog,,False,False
win-Arecibo-Observatory-20220817-143001.npy,20220817,Arecibo-Observatory,III,14:36:00,14:48:00,14:36:00,14:48:00,1436,3600,catalog,,False,True
win-Arecibo-Observatory-20220817-144501.npy,20220817,Arecibo-Observatory,III,14:36:00,14:48:00,14:36:00,14:48:00,0,716,catalog,,False,True
win-Arecibo-Observatory-20220817-153001.npy,20220817,Arecibo-Observatory,III,15:35:00,15:35:00,15:35:10,15:35:45,1236,1376,zero_width_default,,False,False
win-Arecibo-Observatory-20220818-104500.npy,20220818,Arecibo-Observatory,II,10:49:00,11:08:00,10:55:44,11:08:00,2576,3600,manual,usable,False,True
win-Arecibo-Observatory-20220818-110000.npy,20220818,Arecibo-Observatory,II,10:49:00,11:08:00,10:55:44,11:08:00,0,1920,manual,usable,False,True
win-Arecibo-Observatory-20220818-120001.npy,20220818,Arecibo-Observatory,III,12:01:00,12:01:00,12:01:10,12:01:45,276,416,zero_width_default,,False,False
win-Arecibo-Observatory-20220818-120001.npy,20220818,Arecibo-Observatory,II,12:01:00,12:15:00,12:06:59,12:15:02,1672,3600,manual,usable,False,True
win-Arecibo-Observatory-20220818-153001.npy,20220818,Arecibo-Observatory,III,15:39:00,15:40:00,15:39:00,15:40:00,2156,2396,catalog,,False,False
win-Arecibo-Observatory-20220818-174459.npy,20220818,Arecibo-Observatory,III,17:59:00,18:00:00,17:59:00,18:00:00,3364,3600,catalog,,False,True
win-Arecibo-Observatory-20220818-181459.npy,20220818,Arecibo-Observatory,III,18:17:00,18:19:00,18:17:00,18:19:00,484,964,catalog,,False,False
win-Arecibo-Observatory-20220819-110000.npy,20220819,Arecibo-Observatory,III,11:05:00,11:16:00,11:05:00,11:16:00,1200,3600,catalog,,False,True
win-Arecibo-Observatory-20220819-111500.npy,20220819,Arecibo-Observatory,III,11:05:00,11:16:00,11:05:00,11:16:00,0,240,catalog,,False,True
win-Arecibo-Observatory-20220819-143001.npy,20220819,Arecibo-Observatory,III,14:33:00,14:34:00,14:33:00,14:34:00,716,956,catalog,,False,False
win-Arecibo-Observatory-20220820-171459.npy,20220820,Arecibo-Observatory,III,17:22:00,17:22:00,17:22:10,17:22:45,1724,1864,zero_width_default,,False,False
win-Arecibo-Observatory-20220823-133001.npy,20220823,Arecibo-Observatory,III,13:36:00,13:40:00,13:36:00,13:40:00,1436,2396,catalog,,False,False
win-Arecibo-Observatory-20220824-111500.npy,20220824,Arecibo-Observatory,III,11:18:00,11:18:00,11:18:10,11:18:45,760,900,zero_width_default,,False,False
win-Arecibo-Observatory-20220824-113000.npy,20220824,Arecibo-Observatory,III,11:42:00,11:42:00,11:42:10,11:42:45,2920,3060,zero_width_default,,False,False
win-Arecibo-Observatory-20220824-141501.npy,20220824,Arecibo-Observatory,III,14:19:00,14:19:00,14:19:10,14:19:45,996,1136,zero_width_default,,False,False
win-Arecibo-Observatory-20220824-171459.npy,20220824,Arecibo-Observatory,III,17:24:00,17:24:00,17:24:10,17:24:45,2204,2344,zero_width_default,,False,False
win-Arecibo-Observatory-20220825-131501.npy,20220825,Arecibo-Observatory,III,13:22:00,13:22:00,13:22:10,13:22:45,1716,1856,zero_width_default,,False,False
win-Arecibo-Observatory-20220825-150001.npy,20220825,Arecibo-Observatory,III,15:08:00,15:09:00,15:08:00,15:09:00,1916,2156,catalog,,False,False
win-Arecibo-Observatory-20220825-161501.npy,20220825,Arecibo-Observatory,III,16:27:00,16:27:00,16:27:10,16:27:45,2916,3056,zero_width_default,,False,False
win-Arecibo-Observatory-20220825-163000.npy,20220825,Arecibo-Observatory,III,16:42:00,16:42:00,16:42:10,16:42:45,2920,3060,zero_width_default,,False,False
win-Arecibo-Observatory-20220826-154501.npy,20220826,Arecibo-Observatory,III,15:45:00,15:45:00,15:45:10,15:45:45,36,176,zero_width_default,,False,False
win-Arecibo-Observatory-20220826-184459.npy,20220826,Arecibo-Observatory,III,18:47:00,18:48:00,18:47:00,18:48:00,484,724,catalog,,False,False
win-Arecibo-Observatory-20220827-101500.npy,20220827,Arecibo-Observatory,III,10:27:00,10:32:00,10:27:00,10:32:00,2880,3600,catalog,,False,True
win-Arecibo-Observatory-20220827-103000.npy,20220827,Arecibo-Observatory,III,10:27:00,10:32:00,10:27:00,10:32:00,0,480,catalog,,False,True
win-Arecibo-Observatory-20220827-111500.npy,20220827,Arecibo-Observatory,III,11:23:00,11:24:00,11:23:00,11:24:00,1920,2160,catalog,,False,False
win-Arecibo-Observatory-20220827-124501.npy,20220827,Arecibo-Observatory,III,12:45:00,12:46:00,12:45:00,12:46:00,0,236,catalog,,False,True
win-Arecibo-Observatory-20220827-161501.npy,20220827,Arecibo-Observatory,III,16:23:00,16:24:00,16:23:00,16:24:00,1916,2156,catalog,,False,False
win-Arecibo-Observatory-20220827-184500.npy,20220827,Arecibo-Observatory,III,18:48:00,18:48:00,18:48:10,18:48:45,760,900,zero_width_default,,False,False
win-Arecibo-Observatory-20220828-160001.npy,20220828,Arecibo-Observatory,III,16:03:00,16:05:00,16:03:00,16:05:00,716,1196,catalog,,False,False
win-Arecibo-Observatory-20220828-160001.npy,20220828,Arecibo-Observatory,II,16:09:00,16:12:00,16:09:04,16:11:38,2172,2788,manual,usable,False,False
win-Arecibo-Observatory-20220829-154501.npy,20220829,Arecibo-Observatory,III,15:54:00,15:58:00,15:54:00,15:58:00,2156,3116,catalog,,False,False
win-Arecibo-Observatory-20220829-160001.npy,20220829,Arecibo-Observatory,III,16:13:00,16:13:00,16:13:10,16:13:45,3156,3296,zero_width_default,,False,False
win-Arecibo-Observatory-20220829-174500.npy,20220829,Arecibo-Observatory,III,17:49:00,17:49:00,17:49:10,17:49:45,1000,1140,zero_width_default,,False,False
win-Arecibo-Observatory-20220829-191500.npy,20220829,Arecibo-Observatory,III,19:18:00,19:19:00,19:18:00,19:19:00,720,960,catalog,,False,False
win-Arecibo-Observatory-20220829-194500.npy,20220829,Arecibo-Observatory,III,19:45:00,19:46:00,19:45:00,19:46:00,0,240,catalog,,False,False
win-Arecibo-Observatory-20220830-172959.npy,20220830,Arecibo-Observatory,II,17:41:00,17:45:00,17:41:16,17:44:41,2708,3528,manual,usable,False,False
win-Arecibo-Observatory-20220903-184459.npy,20220903,Arecibo-Observatory,III,18:52:00,18:53:00,18:52:00,18:53:00,1684,1924,catalog,,False,False
win-Arecibo-Observatory-20220905-113000.npy,20220905,Arecibo-Observatory,III,11:42:00,11:42:00,11:42:10,11:42:45,2920,3060,zero_width_default,,False,False
win-Arecibo-Observatory-20220905-131501.npy,20220905,Arecibo-Observatory,III,13:25:00,13:26:00,13:25:00,13:26:00,2396,2636,catalog,,False,False
win-Arecibo-Observatory-20220905-161501.npy,20220905,Arecibo-Observatory,III,16:20:00,16:20:00,16:20:10,16:20:45,1236,1376,zero_width_default,,False,False
win-Arecibo-Observatory-20220905-172959.npy,20220905,Arecibo-Observatory,III,17:36:00,17:36:00,17:36:10,17:36:45,1484,1624,zero_width_default,,False,False
win-Arecibo-Observatory-20220906-114500.npy,20220906,Arecibo-Observatory,III,11:46:00,11:47:00,11:46:00,11:47:00,240,480,catalog,,False,False
win-Arecibo-Observatory-20220906-170000.npy,20220906,Arecibo-Observatory,III,17:11:00,17:11:00,17:11:10,17:11:45,2680,2820,zero_width_default,,False,False
win-Arecibo-Observatory-20220909-151501.npy,20220909,Arecibo-Observatory,III,15:19:00,15:19:00,15:19:10,15:19:45,996,1136,zero_width_default,,False,False
win-Arecibo-Observatory-20220909-164500.npy,20220909,Arecibo-Observatory,III,16:47:00,16:47:00,16:47:10,16:47:45,520,660,zero_width_default,,False,False
win-Arecibo-Observatory-20220911-121500.npy,20220911,Arecibo-Observatory,III,12:17:00,12:18:00,12:17:00,12:18:00,480,720,catalog,,False,False
win-Arecibo-Observatory-20220911-134500.npy,20220911,Arecibo-Observatory,III,13:49:00,13:49:00,13:49:10,13:49:45,1000,1140,zero_width_default,,False,False
win-Arecibo-Observatory-20220911-144501.npy,20220911,Arecibo-Observatory,III,14:56:00,14:56:00,14:56:10,14:56:45,2676,2816,zero_width_default,,False,False
win-Arecibo-Observatory-20220911-153001.npy,20220911,Arecibo-Observatory,III,15:34:00,15:36:00,15:34:00,15:36:00,956,1436,catalog,,False,False
win-Arecibo-Observatory-20220911-154501.npy,20220911,Arecibo-Observatory,III,15:52:00,15:53:00,15:52:00,15:53:00,1676,1916,catalog,,False,False
win-Arecibo-Observatory-20220911-163000.npy,20220911,Arecibo-Observatory,III,16:36:00,16:36:00,16:36:10,16:36:45,1480,1620,zero_width_default,,False,False
win-Arecibo-Observatory-20220912-141501.npy,20220912,Arecibo-Observatory,III,14:27:00,14:27:00,14:27:10,14:27:45,2916,3056,zero_width_default,,False,False
win-Arecibo-Observatory-20220912-181500.npy,20220912,Arecibo-Observatory,III,18:29:00,18:29:00,18:29:10,18:29:45,3400,3540,zero_width_default,,False,False
win-Arecibo-Observatory-20220913-120000.npy,20220913,Arecibo-Observatory,III,12:00:00,12:00:00,12:00:10,12:00:45,40,180,zero_width_default,,False,False
win-Arecibo-Observatory-20220913-120000.npy,20220913,Arecibo-Observatory,III,12:14:00,12:17:00,12:14:00,12:17:00,3360,3600,catalog,,False,True
win-Arecibo-Observatory-20220913-121500.npy,20220913,Arecibo-Observatory,III,12:14:00,12:17:00,12:14:00,12:17:00,0,480,catalog,,False,True
win-Arecibo-Observatory-20220913-140001.npy,20220913,Arecibo-Observatory,III,14:13:00,14:14:00,14:13:00,14:14:00,3116,3356,catalog,,False,False
win-Arecibo-Observatory-20220913-174459.npy,20220913,Arecibo-Observatory,III,17:49:00,17:49:00,17:49:10,17:49:45,1004,1144,zero_width_default,,False,False
win-Arecibo-Observatory-20220913-185959.npy,20220913,Arecibo-Observatory,III,19:01:00,19:08:00,19:01:00,19:08:00,244,1924,catalog,,False,False
win-Arecibo-Observatory-20220913-192959.npy,20220913,Arecibo-Observatory,III,19:31:00,19:34:00,19:31:00,19:34:00,244,964,catalog,,False,False
win-Arecibo-Observatory-20220914-132216.npy,20220914,Arecibo-Observatory,III,13:27:00,13:30:00,13:27:00,13:30:00,1136,1856,catalog,,False,False
win-Arecibo-Observatory-20220914-145217.npy,20220914,Arecibo-Observatory,III,15:03:00,15:07:00,15:03:00,15:07:00,2572,3532,catalog,,False,False
win-Arecibo-Observatory-20220914-165959.npy,20220914,Arecibo-Observatory,III,17:02:00,17:05:00,17:02:00,17:05:00,484,1204,catalog,,False,False
win-Arecibo-Observatory-20220914-174459.npy,20220914,Arecibo-Observatory,III,17:56:00,17:57:00,17:56:00,17:57:00,2644,2884,catalog,,False,False
win-Arecibo-Observatory-20220914-175959.npy,20220914,Arecibo-Observatory,III,18:12:00,18:14:00,18:12:00,18:14:00,2884,3364,catalog,,False,False
win-Arecibo-Observatory-20220914-191459.npy,20220914,Arecibo-Observatory,III,19:24:00,19:24:00,19:24:10,19:24:45,2204,2344,zero_width_default,,False,False
win-Arecibo-Observatory-20220915-134500.npy,20220915,Arecibo-Observatory,III,13:49:00,13:49:00,13:49:10,13:49:45,1000,1140,zero_width_default,,False,False
win-Arecibo-Observatory-20220915-151501.npy,20220915,Arecibo-Observatory,III,15:16:00,15:20:00,15:16:00,15:20:00,236,1196,catalog,,False,False
win-Arecibo-Observatory-20220915-161501.npy,20220915,Arecibo-Observatory,III,16:23:00,16:31:00,16:23:00,16:31:00,1916,3586,catalog,,False,True
win-Arecibo-Observatory-20220915-163000.npy,20220915,Arecibo-Observatory,III,16:23:00,16:31:00,16:23:00,16:31:00,0,240,catalog,,False,True
win-Arecibo-Observatory-20220915-173000.npy,20220915,Arecibo-Observatory,III,17:41:00,17:41:00,17:41:10,17:41:45,2680,2820,zero_width_default,,False,False
win-Arecibo-Observatory-20220915-181500.npy,20220915,Arecibo-Observatory,III,18:23:00,18:25:00,18:23:00,18:25:00,1920,2400,catalog,,False,False
win-Arecibo-Observatory-20220915-190000.npy,20220915,Arecibo-Observatory,III,19:05:00,19:05:00,19:05:10,19:05:45,1240,1380,zero_width_default,,False,False
win-Arecibo-Observatory-20220916-161501.npy,20220916,Arecibo-Observatory,III,16:15:00,16:17:00,16:15:00,16:17:00,0,476,catalog,,False,True
win-Arecibo-Observatory-20220916-194459.npy,20220916,Arecibo-Observatory,III,19:47:00,19:48:00,19:47:00,19:48:00,484,724,catalog,,False,False
win-Arecibo-Observatory-20220917-121500.npy,20220917,Arecibo-Observatory,III,12:24:00,12:25:00,12:24:00,12:25:00,2160,2400,catalog,,False,False
win-Arecibo-Observatory-20220917-140001.npy,20220917,Arecibo-Observatory,III,14:10:00,14:11:00,14:10:00,14:11:00,2396,2636,catalog,,False,False
win-Arecibo-Observatory-20220917-153001.npy,20220917,Arecibo-Observatory,III,15:34:00,15:34:00,15:34:10,15:34:45,996,1136,zero_width_default,,False,False
win-Arecibo-Observatory-20220917-163000.npy,20220917,Arecibo-Observatory,III,16:40:00,16:40:00,16:40:10,16:40:45,2440,2580,zero_width_default,,False,False
win-Arecibo-Observatory-20220918-104500.npy,20220918,Arecibo-Observatory,III,10:49:00,10:50:00,10:49:00,10:50:00,960,1200,catalog,,False,False
win-Arecibo-Observatory-20220918-111500.npy,20220918,Arecibo-Observatory,III,11:25:00,11:26:00,11:25:00,11:26:00,2400,2640,catalog,,False,False
win-Arecibo-Observatory-20220918-123001.npy,20220918,Arecibo-Observatory,III,12:30:00,12:30:00,12:30:10,12:30:45,36,176,zero_width_default,,False,False
win-Arecibo-Observatory-20220918-153001.npy,20220918,Arecibo-Observatory,III,15:37:00,15:38:00,15:37:00,15:38:00,1676,1916,catalog,,False,False
win-Arecibo-Observatory-20220919-124500.npy,20220919,Arecibo-Observatory,III,12:55:00,13:00:00,12:55:00,13:00:00,2400,3600,catalog,,False,False
win-Arecibo-Observatory-20220919-171500.npy,20220919,Arecibo-Observatory,III,17:21:00,17:22:00,17:21:00,17:22:00,1440,1680,catalog,,False,False
win-Arecibo-Observatory-20220919-181500.npy,20220919,Arecibo-Observatory,III,18:15:00,18:23:00,18:15:00,18:23:00,0,1920,catalog,,False,False
win-Arecibo-Observatory-20220919-193001.npy,20220919,Arecibo-Observatory,V,19:35:00,19:37:00,19:35:54,19:37:08,1412,1708,manual,usable,False,False
win-Arecibo-Observatory-20220920-111500.npy,20220920,Arecibo-Observatory,III,11:20:00,11:24:00,11:20:00,11:24:00,1200,2160,catalog,,False,False
win-Arecibo-Observatory-20220920-113000.npy,20220920,Arecibo-Observatory,III,11:43:00,11:43:00,11:43:10,11:43:45,3160,3300,zero_width_default,,False,False
win-Arecibo-Observatory-20220920-121501.npy,20220920,Arecibo-Observatory,III,12:23:00,12:27:00,12:23:00,12:27:00,1916,2876,catalog,,False,False
win-Arecibo-Observatory-20220920-134501.npy,20220920,Arecibo-Observatory,III,13:57:00,13:58:00,13:57:00,13:58:00,2876,3116,catalog,,False,False
win-Arecibo-Observatory-20220920-151501.npy,20220920,Arecibo-Observatory,III,15:15:00,15:22:00,15:15:00,15:22:00,0,1676,catalog,,False,True
win-Arecibo-Observatory-20220920-154501.npy,20220920,Arecibo-Observatory,III,15:46:00,15:47:00,15:46:00,15:47:00,236,476,catalog,,False,False
win-Arecibo-Observatory-20220920-163000.npy,20220920,Arecibo-Observatory,III,16:31:00,16:32:00,16:31:00,16:32:00,240,480,catalog,,False,False
win-Arecibo-Observatory-20220920-165959.npy,20220920,Arecibo-Observatory,III,17:03:00,17:04:00,17:03:00,17:04:00,724,964,catalog,,False,False
win-Arecibo-Observatory-20220920-174459.npy,20220920,Arecibo-Observatory,III,17:58:00,17:59:00,17:58:00,17:59:00,3124,3364,catalog,,False,False
win-Arecibo-Observatory-20220920-182959.npy,20220920,Arecibo-Observatory,III,18:38:00,18:45:00,18:38:00,18:45:00,1924,3600,catalog,,False,True
win-Arecibo-Observatory-20220920-184459.npy,20220920,Arecibo-Observatory,III,18:47:00,18:49:00,18:47:00,18:49:00,484,964,catalog,,False,False
win-Arecibo-Observatory-20220920-194459.npy,20220920,Arecibo-Observatory,III,19:48:00,19:49:00,19:48:00,19:49:00,724,964,catalog,,False,False
win-Arecibo-Observatory-20220921-131501.npy,20220921,Arecibo-Observatory,III,13:28:00,13:28:00,13:28:10,13:28:45,3156,3296,zero_width_default,,False,False
win-Arecibo-Observatory-20220921-133001.npy,20220921,Arecibo-Observatory,III,13:44:00,13:44:00,13:44:10,13:44:45,3396,3536,zero_width_default,,False,False
win-Arecibo-Observatory-20220921-164500.npy,20220921,Arecibo-Observatory,III,16:58:00,16:59:00,16:58:00,16:59:00,3120,3360,catalog,,False,False
win-Arecibo-Observatory-20220922-143001.npy,20220922,Arecibo-Observatory,III,14:40:00,14:41:00,14:40:00,14:41:00,2396,2636,catalog,,False,False
win-Arecibo-Observatory-20220922-153001.npy,20220922,Arecibo-Observatory,III,15:37:00,15:39:00,15:37:00,15:39:00,1676,2156,catalog,,False,False
win-Arecibo-Observatory-20220923-123000.npy,20220923,Arecibo-Observatory,III,12:32:00,12:32:00,12:32:10,12:32:45,520,660,zero_width_default,,False,False
win-Arecibo-Observatory-20220923-134501.npy,20220923,Arecibo-Observatory,III,13:50:00,13:52:00,13:50:00,13:52:00,1196,1676,catalog,,False,False
win-Arecibo-Observatory-20220923-140001.npy,20220923,Arecibo-Observatory,II,14:01:00,14:05:00,14:02:32,14:05:29,604,1312,manual,usable,False,False
win-Arecibo-Observatory-20220923-143001.npy,20220923,Arecibo-Observatory,III,14:34:00,14:43:00,14:34:00,14:43:00,956,3116,catalog,,False,False
win-Arecibo-Observatory-20220923-154501.npy,20220923,Arecibo-Observatory,III,15:55:00,16:12:00,15:55:00,16:12:00,2396,3600,catalog,,False,True
win-Arecibo-Observatory-20220923-160001.npy,20220923,Arecibo-Observatory,III,15:55:00,16:12:00,15:55:00,16:12:00,0,2876,catalog,,False,True
win-Arecibo-Observatory-20220923-163000.npy,20220923,Arecibo-Observatory,III,16:36:00,16:36:00,16:36:10,16:36:45,1480,1620,zero_width_default,,False,False
win-Arecibo-Observatory-20220923-170000.npy,20220923,Arecibo-Observatory,III,17:01:00,17:01:00,17:01:10,17:01:45,280,420,zero_width_default,,False,False
win-Arecibo-Observatory-20220923-171500.npy,20220923,Arecibo-Observatory,III,17:25:00,17:25:00,17:25:10,17:25:45,2440,2580,zero_width_default,,False,False
win-Arecibo-Observatory-20220923-173000.npy,20220923,Arecibo-Observatory,III,17:37:00,17:38:00,17:37:00,17:38:00,1680,1920,catalog,,False,False
win-Arecibo-Observatory-20220923-180001.npy,20220923,Arecibo-Observatory,II,18:01:00,18:05:00,18:01:00,18:05:00,236,1196,catalog,,False,False
win-Arecibo-Observatory-20220923-180001.npy,20220923,Arecibo-Observatory,III,18:00:00,18:08:00,18:00:00,18:08:00,0,1916,catalog,,False,True
win-Arecibo-Observatory-20220923-181500.npy,20220923,Arecibo-Observatory,III,18:27:00,18:28:00,18:27:00,18:28:00,2880,3120,catalog,,False,False
win-Arecibo-Observatory-20220923-183001.npy,20220923,Arecibo-Observatory,III,18:44:00,18:47:00,18:44:00,18:47:00,3356,3600,catalog,,False,True
win-Arecibo-Observatory-20220923-184500.npy,20220923,Arecibo-Observatory,III,18:44:00,18:47:00,18:44:00,18:47:00,0,480,catalog,,False,True
win-Arecibo-Observatory-20220924-124500.npy,20220924,Arecibo-Observatory,III,12:46:00,12:51:00,12:46:00,12:51:00,240,1440,catalog,,False,False
win-Arecibo-Observatory-20220924-130000.npy,20220924,Arecibo-Observatory,III,13:01:00,13:01:00,13:01:10,13:01:45,280,420,zero_width_default,,False,False
win-Arecibo-Observatory-20220924-143001.npy,20220924,Arecibo-Observatory,III,14:37:00,14:37:00,14:37:10,14:37:45,1716,1856,zero_width_default,,False,False
win-Arecibo-Observatory-20220924-150001.npy,20220924,Arecibo-Observatory,V,15:05:00,15:06:00,15:05:56,15:06:17,1420,1504,manual,usable,False,False
win-Arecibo-Observatory-20220924-154501.npy,20220924,Arecibo-Observatory,III,15:48:00,15:49:00,15:48:00,15:49:00,716,956,catalog,,False,False
win-Arecibo-Observatory-20220924-160001.npy,20220924,Arecibo-Observatory,III,16:00:00,16:01:00,16:00:00,16:01:00,0,236,catalog,,False,True
win-Arecibo-Observatory-20220924-171459.npy,20220924,Arecibo-Observatory,III,17:19:00,17:19:00,17:19:10,17:19:45,1004,1144,zero_width_default,,False,False
win-Arecibo-Observatory-20220925-161501.npy,20220925,Arecibo-Observatory,III,16:24:00,16:25:00,16:24:00,16:25:00,2156,2396,catalog,,False,False
win-Arecibo-Observatory-20220926-113000.npy,20220926,Arecibo-Observatory,III,11:40:00,11:40:00,11:40:10,11:40:45,2440,2580,zero_width_default,,False,False
win-Arecibo-Observatory-20220926-120000.npy,20220926,Arecibo-Observatory,III,12:13:00,12:13:00,12:13:10,12:13:45,3160,3300,zero_width_default,,False,False
win-Arecibo-Observatory-20220926-123000.npy,20220926,Arecibo-Observatory,III,12:43:00,12:43:00,12:43:10,12:43:45,3160,3300,zero_width_default,,False,False
win-Arecibo-Observatory-20220926-174459.npy,20220926,Arecibo-Observatory,III,17:57:00,17:59:00,17:57:00,17:59:00,2884,3364,catalog,,False,False
win-Arecibo-Observatory-20220927-160001.npy,20220927,Arecibo-Observatory,III,16:10:00,16:10:00,16:10:10,16:10:45,2436,2576,zero_width_default,,False,False
win-Arecibo-Observatory-20220929-114500.npy,20220929,Arecibo-Observatory,V,11:54:00,11:59:00,11:54:40,11:58:25,2320,3220,manual,usable,False,False
win-Arecibo-Observatory-20220929-114500.npy,20220929,Arecibo-Observatory,II,11:57:00,12:26:00,11:57:00,12:26:00,2880,3600,catalog,,False,True
win-Arecibo-Observatory-20220929-120000.npy,20220929,Arecibo-Observatory,II,11:57:00,12:26:00,11:57:00,12:26:00,0,3600,catalog,,False,True
win-Arecibo-Observatory-20220929-121501.npy,20220929,Arecibo-Observatory,II,11:57:00,12:26:00,11:57:00,12:26:00,0,2636,catalog,,False,True
win-Arecibo-Observatory-20220930-120001.npy,20220930,Arecibo-Observatory,III,12:11:00,12:11:00,12:11:10,12:11:45,2676,2816,zero_width_default,,False,False
win-Arecibo-Observatory-20220930-121501.npy,20220930,Arecibo-Observatory,III,12:24:00,12:30:00,12:24:00,12:30:00,2156,3596,catalog,,False,False
win-Arecibo-Observatory-20220930-141501.npy,20220930,Arecibo-Observatory,III,14:24:00,14:24:00,14:24:10,14:24:45,2196,2336,zero_width_default,,False,False
win-Arecibo-Observatory-20220930-160001.npy,20220930,Arecibo-Observatory,III,16:00:00,16:01:00,16:00:00,16:01:00,0,236,catalog,,False,True
win-Arecibo-Observatory-20220930-161501.npy,20220930,Arecibo-Observatory,III,16:20:00,16:20:00,16:20:10,16:20:45,1236,1376,zero_width_default,,False,False
win-Arecibo-Observatory-20220930-172959.npy,20220930,Arecibo-Observatory,III,17:30:00,17:31:00,17:30:00,17:31:00,4,244,catalog,,False,False
win-Arecibo-Observatory-20221001-120000.npy,20221001,Arecibo-Observatory,III,12:02:00,12:04:00,12:02:00,12:04:00,480,960,catalog,,False,False
win-Arecibo-Observatory-20221001-143001.npy,20221001,Arecibo-Observatory,III,14:41:00,14:44:00,14:41:00,14:44:00,2636,3356,catalog,,False,False
win-Arecibo-Observatory-20221001-153001.npy,20221001,Arecibo-Observatory,III,15:38:00,15:45:00,15:38:00,15:45:00,1916,3596,catalog,,False,False
win-Arecibo-Observatory-20221001-171500.npy,20221001,Arecibo-Observatory,III,17:21:00,17:21:00,17:21:10,17:21:45,1480,1620,zero_width_default,,False,False
win-Arecibo-Observatory-20221001-180001.npy,20221001,Arecibo-Observatory,III,18:01:00,18:04:00,18:01:00,18:04:00,236,956,catalog,,False,False
win-Arecibo-Observatory-20221002-140001.npy,20221002,Arecibo-Observatory,III,14:02:00,14:04:00,14:02:00,14:04:00,476,956,catalog,,False,False
win-Arecibo-Observatory-20221003-143001.npy,20221003,Arecibo-Observatory,III,14:31:00,14:32:00,14:31:00,14:32:00,236,476,catalog,,False,False
win-Arecibo-Observatory-20221005-154501.npy,20221005,Arecibo-Observatory,III,15:48:00,15:49:00,15:48:00,15:49:00,716,956,catalog,,False,False
win-Arecibo-Observatory-20221006-130000.npy,20221006,Arecibo-Observatory,III,13:05:00,13:05:00,13:05:10,13:05:45,1240,1380,zero_width_default,,False,False
win-Arecibo-Observatory-20221006-131500.npy,20221006,Arecibo-Observatory,III,13:23:00,13:24:00,13:23:00,13:24:00,1920,2160,catalog,,False,False
win-Arecibo-Observatory-20221006-133001.npy,20221006,Arecibo-Observatory,III,13:44:00,13:46:00,13:44:00,13:46:00,3356,3600,catalog,,False,True
win-Arecibo-Observatory-20221006-134501.npy,20221006,Arecibo-Observatory,III,13:44:00,13:46:00,13:44:00,13:46:00,0,236,catalog,,False,True
win-Arecibo-Observatory-20221006-151501.npy,20221006,Arecibo-Observatory,III,15:26:00,15:26:00,15:26:10,15:26:45,2676,2816,zero_width_default,,False,False
win-Arecibo-Observatory-20221007-131501.npy,20221007,Arecibo-Observatory,III,13:23:00,13:23:00,13:23:10,13:23:45,1956,2096,zero_width_default,,False,False
win-Arecibo-Observatory-20221007-164500.npy,20221007,Arecibo-Observatory,III,16:59:00,16:59:00,16:59:10,16:59:45,3400,3540,zero_width_default,,False,False
win-Arecibo-Observatory-20221007-184500.npy,20221007,Arecibo-Observatory,III,18:47:00,18:47:00,18:47:10,18:47:45,520,660,zero_width_default,,False,False
win-Arecibo-Observatory-20221008-131500.npy,20221008,Arecibo-Observatory,III,13:24:00,13:24:00,13:24:10,13:24:45,2200,2340,zero_width_default,,False,False
win-Arecibo-Observatory-20221010-123000.npy,20221010,Arecibo-Observatory,III,12:41:00,12:41:00,12:41:10,12:41:45,2680,2820,zero_width_default,,False,False
win-Arecibo-Observatory-20221010-160001.npy,20221010,Arecibo-Observatory,III,16:01:00,16:02:00,16:01:00,16:02:00,236,476,catalog,,False,False
win-Arecibo-Observatory-20221010-171459.npy,20221010,Arecibo-Observatory,III,17:29:00,17:32:00,17:29:00,17:32:00,3364,3600,catalog,,False,True
win-Arecibo-Observatory-20221010-172959.npy,20221010,Arecibo-Observatory,III,17:29:00,17:32:00,17:29:00,17:32:00,0,484,catalog,,False,True
win-Arecibo-Observatory-20221010-191459.npy,20221010,Arecibo-Observatory,III,19:19:00,19:21:00,19:19:00,19:21:00,964,1444,catalog,,False,False
win-Arecibo-Observatory-20221011-114500.npy,20221011,Arecibo-Observatory,III,11:54:00,11:55:00,11:54:00,11:55:00,2160,2400,catalog,,False,False
win-Arecibo-Observatory-20221011-130001.npy,20221011,Arecibo-Observatory,III,13:11:00,13:19:00,13:11:00,13:19:00,2636,3600,catalog,,False,True
win-Arecibo-Observatory-20221011-131500.npy,20221011,Arecibo-Observatory,III,13:11:00,13:19:00,13:11:00,13:19:00,0,960,catalog,,False,True
win-Arecibo-Observatory-20221011-141501.npy,20221011,Arecibo-Observatory,III,14:19:00,14:20:00,14:19:00,14:20:00,956,1196,catalog,,False,False
win-Arecibo-Observatory-20221011-171500.npy,20221011,Arecibo-Observatory,III,17:18:00,17:19:00,17:18:00,17:19:00,720,960,catalog,,False,False
win-Arecibo-Observatory-20221011-180000.npy,20221011,Arecibo-Observatory,III,18:10:00,18:17:00,18:10:00,18:17:00,2400,3600,catalog,,False,True
win-Arecibo-Observatory-20221011-181500.npy,20221011,Arecibo-Observatory,III,18:10:00,18:17:00,18:10:00,18:17:00,0,480,catalog,,False,True
win-Arecibo-Observatory-20221012-141501.npy,20221012,Arecibo-Observatory,II,14:24:00,14:34:00,14:24:00,14:34:00,2156,3600,catalog,usable,False,True
win-Arecibo-Observatory-20221012-143001.npy,20221012,Arecibo-Observatory,II,14:24:00,14:34:00,14:24:00,14:34:00,0,956,catalog,usable,False,True
win-Arecibo-Observatory-20221013-152151.npy,20221013,Arecibo-Observatory,III,15:22:00,15:22:00,15:22:10,15:22:45,76,216,zero_width_default,,False,False
win-Arecibo-Observatory-20221013-155151.npy,20221013,Arecibo-Observatory,III,16:05:00,16:05:00,16:05:10,16:05:45,3196,3336,zero_width_default,,False,False
win-Arecibo-Observatory-20221015-130001.npy,20221015,Arecibo-Observatory,III,13:06:00,13:10:00,13:06:00,13:10:00,1436,2396,catalog,,False,False
win-Arecibo-Observatory-20221016-133001.npy,20221016,Arecibo-Observatory,III,13:37:00,13:37:00,13:37:10,13:37:45,1716,1856,zero_width_default,,False,False
win-Arecibo-Observatory-20221016-160001.npy,20221016,Arecibo-Observatory,III,16:13:00,16:14:00,16:13:00,16:14:00,3116,3356,catalog,,False,False
win-Arecibo-Observatory-20221017-124501.npy,20221017,Arecibo-Observatory,III,12:51:00,12:51:00,12:51:10,12:51:45,1476,1616,zero_width_default,,False,False
win-Arecibo-Observatory-20221019-121500.npy,20221019,Arecibo-Observatory,III,12:23:00,12:24:00,12:23:00,12:24:00,1920,2160,catalog,,False,False
win-Arecibo-Observatory-20221022-143001.npy,20221022,Arecibo-Observatory,III,14:37:00,14:38:00,14:37:00,14:38:00,1676,1916,catalog,,False,False
win-Arecibo-Observatory-20221022-163000.npy,20221022,Arecibo-Observatory,III,16:34:00,16:34:00,16:34:10,16:34:45,1000,1140,zero_width_default,,False,False
win-Arecibo-Observatory-20221024-181500.npy,20221024,Arecibo-Observatory,III,18:16:00,18:17:00,18:16:00,18:17:00,240,480,catalog,,False,False
win-Arecibo-Observatory-20221025-131500.npy,20221025,Arecibo-Observatory,III,13:19:00,13:19:00,13:19:10,13:19:45,1000,1140,zero_width_default,,False,False
win-Arecibo-Observatory-20221025-134501.npy,20221025,Arecibo-Observatory,III,13:50:00,13:51:00,13:50:00,13:51:00,1196,1436,catalog,,False,False
win-Arecibo-Observatory-20221025-143001.npy,20221025,Arecibo-Observatory,III,14:40:00,14:42:00,14:40:00,14:42:00,2396,2876,catalog,,False,False
win-Arecibo-Observatory-20221025-185959.npy,20221025,Arecibo-Observatory,V,18:58:00,19:02:00,18:59:58,19:02:05,0,504,manual,usable,False,True
win-Arecibo-Observatory-20221026-123001.npy,20221026,Arecibo-Observatory,III,12:38:00,12:42:00,12:38:00,12:42:00,1916,2876,catalog,,False,False
win-Arecibo-Observatory-20221027-100000.npy,20221027,Arecibo-Observatory,III,09:59:00,10:01:00,09:59:00,10:01:00,0,240,catalog,,False,True
win-Arecibo-Observatory-20221027-144501.npy,20221027,Arecibo-Observatory,III,14:56:00,14:58:00,14:56:00,14:58:00,2636,3116,catalog,,False,False
win-Arecibo-Observatory-20221027-181500.npy,20221027,Arecibo-Observatory,III,18:20:00,18:22:00,18:20:00,18:22:00,1200,1680,catalog,,False,False
win-Arecibo-Observatory-20221028-124500.npy,20221028,Arecibo-Observatory,III,12:55:00,12:56:00,12:55:00,12:56:00,2400,2640,catalog,,False,False
win-Arecibo-Observatory-20221028-184459.npy,20221028,Arecibo-Observatory,III,18:54:00,18:56:00,18:54:00,18:56:00,2164,2644,catalog,,False,False
win-Arecibo-Observatory-20221029-163000.npy,20221029,Arecibo-Observatory,III,16:34:00,16:35:00,16:34:00,16:35:00,960,1200,catalog,,False,False
win-Arecibo-Observatory-20221030-161501.npy,20221030,Arecibo-Observatory,III,16:25:00,16:31:00,16:25:00,16:31:00,2396,3586,catalog,,False,True
win-Arecibo-Observatory-20221030-163000.npy,20221030,Arecibo-Observatory,III,16:25:00,16:31:00,16:25:00,16:31:00,0,240,catalog,,False,True
win-Arecibo-Observatory-20221030-181500.npy,20221030,Arecibo-Observatory,III,18:18:00,18:21:00,18:18:00,18:21:00,720,1440,catalog,,False,False
win-Arecibo-Observatory-20221103-153001.npy,20221103,Arecibo-Observatory,III,15:32:00,15:32:00,15:32:10,15:32:45,516,656,zero_width_default,,False,False
win-Arecibo-Observatory-20221103-161501.npy,20221103,Arecibo-Observatory,III,16:20:00,16:22:00,16:20:00,16:22:00,1196,1676,catalog,,False,False
win-Arecibo-Observatory-20221103-171459.npy,20221103,Arecibo-Observatory,III,17:23:00,17:28:00,17:23:00,17:28:00,1924,3124,catalog,,False,False
win-Arecibo-Observatory-20221104-143001.npy,20221104,Arecibo-Observatory,III,14:37:00,14:38:00,14:37:00,14:38:00,1676,1916,catalog,,False,False
win-Arecibo-Observatory-20221104-171500.npy,20221104,Arecibo-Observatory,III,17:22:00,17:24:00,17:22:00,17:24:00,1680,2160,catalog,,False,False
win-Arecibo-Observatory-20221105-142826.npy,20221105,Arecibo-Observatory,III,14:32:00,14:32:00,14:32:10,14:32:45,896,1036,zero_width_default,,False,False
win-Arecibo-Observatory-20221105-155826.npy,20221105,Arecibo-Observatory,III,16:06:00,16:07:00,16:06:00,16:07:00,1816,2056,catalog,,False,False
win-Arecibo-Observatory-20221105-191500.npy,20221105,Arecibo-Observatory,III,19:15:00,19:15:00,19:15:10,19:15:45,40,180,zero_width_default,,False,False
win-Arecibo-Observatory-20221107-144501.npy,20221107,Arecibo-Observatory,III,14:46:00,14:47:00,14:46:00,14:47:00,236,476,catalog,,False,False
win-Arecibo-Observatory-20221107-161501.npy,20221107,Arecibo-Observatory,III,16:28:00,16:31:00,16:28:00,16:31:00,3116,3591,catalog,,False,True
win-Arecibo-Observatory-20221107-163000.npy,20221107,Arecibo-Observatory,III,16:28:00,16:31:00,16:28:00,16:31:00,0,240,catalog,,False,True
win-Arecibo-Observatory-20221108-173000.npy,20221108,Arecibo-Observatory,III,17:38:00,17:38:00,17:38:10,17:38:45,1960,2100,zero_width_default,,False,False
win-Arecibo-Observatory-20221109-104500.npy,20221109,Arecibo-Observatory,III,10:50:00,10:51:00,10:50:00,10:51:00,1200,1440,catalog,,False,False
win-Arecibo-Observatory-20221109-180000.npy,20221109,Arecibo-Observatory,III,18:01:00,18:05:00,18:01:00,18:05:00,240,1200,catalog,,False,False
win-Arecibo-Observatory-20221110-113000.npy,20221110,Arecibo-Observatory,III,11:31:00,11:32:00,11:31:00,11:32:00,240,480,catalog,,False,False
win-Arecibo-Observatory-20221110-134500.npy,20221110,Arecibo-Observatory,III,13:58:00,13:58:00,13:58:10,13:58:45,3160,3300,zero_width_default,,False,False
win-Arecibo-Observatory-20221110-153001.npy,20221110,Arecibo-Observatory,III,15:33:00,15:33:00,15:33:10,15:33:45,756,896,zero_width_default,,False,False
win-Arecibo-Observatory-20221110-165959.npy,20221110,Arecibo-Observatory,V,17:14:00,17:16:00,17:14:06,17:15:53,3388,3600,manual,usable,False,True
win-Arecibo-Observatory-20221110-165959.npy,20221110,Arecibo-Observatory,III,17:10:00,17:10:00,17:10:10,17:10:45,2444,2584,zero_width_default,,False,False
win-Arecibo-Observatory-20221110-171459.npy,20221110,Arecibo-Observatory,V,17:14:00,17:16:00,17:14:06,17:15:53,0,216,manual,usable,False,True
win-Arecibo-Observatory-20221110-175959.npy,20221110,Arecibo-Observatory,III,18:10:00,18:15:00,18:10:00,18:15:00,2404,3600,catalog,,False,True
win-Arecibo-Observatory-20221111-120000.npy,20221111,Arecibo-Observatory,III,12:02:00,12:06:00,12:02:00,12:06:00,480,1440,catalog,,False,False
win-Arecibo-Observatory-20221111-121500.npy,20221111,Arecibo-Observatory,III,12:16:00,12:16:00,12:16:10,12:16:45,280,420,zero_width_default,,False,False
win-Arecibo-Observatory-20221111-123000.npy,20221111,Arecibo-Observatory,III,12:35:00,12:35:00,12:35:10,12:35:45,1240,1380,zero_width_default,,False,False
win-Arecibo-Observatory-20221111-131501.npy,20221111,Arecibo-Observatory,III,13:24:00,13:26:00,13:24:00,13:26:00,2156,2636,catalog,,False,False
win-Arecibo-Observatory-20221111-133001.npy,20221111,Arecibo-Observatory,III,13:38:00,13:41:00,13:38:00,13:41:00,1916,2636,catalog,,False,False
win-Arecibo-Observatory-20221111-134501.npy,20221111,Arecibo-Observatory,III,13:49:00,13:49:00,13:49:10,13:49:45,996,1136,zero_width_default,,False,False
win-Arecibo-Observatory-20221111-174500.npy,20221111,Arecibo-Observatory,III,17:46:00,17:49:00,17:46:00,17:49:00,240,960,catalog,,False,False
win-Arecibo-Observatory-20221111-183000.npy,20221111,Arecibo-Observatory,III,18:31:00,18:33:00,18:31:00,18:33:00,240,720,catalog,,False,False
win-Arecibo-Observatory-20221112-124501.npy,20221112,Arecibo-Observatory,III,12:50:00,12:54:00,12:50:00,12:54:00,1196,2156,catalog,,False,False
win-Arecibo-Observatory-20221112-141501.npy,20221112,Arecibo-Observatory,III,14:28:00,14:28:00,14:28:10,14:28:45,3156,3296,zero_width_default,,False,False
win-Arecibo-Observatory-20221112-143001.npy,20221112,Arecibo-Observatory,III,14:38:00,14:41:00,14:38:00,14:41:00,1916,2636,catalog,,False,False
win-Arecibo-Observatory-20221112-150001.npy,20221112,Arecibo-Observatory,III,15:05:00,15:06:00,15:05:00,15:06:00,1196,1436,catalog,,False,False
win-Arecibo-Observatory-20221112-172959.npy,20221112,Arecibo-Observatory,III,17:43:00,17:43:00,17:43:10,17:43:45,3164,3304,zero_width_default,,False,False
win-Arecibo-Observatory-20221112-175959.npy,20221112,Arecibo-Observatory,V,18:01:00,18:04:00,18:01:24,18:04:23,340,1056,manual,usable,False,False
win-Arecibo-Observatory-20221112-181459.npy,20221112,Arecibo-Observatory,III,18:19:00,18:20:00,18:19:00,18:20:00,964,1204,catalog,,False,False
win-Arecibo-Observatory-20221113-124500.npy,20221113,Arecibo-Observatory,III,12:57:00,12:59:00,12:57:00,12:59:00,2880,3360,catalog,,False,False
win-Arecibo-Observatory-20221113-134501.npy,20221113,Arecibo-Observatory,III,13:58:00,13:58:00,13:58:10,13:58:45,3156,3296,zero_width_default,,False,False
win-Arecibo-Observatory-20221114-140001.npy,20221114,Arecibo-Observatory,III,14:13:00,14:13:00,14:13:10,14:13:45,3156,3296,zero_width_default,,False,False
win-Arecibo-Observatory-20221114-172959.npy,20221114,Arecibo-Observatory,III,17:42:00,17:47:00,17:42:00,17:47:00,2884,3600,catalog,,False,True
win-Arecibo-Observatory-20221114-174459.npy,20221114,Arecibo-Observatory,III,17:42:00,17:47:00,17:42:00,17:47:00,0,484,catalog,,False,True
win-Arecibo-Observatory-20221115-134501.npy,20221115,Arecibo-Observatory,III,13:57:00,13:57:00,13:57:10,13:57:45,2916,3056,zero_width_default,,False,False
win-Arecibo-Observatory-20221119-124500.npy,20221119,Arecibo-Observatory,III,12:50:00,12:56:00,12:50:00,12:56:00,1200,2640,catalog,,False,False
win-Arecibo-Observatory-20221119-124500.npy,20221119,Arecibo-Observatory,II,12:51:00,13:09:00,12:50:07,13:07:42,1228,3600,manual,usable,False,True
win-Arecibo-Observatory-20221119-130000.npy,20221119,Arecibo-Observatory,II,12:51:00,13:09:00,12:50:07,13:07:42,0,1848,manual,usable,False,True
win-Arecibo-Observatory-20221119-140000.npy,20221119,Arecibo-Observatory,III,14:10:00,14:11:00,14:10:00,14:11:00,2400,2640,catalog,,False,False
win-Arecibo-Observatory-20221119-154501.npy,20221119,Arecibo-Observatory,III,15:51:00,15:51:00,15:51:10,15:51:45,1476,1616,zero_width_default,,False,False
win-Arecibo-Observatory-20221122-131501.npy,20221122,Arecibo-Observatory,III,13:24:00,13:24:00,13:24:10,13:24:45,2196,2336,zero_width_default,,False,False
win-Arecibo-Observatory-20221122-134501.npy,20221122,Arecibo-Observatory,III,13:54:00,14:00:00,13:54:00,14:00:00,2156,3596,catalog,,False,False
win-Arecibo-Observatory-20221122-141501.npy,20221122,Arecibo-Observatory,III,14:15:00,14:16:00,14:15:00,14:16:00,0,236,catalog,,False,True
win-Arecibo-Observatory-20221122-144501.npy,20221122,Arecibo-Observatory,III,14:47:00,14:47:00,14:47:10,14:47:45,516,656,zero_width_default,,False,False
win-Arecibo-Observatory-20221122-150001.npy,20221122,Arecibo-Observatory,III,15:01:00,15:01:00,15:01:10,15:01:45,276,416,zero_width_default,,False,False
win-Arecibo-Observatory-20221122-153001.npy,20221122,Arecibo-Observatory,III,15:41:00,15:41:00,15:41:10,15:41:45,2676,2816,zero_width_default,,False,False
win-Arecibo-Observatory-20221122-164500.npy,20221122,Arecibo-Observatory,III,16:48:00,16:55:00,16:48:00,16:55:00,720,2400,catalog,,False,False
win-Arecibo-Observatory-20221122-180001.npy,20221122,Arecibo-Observatory,III,18:03:00,18:09:00,18:03:00,18:09:00,716,2156,catalog,,False,False
win-Arecibo-Observatory-20221123-163000.npy,20221123,Arecibo-Observatory,III,16:42:00,16:44:00,16:42:00,16:44:00,2880,3360,catalog,,False,False
win-Arecibo-Observatory-20221123-164500.npy,20221123,Arecibo-Observatory,III,16:47:00,16:50:00,16:47:00,16:50:00,480,1200,catalog,,False,False
win-Arecibo-Observatory-20221127-163000.npy,20221127,Arecibo-Observatory,III,16:32:00,16:32:00,16:32:10,16:32:45,520,660,zero_width_default,,False,False
win-Arecibo-Observatory-20221128-171500.npy,20221128,Arecibo-Observatory,III,17:15:00,17:15:00,17:15:10,17:15:45,40,180,zero_width_default,,False,False
win-Arecibo-Observatory-20221130-170000.npy,20221130,Arecibo-Observatory,III,17:04:00,17:08:00,17:04:00,17:08:00,960,1920,catalog,,False,False
win-Arecibo-Observatory-20221202-154501.npy,20221202,Arecibo-Observatory,III,15:50:00,15:50:00,15:50:10,15:50:45,1236,1376,zero_width_default,,False,False
win-Arecibo-Observatory-20221203-151501.npy,20221203,Arecibo-Observatory,III,15:22:00,15:27:00,15:22:00,15:27:00,1676,2876,catalog,,False,False
win-Arecibo-Observatory-20221203-154501.npy,20221203,Arecibo-Observatory,III,15:51:00,15:52:00,15:51:00,15:52:00,1436,1676,catalog,,False,False
win-Arecibo-Observatory-20221203-164500.npy,20221203,Arecibo-Observatory,III,16:57:00,16:57:00,16:57:10,16:57:45,2920,3060,zero_width_default,,False,False
win-Arecibo-Observatory-20221203-173000.npy,20221203,Arecibo-Observatory,II,17:44:00,18:00:00,17:44:22,17:54:23,3448,3600,manual,usable,False,True
win-Arecibo-Observatory-20221203-173000.npy,20221203,Arecibo-Observatory,III,17:39:00,17:42:00,17:39:00,17:42:00,2160,2880,catalog,,False,False
win-Arecibo-Observatory-20221203-174500.npy,20221203,Arecibo-Observatory,II,17:44:00,18:00:00,17:44:22,17:54:23,0,2252,manual,usable,False,True
win-Arecibo-Observatory-20221205-151501.npy,20221205,Arecibo-Observatory,III,15:25:00,15:26:00,15:25:00,15:26:00,2396,2636,catalog,,False,False
win-Arecibo-Observatory-20221205-183000.npy,20221205,Arecibo-Observatory,III,18:32:00,18:32:00,18:32:10,18:32:45,520,660,zero_width_default,,False,False
win-Arecibo-Observatory-20221206-141501.npy,20221206,Arecibo-Observatory,III,14:18:00,14:19:00,14:18:00,14:19:00,716,956,catalog,,False,False
win-Arecibo-Observatory-20221206-144501.npy,20221206,Arecibo-Observatory,III,14:58:00,14:58:00,14:58:10,14:58:45,3156,3296,zero_width_default,,False,False
win-Arecibo-Observatory-20221206-153001.npy,20221206,Arecibo-Observatory,III,15:40:00,15:40:00,15:40:10,15:40:45,2436,2576,zero_width_default,,False,False
win-Arecibo-Observatory-20221206-160001.npy,20221206,Arecibo-Observatory,III,16:07:00,16:07:00,16:07:10,16:07:45,1716,1856,zero_width_default,,False,False
win-Arecibo-Observatory-20221206-170000.npy,20221206,Arecibo-Observatory,III,17:13:00,17:14:00,17:13:00,17:14:00,3120,3360,catalog,,False,False
win-Arecibo-Observatory-20221206-173000.npy,20221206,Arecibo-Observatory,III,17:35:00,17:35:00,17:35:10,17:35:45,1240,1380,zero_width_default,,False,False
win-Arecibo-Observatory-20221207-111500.npy,20221207,Arecibo-Observatory,III,11:25:00,11:26:00,11:25:00,11:26:00,2400,2640,catalog,,False,False
win-Arecibo-Observatory-20221207-124500.npy,20221207,Arecibo-Observatory,III,12:53:00,12:53:00,12:53:10,12:53:45,1960,2100,zero_width_default,,False,False
win-Arecibo-Observatory-20221207-133000.npy,20221207,Arecibo-Observatory,III,13:40:00,13:41:00,13:40:00,13:41:00,2400,2640,catalog,,False,False
win-Arecibo-Observatory-20221207-140000.npy,20221207,Arecibo-Observatory,III,14:06:00,14:07:00,14:06:00,14:07:00,1440,1680,catalog,,False,False
win-Arecibo-Observatory-20221207-141501.npy,20221207,Arecibo-Observatory,III,14:15:00,14:23:00,14:15:00,14:23:00,0,1916,catalog,,False,True
win-Arecibo-Observatory-20221207-163000.npy,20221207,Arecibo-Observatory,III,16:38:00,16:41:00,16:38:00,16:41:00,1920,2640,catalog,,False,False
win-Arecibo-Observatory-20221207-164500.npy,20221207,Arecibo-Observatory,III,16:58:00,16:59:00,16:58:00,16:59:00,3120,3360,catalog,,False,False
win-Arecibo-Observatory-20221207-173000.npy,20221207,Arecibo-Observatory,III,17:34:00,17:34:00,17:34:10,17:34:45,1000,1140,zero_width_default,,False,False
win-Arecibo-Observatory-20221207-200000.npy,20221207,Arecibo-Observatory,III,20:09:00,20:10:00,20:09:00,20:10:00,2160,2400,catalog,,False,False
win-Arecibo-Observatory-20221208-151501.npy,20221208,Arecibo-Observatory,III,15:16:00,15:17:00,15:16:00,15:17:00,236,476,catalog,,False,False
win-Arecibo-Observatory-20221208-161501.npy,20221208,Arecibo-Observatory,III,16:17:00,16:17:00,16:17:10,16:17:45,516,656,zero_width_default,,False,False
win-Arecibo-Observatory-20221210-140001.npy,20221210,Arecibo-Observatory,III,14:14:00,14:14:00,14:14:10,14:14:45,3396,3536,zero_width_default,,False,False
win-Arecibo-Observatory-20221210-143001.npy,20221210,Arecibo-Observatory,III,14:42:00,14:42:00,14:42:10,14:42:45,2916,3056,zero_width_default,,False,False
win-Arecibo-Observatory-20221210-144501.npy,20221210,Arecibo-Observatory,III,14:51:00,14:52:00,14:51:00,14:52:00,1436,1676,catalog,,False,False
win-Arecibo-Observatory-20221210-153001.npy,20221210,Arecibo-Observatory,III,15:37:00,15:37:00,15:37:10,15:37:45,1716,1856,zero_width_default,,False,False
win-Arecibo-Observatory-20221210-154501.npy,20221210,Arecibo-Observatory,III,15:52:00,15:53:00,15:52:00,15:53:00,1676,1916,catalog,,False,False
win-Arecibo-Observatory-20221210-180000.npy,20221210,Arecibo-Observatory,III,18:11:00,18:11:00,18:11:10,18:11:45,2680,2820,zero_width_default,,False,False
win-Arecibo-Observatory-20221211-133001.npy,20221211,Arecibo-Observatory,III,13:34:00,13:39:00,13:34:00,13:39:00,956,2156,catalog,,False,False
win-Arecibo-Observatory-20221211-141501.npy,20221211,Arecibo-Observatory,III,14:26:00,14:30:00,14:26:00,14:30:00,2636,3596,catalog,,False,False
win-Arecibo-Observatory-20221211-150001.npy,20221211,Arecibo-Observatory,III,15:00:00,15:00:00,15:00:10,15:00:45,36,176,zero_width_default,,False,False
win-Arecibo-Observatory-20221211-164500.npy,20221211,Arecibo-Observatory,III,16:52:00,16:52:00,16:52:10,16:52:45,1720,1860,zero_width_default,,False,False
win-Arecibo-Observatory-20221211-184459.npy,20221211,Arecibo-Observatory,III,18:48:00,18:48:00,18:48:10,18:48:45,764,904,zero_width_default,,False,False
win-Arecibo-Observatory-20221212-124500.npy,20221212,Arecibo-Observatory,III,12:54:00,12:54:00,12:54:10,12:54:45,2200,2340,zero_width_default,,False,False
win-Arecibo-Observatory-20221212-140001.npy,20221212,Arecibo-Observatory,III,14:13:00,14:14:00,14:13:00,14:14:00,3116,3356,catalog,,False,False
win-Arecibo-Observatory-20221212-144501.npy,20221212,Arecibo-Observatory,III,14:54:00,14:54:00,14:54:10,14:54:45,2196,2336,zero_width_default,,False,False
win-Arecibo-Observatory-20221213-120000.npy,20221213,Arecibo-Observatory,III,12:10:00,12:11:00,12:10:00,12:11:00,2400,2640,catalog,,False,False
win-Arecibo-Observatory-20221213-133001.npy,20221213,Arecibo-Observatory,III,13:38:00,13:38:00,13:38:10,13:38:45,1956,2096,zero_width_default,,False,False
win-Arecibo-Observatory-20221213-144501.npy,20221213,Arecibo-Observatory,III,14:48:00,14:50:00,14:48:00,14:50:00,716,1196,catalog,,False,False
win-Arecibo-Observatory-20221213-151501.npy,20221213,Arecibo-Observatory,III,15:23:00,15:25:00,15:23:00,15:25:00,1916,2396,catalog,,False,False
win-Arecibo-Observatory-20221213-154501.npy,20221213,Arecibo-Observatory,III,15:48:00,15:50:00,15:48:00,15:50:00,716,1196,catalog,,False,False
win-Arecibo-Observatory-20221214-124501.npy,20221214,Arecibo-Observatory,III,12:57:00,12:59:00,12:57:00,12:59:00,2876,3356,catalog,,False,False
win-Arecibo-Observatory-20221214-144501.npy,20221214,Arecibo-Observatory,III,14:54:00,14:54:00,14:54:10,14:54:45,2196,2336,zero_width_default,,False,False
win-Arecibo-Observatory-20221214-151501.npy,20221214,Arecibo-Observatory,III,15:20:00,15:29:00,15:20:00,15:29:00,1196,3356,catalog,,False,False
win-Arecibo-Observatory-20221215-134752.npy,20221215,Arecibo-Observatory,III,13:56:00,13:56:00,13:56:10,13:56:45,1992,2132,zero_width_default,,False,False
win-Arecibo-Observatory-20221215-153253.npy,20221215,Arecibo-Observatory,III,15:44:00,15:44:00,15:44:10,15:44:45,2708,2848,zero_width_default,,False,False
win-Arecibo-Observatory-20221215-154753.npy,20221215,Arecibo-Observatory,III,15:59:00,16:06:00,15:59:00,16:06:00,2668,3600,catalog,,False,True
win-Arecibo-Observatory-20221215-160253.npy,20221215,Arecibo-Observatory,III,15:59:00,16:06:00,15:59:00,16:06:00,0,748,catalog,,False,True
win-Arecibo-Observatory-20221215-182956.npy,20221215,Arecibo-Observatory,III,18:39:00,18:40:00,18:39:00,18:40:00,2176,2416,catalog,,False,False
win-Arecibo-Observatory-20221215-201456.npy,20221215,Arecibo-Observatory,III,20:16:00,20:21:00,20:16:00,20:21:00,256,1456,catalog,,False,False
win-Arecibo-Observatory-20221216-131501.npy,20221216,Arecibo-Observatory,III,13:19:00,13:19:00,13:19:10,13:19:45,996,1136,zero_width_default,,False,False
win-Arecibo-Observatory-20221216-150001.npy,20221216,Arecibo-Observatory,III,15:08:00,15:11:00,15:08:00,15:11:00,1916,2636,catalog,,False,False
win-Arecibo-Observatory-20221216-171500.npy,20221216,Arecibo-Observatory,III,17:26:00,17:27:00,17:26:00,17:27:00,2640,2880,catalog,,False,False
win-Arecibo-Observatory-20221216-191500.npy,20221216,Arecibo-Observatory,III,19:28:00,19:28:00,19:28:10,19:28:45,3160,3300,zero_width_default,,False,False
win-Arecibo-Observatory-20221217-192959.npy,20221217,Arecibo-Observatory,III,19:41:00,19:41:00,19:41:10,19:41:45,2684,2824,zero_width_default,,False,False
win-Arecibo-Observatory-20221218-131501.npy,20221218,Arecibo-Observatory,III,13:29:00,13:29:00,13:29:10,13:29:45,3396,3536,zero_width_default,,False,False
win-Arecibo-Observatory-20221218-141501.npy,20221218,Arecibo-Observatory,III,14:22:00,14:23:00,14:22:00,14:23:00,1676,1916,catalog,,False,False
win-Arecibo-Observatory-20221218-143001.npy,20221218,Arecibo-Observatory,III,14:30:00,14:32:00,14:30:00,14:32:00,0,476,catalog,,False,True
win-Arecibo-Observatory-20221218-163000.npy,20221218,Arecibo-Observatory,III,16:42:00,16:45:00,16:42:00,16:45:00,2880,3600,catalog,,False,False
win-Arecibo-Observatory-20221219-124501.npy,20221219,Arecibo-Observatory,III,12:53:00,12:55:00,12:53:00,12:55:00,1916,2396,catalog,,False,False
win-Arecibo-Observatory-20221220-114500.npy,20221220,Arecibo-Observatory,III,11:58:00,11:58:00,11:58:10,11:58:45,3160,3300,zero_width_default,,False,False
win-Arecibo-Observatory-20221220-140001.npy,20221220,Arecibo-Observatory,III,14:05:00,14:07:00,14:05:00,14:07:00,1196,1676,catalog,,False,False
win-Arecibo-Observatory-20221220-144501.npy,20221220,Arecibo-Observatory,III,14:48:00,14:55:00,14:48:00,14:55:00,716,2396,catalog,,False,False
win-Arecibo-Observatory-20221220-154501.npy,20221220,Arecibo-Observatory,III,15:52:00,15:52:00,15:52:10,15:52:45,1716,1856,zero_width_default,,False,False
win-Arecibo-Observatory-20221220-160001.npy,20221220,Arecibo-Observatory,III,16:05:00,16:05:00,16:05:10,16:05:45,1236,1376,zero_width_default,,False,False
win-Arecibo-Observatory-20221220-181500.npy,20221220,Arecibo-Observatory,III,18:20:00,18:20:00,18:20:10,18:20:45,1240,1380,zero_width_default,,False,False
win-Arecibo-Observatory-20221221-150001.npy,20221221,Arecibo-Observatory,III,15:06:00,15:07:00,15:06:00,15:07:00,1436,1676,catalog,,False,False
win-Arecibo-Observatory-20221221-164500.npy,20221221,Arecibo-Observatory,III,16:58:00,17:00:00,16:58:00,17:00:00,3120,3600,catalog,,False,False
win-Arecibo-Observatory-20221221-183000.npy,20221221,Arecibo-Observatory,III,18:33:00,18:38:00,18:33:00,18:38:00,720,1920,catalog,,False,False
win-Arecibo-Observatory-20221222-124501.npy,20221222,Arecibo-Observatory,III,12:48:00,12:52:00,12:48:00,12:52:00,716,1676,catalog,,False,False
win-Arecibo-Observatory-20221222-131501.npy,20221222,Arecibo-Observatory,III,13:25:00,13:25:00,13:25:10,13:25:45,2436,2576,zero_width_default,,False,False
win-Arecibo-Observatory-20221222-181500.npy,20221222,Arecibo-Observatory,III,18:15:00,18:24:00,18:15:00,18:24:00,0,2160,catalog,,False,False
win-Arecibo-Observatory-20221222-183000.npy,20221222,Arecibo-Observatory,III,18:37:00,18:39:00,18:37:00,18:39:00,1680,2160,catalog,,False,False
win-Arecibo-Observatory-20221222-194500.npy,20221222,Arecibo-Observatory,III,19:57:00,19:57:00,19:57:10,19:57:45,2920,3060,zero_width_default,,False,False
win-Arecibo-Observatory-20221223-131500.npy,20221223,Arecibo-Observatory,III,13:19:00,13:19:00,13:19:10,13:19:45,1000,1140,zero_width_default,,False,False
win-Arecibo-Observatory-20221223-133000.npy,20221223,Arecibo-Observatory,III,13:31:00,13:37:00,13:31:00,13:37:00,240,1680,catalog,,False,False
win-Arecibo-Observatory-20221223-191619.npy,20221223,Arecibo-Observatory,III,19:20:00,19:23:00,19:20:00,19:23:00,884,1604,catalog,,False,False
win-Arecibo-Observatory-20221224-130000.npy,20221224,Arecibo-Observatory,III,13:05:00,13:07:00,13:05:00,13:07:00,1200,1680,catalog,,False,False
win-Arecibo-Observatory-20221224-134500.npy,20221224,Arecibo-Observatory,III,13:47:00,13:51:00,13:47:00,13:51:00,480,1440,catalog,,False,False
win-Arecibo-Observatory-20221224-150000.npy,20221224,Arecibo-Observatory,III,15:01:00,15:17:00,15:01:00,15:17:00,240,3600,catalog,,False,True
win-Arecibo-Observatory-20221224-151500.npy,20221224,Arecibo-Observatory,III,15:01:00,15:17:00,15:01:00,15:17:00,0,480,catalog,,False,True
win-Arecibo-Observatory-20221224-153001.npy,20221224,Arecibo-Observatory,III,15:39:00,15:39:00,15:39:10,15:39:45,2196,2336,zero_width_default,,False,False
win-Arecibo-Observatory-20221224-154501.npy,20221224,Arecibo-Observatory,III,15:57:00,16:02:00,15:57:00,16:02:00,2876,3600,catalog,,False,True
win-Arecibo-Observatory-20221224-160000.npy,20221224,Arecibo-Observatory,III,15:57:00,16:02:00,15:57:00,16:02:00,0,480,catalog,,False,True
win-Arecibo-Observatory-20221224-165959.npy,20221224,Arecibo-Observatory,III,17:08:00,17:16:00,17:08:00,17:16:00,1924,3600,catalog,,False,True
win-Arecibo-Observatory-20221224-171459.npy,20221224,Arecibo-Observatory,III,17:08:00,17:16:00,17:08:00,17:16:00,0,244,catalog,,False,True
win-Arecibo-Observatory-20221225-170000.npy,20221225,Arecibo-Observatory,III,17:10:00,17:12:00,17:10:00,17:12:00,2400,2880,catalog,,False,False
win-Arecibo-Observatory-20221226-133000.npy,20221226,Arecibo-Observatory,III,13:44:00,13:44:00,13:44:10,13:44:45,3400,3540,zero_width_default,,False,False
win-Arecibo-Observatory-20221226-150001.npy,20221226,Arecibo-Observatory,III,15:14:00,15:16:00,15:14:00,15:16:00,3356,3600,catalog,,False,True
win-Arecibo-Observatory-20221226-150001.npy,20221226,Arecibo-Observatory,III,15:02:00,15:02:00,15:02:10,15:02:45,516,656,zero_width_default,,False,False
win-Arecibo-Observatory-20221226-151501.npy,20221226,Arecibo-Observatory,III,15:14:00,15:16:00,15:14:00,15:16:00,0,236,catalog,,False,True
win-Arecibo-Observatory-20221226-161501.npy,20221226,Arecibo-Observatory,III,16:18:00,16:24:00,16:18:00,16:24:00,716,2156,catalog,,False,False
win-Arecibo-Observatory-20221226-163000.npy,20221226,Arecibo-Observatory,III,16:30:00,16:30:00,16:30:10,16:30:45,40,180,zero_width_default,,False,False
win-Arecibo-Observatory-20221226-164500.npy,20221226,Arecibo-Observatory,III,16:45:00,16:46:00,16:45:00,16:46:00,0,240,catalog,,False,False
win-Arecibo-Observatory-20221226-181459.npy,20221226,Arecibo-Observatory,III,18:17:00,18:17:00,18:17:10,18:17:45,524,664,zero_width_default,,False,False
win-Arecibo-Observatory-20221226-200000.npy,20221226,Arecibo-Observatory,III,20:03:00,20:03:00,20:03:10,20:03:45,760,900,zero_width_default,,False,False
win-Arecibo-Observatory-20221226-213000.npy,20221226,Arecibo-Observatory,III,21:34:00,21:34:00,21:34:10,21:34:45,1000,1140,zero_width_default,,False,False
win-Arecibo-Observatory-20221226-220000.npy,20221226,Arecibo-Observatory,III,22:06:00,22:06:00,22:06:10,22:06:45,1480,1620,zero_width_default,,False,False
win-Arecibo-Observatory-20221227-171500.npy,20221227,Arecibo-Observatory,III,17:29:00,17:29:00,17:29:10,17:29:45,3400,3540,zero_width_default,,False,False
win-Arecibo-Observatory-20221229-173000.npy,20221229,Arecibo-Observatory,III,17:40:00,17:43:00,17:40:00,17:43:00,2400,3120,catalog,,False,False
win-Arecibo-Observatory-20221230-151501.npy,20221230,Arecibo-Observatory,III,15:25:00,15:28:00,15:25:00,15:28:00,2396,3116,catalog,,False,False
win-Arecibo-Observatory-20221231-153001.npy,20221231,Arecibo-Observatory,III,15:44:00,15:44:00,15:44:10,15:44:45,3396,3536,zero_width_default,,False,False
win-Arecibo-Observatory-20221231-170000.npy,20221231,Arecibo-Observatory,III,17:05:00,17:05:00,17:05:10,17:05:45,1240,1380,zero_width_default,,False,False
win-Arecibo-Observatory-20221231-180000.npy,20221231,Arecibo-Observatory,III,18:03:00,18:03:00,18:03:10,18:03:45,760,900,zero_width_default,,False,False
win-Arecibo-Observatory-20221231-193001.npy,20221231,Arecibo-Observatory,III,19:35:00,19:35:00,19:35:10,19:35:45,1236,1376,zero_width_default,,False,False
win-Arecibo-Observatory-20230101-165959.npy,20230101,Arecibo-Observatory,III,17:14:00,17:16:00,17:14:00,17:16:00,3364,3600,catalog,,False,True
win-Arecibo-Observatory-20230101-171459.npy,20230101,Arecibo-Observatory,III,17:14:00,17:16:00,17:14:00,17:16:00,0,244,catalog,,False,True
win-Arecibo-Observatory-20230101-175959.npy,20230101,Arecibo-Observatory,III,18:11:00,18:11:00,18:11:10,18:11:45,2684,2824,zero_width_default,,False,False
win-Arecibo-Observatory-20230101-181459.npy,20230101,Arecibo-Observatory,III,18:24:00,18:25:00,18:24:00,18:25:00,2164,2404,catalog,,False,False
win-Arecibo-Observatory-20230102-163000.npy,20230102,Arecibo-Observatory,III,16:41:00,16:41:00,16:41:10,16:41:45,2680,2820,zero_width_default,,False,False
win-Arecibo-Observatory-20230102-180000.npy,20230102,Arecibo-Observatory,III,18:07:00,18:08:00,18:07:00,18:08:00,1680,1920,catalog,,False,False
win-Arecibo-Observatory-20230102-183000.npy,20230102,Arecibo-Observatory,III,18:40:00,18:41:00,18:40:00,18:41:00,2400,2640,catalog,,False,False
win-Arecibo-Observatory-20230103-140000.npy,20230103,Arecibo-Observatory,III,14:12:00,14:13:00,14:12:00,14:13:00,2880,3120,catalog,,False,False
win-Arecibo-Observatory-20230103-191459.npy,20230103,Arecibo-Observatory,III,19:26:00,19:28:00,19:26:00,19:28:00,2644,3124,catalog,,False,False
win-Arecibo-Observatory-20230104-153001.npy,20230104,Arecibo-Observatory,III,15:33:00,15:41:00,15:33:00,15:41:00,716,2636,catalog,,False,False
win-Arecibo-Observatory-20230104-164500.npy,20230104,Arecibo-Observatory,III,16:53:00,16:55:00,16:53:00,16:55:00,1920,2400,catalog,,False,False
win-Arecibo-Observatory-20230104-183000.npy,20230104,Arecibo-Observatory,III,18:31:00,18:32:00,18:31:00,18:32:00,240,480,catalog,,False,False
win-Arecibo-Observatory-20230105-172959.npy,20230105,Arecibo-Observatory,III,17:36:00,17:36:00,17:36:10,17:36:45,1484,1624,zero_width_default,,False,False
win-Arecibo-Observatory-20230105-182959.npy,20230105,Arecibo-Observatory,III,18:38:00,18:38:00,18:38:10,18:38:45,1964,2104,zero_width_default,,False,False
win-Arecibo-Observatory-20230106-153001.npy,20230106,Arecibo-Observatory,III,15:36:00,15:36:00,15:36:10,15:36:45,1476,1616,zero_width_default,,False,False
win-Arecibo-Observatory-20230106-201501.npy,20230106,Arecibo-Observatory,III,20:15:00,20:15:00,20:15:10,20:15:45,36,176,zero_width_default,,False,False
win-Arecibo-Observatory-20230108-114500.npy,20230108,Arecibo-Observatory,III,11:55:00,11:57:00,11:55:00,11:57:00,2400,2880,catalog,,False,False
win-Arecibo-Observatory-20230108-121500.npy,20230108,Arecibo-Observatory,III,12:23:00,12:24:00,12:23:00,12:24:00,1920,2160,catalog,,False,False
win-Arecibo-Observatory-20230108-124500.npy,20230108,Arecibo-Observatory,III,12:45:00,12:50:00,12:45:00,12:50:00,0,1200,catalog,,False,False
win-Arecibo-Observatory-20230108-131501.npy,20230108,Arecibo-Observatory,III,13:20:00,13:25:00,13:20:00,13:25:00,1196,2396,catalog,,False,False
win-Arecibo-Observatory-20230108-134501.npy,20230108,Arecibo-Observatory,III,13:50:00,13:53:00,13:50:00,13:53:00,1196,1916,catalog,,False,False
win-Arecibo-Observatory-20230108-143001.npy,20230108,Arecibo-Observatory,III,14:33:00,14:33:00,14:33:10,14:33:45,756,896,zero_width_default,,False,False
win-Arecibo-Observatory-20230108-144501.npy,20230108,Arecibo-Observatory,III,14:48:00,14:49:00,14:48:00,14:49:00,716,956,catalog,,False,False
win-Arecibo-Observatory-20230108-154501.npy,20230108,Arecibo-Observatory,III,15:57:00,16:03:00,15:57:00,16:03:00,2876,3600,catalog,,False,True
win-Arecibo-Observatory-20230108-160001.npy,20230108,Arecibo-Observatory,III,15:57:00,16:03:00,15:57:00,16:03:00,0,716,catalog,,False,True
win-Arecibo-Observatory-20230108-160001.npy,20230108,Arecibo-Observatory,III,16:11:00,16:12:00,16:11:00,16:12:00,2636,2876,catalog,,False,False
win-Arecibo-Observatory-20230108-171500.npy,20230108,Arecibo-Observatory,III,17:22:00,17:26:00,17:22:00,17:26:00,1680,2640,catalog,,False,False
win-Arecibo-Observatory-20230108-174500.npy,20230108,Arecibo-Observatory,III,17:59:00,17:59:00,17:59:10,17:59:45,3400,3540,zero_width_default,,False,False
win-Arecibo-Observatory-20230108-181500.npy,20230108,Arecibo-Observatory,III,18:19:00,18:20:00,18:19:00,18:20:00,960,1200,catalog,,False,False
win-Arecibo-Observatory-20230108-190000.npy,20230108,Arecibo-Observatory,III,19:02:00,19:06:00,19:02:00,19:06:00,480,1440,catalog,,False,False
win-Arecibo-Observatory-20230108-193001.npy,20230108,Arecibo-Observatory,III,19:39:00,19:44:00,19:39:00,19:44:00,2156,3356,catalog,,False,False
win-Arecibo-Observatory-20230109-141501.npy,20230109,Arecibo-Observatory,III,14:28:00,14:28:00,14:28:10,14:28:45,3156,3296,zero_width_default,,False,False
win-Arecibo-Observatory-20230109-153001.npy,20230109,Arecibo-Observatory,III,15:44:00,15:50:00,15:44:00,15:50:00,3356,3600,catalog,,False,True
win-Arecibo-Observatory-20230109-154501.npy,20230109,Arecibo-Observatory,III,15:44:00,15:50:00,15:44:00,15:50:00,0,1196,catalog,,False,True
win-Arecibo-Observatory-20230109-160001.npy,20230109,Arecibo-Observatory,III,16:11:00,16:12:00,16:11:00,16:12:00,2636,2876,catalog,,False,False
win-Arecibo-Observatory-20230109-163000.npy,20230109,Arecibo-Observatory,III,16:39:00,16:40:00,16:39:00,16:40:00,2160,2400,catalog,,False,False
win-Arecibo-Observatory-20230109-181459.npy,20230109,Arecibo-Observatory,III,18:28:00,18:33:00,18:28:00,18:33:00,3124,3600,catalog,,False,True
win-Arecibo-Observatory-20230109-181459.npy,20230109,Arecibo-Observatory,III,18:20:00,18:24:00,18:20:00,18:24:00,1204,2164,catalog,,False,False
win-Arecibo-Observatory-20230109-182959.npy,20230109,Arecibo-Observatory,III,18:28:00,18:33:00,18:28:00,18:33:00,0,724,catalog,,False,True
win-Arecibo-Observatory-20230109-201500.npy,20230109,Arecibo-Observatory,III,20:24:00,20:24:00,20:24:10,20:24:45,2200,2340,zero_width_default,,False,False
win-Arecibo-Observatory-20230110-123000.npy,20230110,Arecibo-Observatory,III,12:36:00,12:43:00,12:36:00,12:43:00,1440,3120,catalog,,False,False
win-Arecibo-Observatory-20230110-143001.npy,20230110,Arecibo-Observatory,III,14:33:00,14:39:00,14:33:00,14:39:00,716,2156,catalog,,False,False
win-Arecibo-Observatory-20230110-150001.npy,20230110,Arecibo-Observatory,III,15:00:00,15:02:00,15:00:00,15:02:00,0,476,catalog,,False,True
win-Arecibo-Observatory-20230110-151501.npy,20230110,Arecibo-Observatory,III,15:22:00,15:22:00,15:22:10,15:22:45,1716,1856,zero_width_default,,False,False
win-Arecibo-Observatory-20230110-154501.npy,20230110,Arecibo-Observatory,III,15:45:00,15:52:00,15:45:00,15:52:00,0,1676,catalog,,False,True
win-Arecibo-Observatory-20230110-170000.npy,20230110,Arecibo-Observatory,III,17:06:00,17:11:00,17:06:00,17:11:00,1440,2640,catalog,,False,False
win-Arecibo-Observatory-20230110-180000.npy,20230110,Arecibo-Observatory,III,18:00:00,18:01:00,18:00:00,18:01:00,0,240,catalog,,False,False
win-Arecibo-Observatory-20230110-181500.npy,20230110,Arecibo-Observatory,III,18:19:00,18:20:00,18:19:00,18:20:00,960,1200,catalog,,False,False
win-Arecibo-Observatory-20230111-114618.npy,20230111,Arecibo-Observatory,III,11:53:00,11:58:00,11:53:00,11:58:00,1608,2808,catalog,,False,False
win-Arecibo-Observatory-20230111-133119.npy,20230111,Arecibo-Observatory,III,13:43:00,13:44:00,13:43:00,13:44:00,2804,3044,catalog,,False,False
win-Arecibo-Observatory-20230111-150119.npy,20230111,Arecibo-Observatory,III,15:09:00,15:10:00,15:09:00,15:10:00,1844,2084,catalog,,False,False
win-Arecibo-Observatory-20230111-182958.npy,20230111,Arecibo-Observatory,III,18:35:00,18:35:00,18:35:10,18:35:45,1248,1388,zero_width_default,,False,False
win-Arecibo-Observatory-20230111-185958.npy,20230111,Arecibo-Observatory,III,19:09:00,19:10:00,19:09:00,19:10:00,2168,2408,catalog,,False,False
win-Arecibo-Observatory-20230112-131501.npy,20230112,Arecibo-Observatory,III,13:29:00,13:35:00,13:29:00,13:35:00,3356,3600,catalog,,False,True
win-Arecibo-Observatory-20230112-133001.npy,20230112,Arecibo-Observatory,III,13:29:00,13:35:00,13:29:00,13:35:00,0,1196,catalog,,False,True
win-Arecibo-Observatory-20230113-165959.npy,20230113,Arecibo-Observatory,III,17:02:00,17:03:00,17:02:00,17:03:00,484,724,catalog,,False,False
win-Arecibo-Observatory-20230116-124500.npy,20230116,Arecibo-Observatory,III,12:55:00,12:58:00,12:55:00,12:58:00,2400,3120,catalog,,False,False
win-Arecibo-Observatory-20230116-141501.npy,20230116,Arecibo-Observatory,III,14:16:00,14:28:00,14:16:00,14:28:00,236,3116,catalog,,False,False
win-Arecibo-Observatory-20230116-151501.npy,20230116,Arecibo-Observatory,III,15:24:00,15:26:00,15:24:00,15:26:00,2156,2636,catalog,,False,False
win-Arecibo-Observatory-20230116-153001.npy,20230116,Arecibo-Observatory,III,15:43:00,15:51:00,15:43:00,15:51:00,3116,3600,catalog,,False,True
win-Arecibo-Observatory-20230116-154501.npy,20230116,Arecibo-Observatory,III,15:43:00,15:51:00,15:43:00,15:51:00,0,1436,catalog,,False,True
win-Arecibo-Observatory-20230117-130000.npy,20230117,Arecibo-Observatory,III,13:11:00,13:13:00,13:11:00,13:13:00,2640,3120,catalog,,False,False
win-Arecibo-Observatory-20230117-160001.npy,20230117,Arecibo-Observatory,III,16:07:00,16:07:00,16:07:10,16:07:45,1716,1856,zero_width_default,,False,False
win-Arecibo-Observatory-20230117-174459.npy,20230117,Arecibo-Observatory,III,17:58:00,17:58:00,17:58:10,17:58:45,3164,3304,zero_width_default,,False,False
win-Arecibo-Observatory-20230119-141501.npy,20230119,Arecibo-Observatory,III,14:19:00,14:20:00,14:19:00,14:20:00,956,1196,catalog,,False,False
win-Arecibo-Observatory-20230119-170000.npy,20230119,Arecibo-Observatory,III,17:09:00,17:09:00,17:09:10,17:09:45,2200,2340,zero_width_default,,False,False
win-Arecibo-Observatory-20230119-193001.npy,20230119,Arecibo-Observatory,III,19:40:00,19:41:00,19:40:00,19:41:00,2396,2636,catalog,,False,False
win-Arecibo-Observatory-20230120-140001.npy,20230120,Arecibo-Observatory,II,14:01:00,14:08:00,14:01:00,14:08:00,236,1916,catalog,,False,False
win-Arecibo-Observatory-20230120-150001.npy,20230120,Arecibo-Observatory,III,15:03:00,15:03:00,15:03:10,15:03:45,756,896,zero_width_default,,False,False
win-Arecibo-Observatory-20230123-143203.npy,20230123,Arecibo-Observatory,III,14:42:00,14:42:00,14:42:10,14:42:45,2428,2568,zero_width_default,,False,False
win-Arecibo-Observatory-20230123-160203.npy,20230123,Arecibo-Observatory,III,16:04:00,16:05:00,16:04:00,16:05:00,468,708,catalog,,False,False
win-Arecibo-Observatory-20230123-185959.npy,20230123,Arecibo-Observatory,III,19:02:00,19:03:00,19:02:00,19:03:00,484,724,catalog,,False,False
win-Arecibo-Observatory-20230124-123000.npy,20230124,Arecibo-Observatory,III,12:40:00,12:41:00,12:40:00,12:41:00,2400,2640,catalog,,False,False
win-Arecibo-Observatory-20230124-134501.npy,20230124,Arecibo-Observatory,III,13:45:00,13:45:00,13:45:10,13:45:45,36,176,zero_width_default,,False,False
win-Arecibo-Observatory-20230124-161501.npy,20230124,Arecibo-Observatory,III,16:23:00,16:27:00,16:23:00,16:27:00,1916,2876,catalog,,False,False
win-Arecibo-Observatory-20230125-121500.npy,20230125,Arecibo-Observatory,III,12:20:00,12:20:00,12:20:10,12:20:45,1240,1380,zero_width_default,,False,False
win-Arecibo-Observatory-20230125-160001.npy,20230125,Arecibo-Observatory,III,16:11:00,16:12:00,16:11:00,16:12:00,2636,2876,catalog,,False,False
win-Arecibo-Observatory-20230125-181459.npy,20230125,Arecibo-Observatory,III,18:17:00,18:21:00,18:17:00,18:21:00,484,1444,catalog,,False,False
win-Arecibo-Observatory-20230127-172959.npy,20230127,Arecibo-Observatory,III,17:34:00,17:34:00,17:34:10,17:34:45,1004,1144,zero_width_default,,False,False
win-Arecibo-Observatory-20230127-182959.npy,20230127,Arecibo-Observatory,III,18:39:00,18:40:00,18:39:00,18:40:00,2164,2404,catalog,,False,False
win-Arecibo-Observatory-20230129-133001.npy,20230129,Arecibo-Observatory,III,13:42:00,13:43:00,13:42:00,13:43:00,2876,3116,catalog,,False,False
win-Arecibo-Observatory-20230129-140001.npy,20230129,Arecibo-Observatory,III,14:04:00,14:06:00,14:04:00,14:06:00,956,1436,catalog,,False,False
win-Arecibo-Observatory-20230129-144501.npy,20230129,Arecibo-Observatory,III,14:55:00,14:57:00,14:55:00,14:57:00,2396,2876,catalog,,False,False
win-Arecibo-Observatory-20230129-172959.npy,20230129,Arecibo-Observatory,III,17:39:00,17:39:00,17:39:10,17:39:45,2204,2344,zero_width_default,,False,False
win-Arecibo-Observatory-20230129-191459.npy,20230129,Arecibo-Observatory,III,19:19:00,19:20:00,19:19:00,19:20:00,964,1204,catalog,,False,False
win-Arecibo-Observatory-20230129-192959.npy,20230129,Arecibo-Observatory,III,19:33:00,19:33:00,19:33:10,19:33:45,764,904,zero_width_default,,False,False
win-Arecibo-Observatory-20230130-124500.npy,20230130,Arecibo-Observatory,III,12:56:00,13:00:00,12:56:00,13:00:00,2640,3600,catalog,,False,False
win-Arecibo-Observatory-20230130-134501.npy,20230130,Arecibo-Observatory,III,13:58:00,13:58:00,13:58:10,13:58:45,3156,3296,zero_width_default,,False,False
win-Arecibo-Observatory-20230130-141501.npy,20230130,Arecibo-Observatory,III,14:26:00,14:26:00,14:26:10,14:26:45,2676,2816,zero_width_default,,False,False
win-Arecibo-Observatory-20230130-174500.npy,20230130,Arecibo-Observatory,III,17:51:00,17:51:00,17:51:10,17:51:45,1480,1620,zero_width_default,,False,False
win-Arecibo-Observatory-20230131-165959.npy,20230131,Arecibo-Observatory,III,17:14:00,17:14:00,17:14:10,17:14:45,3404,3544,zero_width_default,,False,False
win-Arecibo-Observatory-20230202-161501.npy,20230202,Arecibo-Observatory,III,16:24:00,16:24:00,16:24:10,16:24:45,2196,2336,zero_width_default,,False,False
win-Arecibo-Observatory-20230203-123000.npy,20230203,Arecibo-Observatory,III,12:32:00,12:32:00,12:32:10,12:32:45,520,660,zero_width_default,,False,False
win-Arecibo-Observatory-20230203-143001.npy,20230203,Arecibo-Observatory,III,14:41:00,14:41:00,14:41:10,14:41:45,2676,2816,zero_width_default,,False,False
win-Arecibo-Observatory-20230203-144501.npy,20230203,Arecibo-Observatory,III,14:49:00,14:49:00,14:49:10,14:49:45,996,1136,zero_width_default,,False,False
win-Arecibo-Observatory-20230203-153001.npy,20230203,Arecibo-Observatory,III,15:36:00,15:36:00,15:36:10,15:36:45,1476,1616,zero_width_default,,False,False
win-Arecibo-Observatory-20230203-160001.npy,20230203,Arecibo-Observatory,III,16:02:00,16:02:00,16:02:10,16:02:45,516,656,zero_width_default,,False,False
win-Arecibo-Observatory-20230203-173000.npy,20230203,Arecibo-Observatory,III,17:43:00,17:43:00,17:43:10,17:43:45,3160,3300,zero_width_default,,False,False
win-Arecibo-Observatory-20230203-183000.npy,20230203,Arecibo-Observatory,III,18:42:00,18:42:00,18:42:10,18:42:45,2920,3060,zero_width_default,,False,False
win-Arecibo-Observatory-20230204-131500.npy,20230204,Arecibo-Observatory,III,13:23:00,13:23:00,13:23:10,13:23:45,1960,2100,zero_width_default,,False,False
win-Arecibo-Observatory-20230204-150001.npy,20230204,Arecibo-Observatory,III,15:00:00,15:01:00,15:00:00,15:01:00,0,236,catalog,,False,True
win-Arecibo-Observatory-20230204-163000.npy,20230204,Arecibo-Observatory,III,16:38:00,16:38:00,16:38:10,16:38:45,1960,2100,zero_width_default,,False,False
win-Arecibo-Observatory-20230204-174459.npy,20230204,Arecibo-Observatory,III,17:50:00,17:50:00,17:50:10,17:50:45,1244,1384,zero_width_default,,False,False
win-Arecibo-Observatory-20230205-130000.npy,20230205,Arecibo-Observatory,III,13:09:00,13:09:00,13:09:10,13:09:45,2200,2340,zero_width_default,,False,False
win-Arecibo-Observatory-20230205-143001.npy,20230205,Arecibo-Observatory,III,14:43:00,14:43:00,14:43:10,14:43:45,3156,3296,zero_width_default,,False,False
win-Arecibo-Observatory-20230205-174500.npy,20230205,Arecibo-Observatory,III,17:57:00,17:57:00,17:57:10,17:57:45,2920,3060,zero_width_default,,False,False
win-Arecibo-Observatory-20230206-144501.npy,20230206,Arecibo-Observatory,III,14:46:00,14:46:00,14:46:10,14:46:45,276,416,zero_width_default,,False,False
win-Arecibo-Observatory-20230207-140001.npy,20230207,Arecibo-Observatory,III,14:10:00,14:10:00,14:10:10,14:10:45,2436,2576,zero_width_default,,False,False
win-Arecibo-Observatory-20230207-144501.npy,20230207,Arecibo-Observatory,III,14:58:00,15:01:00,14:58:00,15:01:00,3116,3600,catalog,,False,True
win-Arecibo-Observatory-20230207-150001.npy,20230207,Arecibo-Observatory,III,14:58:00,15:01:00,14:58:00,15:01:00,0,236,catalog,,False,True
win-Arecibo-Observatory-20230207-161501.npy,20230207,Arecibo-Observatory,III,16:18:00,16:18:00,16:18:10,16:18:45,756,896,zero_width_default,,False,False
win-Arecibo-Observatory-20230207-171500.npy,20230207,Arecibo-Observatory,III,17:20:00,17:21:00,17:20:00,17:21:00,1200,1440,catalog,,False,False
win-Arecibo-Observatory-20230207-180000.npy,20230207,Arecibo-Observatory,III,18:05:00,18:10:00,18:05:00,18:10:00,1200,2400,catalog,,False,False
win-Arecibo-Observatory-20230208-161501.npy,20230208,Arecibo-Observatory,III,16:19:00,16:22:00,16:19:00,16:22:00,956,1676,catalog,,False,False
win-Arecibo-Observatory-20230209-121501.npy,20230209,Arecibo-Observatory,III,12:16:00,12:16:00,12:16:10,12:16:45,276,416,zero_width_default,,False,False
win-Arecibo-Observatory-20230209-131501.npy,20230209,Arecibo-Observatory,III,13:23:00,13:27:00,13:23:00,13:27:00,1916,2876,catalog,,False,False
win-Arecibo-Observatory-20230209-133001.npy,20230209,Arecibo-Observatory,III,13:30:00,13:37:00,13:30:00,13:37:00,0,1676,catalog,,False,True
win-Arecibo-Observatory-20230209-144501.npy,20230209,Arecibo-Observatory,III,14:53:00,14:54:00,14:53:00,14:54:00,1916,2156,catalog,,False,False
win-Arecibo-Observatory-20230209-150001.npy,20230209,Arecibo-Observatory,III,15:09:00,15:09:00,15:09:10,15:09:45,2196,2336,zero_width_default,,False,False
win-Arecibo-Observatory-20230209-150001.npy,20230209,Arecibo-Observatory,III,15:00:00,15:01:00,15:00:00,15:01:00,0,236,catalog,,False,True
win-Arecibo-Observatory-20230209-191500.npy,20230209,Arecibo-Observatory,III,19:16:00,19:16:00,19:16:10,19:16:45,280,420,zero_width_default,,False,False
win-Arecibo-Observatory-20230210-150001.npy,20230210,Arecibo-Observatory,III,15:14:00,15:14:00,15:14:10,15:14:45,3396,3536,zero_width_default,,False,False
win-Arecibo-Observatory-20230210-171459.npy,20230210,Arecibo-Observatory,III,17:29:00,17:29:00,17:29:10,17:29:45,3404,3544,zero_width_default,,False,False
win-Arecibo-Observatory-20230210-175959.npy,20230210,Arecibo-Observatory,III,18:04:00,18:09:00,18:04:00,18:09:00,964,2164,catalog,,False,False
win-Arecibo-Observatory-20230210-201459.npy,20230210,Arecibo-Observatory,III,20:27:00,20:28:00,20:27:00,20:28:00,2884,3124,catalog,,False,False
win-Arecibo-Observatory-20230211-141510.npy,20230211,Arecibo-Observatory,III,14:18:00,14:21:00,14:18:00,14:21:00,680,1400,catalog,,False,False
win-Arecibo-Observatory-20230211-144510.npy,20230211,Arecibo-Observatory,III,14:50:00,14:50:00,14:50:10,14:50:45,1200,1340,zero_width_default,,False,False
win-Arecibo-Observatory-20230211-170000.npy,20230211,Arecibo-Observatory,III,17:12:00,17:13:00,17:12:00,17:13:00,2880,3120,catalog,,False,False
win-Arecibo-Observatory-20230211-171500.npy,20230211,Arecibo-Observatory,III,17:22:00,17:22:00,17:22:10,17:22:45,1720,1860,zero_width_default,,False,False
win-Arecibo-Observatory-20230211-200001.npy,20230211,Arecibo-Observatory,III,20:05:00,20:05:00,20:05:10,20:05:45,1236,1376,zero_width_default,,False,False
win-Arecibo-Observatory-20230212-152626.npy,20230212,Arecibo-Observatory,III,15:35:00,15:36:00,15:35:00,15:36:00,2056,2296,catalog,,False,False
win-Arecibo-Observatory-20230212-174500.npy,20230212,Arecibo-Observatory,III,17:45:00,17:46:00,17:45:00,17:46:00,0,240,catalog,,False,False
win-Arecibo-Observatory-20230212-183000.npy,20230212,Arecibo-Observatory,III,18:38:00,18:42:00,18:38:00,18:42:00,1920,2880,catalog,,False,False
win-Arecibo-Observatory-20230213-123001.npy,20230213,Arecibo-Observatory,III,12:42:00,12:43:00,12:42:00,12:43:00,2876,3116,catalog,,False,False
win-Arecibo-Observatory-20230213-151501.npy,20230213,Arecibo-Observatory,III,15:29:00,15:29:00,15:29:10,15:29:45,3396,3536,zero_width_default,,False,False
win-Arecibo-Observatory-20230213-174500.npy,20230213,Arecibo-Observatory,III,17:52:00,17:53:00,17:52:00,17:53:00,1680,1920,catalog,,False,False
win-Arecibo-Observatory-20230214-170000.npy,20230214,Arecibo-Observatory,III,17:13:00,17:13:00,17:13:10,17:13:45,3160,3300,zero_width_default,,False,False
win-Arecibo-Observatory-20230215-141501.npy,20230215,Arecibo-Observatory,III,14:25:00,14:25:00,14:25:10,14:25:45,2436,2576,zero_width_default,,False,False
win-Arecibo-Observatory-20230215-150001.npy,20230215,Arecibo-Observatory,III,15:02:00,15:02:00,15:02:10,15:02:45,516,656,zero_width_default,,False,False
win-Arecibo-Observatory-20230215-153001.npy,20230215,Arecibo-Observatory,III,15:40:00,15:40:00,15:40:10,15:40:45,2436,2576,zero_width_default,,False,False
win-Arecibo-Observatory-20230215-190000.npy,20230215,Arecibo-Observatory,III,19:02:00,19:08:00,19:02:00,19:08:00,480,1920,catalog,,False,False
win-Arecibo-Observatory-20230215-191500.npy,20230215,Arecibo-Observatory,III,19:22:00,19:23:00,19:22:00,19:23:00,1680,1920,catalog,,False,False
win-Arecibo-Observatory-20230216-160611.npy,20230216,Arecibo-Observatory,III,16:11:00,16:11:00,16:11:10,16:11:45,1196,1336,zero_width_default,,False,False
win-Arecibo-Observatory-20230216-164457.npy,20230216,Arecibo-Observatory,III,16:55:00,16:55:00,16:55:10,16:55:45,2452,2592,zero_width_default,,False,False
win-Arecibo-Observatory-20230216-184457.npy,20230216,Arecibo-Observatory,III,18:58:00,18:59:00,18:58:00,18:59:00,3132,3372,catalog,,False,False
win-Arecibo-Observatory-20230217-133001.npy,20230217,Arecibo-Observatory,III,13:42:00,13:42:00,13:42:10,13:42:45,2916,3056,zero_width_default,,False,False
win-Arecibo-Observatory-20230217-141501.npy,20230217,Arecibo-Observatory,III,14:16:00,14:17:00,14:16:00,14:17:00,236,476,catalog,,False,False
win-Arecibo-Observatory-20230217-151501.npy,20230217,Arecibo-Observatory,III,15:29:00,15:31:00,15:29:00,15:31:00,3356,3600,catalog,,False,True
win-Arecibo-Observatory-20230217-153001.npy,20230217,Arecibo-Observatory,III,15:29:00,15:31:00,15:29:00,15:31:00,0,236,catalog,,False,True
win-Arecibo-Observatory-20230217-194501.npy,20230217,Arecibo-Observatory,II,19:59:00,20:33:00,19:59:22,20:17:46,3444,3600,manual,usable,False,True
win-Arecibo-Observatory-20230217-194501.npy,20230217,Arecibo-Observatory,III,19:49:00,19:50:00,19:49:00,19:50:00,956,1196,catalog,,False,False
win-Arecibo-Observatory-20230217-200001.npy,20230217,Arecibo-Observatory,II,19:59:00,20:33:00,19:59:22,20:17:46,0,3600,manual,usable,False,True
win-Arecibo-Observatory-20230217-201501.npy,20230217,Arecibo-Observatory,II,19:59:00,20:33:00,19:59:22,20:17:46,0,660,manual,usable,False,True
win-Arecibo-Observatory-20230218-163000.npy,20230218,Arecibo-Observatory,III,16:37:00,16:37:00,16:37:10,16:37:45,1720,1860,zero_width_default,,False,False
win-Arecibo-Observatory-20230218-182959.npy,20230218,Arecibo-Observatory,III,18:34:00,18:35:00,18:34:00,18:35:00,964,1204,catalog,,False,False
win-Arecibo-Observatory-20230219-130000.npy,20230219,Arecibo-Observatory,III,13:04:00,13:05:00,13:04:00,13:05:00,960,1200,catalog,,False,False
win-Arecibo-Observatory-20230219-141501.npy,20230219,Arecibo-Observatory,III,14:20:00,14:21:00,14:20:00,14:21:00,1196,1436,catalog,,False,False
win-Arecibo-Observatory-20230219-154501.npy,20230219,Arecibo-Observatory,III,15:54:00,15:57:00,15:54:00,15:57:00,2156,2876,catalog,,False,False
win-Arecibo-Observatory-20230219-164500.npy,20230219,Arecibo-Observatory,III,16:50:00,16:59:00,16:50:00,16:59:00,1200,3360,catalog,,False,False
win-Arecibo-Observatory-20230219-173000.npy,20230219,Arecibo-Observatory,III,17:31:00,17:32:00,17:31:00,17:32:00,240,480,catalog,,False,False
win-Arecibo-Observatory-20230219-174500.npy,20230219,Arecibo-Observatory,III,17:56:00,17:56:00,17:56:10,17:56:45,2680,2820,zero_width_default,,False,False
win-Arecibo-Observatory-20230219-191501.npy,20230219,Arecibo-Observatory,III,19:23:00,19:24:00,19:23:00,19:24:00,1916,2156,catalog,,False,False
win-Arecibo-Observatory-20230220-144501.npy,20230220,Arecibo-Observatory,III,14:55:00,14:58:00,14:55:00,14:58:00,2396,3116,catalog,,False,False
win-Arecibo-Observatory-20230220-150001.npy,20230220,Arecibo-Observatory,II,15:07:00,15:13:00,15:07:18,15:10:41,1748,2560,manual,usable,False,False
win-Arecibo-Observatory-20230221-111500.npy,20230221,Arecibo-Observatory,III,11:25:00,11:31:00,11:25:00,11:31:00,2400,3600,catalog,,False,True
win-Arecibo-Observatory-20230221-113000.npy,20230221,Arecibo-Observatory,III,11:25:00,11:31:00,11:25:00,11:31:00,0,240,catalog,,False,True
win-Arecibo-Observatory-20230221-130000.npy,20230221,Arecibo-Observatory,III,13:00:00,13:07:00,13:00:00,13:07:00,0,1680,catalog,,False,False
win-Arecibo-Observatory-20230221-131501.npy,20230221,Arecibo-Observatory,III,13:20:00,13:21:00,13:20:00,13:21:00,1196,1436,catalog,,False,False
win-Arecibo-Observatory-20230221-133000.npy,20230221,Arecibo-Observatory,III,13:32:00,13:32:00,13:32:10,13:32:45,520,660,zero_width_default,,False,False
win-Arecibo-Observatory-20230221-143001.npy,20230221,Arecibo-Observatory,III,14:34:00,14:39:00,14:34:00,14:39:00,956,2156,catalog,,False,False
win-Arecibo-Observatory-20230221-151501.npy,20230221,Arecibo-Observatory,III,15:18:00,15:18:00,15:18:10,15:18:45,756,896,zero_width_default,,False,False
win-Arecibo-Observatory-20230221-153001.npy,20230221,Arecibo-Observatory,III,15:41:00,15:42:00,15:41:00,15:42:00,2636,2876,catalog,,False,False
win-Arecibo-Observatory-20230221-180000.npy,20230221,Arecibo-Observatory,III,18:06:00,18:07:00,18:06:00,18:07:00,1440,1680,catalog,,False,False
win-Arecibo-Observatory-20230221-201501.npy,20230221,Arecibo-Observatory,II,20:19:00,20:30:00,20:19:00,20:30:00,956,3596,catalog,discard,False,False
win-Arecibo-Observatory-20230222-131501.npy,20230222,Arecibo-Observatory,III,13:22:00,13:23:00,13:22:00,13:23:00,1676,1916,catalog,,False,False
win-Arecibo-Observatory-20230222-141501.npy,20230222,Arecibo-Observatory,III,14:16:00,14:16:00,14:16:10,14:16:45,276,416,zero_width_default,,False,False
win-Arecibo-Observatory-20230222-184459.npy,20230222,Arecibo-Observatory,III,18:47:00,18:49:00,18:47:00,18:49:00,484,964,catalog,,False,False
win-Arecibo-Observatory-20230223-121500.npy,20230223,Arecibo-Observatory,III,12:25:00,12:32:00,12:25:00,12:32:00,2400,3600,catalog,,False,True
win-Arecibo-Observatory-20230223-123001.npy,20230223,Arecibo-Observatory,III,12:25:00,12:32:00,12:25:00,12:32:00,0,476,catalog,,False,True
win-Arecibo-Observatory-20230223-131501.npy,20230223,Arecibo-Observatory,III,13:21:00,13:21:00,13:21:10,13:21:45,1476,1616,zero_width_default,,False,False
win-Arecibo-Observatory-20230224-124500.npy,20230224,Arecibo-Observatory,III,12:48:00,12:54:00,12:48:00,12:54:00,720,2160,catalog,,False,False
win-Arecibo-Observatory-20230224-131500.npy,20230224,Arecibo-Observatory,III,13:15:00,13:17:00,13:15:00,13:17:00,0,480,catalog,,False,False
win-Arecibo-Observatory-20230224-134501.npy,20230224,Arecibo-Observatory,III,13:46:00,13:46:00,13:46:10,13:46:45,276,416,zero_width_default,,False,False
win-Arecibo-Observatory-20230224-140001.npy,20230224,Arecibo-Observatory,III,14:05:00,14:05:00,14:05:10,14:05:45,1236,1376,zero_width_default,,False,False
win-Arecibo-Observatory-20230224-143001.npy,20230224,Arecibo-Observatory,III,14:40:00,14:41:00,14:40:00,14:41:00,2396,2636,catalog,,False,False
win-Arecibo-Observatory-20230224-144501.npy,20230224,Arecibo-Observatory,III,14:52:00,14:54:00,14:52:00,14:54:00,1676,2156,catalog,,False,False
win-Arecibo-Observatory-20230224-151501.npy,20230224,Arecibo-Observatory,III,15:26:00,15:30:00,15:26:00,15:30:00,2636,3596,catalog,,False,False
win-Arecibo-Observatory-20230224-154501.npy,20230224,Arecibo-Observatory,III,15:51:00,15:51:00,15:51:10,15:51:45,1476,1616,zero_width_default,,False,False
win-Arecibo-Observatory-20230224-160001.npy,20230224,Arecibo-Observatory,III,16:03:00,16:09:00,16:03:00,16:09:00,716,2156,catalog,,False,False
win-Arecibo-Observatory-20230224-175959.npy,20230224,Arecibo-Observatory,III,18:04:00,18:08:00,18:04:00,18:08:00,964,1924,catalog,,False,False
win-Arecibo-Observatory-20230224-184459.npy,20230224,Arecibo-Observatory,III,18:56:00,18:58:00,18:56:00,18:58:00,2644,3124,catalog,,False,False
win-Arecibo-Observatory-20230224-185959.npy,20230224,Arecibo-Observatory,III,19:02:00,19:03:00,19:02:00,19:03:00,484,724,catalog,,False,False
win-Arecibo-Observatory-20230224-201459.npy,20230224,Arecibo-Observatory,II,20:21:00,20:40:00,20:21:38,20:27:38,1596,3036,manual,usable,False,False
win-Arecibo-Observatory-20230225-131501.npy,20230225,Arecibo-Observatory,III,13:19:00,13:28:00,13:19:00,13:28:00,956,3116,catalog,,False,False
win-Arecibo-Observatory-20230225-150001.npy,20230225,Arecibo-Observatory,III,15:08:00,15:24:00,15:08:00,15:24:00,1916,3600,catalog,,False,True
win-Arecibo-Observatory-20230225-151501.npy,20230225,Arecibo-Observatory,III,15:08:00,15:24:00,15:08:00,15:24:00,0,2156,catalog,,False,True
win-Arecibo-Observatory-20230225-163000.npy,20230225,Arecibo-Observatory,III,16:41:00,16:41:00,16:41:10,16:41:45,2680,2820,zero_width_default,,False,False
win-Arecibo-Observatory-20230225-164500.npy,20230225,Arecibo-Observatory,III,16:50:00,16:50:00,16:50:10,16:50:45,1240,1380,zero_width_default,,False,False
win-Arecibo-Observatory-20230225-173000.npy,20230225,Arecibo-Observatory,III,17:31:00,17:31:00,17:31:10,17:31:45,280,420,zero_width_default,,False,False
win-Arecibo-Observatory-20230225-183000.npy,20230225,Arecibo-Observatory,III,18:33:00,18:40:00,18:33:00,18:40:00,720,2400,catalog,,False,False
win-Arecibo-Observatory-20230225-190000.npy,20230225,Arecibo-Observatory,III,19:07:00,19:23:00,19:07:00,19:23:00,1680,3600,catalog,,False,True
win-Arecibo-Observatory-20230225-191500.npy,20230225,Arecibo-Observatory,II,19:23:00,19:39:00,19:22:04,19:30:08,1696,3600,manual,usable,False,True
win-Arecibo-Observatory-20230225-191500.npy,20230225,Arecibo-Observatory,III,19:07:00,19:23:00,19:07:00,19:23:00,0,1920,catalog,,False,True
win-Arecibo-Observatory-20230225-193000.npy,20230225,Arecibo-Observatory,II,19:23:00,19:39:00,19:22:04,19:30:08,0,32,manual,usable,False,True
win-Arecibo-Observatory-20230226-140001.npy,20230226,Arecibo-Observatory,III,14:13:00,14:15:00,14:13:00,14:15:00,3116,3596,catalog,,False,False
win-Arecibo-Observatory-20230226-144501.npy,20230226,Arecibo-Observatory,III,14:57:00,14:58:00,14:57:00,14:58:00,2876,3116,catalog,,False,False
win-Arecibo-Observatory-20230226-161501.npy,20230226,Arecibo-Observatory,III,16:24:00,16:24:00,16:24:10,16:24:45,2196,2336,zero_width_default,,False,False
win-Arecibo-Observatory-20230226-165959.npy,20230226,Arecibo-Observatory,III,17:12:00,17:15:00,17:12:00,17:15:00,2884,3600,catalog,,False,True
win-Arecibo-Observatory-20230226-172959.npy,20230226,Arecibo-Observatory,III,17:34:00,17:34:00,17:34:10,17:34:45,1004,1144,zero_width_default,,False,False
win-Arecibo-Observatory-20230226-185959.npy,20230226,Arecibo-Observatory,III,19:09:00,19:14:00,19:09:00,19:14:00,2164,3364,catalog,,False,False
win-Arecibo-Observatory-20230227-144501.npy,20230227,Arecibo-Observatory,III,14:55:00,14:55:00,14:55:10,14:55:45,2436,2576,zero_width_default,,False,False
win-Arecibo-Observatory-20230227-151501.npy,20230227,Arecibo-Observatory,V,15:21:00,15:23:00,15:21:19,15:22:58,1512,1908,manual,usable,False,False
win-Arecibo-Observatory-20230227-154501.npy,20230227,Arecibo-Observatory,III,15:56:00,15:57:00,15:56:00,15:57:00,2636,2876,catalog,,False,False
win-Arecibo-Observatory-20230227-193430.npy,20230227,Arecibo-Observatory,III,19:47:00,19:48:00,19:47:00,19:48:00,3000,3240,catalog,,False,False
win-Arecibo-Observatory-20230301-151501.npy,20230301,Arecibo-Observatory,III,15:29:00,15:34:00,15:29:00,15:34:00,3356,3600,catalog,,False,True
win-Arecibo-Observatory-20230301-153001.npy,20230301,Arecibo-Observatory,III,15:29:00,15:34:00,15:29:00,15:34:00,0,956,catalog,,False,True
win-Arecibo-Observatory-20230301-180000.npy,20230301,Arecibo-Observatory,III,18:05:00,18:05:00,18:05:10,18:05:45,1240,1380,zero_width_default,,False,False
win-Arecibo-Observatory-20230301-181500.npy,20230301,Arecibo-Observatory,III,18:24:00,18:24:00,18:24:10,18:24:45,2200,2340,zero_width_default,,False,False
win-Arecibo-Observatory-20230301-190000.npy,20230301,Arecibo-Observatory,III,19:09:00,19:09:00,19:09:10,19:09:45,2200,2340,zero_width_default,,False,False
win-Arecibo-Observatory-20230301-191500.npy,20230301,Arecibo-Observatory,III,19:15:00,19:16:00,19:15:00,19:16:00,0,240,catalog,,False,False
win-Arecibo-Observatory-20230302-172959.npy,20230302,Arecibo-Observatory,III,17:40:00,17:41:00,17:40:00,17:41:00,2404,2644,catalog,,False,False
win-Arecibo-Observatory-20230302-191459.npy,20230302,Arecibo-Observatory,III,19:18:00,19:18:00,19:18:10,19:18:45,764,904,zero_width_default,,False,False
win-Arecibo-Observatory-20230303-120001.npy,20230303,Arecibo-Observatory,III,12:03:00,12:04:00,12:03:00,12:04:00,716,956,catalog,,False,False
win-Arecibo-Observatory-20230303-174500.npy,20230303,Arecibo-Observatory,III,17:51:00,18:00:00,17:51:00,18:00:00,1440,3600,catalog,,False,False
win-Arecibo-Observatory-20230303-180000.npy,20230303,Arecibo-Observatory,II,18:01:00,18:25:00,18:02:18,18:25:59,552,3600,manual,usable,False,True
win-Arecibo-Observatory-20230303-181500.npy,20230303,Arecibo-Observatory,II,18:01:00,18:25:00,18:02:18,18:25:59,0,2636,manual,usable,False,True
win-Arecibo-Observatory-20230303-194501.npy,20230303,Arecibo-Observatory,III,19:49:00,19:52:00,19:49:00,19:52:00,956,1676,catalog,,False,False
win-Arecibo-Observatory-20230304-130000.npy,20230304,Arecibo-Observatory,III,13:05:00,13:05:00,13:05:10,13:05:45,1240,1380,zero_width_default,,False,False
win-Arecibo-Observatory-20230304-143001.npy,20230304,Arecibo-Observatory,III,14:38:00,14:40:00,14:38:00,14:40:00,1916,2396,catalog,,False,False
win-Arecibo-Observatory-20230304-153001.npy,20230304,Arecibo-Observatory,II,15:31:00,15:35:00,15:31:10,15:35:58,276,1428,manual,usable,False,False
win-Arecibo-Observatory-20230304-182959.npy,20230304,Arecibo-Observatory,III,18:42:00,18:44:00,18:42:00,18:44:00,2884,3364,catalog,,False,False
win-Arecibo-Observatory-20230305-154501.npy,20230305,Arecibo-Observatory,III,15:51:00,15:54:00,15:51:00,15:54:00,1436,2156,catalog,,False,False
win-Arecibo-Observatory-20230305-163000.npy,20230305,Arecibo-Observatory,III,16:30:00,16:30:00,16:30:10,16:30:45,40,180,zero_width_default,,False,False
win-Arecibo-Observatory-20230308-161501.npy,20230308,Arecibo-Observatory,III,16:25:00,16:27:00,16:25:00,16:27:00,2396,2876,catalog,,False,False
win-Arecibo-Observatory-20230310-131500.npy,20230310,Arecibo-Observatory,III,13:16:00,13:17:00,13:16:00,13:17:00,240,480,catalog,,False,False
win-Arecibo-Observatory-20230311-154501.npy,20230311,Arecibo-Observatory,III,15:51:00,15:51:00,15:51:10,15:51:45,1476,1616,zero_width_default,,False,False
win-Arecibo-Observatory-20230312-160001.npy,20230312,Arecibo-Observatory,III,16:00:00,16:01:00,16:00:00,16:01:00,0,236,catalog,,False,True
win-Arecibo-Observatory-20230312-191459.npy,20230312,Arecibo-Observatory,III,19:28:00,19:31:00,19:28:00,19:31:00,3124,3600,catalog,,False,True
win-Arecibo-Observatory-20230312-192959.npy,20230312,Arecibo-Observatory,III,19:28:00,19:31:00,19:28:00,19:31:00,0,244,catalog,,False,True
win-Arecibo-Observatory-20230313-151501.npy,20230313,Arecibo-Observatory,III,15:20:00,15:21:00,15:20:00,15:21:00,1196,1436,catalog,,False,False
win-Arecibo-Observatory-20230313-153001.npy,20230313,Arecibo-Observatory,III,15:32:00,15:33:00,15:32:00,15:33:00,476,716,catalog,,False,False
win-Arecibo-Observatory-20230314-150001.npy,20230314,Arecibo-Observatory,III,15:07:00,15:08:00,15:07:00,15:08:00,1676,1916,catalog,,False,False
win-Arecibo-Observatory-20230314-161501.npy,20230314,Arecibo-Observatory,III,16:16:00,16:17:00,16:16:00,16:17:00,236,476,catalog,,False,False
win-Arecibo-Observatory-20230315-140001.npy,20230315,Arecibo-Observatory,III,14:10:00,14:13:00,14:10:00,14:13:00,2396,3116,catalog,,False,False
win-Arecibo-Observatory-20230315-141501.npy,20230315,Arecibo-Observatory,III,14:28:00,14:30:00,14:28:00,14:30:00,3116,3596,catalog,,False,False
win-Arecibo-Observatory-20230315-160001.npy,20230315,Arecibo-Observatory,III,16:08:00,16:09:00,16:08:00,16:09:00,1916,2156,catalog,,False,False
win-Arecibo-Observatory-20230315-183000.npy,20230315,Arecibo-Observatory,III,18:38:00,18:39:00,18:38:00,18:39:00,1920,2160,catalog,,False,False
win-Arecibo-Observatory-20230317-170000.npy,20230317,Arecibo-Observatory,III,17:05:00,17:06:00,17:05:00,17:06:00,1200,1440,catalog,,False,False
win-Arecibo-Observatory-20230317-183000.npy,20230317,Arecibo-Observatory,III,18:41:00,18:42:00,18:41:00,18:42:00,2640,2880,catalog,,False,False
win-Arecibo-Observatory-20230317-184500.npy,20230317,Arecibo-Observatory,III,18:53:00,18:54:00,18:53:00,18:54:00,1920,2160,catalog,,False,False
win-Arecibo-Observatory-20230317-190000.npy,20230317,Arecibo-Observatory,III,19:02:00,19:04:00,19:02:00,19:04:00,480,960,catalog,,False,False
win-Arecibo-Observatory-20230318-133001.npy,20230318,Arecibo-Observatory,III,13:32:00,13:32:00,13:32:10,13:32:45,516,656,zero_width_default,,False,False
win-Arecibo-Observatory-20230318-141501.npy,20230318,Arecibo-Observatory,III,14:21:00,14:23:00,14:21:00,14:23:00,1436,1916,catalog,,False,False
win-Arecibo-Observatory-20230318-151501.npy,20230318,Arecibo-Observatory,III,15:16:00,15:16:00,15:16:10,15:16:45,276,416,zero_width_default,,False,False
win-Arecibo-Observatory-20230318-172959.npy,20230318,Arecibo-Observatory,III,17:44:00,17:48:00,17:44:00,17:48:00,3364,3600,catalog,,False,True
win-Arecibo-Observatory-20230318-174459.npy,20230318,Arecibo-Observatory,III,17:44:00,17:48:00,17:44:00,17:48:00,0,724,catalog,,False,True
win-Arecibo-Observatory-20230318-185959.npy,20230318,Arecibo-Observatory,III,19:05:00,19:06:00,19:05:00,19:06:00,1204,1444,catalog,,False,False
win-Arecibo-Observatory-20230319-141501.npy,20230319,Arecibo-Observatory,III,14:16:00,14:16:00,14:16:10,14:16:45,276,416,zero_width_default,,False,False
win-Arecibo-Observatory-20230319-144501.npy,20230319,Arecibo-Observatory,III,14:51:00,14:51:00,14:51:10,14:51:45,1476,1616,zero_width_default,,False,False
win-Arecibo-Observatory-20230319-161501.npy,20230319,Arecibo-Observatory,III,16:27:00,16:27:00,16:27:10,16:27:45,2916,3056,zero_width_default,,False,False
win-Arecibo-Observatory-20230319-180000.npy,20230319,Arecibo-Observatory,III,18:07:00,18:08:00,18:07:00,18:08:00,1680,1920,catalog,,False,False
win-Arecibo-Observatory-20230319-200001.npy,20230319,Arecibo-Observatory,III,20:00:00,20:02:00,20:00:00,20:02:00,0,476,catalog,,False,True
win-Arecibo-Observatory-20230321-153001.npy,20230321,Arecibo-Observatory,III,15:40:00,15:40:00,15:40:10,15:40:45,2436,2576,zero_width_default,,False,False
win-Arecibo-Observatory-20230321-173000.npy,20230321,Arecibo-Observatory,III,17:41:00,17:41:00,17:41:10,17:41:45,2680,2820,zero_width_default,,False,False
win-Arecibo-Observatory-20230321-174500.npy,20230321,Arecibo-Observatory,III,17:52:00,17:54:00,17:52:00,17:54:00,1680,2160,catalog,,False,False
win-Arecibo-Observatory-20230321-174500.npy,20230321,Arecibo-Observatory,III,17:52:00,17:54:00,17:52:00,17:54:00,1680,2160,catalog,,False,False
win-Arecibo-Observatory-20230321-183000.npy,20230321,Arecibo-Observatory,III,18:35:00,18:37:00,18:35:00,18:37:00,1200,1680,catalog,,False,False
win-Arecibo-Observatory-20230322-124500.npy,20230322,Arecibo-Observatory,III,12:54:00,12:55:00,12:54:00,12:55:00,2160,2400,catalog,,False,False
win-Arecibo-Observatory-20230322-134501.npy,20230322,Arecibo-Observatory,III,13:47:00,13:53:00,13:47:00,13:53:00,476,1916,catalog,,False,False
win-Arecibo-Observatory-20230322-192959.npy,20230322,Arecibo-Observatory,III,19:43:00,19:44:00,19:43:00,19:44:00,3124,3364,catalog,,False,False
win-Arecibo-Observatory-20230323-114500.npy,20230323,Arecibo-Observatory,III,11:47:00,11:47:00,11:47:10,11:47:45,520,660,zero_width_default,,False,False
win-Arecibo-Observatory-20230323-131501.npy,20230323,Arecibo-Observatory,III,13:24:00,13:24:00,13:24:10,13:24:45,2196,2336,zero_width_default,,False,False
win-Arecibo-Observatory-20230323-140001.npy,20230323,Arecibo-Observatory,III,14:10:00,14:11:00,14:10:00,14:11:00,2396,2636,catalog,,False,False
win-Arecibo-Observatory-20230323-141501.npy,20230323,Arecibo-Observatory,III,14:16:00,14:16:00,14:16:10,14:16:45,276,416,zero_width_default,,False,False
win-Arecibo-Observatory-20230323-154501.npy,20230323,Arecibo-Observatory,III,15:51:00,15:59:00,15:51:00,15:59:00,1436,3356,catalog,,False,False
win-Arecibo-Observatory-20230323-173000.npy,20230323,Arecibo-Observatory,III,17:36:00,17:37:00,17:36:00,17:37:00,1440,1680,catalog,,False,False
win-Arecibo-Observatory-20230323-184500.npy,20230323,Arecibo-Observatory,III,18:46:00,18:55:00,18:46:00,18:55:00,240,2400,catalog,,False,False
win-Arecibo-Observatory-20230323-191501.npy,20230323,Arecibo-Observatory,III,19:16:00,19:21:00,19:16:00,19:21:00,236,1436,catalog,,False,False
win-Arecibo-Observatory-20230324-194459.npy,20230324,Arecibo-Observatory,III,19:46:00,19:53:00,19:46:00,19:53:00,244,1924,catalog,,False,False
win-Arecibo-Observatory-20230325-113000.npy,20230325,Arecibo-Observatory,III,11:36:00,11:38:00,11:36:00,11:38:00,1440,1920,catalog,,False,False
win-Arecibo-Observatory-20230325-163000.npy,20230325,Arecibo-Observatory,III,16:38:00,16:39:00,16:38:00,16:39:00,1920,2160,catalog,,False,False
win-Arecibo-Observatory-20230325-174500.npy,20230325,Arecibo-Observatory,III,17:59:00,17:59:00,17:59:10,17:59:45,3400,3540,zero_width_default,,False,False
win-Arecibo-Observatory-20230325-191501.npy,20230325,Arecibo-Observatory,III,19:29:00,19:30:00,19:29:00,19:30:00,3356,3596,catalog,,False,False
win-Arecibo-Observatory-20230326-114500.npy,20230326,Arecibo-Observatory,III,11:53:00,11:54:00,11:53:00,11:54:00,1920,2160,catalog,,False,False
win-Arecibo-Observatory-20230326-121501.npy,20230326,Arecibo-Observatory,III,12:28:00,12:28:00,12:28:10,12:28:45,3156,3296,zero_width_default,,False,False
win-Arecibo-Observatory-20230326-143001.npy,20230326,Arecibo-Observatory,III,14:41:00,14:42:00,14:41:00,14:42:00,2636,2876,catalog,,False,False
win-Arecibo-Observatory-20230326-144501.npy,20230326,Arecibo-Observatory,III,14:52:00,14:59:00,14:52:00,14:59:00,1676,3356,catalog,,False,False
win-Arecibo-Observatory-20230326-150001.npy,20230326,Arecibo-Observatory,III,15:09:00,15:09:00,15:09:10,15:09:45,2196,2336,zero_width_default,,False,False
win-Arecibo-Observatory-20230327-143001.npy,20230327,Arecibo-Observatory,III,14:38:00,14:39:00,14:38:00,14:39:00,1916,2156,catalog,,False,False
win-Arecibo-Observatory-20230327-154501.npy,20230327,Arecibo-Observatory,III,15:45:00,15:46:00,15:45:00,15:46:00,0,236,catalog,,False,True
win-Arecibo-Observatory-20230327-160001.npy,20230327,Arecibo-Observatory,III,16:08:00,16:13:00,16:08:00,16:13:00,1916,3116,catalog,,False,False
win-Arecibo-Observatory-20230329-133939.npy,20230329,Arecibo-Observatory,III,13:52:00,13:55:00,13:52:00,13:55:00,2964,3600,catalog,,False,True
win-Arecibo-Observatory-20230329-135439.npy,20230329,Arecibo-Observatory,III,13:52:00,13:55:00,13:52:00,13:55:00,0,84,catalog,,False,True
win-Arecibo-Observatory-20230329-153940.npy,20230329,Arecibo-Observatory,III,15:43:00,15:46:00,15:43:00,15:46:00,800,1520,catalog,,False,False
win-Arecibo-Observatory-20230329-180000.npy,20230329,Arecibo-Observatory,III,18:01:00,18:05:00,18:01:00,18:05:00,240,1200,catalog,,False,False
win-Arecibo-Observatory-20230329-181500.npy,20230329,Arecibo-Observatory,III,18:16:00,18:18:00,18:16:00,18:18:00,240,720,catalog,,False,False
win-Arecibo-Observatory-20230330-153001.npy,20230330,Arecibo-Observatory,III,15:36:00,15:36:00,15:36:10,15:36:45,1476,1616,zero_width_default,,False,False
win-Arecibo-Observatory-20230330-161501.npy,20230330,Arecibo-Observatory,III,16:18:00,16:18:00,16:18:10,16:18:45,756,896,zero_width_default,,False,False
win-Arecibo-Observatory-20230330-164459.npy,20230330,Arecibo-Observatory,III,16:54:00,16:54:00,16:54:10,16:54:45,2204,2344,zero_width_default,,False,False
win-Arecibo-Observatory-20230330-172959.npy,20230330,Arecibo-Observatory,III,17:43:00,17:43:00,17:43:10,17:43:45,3164,3304,zero_width_default,,False,False
win-Arecibo-Observatory-20230331-111500.npy,20230331,Arecibo-Observatory,III,11:19:00,11:21:00,11:19:00,11:21:00,960,1440,catalog,,False,False
win-Arecibo-Observatory-20230331-134500.npy,20230331,Arecibo-Observatory,III,13:52:00,13:55:00,13:52:00,13:55:00,1680,2400,catalog,,False,False
win-Arecibo-Observatory-20230331-161501.npy,20230331,Arecibo-Observatory,III,16:26:00,16:26:00,16:26:10,16:26:45,2676,2816,zero_width_default,,False,False
win-Arecibo-Observatory-20230331-180000.npy,20230331,Arecibo-Observatory,III,18:03:00,18:03:00,18:03:10,18:03:45,760,900,zero_width_default,,False,False
win-Arecibo-Observatory-20230401-143001.npy,20230401,Arecibo-Observatory,III,14:30:00,14:31:00,14:30:00,14:31:00,0,236,catalog,,False,True
win-Arecibo-Observatory-20230402-140001.npy,20230402,Arecibo-Observatory,III,14:12:00,14:15:00,14:12:00,14:15:00,2876,3596,catalog,,False,False
win-Arecibo-Observatory-20230402-181500.npy,20230402,Arecibo-Observatory,III,18:29:00,18:29:00,18:29:10,18:29:45,3400,3540,zero_width_default,,False,False
win-Arecibo-Observatory-20230404-151501.npy,20230404,Arecibo-Observatory,III,15:28:00,15:29:00,15:28:00,15:29:00,3116,3356,catalog,,False,False
win-Arecibo-Observatory-20230404-160001.npy,20230404,Arecibo-Observatory,III,16:14:00,16:14:00,16:14:10,16:14:45,3396,3536,zero_width_default,,False,False
win-Arecibo-Observatory-20230404-160001.npy,20230404,Arecibo-Observatory,III,16:02:00,16:02:00,16:02:10,16:02:45,516,656,zero_width_default,,False,False
win-Arecibo-Observatory-20230405-154501.npy,20230405,Arecibo-Observatory,III,15:51:00,15:51:00,15:51:10,15:51:45,1476,1616,zero_width_default,,False,False
win-Arecibo-Observatory-20230406-163000.npy,20230406,Arecibo-Observatory,III,16:43:00,16:45:00,16:43:00,16:45:00,3120,3600,catalog,,False,False
win-Arecibo-Observatory-20230407-141501.npy,20230407,Arecibo-Observatory,III,14:18:00,14:20:00,14:18:00,14:20:00,716,1196,catalog,,False,False
win-Arecibo-Observatory-20230407-172959.npy,20230407,Arecibo-Observatory,III,17:32:00,17:32:00,17:32:10,17:32:45,524,664,zero_width_default,,False,False
win-Arecibo-Observatory-20230408-130001.npy,20230408,Arecibo-Observatory,III,13:08:00,13:08:00,13:08:10,13:08:45,1956,2096,zero_width_default,,False,False
win-Arecibo-Observatory-20230408-131501.npy,20230408,Arecibo-Observatory,III,13:24:00,13:24:00,13:24:10,13:24:45,2196,2336,zero_width_default,,False,False
win-Arecibo-Observatory-20230408-140001.npy,20230408,Arecibo-Observatory,III,14:12:00,14:13:00,14:12:00,14:13:00,2876,3116,catalog,,False,False
win-Arecibo-Observatory-20230408-171500.npy,20230408,Arecibo-Observatory,III,17:25:00,17:25:00,17:25:10,17:25:45,2440,2580,zero_width_default,,False,False
win-Arecibo-Observatory-20230409-182959.npy,20230409,Arecibo-Observatory,III,18:30:00,18:30:00,18:30:10,18:30:45,44,184,zero_width_default,,False,False
win-Arecibo-Observatory-20230411-114501.npy,20230411,Arecibo-Observatory,III,11:45:00,11:55:00,11:45:00,11:55:00,0,2396,catalog,,False,True
win-Arecibo-Observatory-20230411-165959.npy,20230411,Arecibo-Observatory,III,17:04:00,17:05:00,17:04:00,17:05:00,964,1204,catalog,,False,False
win-Arecibo-Observatory-20230411-175959.npy,20230411,Arecibo-Observatory,III,18:03:00,18:04:00,18:03:00,18:04:00,724,964,catalog,,False,False
win-Arecibo-Observatory-20230413-113000.npy,20230413,Arecibo-Observatory,III,11:34:00,11:35:00,11:34:00,11:35:00,960,1200,catalog,,False,False
win-Arecibo-Observatory-20230413-114500.npy,20230413,Arecibo-Observatory,III,11:57:00,12:01:00,11:57:00,12:01:00,2880,3600,catalog,,False,True
win-Arecibo-Observatory-20230413-120000.npy,20230413,Arecibo-Observatory,III,11:57:00,12:01:00,11:57:00,12:01:00,0,240,catalog,,False,True
win-Arecibo-Observatory-20230413-141501.npy,20230413,Arecibo-Observatory,III,14:15:00,14:15:00,14:15:10,14:15:45,36,176,zero_width_default,,False,False
win-Arecibo-Observatory-20230413-180000.npy,20230413,Arecibo-Observatory,III,18:07:00,18:15:00,18:07:00,18:15:00,1680,3600,catalog,,False,False
win-Arecibo-Observatory-20230413-190001.npy,20230413,Arecibo-Observatory,III,19:08:00,19:09:00,19:08:00,19:09:00,1916,2156,catalog,,False,False
win-Arecibo-Observatory-20230414-140001.npy,20230414,Arecibo-Observatory,III,14:03:00,14:04:00,14:03:00,14:04:00,716,956,catalog,,False,False
win-Arecibo-Observatory-20230414-154501.npy,20230414,Arecibo-Observatory,III,15:47:00,15:47:00,15:47:10,15:47:45,516,656,zero_width_default,,False,False
win-Arecibo-Observatory-20230414-171500.npy,20230414,Arecibo-Observatory,III,17:28:00,17:28:00,17:28:10,17:28:45,3160,3300,zero_width_default,,False,False
win-Arecibo-Observatory-20230415-131500.npy,20230415,Arecibo-Observatory,III,13:19:00,13:21:00,13:19:00,13:21:00,960,1440,catalog,,False,False
win-Arecibo-Observatory-20230415-150001.npy,20230415,Arecibo-Observatory,III,15:00:00,15:02:00,15:00:00,15:02:00,0,476,catalog,,False,True
win-Arecibo-Observatory-20230416-114500.npy,20230416,Arecibo-Observatory,III,11:49:00,11:49:00,11:49:10,11:49:45,1000,1140,zero_width_default,,False,False
win-Arecibo-Observatory-20230416-144501.npy,20230416,Arecibo-Observatory,III,14:55:00,14:55:00,14:55:10,14:55:45,2436,2576,zero_width_default,,False,False
win-Arecibo-Observatory-20230416-170000.npy,20230416,Arecibo-Observatory,III,17:00:00,17:00:00,17:00:10,17:00:45,40,180,zero_width_default,,False,False
win-Arecibo-Observatory-20230417-121500.npy,20230417,Arecibo-Observatory,III,12:21:00,12:26:00,12:21:00,12:26:00,1440,2640,catalog,,False,False
win-Arecibo-Observatory-20230417-131501.npy,20230417,Arecibo-Observatory,III,13:18:00,13:21:00,13:18:00,13:21:00,716,1436,catalog,,False,False
win-Arecibo-Observatory-20230417-141501.npy,20230417,Arecibo-Observatory,III,14:27:00,14:35:00,14:27:00,14:35:00,2876,3600,catalog,,False,True
win-Arecibo-Observatory-20230417-143001.npy,20230417,Arecibo-Observatory,III,14:27:00,14:35:00,14:27:00,14:35:00,0,1196,catalog,,False,True
win-Arecibo-Observatory-20230417-161501.npy,20230417,Arecibo-Observatory,III,16:20:00,16:23:00,16:20:00,16:23:00,1196,1916,catalog,,False,False
win-Arecibo-Observatory-20230417-174500.npy,20230417,Arecibo-Observatory,III,17:55:00,17:56:00,17:55:00,17:56:00,2400,2640,catalog,,False,False
win-Arecibo-Observatory-20230417-194501.npy,20230417,Arecibo-Observatory,III,19:57:00,19:58:00,19:57:00,19:58:00,2876,3116,catalog,,False,False
win-Arecibo-Observatory-20230418-151501.npy,20230418,Arecibo-Observatory,III,15:17:00,15:17:00,15:17:10,15:17:45,516,656,zero_width_default,,False,False
win-Arecibo-Observatory-20230418-165959.npy,20230418,Arecibo-Observatory,III,17:02:00,17:05:00,17:02:00,17:05:00,484,1204,catalog,,False,False
win-Arecibo-Observatory-20230418-171459.npy,20230418,Arecibo-Observatory,III,17:26:00,17:27:00,17:26:00,17:27:00,2644,2884,catalog,,False,False
win-Arecibo-Observatory-20230419-121501.npy,20230419,Arecibo-Observatory,III,12:26:00,12:29:00,12:26:00,12:29:00,2636,3356,catalog,,False,False
win-Arecibo-Observatory-20230419-131501.npy,20230419,Arecibo-Observatory,III,13:26:00,13:29:00,13:26:00,13:29:00,2636,3356,catalog,,False,False
win-Arecibo-Observatory-20230419-134501.npy,20230419,Arecibo-Observatory,III,13:55:00,13:55:00,13:55:10,13:55:45,2436,2576,zero_width_default,,False,False
win-Arecibo-Observatory-20230420-151501.npy,20230420,Arecibo-Observatory,III,15:22:00,15:24:00,15:22:00,15:24:00,1676,2156,catalog,,False,False
win-Arecibo-Observatory-20230420-171500.npy,20230420,Arecibo-Observatory,III,17:21:00,17:21:00,17:21:10,17:21:45,1480,1620,zero_width_default,,False,False
win-Arecibo-Observatory-20230420-184501.npy,20230420,Arecibo-Observatory,III,18:53:00,18:53:00,18:53:10,18:53:45,1956,2096,zero_width_default,,False,False
win-Arecibo-Observatory-20230421-114500.npy,20230421,Arecibo-Observatory,III,11:46:00,12:04:00,11:46:00,12:04:00,240,3600,catalog,,False,True
win-Arecibo-Observatory-20230421-120000.npy,20230421,Arecibo-Observatory,III,11:46:00,12:04:00,11:46:00,12:04:00,0,960,catalog,,False,True
win-Arecibo-Observatory-20230421-141501.npy,20230421,Arecibo-Observatory,III,14:24:00,14:25:00,14:24:00,14:25:00,2156,2396,catalog,,False,False
win-Arecibo-Observatory-20230421-143001.npy,20230421,Arecibo-Observatory,III,14:41:00,14:41:00,14:41:10,14:41:45,2676,2816,zero_width_default,,False,False
win-Arecibo-Observatory-20230421-153001.npy,20230421,Arecibo-Observatory,III,15:40:00,15:40:00,15:40:10,15:40:45,2436,2576,zero_width_default,,False,False
win-Arecibo-Observatory-20230421-154501.npy,20230421,Arecibo-Observatory,III,15:50:00,15:59:00,15:50:00,15:59:00,1196,3356,catalog,,False,False
win-Arecibo-Observatory-20230421-174459.npy,20230421,Arecibo-Observatory,II,17:55:00,18:11:00,17:58:54,18:12:00,3340,3600,manual,usable,False,True
win-Arecibo-Observatory-20230421-174459.npy,20230421,Arecibo-Observatory,V,17:59:00,18:00:00,17:58:46,18:00:59,3308,3600,manual,usable,False,True
win-Arecibo-Observatory-20230421-175959.npy,20230421,Arecibo-Observatory,II,17:55:00,18:11:00,17:58:54,18:12:00,0,2884,manual,usable,False,True
win-Arecibo-Observatory-20230421-175959.npy,20230421,Arecibo-Observatory,II,18:15:00,18:21:00,18:14:06,18:20:39,3388,3600,manual,usable,False,True
win-Arecibo-Observatory-20230421-175959.npy,20230421,Arecibo-Observatory,V,17:59:00,18:00:00,17:58:46,18:00:59,0,240,manual,usable,False,True
win-Arecibo-Observatory-20230421-181459.npy,20230421,Arecibo-Observatory,II,18:15:00,18:21:00,18:14:06,18:20:39,0,1360,manual,usable,False,True
win-Arecibo-Observatory-20230422-110000.npy,20230422,Arecibo-Observatory,III,11:04:00,11:04:00,11:04:10,11:04:45,1000,1140,zero_width_default,,False,False
win-Arecibo-Observatory-20230423-164500.npy,20230423,Arecibo-Observatory,III,16:56:00,16:56:00,16:56:10,16:56:45,2680,2820,zero_width_default,,False,False
win-Arecibo-Observatory-20230423-170000.npy,20230423,Arecibo-Observatory,III,17:09:00,17:13:00,17:09:00,17:13:00,2160,3120,catalog,,False,False
win-Arecibo-Observatory-20230425-171500.npy,20230425,Arecibo-Observatory,III,17:17:00,17:17:00,17:17:10,17:17:45,520,660,zero_width_default,,False,False
win-Arecibo-Observatory-20230425-173000.npy,20230425,Arecibo-Observatory,III,17:35:00,17:35:00,17:35:10,17:35:45,1240,1380,zero_width_default,,False,False
win-Arecibo-Observatory-20230425-174500.npy,20230425,Arecibo-Observatory,III,17:47:00,17:52:00,17:47:00,17:52:00,480,1680,catalog,,False,False
win-Arecibo-Observatory-20230425-191500.npy,20230425,Arecibo-Observatory,III,19:24:00,19:27:00,19:24:00,19:27:00,2160,2880,catalog,,False,False
win-Arecibo-Observatory-20230426-190000.npy,20230426,Arecibo-Observatory,III,19:04:00,19:04:00,19:04:10,19:04:45,1000,1140,zero_width_default,,False,False
win-Arecibo-Observatory-20230427-164459.npy,20230427,Arecibo-Observatory,III,16:51:00,16:51:00,16:51:10,16:51:45,1484,1624,zero_width_default,,False,False
win-Arecibo-Observatory-20230427-165959.npy,20230427,Arecibo-Observatory,III,17:01:00,17:02:00,17:01:00,17:02:00,244,484,catalog,,False,False
win-Arecibo-Observatory-20230427-191459.npy,20230427,Arecibo-Observatory,III,19:27:00,19:28:00,19:27:00,19:28:00,2884,3124,catalog,,False,False
win-Arecibo-Observatory-20230428-110000.npy,20230428,Arecibo-Observatory,III,11:02:00,11:03:00,11:02:00,11:03:00,480,720,catalog,,False,False
win-Arecibo-Observatory-20230428-113000.npy,20230428,Arecibo-Observatory,III,11:33:00,11:38:00,11:33:00,11:38:00,720,1920,catalog,,False,False
win-Arecibo-Observatory-20230428-153736.npy,20230428,Arecibo-Observatory,III,15:38:00,15:47:00,15:38:00,15:47:00,96,2256,catalog,,False,False
win-Arecibo-Observatory-20230428-155236.npy,20230428,Arecibo-Observatory,III,15:57:00,16:06:00,15:57:00,16:06:00,1056,3216,catalog,,False,False
win-Arecibo-Observatory-20230428-163000.npy,20230428,Arecibo-Observatory,III,16:39:00,16:40:00,16:39:00,16:40:00,2160,2400,catalog,,False,False
win-Arecibo-Observatory-20230428-170000.npy,20230428,Arecibo-Observatory,III,17:05:00,17:05:00,17:05:10,17:05:45,1240,1380,zero_width_default,,False,False
win-Arecibo-Observatory-20230428-171500.npy,20230428,Arecibo-Observatory,III,17:21:00,17:23:00,17:21:00,17:23:00,1440,1920,catalog,,False,False
win-Arecibo-Observatory-20230428-184501.npy,20230428,Arecibo-Observatory,III,18:52:00,18:52:00,18:52:10,18:52:45,1716,1856,zero_width_default,,False,False
win-Arecibo-Observatory-20230429-111500.npy,20230429,Arecibo-Observatory,III,11:23:00,11:23:00,11:23:10,11:23:45,1960,2100,zero_width_default,,False,False
win-Arecibo-Observatory-20230429-131500.npy,20230429,Arecibo-Observatory,III,13:21:00,13:30:00,13:21:00,13:30:00,1440,3600,catalog,,False,False
win-Arecibo-Observatory-20230429-140001.npy,20230429,Arecibo-Observatory,III,14:05:00,14:06:00,14:05:00,14:06:00,1196,1436,catalog,,False,False
win-Arecibo-Observatory-20230429-144501.npy,20230429,Arecibo-Observatory,III,14:52:00,14:52:00,14:52:10,14:52:45,1716,1856,zero_width_default,,False,False
win-Arecibo-Observatory-20230429-181500.npy,20230429,Arecibo-Observatory,III,18:15:00,18:22:00,18:15:00,18:22:00,0,1680,catalog,,False,False
win-Arecibo-Observatory-20230429-193001.npy,20230429,Arecibo-Observatory,III,19:36:00,19:36:00,19:36:10,19:36:45,1476,1616,zero_width_default,,False,False
win-Arecibo-Observatory-20230429-194501.npy,20230429,Arecibo-Observatory,III,19:45:00,19:45:00,19:45:10,19:45:45,36,176,zero_width_default,,False,False
win-Arecibo-Observatory-20230429-200001.npy,20230429,Arecibo-Observatory,III,20:05:00,20:06:00,20:05:00,20:06:00,1196,1436,catalog,,False,False
win-Arecibo-Observatory-20230430-160001.npy,20230430,Arecibo-Observatory,III,16:07:00,16:07:00,16:07:10,16:07:45,1716,1856,zero_width_default,,False,False
win-Arecibo-Observatory-20230501-104500.npy,20230501,Arecibo-Observatory,III,10:54:00,10:55:00,10:54:00,10:55:00,2160,2400,catalog,,False,False
win-Arecibo-Observatory-20230501-124500.npy,20230501,Arecibo-Observatory,III,12:54:00,12:55:00,12:54:00,12:55:00,2160,2400,catalog,,False,False
win-Arecibo-Observatory-20230501-133000.npy,20230501,Arecibo-Observatory,III,13:41:00,13:56:00,13:41:00,13:56:00,2640,3600,catalog,,False,True
win-Arecibo-Observatory-20230501-134500.npy,20230501,Arecibo-Observatory,III,13:41:00,13:56:00,13:41:00,13:56:00,0,2640,catalog,,False,True
win-Arecibo-Observatory-20230501-141501.npy,20230501,Arecibo-Observatory,III,14:28:00,14:29:00,14:28:00,14:29:00,3116,3356,catalog,,False,False
win-Arecibo-Observatory-20230501-144501.npy,20230501,Arecibo-Observatory,III,14:46:00,14:46:00,14:46:10,14:46:45,276,416,zero_width_default,,False,False
win-Arecibo-Observatory-20230501-153001.npy,20230501,Arecibo-Observatory,III,15:38:00,15:39:00,15:38:00,15:39:00,1916,2156,catalog,,False,False
win-Arecibo-Observatory-20230501-163000.npy,20230501,Arecibo-Observatory,III,16:40:00,16:41:00,16:40:00,16:41:00,2400,2640,catalog,,False,False
win-Arecibo-Observatory-20230502-111500.npy,20230502,Arecibo-Observatory,III,11:28:00,11:29:00,11:28:00,11:29:00,3120,3360,catalog,,False,False
win-Arecibo-Observatory-20230502-140001.npy,20230502,Arecibo-Observatory,III,14:04:00,14:04:00,14:04:10,14:04:45,996,1136,zero_width_default,,False,False
win-Arecibo-Observatory-20230502-163000.npy,20230502,Arecibo-Observatory,III,16:30:00,16:32:00,16:30:00,16:32:00,0,480,catalog,,False,False
win-Arecibo-Observatory-20230503-194459.npy,20230503,Arecibo-Observatory,III,19:56:00,19:56:00,19:56:10,19:56:45,2684,2824,zero_width_default,,False,False
win-Arecibo-Observatory-20230504-133000.npy,20230504,Arecibo-Observatory,III,13:36:00,13:36:00,13:36:10,13:36:45,1480,1620,zero_width_default,,False,False
win-Arecibo-Observatory-20230504-193001.npy,20230504,Arecibo-Observatory,III,19:44:00,19:44:00,19:44:10,19:44:45,3396,3536,zero_width_default,,False,False
win-Arecibo-Observatory-20230505-131501.npy,20230505,Arecibo-Observatory,III,13:20:00,13:20:00,13:20:10,13:20:45,1236,1376,zero_width_default,,False,False
win-Arecibo-Observatory-20230505-133001.npy,20230505,Arecibo-Observatory,III,13:34:00,13:38:00,13:34:00,13:38:00,956,1916,catalog,,False,False
win-Arecibo-Observatory-20230505-151501.npy,20230505,Arecibo-Observatory,III,15:26:00,15:27:00,15:26:00,15:27:00,2636,2876,catalog,,False,False
win-Arecibo-Observatory-20230505-153001.npy,20230505,Arecibo-Observatory,III,15:44:00,15:45:00,15:44:00,15:45:00,3356,3596,catalog,,False,False
win-Arecibo-Observatory-20230505-161501.npy,20230505,Arecibo-Observatory,III,16:28:00,16:29:00,16:28:00,16:29:00,3116,3356,catalog,,False,False
win-Arecibo-Observatory-20230505-163000.npy,20230505,Arecibo-Observatory,III,16:39:00,16:39:00,16:39:10,16:39:45,2200,2340,zero_width_default,,False,False
win-Arecibo-Observatory-20230505-164500.npy,20230505,Arecibo-Observatory,III,16:54:00,16:55:00,16:54:00,16:55:00,2160,2400,catalog,,False,False
win-Arecibo-Observatory-20230505-170000.npy,20230505,Arecibo-Observatory,III,17:04:00,17:05:00,17:04:00,17:05:00,960,1200,catalog,,False,False
win-Arecibo-Observatory-20230505-171500.npy,20230505,Arecibo-Observatory,III,17:17:00,17:23:00,17:17:00,17:23:00,480,1920,catalog,,False,False
win-Arecibo-Observatory-20230505-180000.npy,20230505,Arecibo-Observatory,III,18:05:00,18:08:00,18:05:00,18:08:00,1200,1920,catalog,,False,False
win-Arecibo-Observatory-20230505-183000.npy,20230505,Arecibo-Observatory,III,18:31:00,18:31:00,18:31:10,18:31:45,280,420,zero_width_default,,False,False
win-Arecibo-Observatory-20230505-184500.npy,20230505,Arecibo-Observatory,III,18:52:00,18:53:00,18:52:00,18:53:00,1680,1920,catalog,,False,False
win-Arecibo-Observatory-20230505-193000.npy,20230505,Arecibo-Observatory,III,19:43:00,20:06:00,19:43:00,20:06:00,3120,3600,catalog,,False,True
win-Arecibo-Observatory-20230505-194500.npy,20230505,Arecibo-Observatory,III,19:43:00,20:06:00,19:43:00,20:06:00,0,3600,catalog,,False,True
win-Arecibo-Observatory-20230505-200001.npy,20230505,Arecibo-Observatory,III,19:43:00,20:06:00,19:43:00,20:06:00,0,1436,catalog,,False,True
win-Arecibo-Observatory-20230506-110000.npy,20230506,Arecibo-Observatory,III,11:02:00,11:03:00,11:02:00,11:03:00,480,720,catalog,,False,False
win-Arecibo-Observatory-20230506-113000.npy,20230506,Arecibo-Observatory,III,11:38:00,11:50:00,11:38:00,11:50:00,1920,3600,catalog,,False,True
win-Arecibo-Observatory-20230506-114500.npy,20230506,Arecibo-Observatory,III,11:38:00,11:50:00,11:38:00,11:50:00,0,1200,catalog,,False,True
win-Arecibo-Observatory-20230506-120000.npy,20230506,Arecibo-Observatory,III,12:11:00,12:11:00,12:11:10,12:11:45,2680,2820,zero_width_default,,False,False
win-Arecibo-Observatory-20230506-123001.npy,20230506,Arecibo-Observatory,III,12:37:00,12:40:00,12:37:00,12:40:00,1676,2396,catalog,,False,False
win-Arecibo-Observatory-20230506-150001.npy,20230506,Arecibo-Observatory,III,15:05:00,15:05:00,15:05:10,15:05:45,1236,1376,zero_width_default,,False,False
win-Arecibo-Observatory-20230506-164459.npy,20230506,Arecibo-Observatory,III,16:59:00,17:01:00,16:59:00,17:01:00,3364,3600,catalog,,False,True
win-Arecibo-Observatory-20230506-165959.npy,20230506,Arecibo-Observatory,III,16:59:00,17:01:00,16:59:00,17:01:00,0,244,catalog,,False,True
win-Arecibo-Observatory-20230506-171459.npy,20230506,Arecibo-Observatory,III,17:16:00,17:19:00,17:16:00,17:19:00,244,964,catalog,,False,False
win-Arecibo-Observatory-20230506-181459.npy,20230506,Arecibo-Observatory,III,18:22:00,18:22:00,18:22:10,18:22:45,1724,1864,zero_width_default,,False,False
win-Arecibo-Observatory-20230506-192959.npy,20230506,Arecibo-Observatory,III,19:41:00,19:44:00,19:41:00,19:44:00,2644,3364,catalog,,False,False
win-Arecibo-Observatory-20230507-103000.npy,20230507,Arecibo-Observatory,III,10:33:00,10:34:00,10:33:00,10:34:00,720,960,catalog,,False,False
win-Arecibo-Observatory-20230507-111500.npy,20230507,Arecibo-Observatory,III,11:18:00,11:21:00,11:18:00,11:21:00,720,1440,catalog,,False,False
win-Arecibo-Observatory-20230507-134501.npy,20230507,Arecibo-Observatory,III,13:57:00,13:57:00,13:57:10,13:57:45,2916,3056,zero_width_default,,False,False
win-Arecibo-Observatory-20230507-150001.npy,20230507,Arecibo-Observatory,III,15:03:00,15:08:00,15:03:00,15:08:00,716,1916,catalog,,False,False
win-Arecibo-Observatory-20230507-164500.npy,20230507,Arecibo-Observatory,III,16:57:00,16:58:00,16:57:00,16:58:00,2880,3120,catalog,,False,False
win-Arecibo-Observatory-20230507-173000.npy,20230507,Arecibo-Observatory,III,17:35:00,17:36:00,17:35:00,17:36:00,1200,1440,catalog,,False,False
win-Arecibo-Observatory-20230507-184500.npy,20230507,Arecibo-Observatory,III,18:48:00,18:48:00,18:48:10,18:48:45,760,900,zero_width_default,,False,False
win-Arecibo-Observatory-20230507-194500.npy,20230507,Arecibo-Observatory,III,19:50:00,19:52:00,19:50:00,19:52:00,1200,1680,catalog,,False,False
win-Arecibo-Observatory-20230508-104500.npy,20230508,Arecibo-Observatory,III,10:59:00,11:00:00,10:59:00,11:00:00,3360,3600,catalog,,False,False
win-Arecibo-Observatory-20230508-114501.npy,20230508,Arecibo-Observatory,III,11:46:00,11:55:00,11:46:00,11:55:00,236,2396,catalog,,False,False
win-Arecibo-Observatory-20230508-130001.npy,20230508,Arecibo-Observatory,III,13:09:00,13:14:00,13:09:00,13:14:00,2156,3356,catalog,,False,False
win-Arecibo-Observatory-20230508-134501.npy,20230508,Arecibo-Observatory,III,13:58:00,13:59:00,13:58:00,13:59:00,3116,3356,catalog,,False,False
win-Arecibo-Observatory-20230508-140001.npy,20230508,Arecibo-Observatory,III,14:07:00,14:12:00,14:07:00,14:12:00,1676,2876,catalog,,False,False
win-Arecibo-Observatory-20230508-171500.npy,20230508,Arecibo-Observatory,III,17:16:00,17:17:00,17:16:00,17:17:00,240,480,catalog,,False,False
win-Arecibo-Observatory-20230508-173000.npy,20230508,Arecibo-Observatory,III,17:35:00,17:35:00,17:35:10,17:35:45,1240,1380,zero_width_default,,False,False
win-Arecibo-Observatory-20230508-190001.npy,20230508,Arecibo-Observatory,III,19:12:00,19:12:00,19:12:10,19:12:45,2916,3056,zero_width_default,,False,False
win-Arecibo-Observatory-20230508-201501.npy,20230508,Arecibo-Observatory,III,20:20:00,20:21:00,20:20:00,20:21:00,1196,1436,catalog,,False,False
win-Arecibo-Observatory-20230508-211501.npy,20230508,Arecibo-Observatory,III,21:18:00,21:22:00,21:18:00,21:22:00,716,1676,catalog,,False,False
win-Arecibo-Observatory-20230509-104500.npy,20230509,Arecibo-Observatory,III,10:48:00,10:57:00,10:48:00,10:57:00,720,2880,catalog,,False,False
win-Arecibo-Observatory-20230509-110000.npy,20230509,Arecibo-Observatory,III,11:14:00,11:24:00,11:14:00,11:24:00,3360,3600,catalog,,False,True
win-Arecibo-Observatory-20230509-111500.npy,20230509,Arecibo-Observatory,III,11:14:00,11:24:00,11:14:00,11:24:00,0,2160,catalog,,False,True
win-Arecibo-Observatory-20230509-124501.npy,20230509,Arecibo-Observatory,III,12:56:00,12:57:00,12:56:00,12:57:00,2636,2876,catalog,,False,False
win-Arecibo-Observatory-20230509-134501.npy,20230509,Arecibo-Observatory,III,13:56:00,13:57:00,13:56:00,13:57:00,2636,2876,catalog,,False,False
win-Arecibo-Observatory-20230509-140001.npy,20230509,Arecibo-Observatory,III,14:01:00,14:05:00,14:01:00,14:05:00,236,1196,catalog,,False,False
win-Arecibo-Observatory-20230509-144501.npy,20230509,Arecibo-Observatory,III,14:49:00,14:52:00,14:49:00,14:52:00,956,1676,catalog,,False,False
win-Arecibo-Observatory-20230509-160001.npy,20230509,Arecibo-Observatory,III,16:09:00,16:09:00,16:09:10,16:09:45,2196,2336,zero_width_default,,False,False
win-Arecibo-Observatory-20230509-174459.npy,20230509,Arecibo-Observatory,III,17:45:00,17:46:00,17:45:00,17:46:00,4,244,catalog,,False,False
win-Arecibo-Observatory-20230509-181459.npy,20230509,Arecibo-Observatory,III,18:28:00,18:29:00,18:28:00,18:29:00,3124,3364,catalog,,False,False
win-Arecibo-Observatory-20230509-182959.npy,20230509,Arecibo-Observatory,II,18:40:00,18:51:00,18:40:28,18:52:00,2516,3600,manual,usable,False,True
win-Arecibo-Observatory-20230509-182959.npy,20230509,Arecibo-Observatory,III,18:35:00,18:38:00,18:35:00,18:38:00,1204,1924,catalog,,False,False
win-Arecibo-Observatory-20230509-184459.npy,20230509,Arecibo-Observatory,II,18:40:00,18:51:00,18:40:28,18:52:00,0,1684,manual,usable,False,True
win-Arecibo-Observatory-20230509-194459.npy,20230509,Arecibo-Observatory,III,19:50:00,19:52:00,19:50:00,19:52:00,1204,1684,catalog,,False,False
win-Arecibo-Observatory-20230510-141255.npy,20230510,Arecibo-Observatory,III,14:17:00,14:22:00,14:17:00,14:22:00,980,2180,catalog,,False,False
win-Arecibo-Observatory-20230510-142755.npy,20230510,Arecibo-Observatory,III,14:35:00,14:36:00,14:35:00,14:36:00,1700,1940,catalog,,False,False
win-Arecibo-Observatory-20230510-144255.npy,20230510,Arecibo-Observatory,III,14:55:00,14:59:00,14:55:00,14:59:00,2900,3600,catalog,,False,True
win-Arecibo-Observatory-20230510-145755.npy,20230510,Arecibo-Observatory,III,14:55:00,14:59:00,14:55:00,14:59:00,0,260,catalog,,False,True
win-Arecibo-Observatory-20230510-154255.npy,20230510,Arecibo-Observatory,III,15:52:00,15:53:00,15:52:00,15:53:00,2180,2420,catalog,,False,False
win-Arecibo-Observatory-20230510-164500.npy,20230510,Arecibo-Observatory,III,16:55:00,16:56:00,16:55:00,16:56:00,2400,2640,catalog,,False,False
win-Arecibo-Observatory-20230510-171458.npy,20230510,Arecibo-Observatory,III,17:16:00,17:22:00,17:16:00,17:22:00,248,1688,catalog,,False,False
win-Arecibo-Observatory-20230510-181458.npy,20230510,Arecibo-Observatory,III,18:18:00,18:19:00,18:18:00,18:19:00,728,968,catalog,,False,False
win-Arecibo-Observatory-20230510-182958.npy,20230510,Arecibo-Observatory,III,18:39:00,18:40:00,18:39:00,18:40:00,2168,2408,catalog,,False,False
win-Arecibo-Observatory-20230511-121500.npy,20230511,Arecibo-Observatory,III,12:26:00,12:26:00,12:26:10,12:26:45,2680,2820,zero_width_default,,False,False
win-Arecibo-Observatory-20230511-130001.npy,20230511,Arecibo-Observatory,III,13:01:00,13:02:00,13:01:00,13:02:00,236,476,catalog,,False,False
win-Arecibo-Observatory-20230511-134501.npy,20230511,Arecibo-Observatory,III,13:49:00,13:50:00,13:49:00,13:50:00,956,1196,catalog,,False,False
win-Arecibo-Observatory-20230511-150001.npy,20230511,Arecibo-Observatory,III,15:01:00,15:01:00,15:01:10,15:01:45,276,416,zero_width_default,,False,False
win-Arecibo-Observatory-20230511-151501.npy,20230511,Arecibo-Observatory,III,15:18:00,15:19:00,15:18:00,15:19:00,716,956,catalog,,False,False
win-Arecibo-Observatory-20230511-163000.npy,20230511,Arecibo-Observatory,III,16:39:00,16:40:00,16:39:00,16:40:00,2160,2400,catalog,,False,False
win-Arecibo-Observatory-20230511-180000.npy,20230511,Arecibo-Observatory,V,18:08:00,18:10:00,18:08:30,18:09:59,2040,2396,manual,usable,False,False
win-Arecibo-Observatory-20230511-181500.npy,20230511,Arecibo-Observatory,III,18:25:00,18:28:00,18:25:00,18:28:00,2400,3120,catalog,,False,False
win-Arecibo-Observatory-20230511-183000.npy,20230511,Arecibo-Observatory,II,18:32:00,18:42:00,18:32:56,18:39:25,704,2260,manual,usable,False,False
win-Arecibo-Observatory-20230511-194501.npy,20230511,Arecibo-Observatory,III,19:58:00,19:59:00,19:58:00,19:59:00,3116,3356,catalog,,False,False
win-Arecibo-Observatory-20230511-200001.npy,20230511,Arecibo-Observatory,III,20:01:00,20:02:00,20:01:00,20:02:00,236,476,catalog,,False,False
win-Arecibo-Observatory-20230511-204501.npy,20230511,Arecibo-Observatory,III,20:56:00,20:56:00,20:56:10,20:56:45,2676,2816,zero_width_default,,False,False
win-Arecibo-Observatory-20230512-123000.npy,20230512,Arecibo-Observatory,III,12:43:00,12:43:00,12:43:10,12:43:45,3160,3300,zero_width_default,,False,False
win-Arecibo-Observatory-20230512-161501.npy,20230512,Arecibo-Observatory,III,16:24:00,16:25:00,16:24:00,16:25:00,2156,2396,catalog,,False,False
win-Arecibo-Observatory-20230515-120000.npy,20230515,Arecibo-Observatory,III,12:00:00,12:01:00,12:00:00,12:01:00,0,240,catalog,,False,False
win-Arecibo-Observatory-20230515-124500.npy,20230515,Arecibo-Observatory,III,12:53:00,12:56:00,12:53:00,12:56:00,1920,2640,catalog,,False,False
win-Arecibo-Observatory-20230515-161501.npy,20230515,Arecibo-Observatory,III,16:27:00,16:28:00,16:27:00,16:28:00,2876,3116,catalog,,False,False
win-Arecibo-Observatory-20230516-172959.npy,20230516,Arecibo-Observatory,III,17:38:00,17:46:00,17:38:00,17:46:00,1924,3600,catalog,,False,True
win-Arecibo-Observatory-20230516-172959.npy,20230516,Arecibo-Observatory,II,17:31:00,17:38:00,17:31:47,17:38:57,432,2152,manual,usable,False,False
win-Arecibo-Observatory-20230516-174459.npy,20230516,Arecibo-Observatory,III,17:38:00,17:46:00,17:38:00,17:46:00,0,244,catalog,,False,True
win-Arecibo-Observatory-20230517-150001.npy,20230517,Arecibo-Observatory,V,15:08:00,15:11:00,15:08:36,15:11:06,2060,2660,manual,usable,False,False
win-Arecibo-Observatory-20230517-151501.npy,20230517,Arecibo-Observatory,II,15:22:00,15:27:00,15:22:11,15:26:00,1720,2636,manual,usable,False,False
win-Arecibo-Observatory-20230517-154501.npy,20230517,Arecibo-Observatory,III,15:52:00,15:52:00,15:52:10,15:52:45,1716,1856,zero_width_default,,False,False
win-Arecibo-Observatory-20230517-160001.npy,20230517,Arecibo-Observatory,III,16:06:00,16:06:00,16:06:10,16:06:45,1476,1616,zero_width_default,,False,False
win-Arecibo-Observatory-20230518-140001.npy,20230518,Arecibo-Observatory,III,14:01:00,14:05:00,14:01:00,14:05:00,236,1196,catalog,,False,False
win-Arecibo-Observatory-20230518-144501.npy,20230518,Arecibo-Observatory,III,14:50:00,14:51:00,14:50:00,14:51:00,1196,1436,catalog,,False,False
win-Arecibo-Observatory-20230518-154501.npy,20230518,Arecibo-Observatory,III,15:59:00,16:03:00,15:59:00,16:03:00,3356,3600,catalog,,False,True
win-Arecibo-Observatory-20230518-160001.npy,20230518,Arecibo-Observatory,III,15:59:00,16:03:00,15:59:00,16:03:00,0,716,catalog,,False,True
win-Arecibo-Observatory-20230518-171459.npy,20230518,Arecibo-Observatory,III,17:17:00,17:17:00,17:17:10,17:17:45,524,664,zero_width_default,,False,False
win-Arecibo-Observatory-20230518-192959.npy,20230518,Arecibo-Observatory,III,19:33:00,19:34:00,19:33:00,19:34:00,724,964,catalog,,False,False
win-Arecibo-Observatory-20230519-100000.npy,20230519,Arecibo-Observatory,III,10:09:00,10:09:00,10:09:10,10:09:45,2200,2340,zero_width_default,,False,False
win-Arecibo-Observatory-20230519-103000.npy,20230519,Arecibo-Observatory,III,10:36:00,10:38:00,10:36:00,10:38:00,1440,1920,catalog,,False,False
win-Arecibo-Observatory-20230519-134501.npy,20230519,Arecibo-Observatory,III,13:45:00,13:51:00,13:45:00,13:51:00,0,1436,catalog,,False,True
win-Arecibo-Observatory-20230519-151501.npy,20230519,Arecibo-Observatory,III,15:25:00,15:29:00,15:25:00,15:29:00,2396,3356,catalog,,False,False
win-Arecibo-Observatory-20230519-153001.npy,20230519,Arecibo-Observatory,V,15:34:00,15:35:00,15:34:41,15:35:57,1120,1424,manual,usable,False,False
win-Arecibo-Observatory-20230519-170000.npy,20230519,Arecibo-Observatory,III,17:09:00,17:10:00,17:09:00,17:10:00,2160,2400,catalog,,False,False
win-Arecibo-Observatory-20230519-180000.npy,20230519,Arecibo-Observatory,III,18:13:00,18:14:00,18:13:00,18:14:00,3120,3360,catalog,,False,False
win-Arecibo-Observatory-20230519-190000.npy,20230519,Arecibo-Observatory,III,19:09:00,19:13:00,19:09:00,19:13:00,2160,3120,catalog,,False,False
win-Arecibo-Observatory-20230520-111500.npy,20230520,Arecibo-Observatory,III,11:27:00,11:29:00,11:27:00,11:29:00,2880,3360,catalog,,False,False
win-Arecibo-Observatory-20230520-121500.npy,20230520,Arecibo-Observatory,III,12:26:00,12:26:00,12:26:10,12:26:45,2680,2820,zero_width_default,,False,False
win-Arecibo-Observatory-20230603-180000.npy,20230603,Arecibo-Observatory,III,18:10:00,18:11:00,18:10:00,18:11:00,2400,2640,catalog,,False,False
win-Arecibo-Observatory-20230604-103000.npy,20230604,Arecibo-Observatory,III,10:35:00,10:40:00,10:35:00,10:40:00,1200,2400,catalog,,False,False
win-Arecibo-Observatory-20230604-110000.npy,20230604,Arecibo-Observatory,III,11:10:00,11:13:00,11:10:00,11:13:00,2400,3120,catalog,,False,False
win-Arecibo-Observatory-20230604-123000.npy,20230604,Arecibo-Observatory,III,12:33:00,12:40:00,12:33:00,12:40:00,720,2400,catalog,,False,False
win-Arecibo-Observatory-20230604-130000.npy,20230604,Arecibo-Observatory,III,13:10:00,13:11:00,13:10:00,13:11:00,2400,2640,catalog,,False,False
win-Arecibo-Observatory-20230604-163000.npy,20230604,Arecibo-Observatory,III,16:35:00,16:35:00,16:35:10,16:35:45,1240,1380,zero_width_default,,False,False
win-Arecibo-Observatory-20230604-164500.npy,20230604,Arecibo-Observatory,III,16:48:00,16:49:00,16:48:00,16:49:00,720,960,catalog,,False,False
win-Arecibo-Observatory-20230604-170000.npy,20230604,Arecibo-Observatory,III,17:08:00,17:09:00,17:08:00,17:09:00,1920,2160,catalog,,False,False
win-Arecibo-Observatory-20230604-173000.npy,20230604,Arecibo-Observatory,III,17:34:00,17:34:00,17:34:10,17:34:45,1000,1140,zero_width_default,,False,False
win-Arecibo-Observatory-20230604-174500.npy,20230604,Arecibo-Observatory,III,17:56:00,18:01:00,17:56:00,18:01:00,2640,3600,catalog,,False,True
win-Arecibo-Observatory-20230604-180000.npy,20230604,Arecibo-Observatory,III,17:56:00,18:01:00,17:56:00,18:01:00,0,240,catalog,,False,True
win-Arecibo-Observatory-20230604-184500.npy,20230604,Arecibo-Observatory,III,18:57:00,18:58:00,18:57:00,18:58:00,2880,3120,catalog,,False,False
win-Arecibo-Observatory-20230605-103000.npy,20230605,Arecibo-Observatory,III,10:38:00,10:46:00,10:38:00,10:46:00,1920,3600,catalog,,False,True
win-Arecibo-Observatory-20230605-104500.npy,20230605,Arecibo-Observatory,III,10:38:00,10:46:00,10:38:00,10:46:00,0,240,catalog,,False,True
win-Arecibo-Observatory-20230605-113000.npy,20230605,Arecibo-Observatory,III,11:44:00,11:44:00,11:44:10,11:44:45,3400,3540,zero_width_default,,False,False
win-Arecibo-Observatory-20230605-140000.npy,20230605,Arecibo-Observatory,III,14:05:00,14:08:00,14:05:00,14:08:00,1200,1920,catalog,,False,False
win-Arecibo-Observatory-20230605-151501.npy,20230605,Arecibo-Observatory,III,15:22:00,15:23:00,15:22:00,15:23:00,1676,1916,catalog,,False,False
win-Arecibo-Observatory-20230605-170000.npy,20230605,Arecibo-Observatory,III,17:12:00,17:13:00,17:12:00,17:13:00,2880,3120,catalog,,False,False
win-Arecibo-Observatory-20230605-173000.npy,20230605,Arecibo-Observatory,III,17:43:00,17:46:00,17:43:00,17:46:00,3120,3600,catalog,,False,True
win-Arecibo-Observatory-20230605-173000.npy,20230605,Arecibo-Observatory,III,17:34:00,17:34:00,17:34:10,17:34:45,1000,1140,zero_width_default,,False,False
win-Arecibo-Observatory-20230605-174500.npy,20230605,Arecibo-Observatory,III,17:59:00,17:59:00,17:59:10,17:59:45,3400,3540,zero_width_default,,False,False
win-Arecibo-Observatory-20230605-174500.npy,20230605,Arecibo-Observatory,III,17:43:00,17:46:00,17:43:00,17:46:00,0,240,catalog,,False,True
win-Arecibo-Observatory-20230605-181500.npy,20230605,Arecibo-Observatory,III,18:29:00,18:33:00,18:29:00,18:33:00,3360,3600,catalog,,False,True
win-Arecibo-Observatory-20230605-181500.npy,20230605,Arecibo-Observatory,III,18:15:00,18:18:00,18:15:00,18:18:00,0,720,catalog,,False,False
win-Arecibo-Observatory-20230605-183000.npy,20230605,Arecibo-Observatory,III,18:29:00,18:33:00,18:29:00,18:33:00,0,720,catalog,,False,True
win-Arecibo-Observatory-20230605-204501.npy,20230605,Arecibo-Observatory,III,20:59:00,20:59:00,20:59:10,20:59:45,3396,3536,zero_width_default,,False,False
win-Arecibo-Observatory-20230607-134500.npy,20230607,Arecibo-Observatory,III,13:54:00,13:55:00,13:54:00,13:55:00,2160,2400,catalog,,False,False
win-Arecibo-Observatory-20230607-160001.npy,20230607,Arecibo-Observatory,III,16:00:00,16:07:00,16:00:00,16:07:00,0,1676,catalog,,False,True
win-Arecibo-Observatory-20230609-104500.npy,20230609,Arecibo-Observatory,III,10:50:00,10:55:00,10:50:00,10:55:00,1200,2400,catalog,,False,False
win-Arecibo-Observatory-20230609-111500.npy,20230609,Arecibo-Observatory,III,11:26:00,11:26:00,11:26:10,11:26:45,2680,2820,zero_width_default,,False,False
win-Arecibo-Observatory-20230609-141501.npy,20230609,Arecibo-Observatory,III,14:18:00,14:21:00,14:18:00,14:21:00,716,1436,catalog,,False,False
win-Arecibo-Observatory-20230609-150001.npy,20230609,Arecibo-Observatory,III,15:06:00,15:07:00,15:06:00,15:07:00,1436,1676,catalog,,False,False
win-Arecibo-Observatory-20230609-170000.npy,20230609,Arecibo-Observatory,III,17:03:00,17:09:00,17:03:00,17:09:00,720,2160,catalog,,False,False
win-Arecibo-Observatory-20230609-193001.npy,20230609,Arecibo-Observatory,III,19:30:00,19:30:00,19:30:10,19:30:45,36,176,zero_width_default,,False,False
win-Arecibo-Observatory-20230612-104500.npy,20230612,Arecibo-Observatory,III,10:48:00,10:48:00,10:48:10,10:48:45,760,900,zero_width_default,,False,False
win-Arecibo-Observatory-20230612-124501.npy,20230612,Arecibo-Observatory,III,12:50:00,12:51:00,12:50:00,12:51:00,1196,1436,catalog,,False,False
win-Arecibo-Observatory-20230612-153001.npy,20230612,Arecibo-Observatory,III,15:41:00,15:42:00,15:41:00,15:42:00,2636,2876,catalog,,False,False
win-Arecibo-Observatory-20230612-160001.npy,20230612,Arecibo-Observatory,III,16:03:00,16:04:00,16:03:00,16:04:00,716,956,catalog,,False,False
win-Arecibo-Observatory-20230612-170000.npy,20230612,Arecibo-Observatory,III,17:08:00,17:09:00,17:08:00,17:09:00,1920,2160,catalog,,False,False
win-Arecibo-Observatory-20230612-184500.npy,20230612,Arecibo-Observatory,III,18:55:00,18:56:00,18:55:00,18:56:00,2400,2640,catalog,,False,False
win-Arecibo-Observatory-20230613-111500.npy,20230613,Arecibo-Observatory,III,11:20:00,11:21:00,11:20:00,11:21:00,1200,1440,catalog,,False,False
win-Arecibo-Observatory-20230613-140000.npy,20230613,Arecibo-Observatory,III,14:02:00,14:03:00,14:02:00,14:03:00,480,720,catalog,,False,False
win-Arecibo-Observatory-20230613-150001.npy,20230613,Arecibo-Observatory,III,15:13:00,15:17:00,15:13:00,15:17:00,3116,3600,catalog,,False,True
win-Arecibo-Observatory-20230613-151501.npy,20230613,Arecibo-Observatory,III,15:13:00,15:17:00,15:13:00,15:17:00,0,476,catalog,,False,True
win-Arecibo-Observatory-20230613-173000.npy,20230613,Arecibo-Observatory,II,17:43:00,17:51:00,17:43:45,17:50:56,3300,3600,manual,usable,False,True
win-Arecibo-Observatory-20230613-174500.npy,20230613,Arecibo-Observatory,II,17:43:00,17:51:00,17:43:45,17:50:56,0,1424,manual,usable,False,True
win-Arecibo-Observatory-20230613-183000.npy,20230613,Arecibo-Observatory,III,18:30:00,18:31:00,18:30:00,18:31:00,0,240,catalog,,False,False
win-Arecibo-Observatory-20230613-191500.npy,20230613,Arecibo-Observatory,III,19:19:00,19:23:00,19:19:00,19:23:00,960,1920,catalog,,False,False
win-Arecibo-Observatory-20230613-200000.npy,20230613,Arecibo-Observatory,III,20:09:00,20:09:00,20:09:10,20:09:45,2200,2340,zero_width_default,,False,False
win-Arecibo-Observatory-20230613-201500.npy,20230613,Arecibo-Observatory,III,20:25:00,20:26:00,20:25:00,20:26:00,2400,2640,catalog,,False,False
win-Arecibo-Observatory-20230615-123000.npy,20230615,Arecibo-Observatory,III,12:42:00,12:46:00,12:42:00,12:46:00,2880,3600,catalog,,False,True
win-Arecibo-Observatory-20230615-124500.npy,20230615,Arecibo-Observatory,III,12:42:00,12:46:00,12:42:00,12:46:00,0,240,catalog,,False,True
win-Arecibo-Observatory-20230615-164500.npy,20230615,Arecibo-Observatory,III,16:45:00,16:47:00,16:45:00,16:47:00,0,480,catalog,,False,False
win-Arecibo-Observatory-20230615-183000.npy,20230615,Arecibo-Observatory,III,18:40:00,18:44:00,18:40:00,18:44:00,2400,3360,catalog,,False,False
win-Arecibo-Observatory-20230616-133001.npy,20230616,Arecibo-Observatory,III,13:37:00,13:40:00,13:37:00,13:40:00,1676,2396,catalog,,False,False
win-Arecibo-Observatory-20230616-140001.npy,20230616,Arecibo-Observatory,III,14:04:00,14:04:00,14:04:10,14:04:45,996,1136,zero_width_default,,False,False
win-Arecibo-Observatory-20230616-171459.npy,20230616,Arecibo-Observatory,III,17:23:00,17:24:00,17:23:00,17:24:00,1924,2164,catalog,,False,False
win-Arecibo-Observatory-20230617-104500.npy,20230617,Arecibo-Observatory,III,10:58:00,11:00:00,10:58:00,11:00:00,3120,3600,catalog,,False,False
win-Arecibo-Observatory-20230617-124500.npy,20230617,Arecibo-Observatory,III,12:50:00,12:54:00,12:50:00,12:54:00,1200,2160,catalog,,False,False
win-Arecibo-Observatory-20230617-131501.npy,20230617,Arecibo-Observatory,III,13:26:00,13:27:00,13:26:00,13:27:00,2636,2876,catalog,,False,False
win-Arecibo-Observatory-20230617-140001.npy,20230617,Arecibo-Observatory,III,14:02:00,14:04:00,14:02:00,14:04:00,476,956,catalog,,False,False
win-Arecibo-Observatory-20230617-150001.npy,20230617,Arecibo-Observatory,III,15:11:00,15:11:00,15:11:10,15:11:45,2676,2816,zero_width_default,,False,False
win-Arecibo-Observatory-20230617-161501.npy,20230617,Arecibo-Observatory,III,16:20:00,16:26:00,16:20:00,16:26:00,1196,2636,catalog,,False,False
win-Arecibo-Observatory-20230617-164500.npy,20230617,Arecibo-Observatory,III,16:58:00,16:59:00,16:58:00,16:59:00,3120,3360,catalog,,False,False
win-Arecibo-Observatory-20230617-181500.npy,20230617,Arecibo-Observatory,III,18:29:00,18:33:00,18:29:00,18:33:00,3360,3600,catalog,,False,True
win-Arecibo-Observatory-20230617-183000.npy,20230617,Arecibo-Observatory,III,18:29:00,18:33:00,18:29:00,18:33:00,0,720,catalog,,False,True
win-Arecibo-Observatory-20230617-190000.npy,20230617,Arecibo-Observatory,III,19:10:00,19:11:00,19:10:00,19:11:00,2400,2640,catalog,,False,False
win-Arecibo-Observatory-20230617-193001.npy,20230617,Arecibo-Observatory,III,19:44:00,19:44:00,19:44:10,19:44:45,3396,3536,zero_width_default,,False,False
win-Arecibo-Observatory-20230617-200001.npy,20230617,Arecibo-Observatory,III,20:03:00,20:05:00,20:03:00,20:05:00,716,1196,catalog,,False,False
win-Arecibo-Observatory-20230618-134501.npy,20230618,Arecibo-Observatory,II,13:53:00,14:07:00,13:52:42,14:04:15,1844,3600,manual,usable,False,True
win-Arecibo-Observatory-20230618-140001.npy,20230618,Arecibo-Observatory,II,13:53:00,14:07:00,13:52:42,14:04:15,0,1016,manual,usable,False,True
win-Arecibo-Observatory-20230618-194459.npy,20230618,Arecibo-Observatory,III,19:59:00,20:00:00,19:59:00,20:00:00,3364,3600,catalog,,False,True
win-Arecibo-Observatory-20230619-104500.npy,20230619,Arecibo-Observatory,III,10:58:00,11:07:00,10:58:00,11:07:00,3120,3600,catalog,,False,True
win-Arecibo-Observatory-20230619-110000.npy,20230619,Arecibo-Observatory,III,10:58:00,11:07:00,10:58:00,11:07:00,0,1680,catalog,,False,True
win-Arecibo-Observatory-20230619-113000.npy,20230619,Arecibo-Observatory,III,11:43:00,11:43:00,11:43:10,11:43:45,3160,3300,zero_width_default,,False,False
win-Arecibo-Observatory-20230619-120000.npy,20230619,Arecibo-Observatory,III,12:08:00,12:10:00,12:08:00,12:10:00,1920,2400,catalog,,False,False
win-Arecibo-Observatory-20230619-121500.npy,20230619,Arecibo-Observatory,II,12:14:00,12:24:00,12:15:35,12:20:23,140,1292,manual,usable,False,False
win-Arecibo-Observatory-20230619-204501.npy,20230619,Arecibo-Observatory,III,20:47:00,20:49:00,20:47:00,20:49:00,476,956,catalog,,False,False
win-Arecibo-Observatory-20230620-114500.npy,20230620,Arecibo-Observatory,III,11:52:00,11:53:00,11:52:00,11:53:00,1680,1920,catalog,,False,False
win-Arecibo-Observatory-20230620-165959.npy,20230620,Arecibo-Observatory,II,17:02:00,17:28:00,17:02:20,17:28:53,564,3600,manual,usable,False,True
win-Arecibo-Observatory-20230620-171459.npy,20230620,Arecibo-Observatory,II,17:02:00,17:28:00,17:02:20,17:28:53,0,3336,manual,usable,False,True
win-Arecibo-Observatory-20230621-120000.npy,20230621,Arecibo-Observatory,III,12:04:00,12:04:00,12:04:10,12:04:45,1000,1140,zero_width_default,,False,False
win-Arecibo-Observatory-20230621-124500.npy,20230621,Arecibo-Observatory,III,12:54:00,12:55:00,12:54:00,12:55:00,2160,2400,catalog,,False,False
win-Arecibo-Observatory-20230621-134500.npy,20230621,Arecibo-Observatory,III,13:46:00,13:52:00,13:46:00,13:52:00,240,1680,catalog,,False,False
win-Arecibo-Observatory-20230621-153001.npy,20230621,Arecibo-Observatory,III,15:35:00,15:38:00,15:35:00,15:38:00,1196,1916,catalog,,False,False
win-Arecibo-Observatory-20230621-153001.npy,20230621,Arecibo-Observatory,II,15:43:00,15:47:00,15:43:07,15:46:56,3144,3600,manual,usable,False,True
win-Arecibo-Observatory-20230621-154501.npy,20230621,Arecibo-Observatory,II,15:43:00,15:47:00,15:43:07,15:46:56,0,460,manual,usable,False,True
win-Arecibo-Observatory-20230621-171500.npy,20230621,Arecibo-Observatory,III,17:25:00,17:25:00,17:25:10,17:25:45,2440,2580,zero_width_default,,False,False
win-Arecibo-Observatory-20230621-173000.npy,20230621,Arecibo-Observatory,III,17:42:00,17:48:00,17:42:00,17:48:00,2880,3600,catalog,,False,True
win-Arecibo-Observatory-20230621-174500.npy,20230621,Arecibo-Observatory,III,17:42:00,17:48:00,17:42:00,17:48:00,0,720,catalog,,False,True
win-Arecibo-Observatory-20230621-180000.npy,20230621,Arecibo-Observatory,III,18:10:00,18:14:00,18:10:00,18:14:00,2400,3360,catalog,,False,False
win-Arecibo-Observatory-20230621-181500.npy,20230621,Arecibo-Observatory,III,18:23:00,18:23:00,18:23:10,18:23:45,1960,2100,zero_width_default,,False,False
win-Arecibo-Observatory-20230621-184500.npy,20230621,Arecibo-Observatory,III,18:52:00,19:00:00,18:52:00,19:00:00,1680,3600,catalog,,False,False
win-Arecibo-Observatory-20230621-191501.npy,20230621,Arecibo-Observatory,III,19:18:00,19:19:00,19:18:00,19:19:00,716,956,catalog,,False,False
win-Arecibo-Observatory-20230621-203000.npy,20230621,Arecibo-Observatory,III,20:40:00,20:44:00,20:40:00,20:44:00,2400,3360,catalog,,False,False
win-Arecibo-Observatory-20230622-104500.npy,20230622,Arecibo-Observatory,III,10:55:00,10:55:00,10:55:10,10:55:45,2440,2580,zero_width_default,,False,False
win-Arecibo-Observatory-20230622-113000.npy,20230622,Arecibo-Observatory,III,11:39:00,11:40:00,11:39:00,11:40:00,2160,2400,catalog,,False,False
win-Arecibo-Observatory-20230622-140001.npy,20230622,Arecibo-Observatory,III,14:06:00,14:07:00,14:06:00,14:07:00,1436,1676,catalog,,False,False
win-Arecibo-Observatory-20230622-154501.npy,20230622,Arecibo-Observatory,III,15:48:00,15:48:00,15:48:10,15:48:45,756,896,zero_width_default,,False,False
win-Arecibo-Observatory-20230622-163000.npy,20230622,Arecibo-Observatory,III,16:30:00,16:30:00,16:30:10,16:30:45,40,180,zero_width_default,,False,False
win-Arecibo-Observatory-20230622-175959.npy,20230622,Arecibo-Observatory,III,18:03:00,18:06:00,18:03:00,18:06:00,724,1444,catalog,,False,False
win-Arecibo-Observatory-20230622-181459.npy,20230622,Arecibo-Observatory,III,18:28:00,18:28:00,18:28:10,18:28:45,3164,3304,zero_width_default,,False,False
win-Arecibo-Observatory-20230622-184459.npy,20230622,Arecibo-Observatory,III,18:57:00,18:58:00,18:57:00,18:58:00,2884,3124,catalog,,False,False
win-Arecibo-Observatory-20230623-103000.npy,20230623,Arecibo-Observatory,III,10:31:00,10:33:00,10:31:00,10:33:00,240,720,catalog,,False,False
win-Arecibo-Observatory-20230623-113000.npy,20230623,Arecibo-Observatory,III,11:37:00,11:37:00,11:37:10,11:37:45,1720,1860,zero_width_default,,False,False
win-Arecibo-Observatory-20230623-114500.npy,20230623,Arecibo-Observatory,III,11:55:00,11:57:00,11:55:00,11:57:00,2400,2880,catalog,,False,False
win-Arecibo-Observatory-20230623-133001.npy,20230623,Arecibo-Observatory,III,13:31:00,13:35:00,13:31:00,13:35:00,236,1196,catalog,,False,False
win-Arecibo-Observatory-20230623-140001.npy,20230623,Arecibo-Observatory,III,14:10:00,14:11:00,14:10:00,14:11:00,2396,2636,catalog,,False,False
win-Arecibo-Observatory-20230623-141501.npy,20230623,Arecibo-Observatory,III,14:28:00,14:28:00,14:28:10,14:28:45,3156,3296,zero_width_default,,False,False
win-Arecibo-Observatory-20230623-144501.npy,20230623,Arecibo-Observatory,III,14:46:00,14:55:00,14:46:00,14:55:00,236,2396,catalog,,False,False
win-Arecibo-Observatory-20230623-151501.npy,20230623,Arecibo-Observatory,III,15:18:00,15:24:00,15:18:00,15:24:00,716,2156,catalog,,False,False
win-Arecibo-Observatory-20230623-160001.npy,20230623,Arecibo-Observatory,III,16:10:00,16:15:00,16:10:00,16:15:00,2396,3596,catalog,,False,False
win-Arecibo-Observatory-20230623-163000.npy,20230623,Arecibo-Observatory,III,16:38:00,16:38:00,16:38:10,16:38:45,1960,2100,zero_width_default,,False,False
win-Arecibo-Observatory-20230623-174500.npy,20230623,Arecibo-Observatory,III,17:52:00,17:53:00,17:52:00,17:53:00,1680,1920,catalog,,False,False
win-Arecibo-Observatory-20230623-180000.npy,20230623,Arecibo-Observatory,III,18:09:00,18:10:00,18:09:00,18:10:00,2160,2400,catalog,,False,False
win-Arecibo-Observatory-20230623-183000.npy,20230623,Arecibo-Observatory,III,18:37:00,18:38:00,18:37:00,18:38:00,1680,1920,catalog,,False,False
win-Arecibo-Observatory-20230623-190000.npy,20230623,Arecibo-Observatory,III,19:14:00,19:15:00,19:14:00,19:15:00,3360,3600,catalog,,False,False
win-Arecibo-Observatory-20230623-191501.npy,20230623,Arecibo-Observatory,III,19:26:00,19:28:00,19:26:00,19:28:00,2636,3116,catalog,,False,False
win-Arecibo-Observatory-20230623-193000.npy,20230623,Arecibo-Observatory,III,19:31:00,19:32:00,19:31:00,19:32:00,240,480,catalog,,False,False
win-Arecibo-Observatory-20230623-200001.npy,20230623,Arecibo-Observatory,III,20:03:00,20:03:00,20:03:10,20:03:45,756,896,zero_width_default,,False,False
win-Arecibo-Observatory-20230624-133000.npy,20230624,Arecibo-Observatory,III,13:31:00,14:00:00,13:31:00,14:00:00,240,3600,catalog,,False,True
win-Arecibo-Observatory-20230624-134501.npy,20230624,Arecibo-Observatory,III,13:31:00,14:00:00,13:31:00,14:00:00,0,3596,catalog,,False,True
win-Arecibo-Observatory-20230624-150001.npy,20230624,Arecibo-Observatory,III,15:01:00,15:01:00,15:01:10,15:01:45,276,416,zero_width_default,,False,False
win-Arecibo-Observatory-20230624-154501.npy,20230624,Arecibo-Observatory,III,15:45:00,15:49:00,15:45:00,15:49:00,0,956,catalog,,False,True
win-Arecibo-Observatory-20230624-171459.npy,20230624,Arecibo-Observatory,III,17:23:00,17:24:00,17:23:00,17:24:00,1924,2164,catalog,,False,False
win-Arecibo-Observatory-20230702-123000.npy,20230702,Arecibo-Observatory,III,12:32:00,12:33:00,12:32:00,12:33:00,480,720,catalog,,False,False
win-Arecibo-Observatory-20230703-121500.npy,20230703,Arecibo-Observatory,III,12:28:00,12:29:00,12:28:00,12:29:00,3120,3360,catalog,,False,False
win-Arecibo-Observatory-20230703-123001.npy,20230703,Arecibo-Observatory,III,12:31:00,12:32:00,12:31:00,12:32:00,236,476,catalog,,False,False
win-Arecibo-Observatory-20230703-124500.npy,20230703,Arecibo-Observatory,III,12:46:00,12:46:00,12:46:10,12:46:45,280,420,zero_width_default,,False,False
win-Arecibo-Observatory-20230703-173000.npy,20230703,Arecibo-Observatory,III,17:37:00,17:37:00,17:37:10,17:37:45,1720,1860,zero_width_default,,False,False
win-Arecibo-Observatory-20230703-183000.npy,20230703,Arecibo-Observatory,II,18:36:00,18:39:00,18:37:02,18:38:50,1688,2120,manual,usable,False,False
win-Arecibo-Observatory-20230703-190001.npy,20230703,Arecibo-Observatory,III,19:09:00,19:10:00,19:09:00,19:10:00,2156,2396,catalog,,False,False
win-Arecibo-Observatory-20230703-201501.npy,20230703,Arecibo-Observatory,III,20:15:00,20:16:00,20:15:00,20:16:00,0,236,catalog,,False,True
win-Arecibo-Observatory-20230703-210001.npy,20230703,Arecibo-Observatory,V,21:04:00,21:07:00,21:05:03,21:05:27,1208,1304,manual,usable,False,False
win-Arecibo-Observatory-20230705-134500.npy,20230705,Arecibo-Observatory,III,13:54:00,13:55:00,13:54:00,13:55:00,2160,2400,catalog,,False,False
win-Arecibo-Observatory-20230705-150001.npy,20230705,Arecibo-Observatory,III,15:08:00,15:08:00,15:08:10,15:08:45,1956,2096,zero_width_default,,False,False
win-Arecibo-Observatory-20230705-170000.npy,20230705,Arecibo-Observatory,III,17:11:00,17:12:00,17:11:00,17:12:00,2640,2880,catalog,,False,False
win-Arecibo-Observatory-20230705-173000.npy,20230705,Arecibo-Observatory,III,17:32:00,17:33:00,17:32:00,17:33:00,480,720,catalog,,False,False
win-Arecibo-Observatory-20230705-174500.npy,20230705,Arecibo-Observatory,III,17:54:00,18:00:00,17:54:00,18:00:00,2160,3600,catalog,,False,False
win-Arecibo-Observatory-20230706-153204.npy,20230706,Arecibo-Observatory,III,15:32:00,15:33:00,15:32:00,15:33:00,0,224,catalog,,False,True
win-Arecibo-Observatory-20230706-163000.npy,20230706,Arecibo-Observatory,III,16:37:00,16:38:00,16:37:00,16:38:00,1680,1920,catalog,,False,False
win-Arecibo-Observatory-20230706-172959.npy,20230706,Arecibo-Observatory,III,17:30:00,17:30:00,17:30:10,17:30:45,44,184,zero_width_default,,False,False
win-Arecibo-Observatory-20230706-185959.npy,20230706,Arecibo-Observatory,III,19:12:00,19:13:00,19:12:00,19:13:00,2884,3124,catalog,,False,False
win-Arecibo-Observatory-20230707-104500.npy,20230707,Arecibo-Observatory,III,10:49:00,10:50:00,10:49:00,10:50:00,960,1200,catalog,,False,False
win-Arecibo-Observatory-20230707-111500.npy,20230707,Arecibo-Observatory,III,11:23:00,11:25:00,11:23:00,11:25:00,1920,2400,catalog,,False,False
win-Arecibo-Observatory-20230707-114500.npy,20230707,Arecibo-Observatory,III,11:51:00,11:52:00,11:51:00,11:52:00,1440,1680,catalog,,False,False
win-Arecibo-Observatory-20230707-143001.npy,20230707,Arecibo-Observatory,III,14:39:00,14:39:00,14:39:10,14:39:45,2196,2336,zero_width_default,,False,False
win-Arecibo-Observatory-20230707-153001.npy,20230707,Arecibo-Observatory,III,15:37:00,15:38:00,15:37:00,15:38:00,1676,1916,catalog,,False,False
win-Arecibo-Observatory-20230708-113000.npy,20230708,Arecibo-Observatory,III,11:35:00,11:36:00,11:35:00,11:36:00,1200,1440,catalog,,False,False
win-Arecibo-Observatory-20230708-124500.npy,20230708,Arecibo-Observatory,III,12:52:00,12:53:00,12:52:00,12:53:00,1680,1920,catalog,,False,False
win-Arecibo-Observatory-20230708-133001.npy,20230708,Arecibo-Observatory,III,13:30:00,13:34:00,13:30:00,13:34:00,0,956,catalog,,False,True
win-Arecibo-Observatory-20230708-150001.npy,20230708,Arecibo-Observatory,III,15:10:00,15:11:00,15:10:00,15:11:00,2396,2636,catalog,,False,False
win-Arecibo-Observatory-20230708-181459.npy,20230708,Arecibo-Observatory,III,18:24:00,18:25:00,18:24:00,18:25:00,2164,2404,catalog,,False,False
win-Arecibo-Observatory-20230708-184459.npy,20230708,Arecibo-Observatory,III,18:52:00,18:54:00,18:52:00,18:54:00,1684,2164,catalog,,False,False
win-Arecibo-Observatory-20230708-200000.npy,20230708,Arecibo-Observatory,V,20:05:00,20:07:00,20:05:35,20:07:09,1340,1716,manual,usable,False,False
win-Arecibo-Observatory-20230709-111500.npy,20230709,Arecibo-Observatory,III,11:22:00,11:22:00,11:22:10,11:22:45,1720,1860,zero_width_default,,False,False
win-Arecibo-Observatory-20230709-113000.npy,20230709,Arecibo-Observatory,III,11:36:00,11:36:00,11:36:10,11:36:45,1480,1620,zero_width_default,,False,False
win-Arecibo-Observatory-20230709-131500.npy,20230709,Arecibo-Observatory,III,13:23:00,13:23:00,13:23:10,13:23:45,1960,2100,zero_width_default,,False,False
win-Arecibo-Observatory-20230709-140001.npy,20230709,Arecibo-Observatory,III,14:04:00,14:13:00,14:04:00,14:13:00,956,3116,catalog,,False,False
win-Arecibo-Observatory-20230709-154501.npy,20230709,Arecibo-Observatory,III,15:53:00,15:54:00,15:53:00,15:54:00,1916,2156,catalog,,False,False
win-Arecibo-Observatory-20230709-190000.npy,20230709,Arecibo-Observatory,III,19:11:00,19:11:00,19:11:10,19:11:45,2680,2820,zero_width_default,,False,False
win-Arecibo-Observatory-20230709-213001.npy,20230709,Arecibo-Observatory,III,21:37:00,21:39:00,21:37:00,21:39:00,1676,2156,catalog,,False,False
win-Arecibo-Observatory-20230710-113000.npy,20230710,Arecibo-Observatory,III,11:31:00,11:35:00,11:31:00,11:35:00,240,1200,catalog,,False,False
win-Arecibo-Observatory-20230710-114500.npy,20230710,Arecibo-Observatory,II,11:46:00,11:59:00,11:46:19,11:59:06,316,3384,manual,usable,False,False
win-Arecibo-Observatory-20230710-120000.npy,20230710,Arecibo-Observatory,III,12:01:00,12:02:00,12:01:00,12:02:00,240,480,catalog,,False,False
win-Arecibo-Observatory-20230710-124500.npy,20230710,Arecibo-Observatory,III,12:54:00,12:56:00,12:54:00,12:56:00,2160,2640,catalog,,False,False
win-Arecibo-Observatory-20230710-130000.npy,20230710,Arecibo-Observatory,III,13:06:00,13:07:00,13:06:00,13:07:00,1440,1680,catalog,,False,False
win-Arecibo-Observatory-20230710-131501.npy,20230710,Arecibo-Observatory,III,13:16:00,13:17:00,13:16:00,13:17:00,236,476,catalog,,False,False
win-Arecibo-Observatory-20230710-164500.npy,20230710,Arecibo-Observatory,III,16:49:00,16:49:00,16:49:10,16:49:45,1000,1140,zero_width_default,,False,False
win-Arecibo-Observatory-20230710-173000.npy,20230710,Arecibo-Observatory,III,17:31:00,17:32:00,17:31:00,17:32:00,240,480,catalog,,False,False
win-Arecibo-Observatory-20230710-183000.npy,20230710,Arecibo-Observatory,III,18:44:00,18:44:00,18:44:10,18:44:45,3400,3540,zero_width_default,,False,False
win-Arecibo-Observatory-20230710-200000.npy,20230710,Arecibo-Observatory,III,20:12:00,20:12:00,20:12:10,20:12:45,2920,3060,zero_width_default,,False,False
win-Arecibo-Observatory-20230711-114500.npy,20230711,Arecibo-Observatory,III,11:45:00,11:46:00,11:45:00,11:46:00,0,240,catalog,,False,False
win-Arecibo-Observatory-20230711-120000.npy,20230711,Arecibo-Observatory,III,12:04:00,12:05:00,12:04:00,12:05:00,960,1200,catalog,,False,False
win-Arecibo-Observatory-20230711-140000.npy,20230711,Arecibo-Observatory,III,14:14:00,14:14:00,14:14:10,14:14:45,3400,3540,zero_width_default,,False,False
win-Arecibo-Observatory-20230711-163000.npy,20230711,Arecibo-Observatory,III,16:37:00,16:38:00,16:37:00,16:38:00,1680,1920,catalog,,False,False
win-Arecibo-Observatory-20230711-164459.npy,20230711,Arecibo-Observatory,III,16:46:00,16:46:00,16:46:10,16:46:45,284,424,zero_width_default,,False,False
win-Arecibo-Observatory-20230711-184459.npy,20230711,Arecibo-Observatory,III,18:53:00,18:54:00,18:53:00,18:54:00,1924,2164,catalog,,False,False
win-Arecibo-Observatory-20230711-185959.npy,20230711,Arecibo-Observatory,III,19:11:00,19:12:00,19:11:00,19:12:00,2644,2884,catalog,,False,False
win-Arecibo-Observatory-20230712-163000.npy,20230712,Arecibo-Observatory,III,16:32:00,16:34:00,16:32:00,16:34:00,480,960,catalog,,False,False
win-Arecibo-Observatory-20230712-180000.npy,20230712,Arecibo-Observatory,III,18:00:00,18:01:00,18:00:00,18:01:00,0,240,catalog,,False,False
win-Arecibo-Observatory-20230712-183000.npy,20230712,Arecibo-Observatory,III,18:37:00,18:38:00,18:37:00,18:38:00,1680,1920,catalog,,False,False
win-Arecibo-Observatory-20230714-124500.npy,20230714,Arecibo-Observatory,V,12:48:00,12:56:00,12:48:17,12:51:14,788,1496,manual,usable,False,False
win-Arecibo-Observatory-20230714-164500.npy,20230714,Arecibo-Observatory,II,16:44:00,16:58:00,16:45:15,16:57:54,60,3096,manual,usable,False,False
win-Arecibo-Observatory-20230714-184500.npy,20230714,Arecibo-Observatory,V,18:55:00,18:58:00,18:54:49,18:58:52,2356,3328,manual,usable,False,False
win-Arecibo-Observatory-20230715-100000.npy,20230715,Arecibo-Observatory,III,10:06:00,10:10:00,10:06:00,10:10:00,1440,2400,catalog,,False,False
win-Arecibo-Observatory-20230715-101500.npy,20230715,Arecibo-Observatory,II,10:17:00,10:26:00,10:18:45,10:25:36,900,2544,manual,usable,False,False
win-Arecibo-Observatory-20230715-121500.npy,20230715,Arecibo-Observatory,III,12:15:00,12:21:00,12:15:00,12:21:00,0,1440,catalog,,False,False
win-Arecibo-Observatory-20230715-141500.npy,20230715,Arecibo-Observatory,III,14:22:00,14:29:00,14:22:00,14:29:00,1680,3360,catalog,,False,False
win-Arecibo-Observatory-20230715-161501.npy,20230715,Arecibo-Observatory,III,16:23:00,16:24:00,16:23:00,16:24:00,1916,2156,catalog,,False,False
win-Arecibo-Observatory-20230715-163000.npy,20230715,Arecibo-Observatory,III,16:35:00,16:36:00,16:35:00,16:36:00,1200,1440,catalog,,False,False
win-Arecibo-Observatory-20230715-163000.npy,20230715,Arecibo-Observatory,II,16:32:00,16:44:00,16:32:17,16:44:58,548,3592,manual,usable,False,False
win-Arecibo-Observatory-20230715-164459.npy,20230715,Arecibo-Observatory,III,16:49:00,16:52:00,16:49:00,16:52:00,964,1684,catalog,,False,False
win-Arecibo-Observatory-20230715-174459.npy,20230715,Arecibo-Observatory,III,17:45:00,17:51:00,17:45:00,17:51:00,4,1444,catalog,,False,False
win-Arecibo-Observatory-20230715-184459.npy,20230715,Arecibo-Observatory,III,18:45:00,18:53:00,18:45:00,18:53:00,4,1924,catalog,,False,False
win-Arecibo-Observatory-20230715-185959.npy,20230715,Arecibo-Observatory,III,19:06:00,19:07:00,19:06:00,19:07:00,1444,1684,catalog,,False,False
win-Arecibo-Observatory-20230715-191459.npy,20230715,Arecibo-Observatory,III,19:25:00,19:26:00,19:25:00,19:26:00,2404,2644,catalog,,False,False
win-Arecibo-Observatory-20230715-194500.npy,20230715,Arecibo-Observatory,V,19:56:00,20:00:00,19:56:38,19:59:56,2792,3584,manual,usable,False,False
win-Arecibo-Observatory-20230715-195959.npy,20230715,Arecibo-Observatory,II,20:06:00,20:12:00,20:06:48,20:11:12,1636,2692,manual,usable,False,False
win-Arecibo-Observatory-20230717-110000.npy,20230717,Arecibo-Observatory,III,11:05:00,11:05:00,11:05:10,11:05:45,1240,1380,zero_width_default,,False,False
win-Arecibo-Observatory-20230717-111500.npy,20230717,Arecibo-Observatory,III,11:26:00,11:28:00,11:26:00,11:28:00,2640,3120,catalog,,False,False
win-Arecibo-Observatory-20230717-114500.npy,20230717,Arecibo-Observatory,III,11:50:00,11:51:00,11:50:00,11:51:00,1200,1440,catalog,,False,False
win-Arecibo-Observatory-20230717-154501.npy,20230717,Arecibo-Observatory,III,15:54:00,15:54:00,15:54:10,15:54:45,2196,2336,zero_width_default,,False,False
win-Arecibo-Observatory-20230717-184501.npy,20230717,Arecibo-Observatory,III,18:48:00,18:54:00,18:48:00,18:54:00,716,2156,catalog,,False,False
win-Arecibo-Observatory-20230718-131500.npy,20230718,Arecibo-Observatory,III,13:25:00,13:27:00,13:25:00,13:27:00,2400,2880,catalog,,False,False
win-Arecibo-Observatory-20230718-134500.npy,20230718,Arecibo-Observatory,III,13:55:00,13:56:00,13:55:00,13:56:00,2400,2640,catalog,,False,False
win-Arecibo-Observatory-20230718-144501.npy,20230718,Arecibo-Observatory,III,14:46:00,14:46:00,14:46:10,14:46:45,276,416,zero_width_default,,False,False
win-Arecibo-Observatory-20230718-151501.npy,20230718,Arecibo-Observatory,III,15:17:00,15:18:00,15:17:00,15:18:00,476,716,catalog,,False,False
win-Arecibo-Observatory-20230718-161501.npy,20230718,Arecibo-Observatory,III,16:16:00,16:16:00,16:16:10,16:16:45,276,416,zero_width_default,,False,False
win-Arecibo-Observatory-20230718-171500.npy,20230718,Arecibo-Observatory,II,17:27:00,17:48:00,17:26:14,17:48:38,2696,3600,manual,usable,False,True
win-Arecibo-Observatory-20230718-171500.npy,20230718,Arecibo-Observatory,III,17:26:00,17:27:00,17:26:00,17:27:00,2640,2880,catalog,,False,False
win-Arecibo-Observatory-20230718-173000.npy,20230718,Arecibo-Observatory,II,17:27:00,17:48:00,17:26:14,17:48:38,0,3600,manual,usable,False,True
win-Arecibo-Observatory-20230718-174500.npy,20230718,Arecibo-Observatory,II,17:27:00,17:48:00,17:26:14,17:48:38,0,872,manual,usable,False,True
win-Arecibo-Observatory-20230718-183000.npy,20230718,Arecibo-Observatory,III,18:40:00,18:43:00,18:40:00,18:43:00,2400,3120,catalog,,False,False
win-Arecibo-Observatory-20230718-184500.npy,20230718,Arecibo-Observatory,III,18:47:00,18:54:00,18:47:00,18:54:00,480,2160,catalog,,False,False
win-Arecibo-Observatory-20230718-201500.npy,20230718,Arecibo-Observatory,III,20:16:00,20:20:00,20:16:00,20:20:00,240,1200,catalog,,False,False
win-Arecibo-Observatory-20230719-131501.npy,20230719,Arecibo-Observatory,III,13:19:00,13:21:00,13:19:00,13:21:00,956,1436,catalog,,False,False
win-Arecibo-Observatory-20230719-144501.npy,20230719,Arecibo-Observatory,III,14:55:00,14:55:00,14:55:10,14:55:45,2436,2576,zero_width_default,,False,False
win-Arecibo-Observatory-20230720-103000.npy,20230720,Arecibo-Observatory,III,10:39:00,10:40:00,10:39:00,10:40:00,2160,2400,catalog,,False,False
win-Arecibo-Observatory-20230720-111500.npy,20230720,Arecibo-Observatory,III,11:20:00,11:20:00,11:20:10,11:20:45,1240,1380,zero_width_default,,False,False
win-Arecibo-Observatory-20230720-153001.npy,20230720,Arecibo-Observatory,III,15:37:00,15:39:00,15:37:00,15:39:00,1676,2156,catalog,,False,False
win-Arecibo-Observatory-20230720-164500.npy,20230720,Arecibo-Observatory,III,16:46:00,16:47:00,16:46:00,16:47:00,240,480,catalog,,False,False
win-Arecibo-Observatory-20230720-170000.npy,20230720,Arecibo-Observatory,III,17:06:00,17:07:00,17:06:00,17:07:00,1440,1680,catalog,,False,False
win-Arecibo-Observatory-20230720-174500.npy,20230720,Arecibo-Observatory,III,17:46:00,17:47:00,17:46:00,17:47:00,240,480,catalog,,False,False
win-Arecibo-Observatory-20230720-200001.npy,20230720,Arecibo-Observatory,III,20:13:00,20:22:00,20:13:00,20:22:00,3116,3600,catalog,,False,True
win-Arecibo-Observatory-20230720-201501.npy,20230720,Arecibo-Observatory,III,20:13:00,20:22:00,20:13:00,20:22:00,0,1676,catalog,,False,True
win-Arecibo-Observatory-20230721-111500.npy,20230721,Arecibo-Observatory,III,11:16:00,11:16:00,11:16:10,11:16:45,280,420,zero_width_default,,False,False
win-Arecibo-Observatory-20230721-114500.npy,20230721,Arecibo-Observatory,III,11:49:00,11:57:00,11:49:00,11:57:00,960,2880,catalog,,False,False
win-Arecibo-Observatory-20230721-123000.npy,20230721,Arecibo-Observatory,III,12:35:00,12:36:00,12:35:00,12:36:00,1200,1440,catalog,,False,False
win-Arecibo-Observatory-20230721-131501.npy,20230721,Arecibo-Observatory,III,13:26:00,13:29:00,13:26:00,13:29:00,2636,3356,catalog,,False,False
win-Arecibo-Observatory-20230721-154501.npy,20230721,Arecibo-Observatory,III,15:45:00,15:45:00,15:45:10,15:45:45,36,176,zero_width_default,,False,False
win-Arecibo-Observatory-20230721-184500.npy,20230721,Arecibo-Observatory,III,18:56:00,18:56:00,18:56:10,18:56:45,2680,2820,zero_width_default,,False,False
win-Arecibo-Observatory-20230721-193000.npy,20230721,Arecibo-Observatory,III,19:38:00,19:44:00,19:38:00,19:44:00,1920,3360,catalog,,False,False
win-Arecibo-Observatory-20230722-114500.npy,20230722,Arecibo-Observatory,III,11:48:00,11:49:00,11:48:00,11:49:00,720,960,catalog,,False,False
win-Arecibo-Observatory-20230722-141501.npy,20230722,Arecibo-Observatory,III,14:28:00,14:29:00,14:28:00,14:29:00,3116,3356,catalog,,False,False
win-Arecibo-Observatory-20230722-164459.npy,20230722,Arecibo-Observatory,III,16:59:00,17:00:00,16:59:00,17:00:00,3364,3600,catalog,,False,True
win-Arecibo-Observatory-20230722-175959.npy,20230722,Arecibo-Observatory,III,18:14:00,18:14:00,18:14:10,18:14:45,3404,3544,zero_width_default,,False,False
win-Arecibo-Observatory-20230722-181459.npy,20230722,Arecibo-Observatory,III,18:25:00,18:26:00,18:25:00,18:26:00,2404,2644,catalog,,False,False
win-Arecibo-Observatory-20230723-113000.npy,20230723,Arecibo-Observatory,III,11:34:00,11:36:00,11:34:00,11:36:00,960,1440,catalog,,False,False
win-Arecibo-Observatory-20230723-120001.npy,20230723,Arecibo-Observatory,III,12:00:00,12:07:00,12:00:00,12:07:00,0,1676,catalog,,False,True
win-Arecibo-Observatory-20230723-191500.npy,20230723,Arecibo-Observatory,III,19:24:00,19:24:00,19:24:10,19:24:45,2200,2340,zero_width_default,,False,False
win-Arecibo-Observatory-20230723-194501.npy,20230723,Arecibo-Observatory,III,19:54:00,19:54:00,19:54:10,19:54:45,2196,2336,zero_width_default,,False,False
win-Arecibo-Observatory-20230724-111500.npy,20230724,Arecibo-Observatory,III,11:28:00,11:28:00,11:28:10,11:28:45,3160,3300,zero_width_default,,False,False
win-Arecibo-Observatory-20230724-120001.npy,20230724,Arecibo-Observatory,III,12:02:00,12:03:00,12:02:00,12:03:00,476,716,catalog,,False,False
win-Arecibo-Observatory-20230724-123001.npy,20230724,Arecibo-Observatory,III,12:34:00,12:34:00,12:34:10,12:34:45,996,1136,zero_width_default,,False,False
win-Arecibo-Observatory-20230724-140001.npy,20230724,Arecibo-Observatory,III,14:13:00,14:19:00,14:13:00,14:19:00,3116,3600,catalog,,False,True
win-Arecibo-Observatory-20230724-141501.npy,20230724,Arecibo-Observatory,III,14:13:00,14:19:00,14:13:00,14:19:00,0,956,catalog,,False,True
