file_name,date,location,win_start_time,win_end_time,n_freq_channels,sample_interval_s,freq_min_mhz,freq_max_mhz,n_cols,n_boxes,excluded,exclude_reason,offclass_types
win-Arecibo-Observatory-20211010-122405.npy,20211010,Arecibo-Observatory,12:24:05,12:39:05,200,0.25,5.0,119.93800354003906,3600,0,False,,
win-Arecibo-Observatory-20211010-123905.npy,20211010,Arecibo-Observatory,12:39:05,12:54:05,200,0.25,5.0,119.93800354003906,3600,0,False,,
win-Arecibo-Observatory-20211010-125405.npy,20211010,Arecibo-Observatory,12:54:05,12:59:57,200,0.25,5.0,119.93800354003906,1410,1,True,all_boxes_review_discard,
win-Arecibo-Observatory-20211010-125407.npy,20211010,Arecibo-Observatory,12:54:07,13:09:07,200,0.25,5.0,119.93800354003906,3600,1,True,all_boxes_review_discard,
win-Arecibo-Observatory-20211010-130907.npy,20211010,Arecibo-Observatory,13:09:07,13:24:07,200,0.25,5.0,119.93800354003906,3600,0,False,,
win-Arecibo-Observatory-20211010-132407.npy,20211010,Arecibo-Observatory,13:24:07,13:39:07,200,0.25,5.0,119.93800354003906,3600,0,False,,
win-Arecibo-Observatory-20211010-142407.npy,20211010,Arecibo-Observatory,14:24:07,14:39:07,200,0.25,5.0,119.93800354003906,3600,0,False,,
win-Arecibo-Observatory-20211010-143907.npy,20211010,Arecibo-Observatory,14:39:07,14:54:07,200,0.25,5.0,119.93800354003906,3600,0,False,,
win-Arecibo-Observatory-20211010-145407.npy,20211010,Arecibo-Observatory,14:54:07,15:09:07,200,0.25,5.0,119.93800354003906,3600,1,True,all_boxes_review_discard,
win-Arecibo-Observatory-20211010-150907.npy,20211010,Arecibo-Observatory,15:09:07,15:24:07,200,0.25,5.0,119.93800354003906,3600,0,False,,
win-Arecibo-Observatory-20211010-152407.npy,20211010,Arecibo-Observatory,15:24:07,15:39:07,200,0.25,5.0,119.93800354003906,3600,0,False,,
win-Arecibo-Observatory-20211013-111500.npy,20211013,Arecibo-Observatory,11:15:00,11:30:00,200,0.25,5.0,119.93800354003906,3600,0,False,,
win-Arecibo-Observatory-20211013-113000.npy,20211013,Arecibo-Observatory,11:30:00,11:45:00,200,0.25,5.0,119.93800354003906,3600,0,False,,
win-Arecibo-Observatory-20211013-114500.npy,20211013,Arecibo-Observatory,11:45:00,12:00:00,200,0.25,5.0,119.93800354003906,3600,1,True,all_boxes_review_discard,
win-Arecibo-Observatory-20211013-120000.npy,20211013,Arecibo-Observatory,12:00:00,12:06:07,200,0.25,5.0,119.93800354003906,1469,0,False,,
win-Arecibo-Observatory-20211023-143001.npy,20211023,Arecibo-Observatory,14:30:01,14:45:01,200,0.25,5.0,119.93800354003906,3600,0,False,,
win-Arecibo-Observatory-20211023-144501.npy,20211023,Arecibo-Observatory,14:45:01,14:59:58,200,0.25,5.0,119.93800354003906,3588,0,False,,
win-Arecibo-Observatory-20211023-150000.npy,20211023,Arecibo-Observatory,15:00:00,15:15:00,200,0.25,5.0,119.93800354003906,3600,1,True,all_boxes_review_discard,
win-Arecibo-Observatory-20211023-151500.npy,20211023,Arecibo-Observatory,15:15:00,15:30:00,200,0.25,5.0,119.93800354003906,3600,0,False,,
win-Arecibo-Observatory-20211023-153000.npy,20211023,Arecibo-Observatory,15:30:00,15:45:00,200,0.25,5.0,119.93800354003906,3600,0,False,,
win-Arecibo-Observatory-20211025-173000.npy,20211025,Arecibo-Observatory,17:30:00,17:45:00,200,0.25,5.0,119.93800354003906,3600,0,False,,
win-Arecibo-Observatory-20211025-174501.npy,20211025,Arecibo-Observatory,17:45:01,18:00:01,200,0.25,5.0,119.93800354003906,3600,0,False,,
win-Arecibo-Observatory-20211025-180001.npy,20211025,Arecibo-Observatory,18:00:01,18:15:01,200,0.25,5.0,119.93800354003906,3600,1,True,all_boxes_review_discard,
win-Arecibo-Observatory-20211025-181501.npy,20211025,Arecibo-Observatory,18:15:01,18:30:01,200,0.25,5.0,119.93800354003906,3600,0,False,,
win-Arecibo-Observatory-20211025-183001.npy,20211025,Arecibo-Observatory,18:30:01,18:45:01,200,0.25,5.0,119.93800354003906,3600,0,False,,
win-Arecibo-Observatory-20211026-133001.npy,20211026,Arecibo-Observatory,13:30:01,13:45:01,200,0.25,5.0,119.93800354003906,3600,0,False,,
win-Arecibo-Observatory-20211026-134501.npy,20211026,Arecibo-Observatory,13:45:01,14:00:01,200,0.25,5.0,119.93800354003906,3600,0,False,,
win-Arecibo-Observatory-20211026-140001.npy,20211026,Arecibo-Observatory,14:00:01,14:15:01,200,0.25,5.0,119.93800354003906,3600,1,False,,
win-Arecibo-Observatory-20211026-141501.npy,20211026,Arecibo-Observatory,14:15:01,14:30:01,200,0.25,5.0,119.93800354003906,3600,0,False,,
win-Arecibo-Observatory-20211026-143001.npy,20211026,Arecibo-Observatory,14:30:01,14:45:01,200,0.25,5.0,119.93800354003906,3600,0,True,offclass_event_in_negative_window,VI
win-Arecibo-Observatory-20211027-182529.npy,20211027,Arecibo-Observatory,18:25:29,18:40:29,200,0.25,5.0,119.93800354003906,3600,0,False,,
win-Arecibo-Observatory-20211027-184029.npy,20211027,Arecibo-Observatory,18:40:29,18:55:29,200,0.25,5.0,119.93800354003906,3600,0,False,,
win-Arecibo-Observatory-20211027-185529.npy,20211027,Arecibo-Observatory,18:55:29,19:10:29,200,0.25,5.0,119.93800354003906,3600,1,False,,
win-Arecibo-Observatory-20211027-191030.npy,20211027,Arecibo-Observatory,19:10:30,19:25:30,200,0.25,5.0,119.93800354003906,3600,0,False,,
win-Arecibo-Observatory-20211027-192530.npy,20211027,Arecibo-Observatory,19:25:30,19:40:30,200,0.25,5.0,119.93800354003906,3600,0,False,,
win-Arecibo-Observatory-20211028-121500.npy,20211028,Arecibo-Observatory,12:15:00,12:30:00,200,0.25,5.0,119.93800354003906,3600,0,False,,
win-Arecibo-Observatory-20211028-123000.npy,20211028,Arecibo-Observatory,12:30:00,12:45:00,200,0.25,5.0,119.93800354003906,3600,0,False,,
win-Arecibo-Observatory-20211028-124500.npy,20211028,Arecibo-Observatory,12:45:00,13:00:00,200,0.25,5.0,119.93800354003906,3600,1,True,all_boxes_review_discard,
win-Arecibo-Observatory-20211028-130000.npy,20211028,Arecibo-Observatory,13:00:00,13:15:00,200,0.25,5.0,119.93800354003906,3600,0,False,,
win-Arecibo-Observatory-20211028-131500.npy,20211028,Arecibo-Observatory,13:15:00,13:30:00,200,0.25,5.0,119.93800354003906,3600,0,False,,
win-Arecibo-Observatory-20211028-144500.npy,20211028,Arecibo-Observatory,14:45:00,14:59:57,200,0.25,5.0,119.93800354003906,3589,0,False,,
win-Arecibo-Observatory-20211028-150000.npy,20211028,Arecibo-Observatory,15:00:00,15:15:00,200,0.25,5.0,119.93800354003906,3600,0,False,,
win-Arecibo-Observatory-20211028-151500.npy,20211028,Arecibo-Observatory,15:15:00,15:30:00,200,0.25,5.0,119.93800354003906,3600,1,False,,
win-Arecibo-Observatory-20211028-153000.npy,20211028,Arecibo-Observatory,15:30:00,15:45:00,200,0.25,5.0,119.93800354003906,3600,1,False,,
win-Arecibo-Observatory-20211028-154501.npy,20211028,Arecibo-Observatory,15:45:01,16:00:01,200,0.25,5.0,119.93800354003906,3600,1,False,,
win-Arecibo-Observatory-20211028-160000.npy,20211028,Arecibo-Observatory,16:00:00,16:15:00,200,0.25,5.0,119.93800354003906,3600,0,False,,
win-Arecibo-Observatory-20211028-161500.npy,20211028,Arecibo-Observatory,16:15:00,16:30:00,200,0.25,5.0,119.93800354003906,3600,0,False,,
win-Arecibo-Observatory-20211030-152952.npy,20211030,Arecibo-Observatory,15:29:52,15:44:52,100,0.125,5.0,85.43800354003906,4500,0,False,,
win-Arecibo-Observatory-20211030-154448.npy,20211030,Arecibo-Observatory,15:44:48,15:59:48,100,0.125,5.0,85.43800354003906,4500,0,False,,
win-Arecibo-Observatory-20211030-155944.npy,20211030,Arecibo-Observatory,15:59:44,16:14:44,100,0.125,5.0,85.43800354003906,4500,0,False,,
win-Arecibo-Observatory-20211030-161601.npy,20211030,Arecibo-Observatory,16:16:01,16:31:01,100,0.125,5.0,85.43800354003906,4500,0,False,,
win-Arecibo-Observatory-20211030-163055.npy,20211030,Arecibo-Observatory,16:30:55,16:45:55,100,0.125,5.0,85.43800354003906,4500,0,False,,
win-Arecibo-Observatory-20211030-164551.npy,20211030,Arecibo-Observatory,16:45:51,17:00:51,100,0.125,5.0,85.43800354003906,4500,0,False,,
win-Arecibo-Observatory-20211030-170047.npy,20211030,Arecibo-Observatory,17:00:47,17:15:47,100,0.125,5.0,85.43800354003906,4500,0,False,,
win-Arecibo-Observatory-20211030-171543.npy,20211030,Arecibo-Observatory,17:15:43,17:30:43,100,0.125,5.0,85.43800354003906,4500,1,True,all_boxes_review_discard,
win-Arecibo-Observatory-20211030-173039.npy,20211030,Arecibo-Observatory,17:30:39,17:45:39,100,0.125,5.0,85.43800354003906,4500,0,False,,
win-Arecibo-Observatory-20211030-174535.npy,20211030,Arecibo-Observatory,17:45:35,18:00:35,100,0.125,5.0,85.43800354003906,4500,0,False,,
win-Arecibo-Observatory-20211031-144349.npy,20211031,Arecibo-Observatory,14:43:49,14:58:49,100,0.2,5.0,85.43800354003906,4500,0,False,,
win-Arecibo-Observatory-20211031-150000.npy,20211031,Arecibo-Observatory,15:00:00,15:15:00,100,0.2,5.0,85.43800354003906,4500,0,False,,
win-Arecibo-Observatory-20211031-151456.npy,20211031,Arecibo-Observatory,15:14:56,15:29:56,100,0.2,5.0,85.43800354003906,4500,1,False,,
win-Arecibo-Observatory-20211031-152952.npy,20211031,Arecibo-Observatory,15:29:52,15:44:52,100,0.2,5.0,85.43800354003906,4500,0,False,,
win-Arecibo-Observatory-20211031-154448.npy,20211031,Arecibo-Observatory,15:44:48,15:59:48,100,0.2,5.0,85.43800354003906,4500,0,False,,
win-Arecibo-Observatory-20211101-103000.npy,20211101,Arecibo-Observatory,10:30:00,10:45:00,100,0.2,5.0,85.43800354003906,4500,0,False,,
win-Arecibo-Observatory-20211101-104456.npy,20211101,Arecibo-Observatory,10:44:56,10:59:56,100,0.2,5.0,85.43800354003906,4500,0,False,,
win-Arecibo-Observatory-20211101-105952.npy,20211101,Arecibo-Observatory,10:59:52,11:14:52,100,0.2,5.0,85.43800354003906,4500,1,True,all_boxes_review_discard,
win-Arecibo-Observatory-20211101-111448.npy,20211101,Arecibo-Observatory,11:14:48,11:29:48,100,0.2,5.0,85.43800354003906,4500,0,False,,
win-Arecibo-Observatory-20211101-112944.npy,20211101,Arecibo-Observatory,11:29:44,11:44:44,100,0.2,5.0,85.43800354003906,4500,0,False,,
win-Arecibo-Observatory-20211103-132911.npy,20211103,Arecibo-Observatory,13:29:11,13:44:11,100,0.2,5.0,85.43800354003906,4500,0,False,,
win-Arecibo-Observatory-20211103-134406.npy,20211103,Arecibo-Observatory,13:44:06,13:59:06,100,0.2,5.0,85.43800354003906,4500,0,False,,
win-Arecibo-Observatory-20211103-135902.npy,20211103,Arecibo-Observatory,13:59:02,14:14:02,100,0.2,5.0,85.43800354003906,4500,1,True,all_boxes_review_discard,
win-Arecibo-Observatory-20211103-141358.npy,20211103,Arecibo-Observatory,14:13:58,14:28:58,100,0.2,5.0,85.43800354003906,4500,0,False,,
win-Arecibo-Observatory-20211103-142854.npy,20211103,Arecibo-Observatory,14:28:54,14:43:54,100,0.2,5.0,85.43800354003906,4500,0,False,,
win-Arecibo-Observatory-20211117-132911.npy,20211117,Arecibo-Observatory,13:29:11,13:44:11,100,0.2,5.0,85.43800354003906,4500,0,False,,
win-Arecibo-Observatory-20211117-134406.npy,20211117,Arecibo-Observatory,13:44:06,13:59:06,100,0.2,5.0,85.43800354003906,4500,0,False,,
win-Arecibo-Observatory-20211117-135902.npy,20211117,Arecibo-Observatory,13:59:02,14:14:02,100,0.2,5.0,85.43800354003906,4500,1,True,all_boxes_review_discard,
win-Arecibo-Observatory-20211117-141358.npy,20211117,Arecibo-Observatory,14:13:58,14:28:58,100,0.2,5.0,85.43800354003906,4500,0,False,,
win-Arecibo-Observatory-20211117-142854.npy,20211117,Arecibo-Observatory,14:28:54,14:43:54,100,0.2,5.0,85.43800354003906,4500,0,False,,
win-Arecibo-Observatory-20211215-140000.npy,20211215,Arecibo-Observatory,14:00:00,14:15:00,200,0.25,15.0,86.625,3600,0,False,,
win-Arecibo-Observatory-20211215-141501.npy,20211215,Arecibo-Observatory,14:15:01,14:30:01,200,0.25,15.0,86.625,3600,0,False,,
win-Arecibo-Observatory-20211215-143001.npy,20211215,Arecibo-Observatory,14:30:01,14:45:01,200,0.25,15.0,86.625,3600,1,False,,
win-Arecibo-Observatory-20211215-144501.npy,20211215,Arecibo-Observatory,14:45:01,14:59:58,200,0.25,15.0,86.625,3588,0,False,,
win-Arecibo-Observatory-20211215-150000.npy,20211215,Arecibo-Observatory,15:00:00,15:15:00,200,0.25,15.0,86.625,3600,0,False,,
win-Arecibo-Observatory-20211221-170000.npy,20211221,Arecibo-Observatory,17:00:00,17:15:00,200,0.25,15.0,86.625,3600,0,False,,
win-Arecibo-Observatory-20211221-171500.npy,20211221,Arecibo-Observatory,17:15:00,17:30:00,200,0.25,15.0,86.625,3600,0,False,,
win-Arecibo-Observatory-20211221-173001.npy,20211221,Arecibo-Observatory,17:30:01,17:45:01,200,0.25,15.0,86.625,3600,1,True,all_boxes_review_discard,
win-Arecibo-Observatory-20211221-174501.npy,20211221,Arecibo-Observatory,17:45:01,18:00:01,200,0.25,15.0,86.625,3600,0,False,,
win-Arecibo-Observatory-20211221-180001.npy,20211221,Arecibo-Observatory,18:00:01,18:15:01,200,0.25,15.0,86.625,3600,0,False,,
win-Arecibo-Observatory-20211223-171500.npy,20211223,Arecibo-Observatory,17:15:00,17:30:00,200,0.25,15.0,86.625,3600,0,False,,
win-Arecibo-Observatory-20211223-173000.npy,20211223,Arecibo-Observatory,17:30:00,17:45:00,200,0.25,15.0,86.625,3600,0,False,,
win-Arecibo-Observatory-20211223-174500.npy,20211223,Arecibo-Observatory,17:45:00,18:00:00,200,0.25,15.0,86.625,3600,1,False,,
win-Arecibo-Observatory-20211223-180000.npy,20211223,Arecibo-Observatory,18:00:00,18:15:00,200,0.25,15.0,86.625,3600,0,False,,
win-Arecibo-Observatory-20211223-181500.npy,20211223,Arecibo-Observatory,18:15:00,18:30:00,200,0.25,15.0,86.625,3600,0,False,,
win-Arecibo-Observatory-20211223-183000.npy,20211223,Arecibo-Observatory,18:30:00,18:45:00,200,0.25,15.0,86.625,3600,1,False,,
win-Arecibo-Observatory-20211223-184501.npy,20211223,Arecibo-Observatory,18:45:01,19:00:01,200,0.25,15.0,86.625,3600,0,False,,
win-Arecibo-Observatory-20211223-190001.npy,20211223,Arecibo-Observatory,19:00:01,19:15:01,200,0.25,15.0,86.625,3600,0,False,,
win-Arecibo-Observatory-20211228-144501.npy,20211228,Arecibo-Observatory,14:45:01,14:59:58,200,0.25,15.0,86.625,3588,0,False,,
win-Arecibo-Observatory-20211228-150000.npy,20211228,Arecibo-Observatory,15:00:00,15:15:00,200,0.25,15.0,86.625,3600,0,False,,
win-Arecibo-Observatory-20211228-151500.npy,20211228,Arecibo-Observatory,15:15:00,15:30:00,200,0.25,15.0,86.625,3600,1,True,all_boxes_review_discard,
win-Arecibo-Observatory-20211228-153000.npy,20211228,Arecibo-Observatory,15:30:00,15:45:00,200,0.25,15.0,86.625,3600,0,False,,
win-Arecibo-Observatory-20211228-154500.npy,20211228,Arecibo-Observatory,15:45:00,16:00:00,200,0.25,15.0,86.625,3600,0,False,,
win-Arecibo-Observatory-20220101-130000.npy,20220101,Arecibo-Observatory,13:00:00,13:15:00,200,0.25,15.0,86.625,3600,0,False,,
win-Arecibo-Observatory-20220101-131500.npy,20220101,Arecibo-Observatory,13:15:00,13:30:00,200,0.25,15.0,86.625,3600,0,False,,
win-Arecibo-Observatory-20220101-133000.npy,20220101,Arecibo-Observatory,13:30:00,13:45:00,200,0.25,15.0,86.625,3600,1,False,,
win-Arecibo-Observatory-20220101-134500.npy,20220101,Arecibo-Observatory,13:45:00,14:00:00,200,0.25,15.0,86.625,3600,0,False,,
win-Arecibo-Observatory-20220101-140001.npy,20220101,Arecibo-Observatory,14:00:01,14:15:01,200,0.25,15.0,86.625,3600,0,False,,
win-Arecibo-Observatory-20220101-141500.npy,20220101,Arecibo-Observatory,14:15:00,14:30:00,200,0.25,15.0,86.625,3600,0,False,,
win-Arecibo-Observatory-20220107-113000.npy,20220107,Arecibo-Observatory,11:30:00,11:45:00,200,0.25,15.0,86.625,3600,0,False,,
win-Arecibo-Observatory-20220107-114500.npy,20220107,Arecibo-Observatory,11:45:00,12:00:00,200,0.25,15.0,86.625,3600,0,False,,
win-Arecibo-Observatory-20220107-120000.npy,20220107,Arecibo-Observatory,12:00:00,12:15:00,200,0.25,15.0,86.625,3600,1,False,,
win-Arecibo-Observatory-20220107-121500.npy,20220107,Arecibo-Observatory,12:15:00,12:30:00,200,0.25,15.0,86.625,3600,0,False,,
win-Arecibo-Observatory-20220107-123000.npy,20220107,Arecibo-Observatory,12:30:00,12:45:00,200,0.25,15.0,86.625,3600,0,False,,
win-Arecibo-Observatory-20220109-174500.npy,20220109,Arecibo-Observatory,17:45:00,18:00:00,200,0.25,15.0,86.625,3600,0,False,,
win-Arecibo-Observatory-20220109-175959.npy,20220109,Arecibo-Observatory,17:59:59,18:14:59,200,0.25,15.0,86.625,3600,0,False,,
win-Arecibo-Observatory-20220109-181459.npy,20220109,Arecibo-Observatory,18:14:59,18:29:59,200,0.25,15.0,86.625,3600,1,True,all_boxes_review_discard,
win-Arecibo-Observatory-20220109-182959.npy,20220109,Arecibo-Observatory,18:29:59,18:44:59,200,0.25,15.0,86.625,3600,0,False,,
win-Arecibo-Observatory-20220109-184459.npy,20220109,Arecibo-Observatory,18:44:59,18:59:59,200,0.25,15.0,86.625,3600,0,False,,
win-Arecibo-Observatory-20220110-160000.npy,20220110,Arecibo-Observatory,16:00:00,16:15:00,200,0.25,15.0,86.625,3600,0,False,,
win-Arecibo-Observatory-20220110-161500.npy,20220110,Arecibo-Observatory,16:15:00,16:30:00,200,0.25,15.0,86.625,3600,0,False,,
win-Arecibo-Observatory-20220110-163000.npy,20220110,Arecibo-Observatory,16:30:00,16:45:00,200,0.25,15.0,86.625,3600,1,False,,
win-Arecibo-Observatory-20220110-164500.npy,20220110,Arecibo-Observatory,16:45:00,17:00:00,200,0.25,15.0,86.625,3600,0,False,,
win-Arecibo-Observatory-20220110-170000.npy,20220110,Arecibo-Observatory,17:00:00,17:15:00,200,0.25,15.0,86.625,3600,0,False,,
win-Arecibo-Observatory-20220110-181501.npy,20220110,Arecibo-Observatory,18:15:01,18:30:01,200,0.25,15.0,86.625,3600,0,False,,
win-Arecibo-Observatory-20220110-183000.npy,20220110,Arecibo-Observatory,18:30:00,18:45:00,200,0.25,15.0,86.625,3600,0,False,,
win-Arecibo-Observatory-20220110-184500.npy,20220110,Arecibo-Observatory,18:45:00,19:00:00,200,0.25,15.0,86.625,3600,1,False,,
win-Arecibo-Observatory-20220110-190001.npy,20220110,Arecibo-Observatory,19:00:01,19:15:01,200,0.25,15.0,86.625,3600,0,False,,
win-Arecibo-Observatory-20220110-191500.npy,20220110,Arecibo-Observatory,19:15:00,19:30:00,200,0.25,15.0,86.625,3600,0,False,,
win-Arecibo-Observatory-20220111-173000.npy,20220111,Arecibo-Observatory,17:30:00,17:45:00,200,0.25,15.0,86.625,3600,0,False,,
win-Arecibo-Observatory-20220111-174500.npy,20220111,Arecibo-Observatory,17:45:00,18:00:00,200,0.25,15.0,86.625,3600,0,False,,
win-Arecibo-Observatory-20220111-175959.npy,20220111,Arecibo-Observatory,17:59:59,18:14:59,200,0.25,15.0,86.625,3600,1,True,all_boxes_review_discard,
win-Arecibo-Observatory-20220111-181459.npy,20220111,Arecibo-Observatory,18:14:59,18:29:59,200,0.25,15.0,86.625,3600,0,False,,
win-Arecibo-Observatory-20220111-182959.npy,20220111,Arecibo-Observatory,18:29:59,18:44:59,200,0.25,15.0,86.625,3600,0,False,,
win-Arecibo-Observatory-20220112-140001.npy,20220112,Arecibo-Observatory,14:00:01,14:15:01,200,0.25,15.0,86.625,3600,0,False,,
win-Arecibo-Observatory-20220112-141501.npy,20220112,Arecibo-Observatory,14:15:01,14:30:01,200,0.25,15.0,86.625,3600,0,False,,
win-Arecibo-Observatory-20220112-143001.npy,20220112,Arecibo-Observatory,14:30:01,14:45:01,200,0.25,15.0,86.625,3600,1,False,,
win-Arecibo-Observatory-20220112-144501.npy,20220112,Arecibo-Observatory,14:45:01,14:59:58,200,0.25,15.0,86.625,3588,0,False,,
win-Arecibo-Observatory-20220112-150000.npy,20220112,Arecibo-Observatory,15:00:00,15:15:00,200,0.25,15.0,86.625,3600,0,False,,
win-Arecibo-Observatory-20220113-110000.npy,20220113,Arecibo-Observatory,11:00:00,11:15:00,200,0.25,15.0,86.625,3600,0,False,,
win-Arecibo-Observatory-20220113-111500.npy,20220113,Arecibo-Observatory,11:15:00,11:30:00,200,0.25,15.0,86.625,3600,0,False,,
win-Arecibo-Observatory-20220113-113000.npy,20220113,Arecibo-Observatory,11:30:00,11:45:00,200,0.25,15.0,86.625,3600,1,True,all_boxes_review_discard,
win-Arecibo-Observatory-20220113-114500.npy,20220113,Arecibo-Observatory,11:45:00,12:00:00,200,0.25,15.0,86.625,3600,0,False,,
win-Arecibo-Observatory-20220113-120000.npy,20220113,Arecibo-Observatory,12:00:00,12:15:00,200,0.25,15.0,86.625,3600,0,False,,
win-Arecibo-Observatory-20220113-133001.npy,20220113,Arecibo-Observatory,13:30:01,13:45:01,200,0.25,15.0,86.625,3600,0,False,,
win-Arecibo-Observatory-20220113-134500.npy,20220113,Arecibo-Observatory,13:45:00,14:00:00,200,0.25,15.0,86.625,3600,0,False,,
win-Arecibo-Observatory-20220113-140001.npy,20220113,Arecibo-Observatory,14:00:01,14:15:01,200,0.25,15.0,86.625,3600,1,False,,
win-Arecibo-Observatory-20220113-141501.npy,20220113,Arecibo-Observatory,14:15:01,14:30:01,200,0.25,15.0,86.625,3600,0,False,,
win-Arecibo-Observatory-20220113-143001.npy,20220113,Arecibo-Observatory,14:30:01,14:45:01,200,0.25,15.0,86.625,3600,0,False,,
win-Arecibo-Observatory-20220113-163000.npy,20220113,Arecibo-Observatory,16:30:00,16:45:00,200,0.25,15.0,86.625,3600,0,False,,
win-Arecibo-Observatory-20220113-164500.npy,20220113,Arecibo-Observatory,16:45:00,17:00:00,200,0.25,15.0,86.625,3600,0,False,,
win-Arecibo-Observatory-20220113-170000.npy,20220113,Arecibo-Observatory,17:00:00,17:15:00,200,0.25,15.0,86.625,3600,1,False,,
win-Arecibo-Observatory-20220113-171500.npy,20220113,Arecibo-Observatory,17:15:00,17:30:00,200,0.25,15.0,86.625,3600,0,False,,
win-Arecibo-Observatory-20220113-173000.npy,20220113,Arecibo-Observatory,17:30:00,17:45:00,200,0.25,15.0,86.625,3600,0,False,,
win-Arecibo-Observatory-20220127-140000.npy,20220127,Arecibo-Observatory,14:00:00,14:15:00,200,0.25,15.0,86.625,3600,0,False,,
win-Arecibo-Observatory-20220127-141500.npy,20220127,Arecibo-Observatory,14:15:00,14:30:00,200,0.25,15.0,86.625,3600,0,False,,
win-Arecibo-Observatory-20220127-143000.npy,20220127,Arecibo-Observatory,14:30:00,14:45:00,200,0.25,15.0,86.625,3600,0,False,,
win-Arecibo-Observatory-20220127-144500.npy,20220127,Arecibo-Observatory,14:45:00,14:59:57,200,0.25,15.0,86.625,3589,1,True,all_boxes_review_discard,
win-Arecibo-Observatory-20220127-150000.npy,20220127,Arecibo-Observatory,15:00:00,15:15:00,200,0.25,15.0,86.625,3600,0,False,,
win-Arecibo-Observatory-20220127-151500.npy,20220127,Arecibo-Observatory,15:15:00,15:30:00,200,0.25,15.0,86.625,3600,0,False,,
win-Arecibo-Observatory-20220129-120000.npy,20220129,Arecibo-Observatory,12:00:00,12:15:00,200,0.25,15.0,86.625,3600,0,False,,
win-Arecibo-Observatory-20220129-121501.npy,20220129,Arecibo-Observatory,12:15:01,12:30:01,200,0.25,15.0,86.625,3600,0,False,,
win-Arecibo-Observatory-20220129-123001.npy,20220129,Arecibo-Observatory,12:30:01,12:45:01,200,0.25,15.0,86.625,3600,1,True,all_boxes_review_discard,
win-Arecibo-Observatory-20220129-124501.npy,20220129,Arecibo-Observatory,12:45:01,13:00:01,200,0.25,15.0,86.625,3600,0,False,,
win-Arecibo-Observatory-20220129-130001.npy,20220129,Arecibo-Observatory,13:00:01,13:15:01,200,0.25,15.0,86.625,3600,0,False,,
win-Arecibo-Observatory-20220129-131501.npy,20220129,Arecibo-Observatory,13:15:01,13:30:01,200,0.25,15.0,86.625,3600,0,False,,
win-Arecibo-Observatory-20220129-133001.npy,20220129,Arecibo-Observatory,13:30:01,13:45:01,200,0.25,15.0,86.625,3600,1,True,all_boxes_review_discard,
win-Arecibo-Observatory-20220129-134501.npy,20220129,Arecibo-Observatory,13:45:01,14:00:01,200,0.25,15.0,86.625,3600,1,True,all_boxes_review_discard,
win-Arecibo-Observatory-20220129-140001.npy,20220129,Arecibo-Observatory,14:00:01,14:15:01,200,0.25,15.0,86.625,3600,0,False,,
win-Arecibo-Observatory-20220129-141501.npy,20220129,Arecibo-Observatory,14:15:01,14:30:01,200,0.25,15.0,86.625,3600,0,False,,
win-Arecibo-Observatory-20220129-150000.npy,20220129,Arecibo-Observatory,15:00:00,15:15:00,200,0.25,15.0,86.625,3600,0,False,,
win-Arecibo-Observatory-20220129-151500.npy,20220129,Arecibo-Observatory,15:15:00,15:30:00,200,0.25,15.0,86.625,3600,0,False,,
win-Arecibo-Observatory-20220129-153000.npy,20220129,Arecibo-Observatory,15:30:00,15:45:00,200,0.25,15.0,86.625,3600,1,False,,
win-Arecibo-Observatory-20220129-154500.npy,20220129,Arecibo-Observatory,15:45:00,16:00:00,200,0.25,15.0,86.625,3600,1,False,,
win-Arecibo-Observatory-20220129-160000.npy,20220129,Arecibo-Observatory,16:00:00,16:14:57,200,0.25,15.0,86.625,3589,0,False,,
win-Arecibo-Observatory-20220129-161500.npy,20220129,Arecibo-Observatory,16:15:00,16:30:00,200,0.25,15.0,86.625,3600,0,False,,
win-Arecibo-Observatory-20220129-170000.npy,20220129,Arecibo-Observatory,17:00:00,17:15:00,200,0.25,15.0,86.625,3600,0,False,,
win-Arecibo-Observatory-20220129-171500.npy,20220129,Arecibo-Observatory,17:15:00,17:30:00,200,0.25,15.0,86.625,3600,0,False,,
win-Arecibo-Observatory-20220129-173000.npy,20220129,Arecibo-Observatory,17:30:00,17:45:00,200,0.25,15.0,86.625,3600,1,False,,
win-Arecibo-Observatory-20220129-174500.npy,20220129,Arecibo-Observatory,17:45:00,18:00:00,200,0.25,15.0,86.625,3600,1,False,,
win-Arecibo-Observatory-20220129-180000.npy,20220129,Arecibo-Observatory,18:00:00,18:15:00,200,0.25,15.0,86.625,3600,2,False,,
win-Arecibo-Observatory-20220129-181500.npy,20220129,Arecibo-Observatory,18:15:00,18:30:00,200,0.25,15.0,86.625,3600,0,False,,
win-Arecibo-Observatory-20220129-183000.npy,20220129,Arecibo-Observatory,18:30:00,18:45:00,200,0.25,15.0,86.625,3600,0,False,,
win-Arecibo-Observatory-20220130-134500.npy,20220130,Arecibo-Observatory,13:45:00,14:00:00,200,0.25,15.0,86.625,3600,0,True,offclass_event_in_negative_window,CTM
win-Arecibo-Observatory-20220130-140000.npy,20220130,Arecibo-Observatory,14:00:00,14:15:00,200,0.25,15.0,86.625,3600,0,True,offclass_event_in_negative_window,CTM
win-Arecibo-Observatory-20220130-141500.npy,20220130,Arecibo-Observatory,14:15:00,14:30:00,200,0.25,15.0,86.625,3600,1,False,,CTM
win-Arecibo-Observatory-20220130-143000.npy,20220130,Arecibo-Observatory,14:30:00,14:45:00,200,0.25,15.0,86.625,3600,0,True,offclass_event_in_negative_window,CTM
win-Arecibo-Observatory-20220130-144500.npy,20220130,Arecibo-Observatory,14:45:00,14:59:57,200,0.25,15.0,86.625,3589,0,True,offclass_event_in_negative_window,CTM
win-Arecibo-Observatory-20220130-161500.npy,20220130,Arecibo-Observatory,16:15:00,16:30:00,200,0.25,15.0,86.625,3600,0,True,offclass_event_in_negative_window,CTM
win-Arecibo-Observatory-20220130-163000.npy,20220130,Arecibo-Observatory,16:30:00,16:45:00,200,0.25,15.0,86.625,3600,0,True,offclass_event_in_negative_window,"CTM,VI"
win-Arecibo-Observatory-20220130-164500.npy,20220130,Arecibo-Observatory,16:45:00,17:00:00,200,0.25,15.0,86.625,3600,3,False,,CTM
win-Arecibo-Observatory-20220130-170000.npy,20220130,Arecibo-Observatory,17:00:00,17:15:00,200,0.25,15.0,86.625,3600,0,True,offclass_event_in_negative_window,CTM
win-Arecibo-Observatory-20220130-171500.npy,20220130,Arecibo-Observatory,17:15:00,17:30:00,200,0.25,15.0,86.625,3600,0,True,offclass_event_in_negative_window,CTM
win-Arecibo-Observatory-20220130-173000.npy,20220130,Arecibo-Observatory,17:30:00,17:45:00,200,0.25,15.0,86.625,3600,2,False,,CTM
win-Arecibo-Observatory-20220130-174459.npy,20220130,Arecibo-Observatory,17:44:59,17:59:59,200,0.25,15.0,86.625,3600,0,True,offclass_event_in_negative_window,CTM
win-Arecibo-Observatory-20220130-175959.npy,20220130,Arecibo-Observatory,17:59:59,18:14:59,200,0.25,15.0,86.625,3600,1,False,,CTM
win-Arecibo-Observatory-20220130-181458.npy,20220130,Arecibo-Observatory,18:14:58,18:29:58,200,0.25,15.0,86.625,3600,0,True,offclass_event_in_negative_window,CTM
win-Arecibo-Observatory-20220130-182959.npy,20220130,Arecibo-Observatory,18:29:59,18:44:59,200,0.25,15.0,86.625,3600,1,False,,CTM
win-Arecibo-Observatory-20220130-184459.npy,20220130,Arecibo-Observatory,18:44:59,18:59:59,200,0.25,15.0,86.625,3600,0,True,offclass_event_in_negative_window,CTM
win-Arecibo-Observatory-20220130-185959.npy,20220130,Arecibo-Observatory,18:59:59,19:14:59,200,0.25,15.0,86.625,3600,0,True,offclass_event_in_negative_window,CTM
win-Arecibo-Observatory-20220130-191459.npy,20220130,Arecibo-Observatory,19:14:59,19:29:59,200,0.25,15.0,86.625,3600,1,False,,CTM
win-Arecibo-Observatory-20220130-192959.npy,20220130,Arecibo-Observatory,19:29:59,19:44:59,200,0.25,15.0,86.625,3600,1,False,,CTM
win-Arecibo-Observatory-20220130-194459.npy,20220130,Arecibo-Observatory,19:44:59,19:59:59,200,0.25,15.0,86.625,3600,0,True,offclass_event_in_negative_window,CTM
win-Arecibo-Observatory-20220130-195959.npy,20220130,Arecibo-Observatory,19:59:59,20:14:59,200,0.25,15.0,86.625,3600,1,False,,CTM
win-Arecibo-Observatory-20220130-201459.npy,20220130,Arecibo-Observatory,20:14:59,20:29:59,200,0.25,15.0,86.625,3600,0,True,offclass_event_in_negative_window,CTM
win-Arecibo-Observatory-20220130-202959.npy,20220130,Arecibo-Observatory,20:29:59,20:44:59,200,0.25,15.0,86.625,3600,0,True,offclass_event_in_negative_window,CTM
win-Arecibo-Observatory-20220131-124500.npy,20220131,Arecibo-Observatory,12:45:00,13:00:00,200,0.25,15.0,86.625,3600,0,True,offclass_event_in_negative_window,CTM
win-Arecibo-Observatory-20220131-130001.npy,20220131,Arecibo-Observatory,13:00:01,13:15:01,200,0.25,15.0,86.625,3600,0,True,offclass_event_in_negative_window,CTM
win-Arecibo-Observatory-20220131-131501.npy,20220131,Arecibo-Observatory,13:15:01,13:30:01,200,0.25,15.0,86.625,3600,1,False,,CTM
win-Arecibo-Observatory-20220131-133001.npy,20220131,Arecibo-Observatory,13:30:01,13:45:01,200,0.25,15.0,86.625,3600,1,False,,CTM
win-Arecibo-Observatory-20220131-134501.npy,20220131,Arecibo-Observatory,13:45:01,14:00:01,200,0.25,15.0,86.625,3600,0,True,offclass_event_in_negative_window,CTM
win-Arecibo-Observatory-20220131-140000.npy,20220131,Arecibo-Observatory,14:00:00,14:15:00,200,0.25,15.0,86.625,3600,1,False,,CTM
win-Arecibo-Observatory-20220131-141501.npy,20220131,Arecibo-Observatory,14:15:01,14:30:01,200,0.25,15.0,86.625,3600,1,False,,CTM
win-Arecibo-Observatory-20220131-143001.npy,20220131,Arecibo-Observatory,14:30:01,14:45:01,200,0.25,15.0,86.625,3600,0,True,offclass_event_in_negative_window,CTM
win-Arecibo-Observatory-20220131-144501.npy,20220131,Arecibo-Observatory,14:45:01,14:59:58,200,0.25,15.0,86.625,3589,0,True,offclass_event_in_negative_window,CTM
win-Arecibo-Observatory-20220131-150000.npy,20220131,Arecibo-Observatory,15:00:00,15:15:00,200,0.25,15.0,86.625,3600,2,False,,CTM
win-Arecibo-Observatory-20220131-151500.npy,20220131,Arecibo-Observatory,15:15:00,15:30:00,200,0.25,15.0,86.625,3600,1,False,,CTM
win-Arecibo-Observatory-20220131-153000.npy,20220131,Arecibo-Observatory,15:30:00,15:45:00,200,0.25,15.0,86.625,3600,0,True,offclass_event_in_negative_window,CTM
win-Arecibo-Observatory-20220131-154500.npy,20220131,Arecibo-Observatory,15:45:00,16:00:00,200,0.25,15.0,86.625,3600,0,True,offclass_event_in_negative_window,CTM
win-Arecibo-Observatory-20220131-160000.npy,20220131,Arecibo-Observatory,16:00:00,16:15:00,200,0.25,15.0,86.625,3600,1,False,,CTM
win-Arecibo-Observatory-20220131-161500.npy,20220131,Arecibo-Observatory,16:15:00,16:30:00,200,0.25,15.0,86.625,3600,1,False,,CTM
win-Arecibo-Observatory-20220131-163000.npy,20220131,Arecibo-Observatory,16:30:00,16:45:00,200,0.25,15.0,86.625,3600,0,True,offclass_event_in_negative_window,CTM
win-Arecibo-Observatory-20220131-164500.npy,20220131,Arecibo-Observatory,16:45:00,17:00:00,200,0.25,15.0,86.625,3600,0,True,offclass_event_in_negative_window,CTM
win-Arecibo-Observatory-20220131-170000.npy,20220131,Arecibo-Observatory,17:00:00,17:15:00,200,0.25,15.0,86.625,3600,1,False,,CTM
win-Arecibo-Observatory-20220131-171500.npy,20220131,Arecibo-Observatory,17:15:00,17:30:00,200,0.25,15.0,86.625,3600,0,True,offclass_event_in_negative_window,CTM
win-Arecibo-Observatory-20220131-173000.npy,20220131,Arecibo-Observatory,17:30:00,17:45:00,200,0.25,15.0,86.625,3600,1,True,all_boxes_review_discard,CTM
win-Arecibo-Observatory-20220131-174500.npy,20220131,Arecibo-Observatory,17:45:00,18:00:00,200,0.25,15.0,86.625,3600,1,False,,CTM
win-Arecibo-Observatory-20220131-180000.npy,20220131,Arecibo-Observatory,18:00:00,18:15:00,200,0.25,15.0,86.625,3600,3,False,,CTM
win-Arecibo-Observatory-20220131-181500.npy,20220131,Arecibo-Observatory,18:15:00,18:30:00,200,0.25,15.0,86.625,3600,0,True,offclass_event_in_negative_window,CTM
win-Arecibo-Observatory-20220131-183000.npy,20220131,Arecibo-Observatory,18:30:00,18:45:00,200,0.25,15.0,86.625,3600,0,True,offclass_event_in_negative_window,CTM
win-Arecibo-Observatory-20220131-184500.npy,20220131,Arecibo-Observatory,18:45:00,19:00:00,200,0.25,15.0,86.625,3600,1,False,,CTM
win-Arecibo-Observatory-20220131-190001.npy,20220131,Arecibo-Observatory,19:00:01,19:15:01,200,0.25,15.0,86.625,3600,0,True,only_edge_sliver_of_an_event,CTM
win-Arecibo-Observatory-20220131-191501.npy,20220131,Arecibo-Observatory,19:15:01,19:30:01,200,0.25,15.0,86.625,3600,1,False,,CTM
win-Arecibo-Observatory-20220131-193001.npy,20220131,Arecibo-Observatory,19:30:01,19:45:01,200,0.25,15.0,86.625,3600,2,False,,CTM
win-Arecibo-Observatory-20220131-194501.npy,20220131,Arecibo-Observatory,19:45:01,20:00:01,200,0.25,15.0,86.625,3600,1,False,,CTM
win-Arecibo-Observatory-20220131-200001.npy,20220131,Arecibo-Observatory,20:00:01,20:15:01,200,0.25,15.0,86.625,3600,1,True,all_boxes_review_discard,
win-Arecibo-Observatory-20220131-201501.npy,20220131,Arecibo-Observatory,20:15:01,20:30:01,200,0.25,15.0,86.625,3600,1,False,,
win-Arecibo-Observatory-20220131-203000.npy,20220131,Arecibo-Observatory,20:30:00,20:45:00,200,0.25,15.0,86.625,3600,1,False,,
win-Arecibo-Observatory-20220131-204500.npy,20220131,Arecibo-Observatory,20:45:00,21:00:00,200,0.25,15.0,86.625,3600,0,False,,
win-Arecibo-Observatory-20220131-210000.npy,20220131,Arecibo-Observatory,21:00:00,21:15:00,200,0.25,15.0,86.625,3600,0,False,,
win-Arecibo-Observatory-20220201-123849.npy,20220201,Arecibo-Observatory,12:38:49,12:53:49,200,0.25,15.0,86.625,3600,0,True,offclass_event_in_negative_window,CTM
win-Arecibo-Observatory-20220201-125349.npy,20220201,Arecibo-Observatory,12:53:49,13:08:49,200,0.25,15.0,86.625,3600,1,True,all_boxes_review_discard,CTM
win-Arecibo-Observatory-20220201-130849.npy,20220201,Arecibo-Observatory,13:08:49,13:23:49,200,0.25,15.0,86.625,3600,0,True,offclass_event_in_negative_window,CTM
win-Arecibo-Observatory-20220201-132349.npy,20220201,Arecibo-Observatory,13:23:49,13:38:49,200,0.25,15.0,86.625,3600,0,True,offclass_event_in_negative_window,CTM
win-Arecibo-Observatory-20220201-133850.npy,20220201,Arecibo-Observatory,13:38:50,13:53:50,200,0.25,15.0,86.625,3600,0,True,offclass_event_in_negative_window,CTM
win-Arecibo-Observatory-20220201-135350.npy,20220201,Arecibo-Observatory,13:53:50,14:08:50,200,0.25,15.0,86.625,3600,1,True,all_boxes_review_discard,CTM
win-Arecibo-Observatory-20220201-140850.npy,20220201,Arecibo-Observatory,14:08:50,14:23:50,200,0.25,15.0,86.625,3600,1,False,,CTM
win-Arecibo-Observatory-20220201-142350.npy,20220201,Arecibo-Observatory,14:23:50,14:38:50,200,0.25,15.0,86.625,3600,0,True,offclass_event_in_negative_window,CTM
win-Arecibo-Observatory-20220201-143850.npy,20220201,Arecibo-Observatory,14:38:50,14:53:50,200,0.25,15.0,86.625,3600,0,True,offclass_event_in_negative_window,CTM
win-Arecibo-Observatory-20220201-153000.npy,20220201,Arecibo-Observatory,15:30:00,15:45:00,200,0.25,15.0,86.625,3600,0,True,offclass_event_in_negative_window,CTM
win-Arecibo-Observatory-20220201-154500.npy,20220201,Arecibo-Observatory,15:45:00,16:00:00,200,0.25,15.0,86.625,3600,0,True,offclass_event_in_negative_window,CTM
win-Arecibo-Observatory-20220201-160000.npy,20220201,Arecibo-Observatory,16:00:00,16:15:00,200,0.25,15.0,86.625,3600,1,False,,CTM
win-Arecibo-Observatory-20220201-161500.npy,20220201,Arecibo-Observatory,16:15:00,16:30:00,200,0.25,15.0,86.625,3600,0,True,offclass_event_in_negative_window,CTM
win-Arecibo-Observatory-20220201-163000.npy,20220201,Arecibo-Observatory,16:30:00,16:45:00,200,0.25,15.0,86.625,3600,1,False,,CTM
win-Arecibo-Observatory-20220201-164458.npy,20220201,Arecibo-Observatory,16:44:58,16:59:58,200,0.25,15.0,86.625,3600,0,True,offclass_event_in_negative_window,CTM
win-Arecibo-Observatory-20220201-165958.npy,20220201,Arecibo-Observatory,16:59:58,17:14:58,200,0.25,15.0,86.625,3600,1,True,all_boxes_review_discard,CTM
win-Arecibo-Observatory-20220201-171458.npy,20220201,Arecibo-Observatory,17:14:58,17:29:58,200,0.25,15.0,86.625,3600,0,True,offclass_event_in_negative_window,CTM
win-Arecibo-Observatory-20220201-172958.npy,20220201,Arecibo-Observatory,17:29:58,17:44:58,200,0.25,15.0,86.625,3600,2,False,,CTM
win-Arecibo-Observatory-20220201-174458.npy,20220201,Arecibo-Observatory,17:44:58,17:59:58,200,0.25,15.0,86.625,3600,0,True,offclass_event_in_negative_window,CTM
win-Arecibo-Observatory-20220201-175958.npy,20220201,Arecibo-Observatory,17:59:58,18:14:58,200,0.25,15.0,86.625,3600,0,True,offclass_event_in_negative_window,CTM
win-Arecibo-Observatory-20220201-182958.npy,20220201,Arecibo-Observatory,18:29:58,18:44:58,200,0.25,15.0,86.625,3600,0,True,offclass_event_in_negative_window,VI
win-Arecibo-Observatory-20220201-184458.npy,20220201,Arecibo-Observatory,18:44:58,18:59:58,200,0.25,15.0,86.625,3600,0,True,offclass_event_in_negative_window,VI
win-Arecibo-Observatory-20220201-185958.npy,20220201,Arecibo-Observatory,18:59:58,19:14:58,200,0.25,15.0,86.625,3600,1,False,,
win-Arecibo-Observatory-20220201-191459.npy,20220201,Arecibo-Observatory,19:14:59,19:29:59,200,0.25,15.0,86.625,3600,1,False,,
win-Arecibo-Observatory-20220201-192959.npy,20220201,Arecibo-Observatory,19:29:59,19:44:59,200,0.25,15.0,86.625,3600,0,False,,
win-Arecibo-Observatory-20220201-194459.npy,20220201,Arecibo-Observatory,19:44:59,19:59:59,200,0.25,15.0,86.625,3600,0,False,,
win-Arecibo-Observatory-20220201-195959.npy,20220201,Arecibo-Observatory,19:59:59,20:14:59,200,0.25,15.0,86.625,3600,0,False,,
win-Arecibo-Observatory-20220201-201459.npy,20220201,Arecibo-Observatory,20:14:59,20:29:59,200,0.25,15.0,86.625,3600,0,False,,
win-Arecibo-Observatory-20220201-202959.npy,20220201,Arecibo-Observatory,20:29:59,20:44:59,200,0.25,15.0,86.625,3600,1,False,,
win-Arecibo-Observatory-20220201-204459.npy,20220201,Arecibo-Observatory,20:44:59,20:59:59,200,0.25,15.0,86.625,3600,1,False,,
win-Arecibo-Observatory-20220201-205959.npy,20220201,Arecibo-Observatory,20:59:59,21:14:59,200,0.25,15.0,86.625,3600,0,False,,
win-Arecibo-Observatory-20220201-211459.npy,20220201,Arecibo-Observatory,21:14:59,21:29:58,200,0.25,15.0,86.625,3596,0,False,,
win-Arecibo-Observatory-20220202-133000.npy,20220202,Arecibo-Observatory,13:30:00,13:45:00,200,0.25,15.0,86.625,3600,0,True,offclass_event_in_negative_window,III
win-Arecibo-Observatory-20220202-134501.npy,20220202,Arecibo-Observatory,13:45:01,14:00:01,200,0.25,15.0,86.625,3600,0,False,,
win-Arecibo-Observatory-20220202-140000.npy,20220202,Arecibo-Observatory,14:00:00,14:15:00,200,0.25,15.0,86.625,3600,1,False,,
win-Arecibo-Observatory-20220202-141501.npy,20220202,Arecibo-Observatory,14:15:01,14:30:01,200,0.25,15.0,86.625,3600,0,False,,
win-Arecibo-Observatory-20220202-143001.npy,20220202,Arecibo-Observatory,14:30:01,14:45:01,200,0.25,15.0,86.625,3600,0,False,,
win-Arecibo-Observatory-20220202-144501.npy,20220202,Arecibo-Observatory,14:45:01,14:59:58,200,0.25,15.0,86.625,3589,0,False,,
win-Arecibo-Observatory-20220202-150000.npy,20220202,Arecibo-Observatory,15:00:00,15:15:00,200,0.25,15.0,86.625,3600,1,True,all_boxes_review_discard,
win-Arecibo-Observatory-20220202-151500.npy,20220202,Arecibo-Observatory,15:15:00,15:30:00,200,0.25,15.0,86.625,3600,1,False,,
win-Arecibo-Observatory-20220202-153000.npy,20220202,Arecibo-Observatory,15:30:00,15:45:00,200,0.25,15.0,86.625,3600,0,False,,
win-Arecibo-Observatory-20220202-154500.npy,20220202,Arecibo-Observatory,15:45:00,16:00:00,200,0.25,15.0,86.625,3600,0,False,,
win-Arecibo-Observatory-20220202-164500.npy,20220202,Arecibo-Observatory,16:45:00,17:00:00,200,0.25,15.0,86.625,3600,0,False,,
win-Arecibo-Observatory-20220202-170000.npy,20220202,Arecibo-Observatory,17:00:00,17:15:00,200,0.25,15.0,86.625,3600,0,True,offclass_event_in_negative_window,I
win-Arecibo-Observatory-20220202-171500.npy,20220202,Arecibo-Observatory,17:15:00,17:30:00,200,0.25,15.0,86.625,3600,1,True,all_boxes_review_discard,I
win-Arecibo-Observatory-20220202-173000.npy,20220202,Arecibo-Observatory,17:30:00,17:45:00,200,0.25,15.0,86.625,3600,1,False,,I
win-Arecibo-Observatory-20220202-174500.npy,20220202,Arecibo-Observatory,17:45:00,18:00:00,200,0.25,15.0,86.625,3600,0,True,offclass_event_in_negative_window,I
win-Arecibo-Observatory-20220202-180000.npy,20220202,Arecibo-Observatory,18:00:00,18:15:00,200,0.25,15.0,86.625,3600,0,True,offclass_event_in_negative_window,I
win-Arecibo-Observatory-20220203-164459.npy,20220203,Arecibo-Observatory,16:44:59,16:59:59,200,0.25,15.0,86.625,3600,0,False,,
win-Arecibo-Observatory-20220203-165959.npy,20220203,Arecibo-Observatory,16:59:59,17:14:59,200,0.25,15.0,86.625,3600,0,False,,
win-Arecibo-Observatory-20220203-171459.npy,20220203,Arecibo-Observatory,17:14:59,17:29:59,200,0.25,15.0,86.625,3600,1,True,all_boxes_review_discard,
win-Arecibo-Observatory-20220203-172959.npy,20220203,Arecibo-Observatory,17:29:59,17:44:59,200,0.25,15.0,86.625,3600,0,False,,
win-Arecibo-Observatory-20220203-174459.npy,20220203,Arecibo-Observatory,17:44:59,17:59:59,200,0.25,15.0,86.625,3600,0,False,,
win-Arecibo-Observatory-20220203-175959.npy,20220203,Arecibo-Observatory,17:59:59,18:14:59,200,0.25,15.0,86.625,3600,2,True,all_boxes_review_discard,
win-Arecibo-Observatory-20220203-181459.npy,20220203,Arecibo-Observatory,18:14:59,18:29:59,200,0.25,15.0,86.625,3600,0,False,,
win-Arecibo-Observatory-20220203-182959.npy,20220203,Arecibo-Observatory,18:29:59,18:44:59,200,0.25,15.0,86.625,3600,0,False,,
win-Arecibo-Observatory-20220203-195959.npy,20220203,Arecibo-Observatory,19:59:59,20:14:59,200,0.25,15.0,86.625,3600,0,False,,
win-Arecibo-Observatory-20220203-201500.npy,20220203,Arecibo-Observatory,20:15:00,20:30:00,200,0.25,15.0,86.625,3600,0,False,,
win-Arecibo-Observatory-20220203-203000.npy,20220203,Arecibo-Observatory,20:30:00,20:45:00,200,0.25,15.0,86.625,3600,1,False,,
win-Arecibo-Observatory-20220203-204500.npy,20220203,Arecibo-Observatory,20:45:00,21:00:00,200,0.25,15.0,86.625,3600,0,False,,
win-Arecibo-Observatory-20220203-210000.npy,20220203,Arecibo-Observatory,21:00:00,21:15:00,200,0.25,15.0,86.625,3600,0,False,,
win-Arecibo-Observatory-20220204-123000.npy,20220204,Arecibo-Observatory,12:30:00,12:45:00,200,0.25,15.0,86.625,3600,0,False,,
win-Arecibo-Observatory-20220204-124500.npy,20220204,Arecibo-Observatory,12:45:00,13:00:00,200,0.25,15.0,86.625,3600,0,False,,
win-Arecibo-Observatory-20220204-130000.npy,20220204,Arecibo-Observatory,13:00:00,13:15:00,200,0.25,15.0,86.625,3600,1,False,,
win-Arecibo-Observatory-20220204-131500.npy,20220204,Arecibo-Observatory,13:15:00,13:30:00,200,0.25,15.0,86.625,3600,0,False,,
win-Arecibo-Observatory-20220204-133001.npy,20220204,Arecibo-Observatory,13:30:01,13:45:01,200,0.25,15.0,86.625,3600,0,False,,
win-Arecibo-Observatory-20220204-140000.npy,20220204,Arecibo-Observatory,14:00:00,14:15:00,200,0.25,15.0,86.625,3600,0,False,,
win-Arecibo-Observatory-20220204-141500.npy,20220204,Arecibo-Observatory,14:15:00,14:30:00,200,0.25,15.0,86.625,3600,0,False,,
win-Arecibo-Observatory-20220204-143001.npy,20220204,Arecibo-Observatory,14:30:01,14:45:01,200,0.25,15.0,86.625,3600,1,False,,
win-Arecibo-Observatory-20220204-144501.npy,20220204,Arecibo-Observatory,14:45:01,14:59:58,200,0.25,15.0,86.625,3589,0,False,,
win-Arecibo-Observatory-20220204-150000.npy,20220204,Arecibo-Observatory,15:00:00,15:15:00,200,0.25,15.0,86.625,3600,0,False,,
win-Arecibo-Observatory-20220204-171500.npy,20220204,Arecibo-Observatory,17:15:00,17:30:00,200,0.25,15.0,86.625,3600,0,False,,
win-Arecibo-Observatory-20220204-173000.npy,20220204,Arecibo-Observatory,17:30:00,17:45:00,200,0.25,15.0,86.625,3600,0,False,,
win-Arecibo-Observatory-20220204-174500.npy,20220204,Arecibo-Observatory,17:45:00,18:00:00,200,0.25,15.0,86.625,3600,1,False,,
win-Arecibo-Observatory-20220204-180000.npy,20220204,Arecibo-Observatory,18:00:00,18:15:00,200,0.25,15.0,86.625,3600,1,False,,
win-Arecibo-Observatory-20220204-181500.npy,20220204,Arecibo-Observatory,18:15:00,18:30:00,200,0.25,15.0,86.625,3600,0,False,,
win-Arecibo-Observatory-20220204-183000.npy,20220204,Arecibo-Observatory,18:30:00,18:45:00,200,0.25,15.0,86.625,3600,0,False,,
win-Arecibo-Observatory-20220204-184501.npy,20220204,Arecibo-Observatory,18:45:01,19:00:01,200,0.25,15.0,86.625,3600,0,False,,
win-Arecibo-Observatory-20220204-190001.npy,20220204,Arecibo-Observatory,19:00:01,19:15:01,200,0.25,15.0,86.625,3600,0,False,,
win-Arecibo-Observatory-20220204-191501.npy,20220204,Arecibo-Observatory,19:15:01,19:30:01,200,0.25,15.0,86.625,3600,1,True,all_boxes_review_discard,
win-Arecibo-Observatory-20220204-193001.npy,20220204,Arecibo-Observatory,19:30:01,19:45:01,200,0.25,15.0,86.625,3600,0,False,,
win-Arecibo-Observatory-20220204-194501.npy,20220204,Arecibo-Observatory,19:45:01,20:00:01,200,0.25,15.0,86.625,3600,0,False,,
win-Arecibo-Observatory-20220205-113000.npy,20220205,Arecibo-Observatory,11:30:00,11:45:00,200,0.25,15.0,86.625,3600,0,False,,
win-Arecibo-Observatory-20220205-114500.npy,20220205,Arecibo-Observatory,11:45:00,12:00:00,200,0.25,15.0,86.625,3600,0,False,,
win-Arecibo-Observatory-20220205-120000.npy,20220205,Arecibo-Observatory,12:00:00,12:15:00,200,0.25,15.0,86.625,3600,1,True,all_boxes_review_discard,
win-Arecibo-Observatory-20220205-121500.npy,20220205,Arecibo-Observatory,12:15:00,12:30:00,200,0.25,15.0,86.625,3600,0,False,,
win-Arecibo-Observatory-20220205-123001.npy,20220205,Arecibo-Observatory,12:30:01,12:45:01,200,0.25,15.0,86.625,3600,0,False,,
win-Arecibo-Observatory-20220205-124501.npy,20220205,Arecibo-Observatory,12:45:01,13:00:01,200,0.25,15.0,86.625,3600,0,False,,
win-Arecibo-Observatory-20220205-130001.npy,20220205,Arecibo-Observatory,13:00:01,13:15:01,200,0.25,15.0,86.625,3600,0,False,,
win-Arecibo-Observatory-20220205-131500.npy,20220205,Arecibo-Observatory,13:15:00,13:30:00,200,0.25,15.0,86.625,3600,1,True,all_boxes_review_discard,
win-Arecibo-Observatory-20220205-133001.npy,20220205,Arecibo-Observatory,13:30:01,13:45:01,200,0.25,15.0,86.625,3600,0,False,,
win-Arecibo-Observatory-20220205-134501.npy,20220205,Arecibo-Observatory,13:45:01,14:00:01,200,0.25,15.0,86.625,3600,0,False,,
win-Arecibo-Observatory-20220205-150000.npy,20220205,Arecibo-Observatory,15:00:00,15:15:00,200,0.25,15.0,86.625,3600,0,False,,
win-Arecibo-Observatory-20220205-151500.npy,20220205,Arecibo-Observatory,15:15:00,15:30:00,200,0.25,15.0,86.625,3600,0,False,,
win-Arecibo-Observatory-20220205-153000.npy,20220205,Arecibo-Observatory,15:30:00,15:45:00,200,0.25,15.0,86.625,3600,1,True,all_boxes_review_discard,
win-Arecibo-Observatory-20220205-154500.npy,20220205,Arecibo-Observatory,15:45:00,16:00:00,200,0.25,15.0,86.625,3600,0,False,,
win-Arecibo-Observatory-20220205-160000.npy,20220205,Arecibo-Observatory,16:00:00,16:15:00,200,0.25,15.0,86.625,3600,0,False,,
win-Arecibo-Observatory-20220205-161500.npy,20220205,Arecibo-Observatory,16:15:00,16:30:00,200,0.25,15.0,86.625,3600,0,False,,
win-Arecibo-Observatory-20220205-163000.npy,20220205,Arecibo-Observatory,16:30:00,16:45:00,200,0.25,15.0,86.625,3600,1,False,,
win-Arecibo-Observatory-20220205-164459.npy,20220205,Arecibo-Observatory,16:44:59,16:59:59,200,0.25,15.0,86.625,3600,0,False,,
win-Arecibo-Observatory-20220205-165959.npy,20220205,Arecibo-Observatory,16:59:59,17:14:59,200,0.25,15.0,86.625,3600,0,False,,
win-Arecibo-Observatory-20220205-171459.npy,20220205,Arecibo-Observatory,17:14:59,17:29:59,200,0.25,15.0,86.625,3600,0,False,,
win-Arecibo-Observatory-20220205-172959.npy,20220205,Arecibo-Observatory,17:29:59,17:44:59,200,0.25,15.0,86.625,3600,1,False,,
win-Arecibo-Observatory-20220205-174459.npy,20220205,Arecibo-Observatory,17:44:59,17:59:59,200,0.25,15.0,86.625,3600,1,False,,
win-Arecibo-Observatory-20220205-175959.npy,20220205,Arecibo-Observatory,17:59:59,18:14:59,200,0.25,15.0,86.625,3600,0,False,,
win-Arecibo-Observatory-20220205-181459.npy,20220205,Arecibo-Observatory,18:14:59,18:29:59,200,0.25,15.0,86.625,3600,1,False,,
win-Arecibo-Observatory-20220205-182959.npy,20220205,Arecibo-Observatory,18:29:59,18:44:59,200,0.25,15.0,86.625,3600,2,False,,
win-Arecibo-Observatory-20220205-184459.npy,20220205,Arecibo-Observatory,18:44:59,18:59:59,200,0.25,15.0,86.625,3600,0,False,,
win-Arecibo-Observatory-20220205-185959.npy,20220205,Arecibo-Observatory,18:59:59,19:14:59,200,0.25,15.0,86.625,3600,0,False,,
win-Arecibo-Observatory-20220205-191500.npy,20220205,Arecibo-Observatory,19:15:00,19:30:00,200,0.25,15.0,86.625,3600,1,False,,
win-Arecibo-Observatory-20220205-193000.npy,20220205,Arecibo-Observatory,19:30:00,19:45:00,200,0.25,15.0,86.625,3600,2,False,,
win-Arecibo-Observatory-20220205-194500.npy,20220205,Arecibo-Observatory,19:45:00,20:00:00,200,0.25,15.0,86.625,3600,2,False,,
win-Arecibo-Observatory-20220205-200000.npy,20220205,Arecibo-Observatory,20:00:00,20:15:00,200,0.25,15.0,86.625,3600,0,False,,
win-Arecibo-Observatory-20220205-201500.npy,20220205,Arecibo-Observatory,20:15:00,20:30:00,200,0.25,15.0,86.625,3600,1,False,,
win-Arecibo-Observatory-20220205-203000.npy,20220205,Arecibo-Observatory,20:30:00,20:45:00,200,0.25,15.0,86.625,3600,0,False,,
win-Arecibo-Observatory-20220205-204500.npy,20220205,Arecibo-Observatory,20:45:00,21:00:00,200,0.25,15.0,86.625,3600,0,False,,
win-Arecibo-Observatory-20220206-151500.npy,20220206,Arecibo-Observatory,15:15:00,15:30:00,200,0.25,15.0,86.625,3600,0,True,offclass_event_in_negative_window,CTM
win-Arecibo-Observatory-20220206-153000.npy,20220206,Arecibo-Observatory,15:30:00,15:45:00,200,0.25,15.0,86.625,3600,0,True,offclass_event_in_negative_window,CTM
win-Arecibo-Observatory-20220206-154500.npy,20220206,Arecibo-Observatory,15:45:00,16:00:00,200,0.25,15.0,86.625,3600,1,False,,CTM
win-Arecibo-Observatory-20220206-160000.npy,20220206,Arecibo-Observatory,16:00:00,16:15:00,200,0.25,15.0,86.625,3600,0,True,offclass_event_in_negative_window,CTM
win-Arecibo-Observatory-20220206-161500.npy,20220206,Arecibo-Observatory,16:15:00,16:30:00,200,0.25,15.0,86.625,3600,0,True,offclass_event_in_negative_window,CTM
win-Arecibo-Observatory-20220206-163000.npy,20220206,Arecibo-Observatory,16:30:00,16:45:00,200,0.25,15.0,86.625,3600,1,False,,CTM
win-Arecibo-Observatory-20220206-164500.npy,20220206,Arecibo-Observatory,16:45:00,17:00:00,200,0.25,15.0,86.625,3600,0,True,offclass_event_in_negative_window,CTM
win-Arecibo-Observatory-20220206-170000.npy,20220206,Arecibo-Observatory,17:00:00,17:15:00,200,0.25,15.0,86.625,3600,0,True,offclass_event_in_negative_window,CTM
win-Arecibo-Observatory-20220206-190001.npy,20220206,Arecibo-Observatory,19:00:01,19:15:01,200,0.25,15.0,86.625,3600,0,True,offclass_event_in_negative_window,CTM
win-Arecibo-Observatory-20220206-191501.npy,20220206,Arecibo-Observatory,19:15:01,19:30:01,200,0.25,15.0,86.625,3600,0,True,offclass_event_in_negative_window,CTM
win-Arecibo-Observatory-20220206-193001.npy,20220206,Arecibo-Observatory,19:30:01,19:45:01,200,0.25,15.0,86.625,3600,1,False,,CTM
win-Arecibo-Observatory-20220206-194501.npy,20220206,Arecibo-Observatory,19:45:01,20:00:01,200,0.25,15.0,86.625,3600,0,True,offclass_event_in_negative_window,CTM
win-Arecibo-Observatory-20220206-200001.npy,20220206,Arecibo-Observatory,20:00:01,20:15:01,200,0.25,15.0,86.625,3600,0,True,offclass_event_in_negative_window,CTM
win-Arecibo-Observatory-20220207-154500.npy,20220207,Arecibo-Observatory,15:45:00,16:00:00,200,0.25,15.0,86.625,3600,0,False,,
win-Arecibo-Observatory-20220207-160000.npy,20220207,Arecibo-Observatory,16:00:00,16:15:00,200,0.25,15.0,86.625,3600,0,False,,
win-Arecibo-Observatory-20220207-161500.npy,20220207,Arecibo-Observatory,16:15:00,16:30:00,200,0.25,15.0,86.625,3600,1,True,all_boxes_review_discard,
win-Arecibo-Observatory-20220207-163000.npy,20220207,Arecibo-Observatory,16:30:00,16:45:00,200,0.25,15.0,86.625,3600,1,True,all_boxes_review_discard,
win-Arecibo-Observatory-20220207-164459.npy,20220207,Arecibo-Observatory,16:44:59,16:59:59,200,0.25,15.0,86.625,3600,1,True,all_boxes_review_discard,
win-Arecibo-Observatory-20220207-165959.npy,20220207,Arecibo-Observatory,16:59:59,17:14:59,200,0.25,15.0,86.625,3600,0,True,only_edge_sliver_of_an_event,
win-Arecibo-Observatory-20220207-171459.npy,20220207,Arecibo-Observatory,17:14:59,17:29:59,200,0.25,15.0,86.625,3600,0,False,,
win-Arecibo-Observatory-20220207-172959.npy,20220207,Arecibo-Observatory,17:29:59,17:44:59,200,0.25,15.0,86.625,3600,0,False,,
win-Arecibo-Observatory-20220208-130000.npy,20220208,Arecibo-Observatory,13:00:00,13:15:00,200,0.25,15.0,86.625,3600,0,False,,
win-Arecibo-Observatory-20220208-131500.npy,20220208,Arecibo-Observatory,13:15:00,13:30:00,200,0.25,15.0,86.625,3600,0,False,,
win-Arecibo-Observatory-20220208-133000.npy,20220208,Arecibo-Observatory,13:30:00,13:45:00,200,0.25,15.0,86.625,3600,1,True,all_boxes_review_discard,
win-Arecibo-Observatory-20220208-134500.npy,20220208,Arecibo-Observatory,13:45:00,14:00:00,200,0.25,15.0,86.625,3600,0,False,,
win-Arecibo-Observatory-20220208-140001.npy,20220208,Arecibo-Observatory,14:00:01,14:15:01,200,0.25,15.0,86.625,3600,0,False,,
win-Arecibo-Observatory-20220208-160000.npy,20220208,Arecibo-Observatory,16:00:00,16:15:00,200,0.25,15.0,86.625,3600,0,True,offclass_event_in_negative_window,VI
win-Arecibo-Observatory-20220208-161500.npy,20220208,Arecibo-Observatory,16:15:00,16:30:00,200,0.25,15.0,86.625,3600,0,True,offclass_event_in_negative_window,VI
win-Arecibo-Observatory-20220208-163000.npy,20220208,Arecibo-Observatory,16:30:00,16:45:00,200,0.25,15.0,86.625,3600,1,False,,
win-Arecibo-Observatory-20220208-164500.npy,20220208,Arecibo-Observatory,16:45:00,17:00:00,200,0.25,15.0,86.625,3600,0,False,,
win-Arecibo-Observatory-20220208-170000.npy,20220208,Arecibo-Observatory,17:00:00,17:15:00,200,0.25,15.0,86.625,3600,0,False,,
win-Arecibo-Observatory-20220209-134500.npy,20220209,Arecibo-Observatory,13:45:00,14:00:00,200,0.25,15.0,86.625,3600,0,False,,
win-Arecibo-Observatory-20220209-140000.npy,20220209,Arecibo-Observatory,14:00:00,14:15:00,200,0.25,15.0,86.625,3600,0,False,,
win-Arecibo-Observatory-20220209-141500.npy,20220209,Arecibo-Observatory,14:15:00,14:30:00,200,0.25,15.0,86.625,3600,1,True,all_boxes_review_discard,
win-Arecibo-Observatory-20220209-143001.npy,20220209,Arecibo-Observatory,14:30:01,14:45:01,200,0.25,15.0,86.625,3600,0,False,,
win-Arecibo-Observatory-20220209-144501.npy,20220209,Arecibo-Observatory,14:45:01,14:59:58,200,0.25,15.0,86.625,3588,0,False,,
win-Arecibo-Observatory-20220209-160000.npy,20220209,Arecibo-Observatory,16:00:00,16:15:00,200,0.25,15.0,86.625,3600,0,False,,
win-Arecibo-Observatory-20220209-161500.npy,20220209,Arecibo-Observatory,16:15:00,16:30:00,200,0.25,15.0,86.625,3600,0,False,,
win-Arecibo-Observatory-20220209-163000.npy,20220209,Arecibo-Observatory,16:30:00,16:45:00,200,0.25,15.0,86.625,3600,1,True,all_boxes_review_discard,
win-Arecibo-Observatory-20220209-164459.npy,20220209,Arecibo-Observatory,16:44:59,16:59:59,200,0.25,15.0,86.625,3600,0,False,,
win-Arecibo-Observatory-20220209-165959.npy,20220209,Arecibo-Observatory,16:59:59,17:14:59,200,0.25,15.0,86.625,3600,0,False,,
win-Arecibo-Observatory-20220209-171459.npy,20220209,Arecibo-Observatory,17:14:59,17:29:59,200,0.25,15.0,86.625,3600,1,False,,
win-Arecibo-Observatory-20220209-172959.npy,20220209,Arecibo-Observatory,17:29:59,17:44:59,200,0.25,15.0,86.625,3600,0,False,,
win-Arecibo-Observatory-20220209-174459.npy,20220209,Arecibo-Observatory,17:44:59,17:59:59,200,0.25,15.0,86.625,3600,0,False,,
win-Arecibo-Observatory-20220209-175959.npy,20220209,Arecibo-Observatory,17:59:59,18:14:59,200,0.25,15.0,86.625,3600,1,True,all_boxes_review_discard,
win-Arecibo-Observatory-20220209-181459.npy,20220209,Arecibo-Observatory,18:14:59,18:29:59,200,0.25,15.0,86.625,3600,0,False,,
win-Arecibo-Observatory-20220209-182959.npy,20220209,Arecibo-Observatory,18:29:59,18:44:59,200,0.25,15.0,86.625,3600,0,False,,
win-Arecibo-Observatory-20220209-184459.npy,20220209,Arecibo-Observatory,18:44:59,18:59:59,200,0.25,15.0,86.625,3600,1,False,,
win-Arecibo-Observatory-20220209-185959.npy,20220209,Arecibo-Observatory,18:59:59,19:14:59,200,0.25,15.0,86.625,3600,0,False,,
win-Arecibo-Observatory-20220209-191459.npy,20220209,Arecibo-Observatory,19:14:59,19:29:59,200,0.25,15.0,86.625,3600,1,False,,
win-Arecibo-Observatory-20220209-192959.npy,20220209,Arecibo-Observatory,19:29:59,19:44:59,200,0.25,15.0,86.625,3600,0,False,,
win-Arecibo-Observatory-20220209-194500.npy,20220209,Arecibo-Observatory,19:45:00,20:00:00,200,0.25,15.0,86.625,3600,0,False,,
win-Arecibo-Observatory-20220210-154500.npy,20220210,Arecibo-Observatory,15:45:00,16:00:00,200,0.25,15.0,86.625,3600,0,False,,
win-Arecibo-Observatory-20220210-160000.npy,20220210,Arecibo-Observatory,16:00:00,16:15:00,200,0.25,15.0,86.625,3600,0,False,,
win-Arecibo-Observatory-20220210-161500.npy,20220210,Arecibo-Observatory,16:15:00,16:30:00,200,0.25,15.0,86.625,3600,1,False,,
win-Arecibo-Observatory-20220210-163000.npy,20220210,Arecibo-Observatory,16:30:00,16:45:00,200,0.25,15.0,86.625,3600,0,False,,
win-Arecibo-Observatory-20220210-164500.npy,20220210,Arecibo-Observatory,16:45:00,17:00:00,200,0.25,15.0,86.625,3600,0,False,,
win-Arecibo-Observatory-20220210-170000.npy,20220210,Arecibo-Observatory,17:00:00,17:15:00,200,0.25,15.0,86.625,3600,0,False,,
win-Arecibo-Observatory-20220210-171500.npy,20220210,Arecibo-Observatory,17:15:00,17:30:00,200,0.25,15.0,86.625,3600,0,False,,
win-Arecibo-Observatory-20220210-173000.npy,20220210,Arecibo-Observatory,17:30:00,17:45:00,200,0.25,15.0,86.625,3600,1,True,all_boxes_review_discard,
win-Arecibo-Observatory-20220210-174500.npy,20220210,Arecibo-Observatory,17:45:00,18:00:00,200,0.25,15.0,86.625,3600,0,False,,
win-Arecibo-Observatory-20220210-180000.npy,20220210,Arecibo-Observatory,18:00:00,18:15:00,200,0.25,15.0,86.625,3600,0,False,,
win-Arecibo-Observatory-20220210-190001.npy,20220210,Arecibo-Observatory,19:00:01,19:15:01,200,0.25,15.0,86.625,3600,0,False,,
win-Arecibo-Observatory-20220210-191500.npy,20220210,Arecibo-Observatory,19:15:00,19:30:00,200,0.25,15.0,86.625,3600,0,False,,
win-Arecibo-Observatory-20220210-193001.npy,20220210,Arecibo-Observatory,19:30:01,19:45:01,200,0.25,15.0,86.625,3600,1,True,all_boxes_review_discard,
win-Arecibo-Observatory-20220210-194501.npy,20220210,Arecibo-Observatory,19:45:01,20:00:01,200,0.25,15.0,86.625,3600,0,False,,
win-Arecibo-Observatory-20220210-200001.npy,20220210,Arecibo-Observatory,20:00:01,20:15:01,200,0.25,15.0,86.625,3600,1,True,all_boxes_review_discard,
win-Arecibo-Observatory-20220210-201501.npy,20220210,Arecibo-Observatory,20:15:01,20:30:01,200,0.25,15.0,86.625,3600,0,False,,
win-Arecibo-Observatory-20220210-203000.npy,20220210,Arecibo-Observatory,20:30:00,20:45:00,200,0.25,15.0,86.625,3600,0,False,,
win-Arecibo-Observatory-20220210-204500.npy,20220210,Arecibo-Observatory,20:45:00,21:00:00,200,0.25,15.0,86.625,3600,0,False,,
win-Arecibo-Observatory-20220211-130000.npy,20220211,Arecibo-Observatory,13:00:00,13:15:00,200,0.25,15.0,86.625,3600,0,False,,
win-Arecibo-Observatory-20220211-131501.npy,20220211,Arecibo-Observatory,13:15:01,13:30:01,200,0.25,15.0,86.625,3600,0,False,,
win-Arecibo-Observatory-20220211-133001.npy,20220211,Arecibo-Observatory,13:30:01,13:45:01,200,0.25,15.0,86.625,3600,1,False,,
win-Arecibo-Observatory-20220211-134501.npy,20220211,Arecibo-Observatory,13:45:01,14:00:01,200,0.25,15.0,86.625,3600,0,False,,
win-Arecibo-Observatory-20220211-140001.npy,20220211,Arecibo-Observatory,14:00:01,14:15:01,200,0.25,15.0,86.625,3600,0,False,,
win-Arecibo-Observatory-20220211-143001.npy,20220211,Arecibo-Observatory,14:30:01,14:45:01,200,0.25,15.0,86.625,3600,0,False,,
win-Arecibo-Observatory-20220211-144501.npy,20220211,Arecibo-Observatory,14:45:01,14:59:58,200,0.25,15.0,86.625,3588,0,False,,
win-Arecibo-Observatory-20220211-150000.npy,20220211,Arecibo-Observatory,15:00:00,15:15:00,200,0.25,15.0,86.625,3600,1,False,,
win-Arecibo-Observatory-20220211-151500.npy,20220211,Arecibo-Observatory,15:15:00,15:30:00,200,0.25,15.0,86.625,3600,0,False,,
win-Arecibo-Observatory-20220211-153000.npy,20220211,Arecibo-Observatory,15:30:00,15:45:00,200,0.25,15.0,86.625,3600,0,False,,
win-Arecibo-Observatory-20220211-185959.npy,20220211,Arecibo-Observatory,18:59:59,19:14:59,200,0.25,15.0,86.625,3600,0,False,,
win-Arecibo-Observatory-20220211-191459.npy,20220211,Arecibo-Observatory,19:14:59,19:29:59,200,0.25,15.0,86.625,3600,0,False,,
win-Arecibo-Observatory-20220211-192959.npy,20220211,Arecibo-Observatory,19:29:59,19:44:59,200,0.25,15.0,86.625,3600,1,True,all_boxes_review_discard,
win-Arecibo-Observatory-20220211-194500.npy,20220211,Arecibo-Observatory,19:45:00,20:00:00,200,0.25,15.0,86.625,3600,0,False,,
win-Arecibo-Observatory-20220211-200000.npy,20220211,Arecibo-Observatory,20:00:00,20:15:00,200,0.25,15.0,86.625,3600,0,False,,
win-Arecibo-Observatory-20220212-133000.npy,20220212,Arecibo-Observatory,13:30:00,13:45:00,200,0.25,15.0,86.625,3600,0,False,,
win-Arecibo-Observatory-20220212-134501.npy,20220212,Arecibo-Observatory,13:45:01,14:00:01,200,0.25,15.0,86.625,3600,0,False,,
win-Arecibo-Observatory-20220212-140001.npy,20220212,Arecibo-Observatory,14:00:01,14:15:01,200,0.25,15.0,86.625,3600,1,True,all_boxes_review_discard,
win-Arecibo-Observatory-20220212-141501.npy,20220212,Arecibo-Observatory,14:15:01,14:30:01,200,0.25,15.0,86.625,3600,0,False,,
win-Arecibo-Observatory-20220212-143001.npy,20220212,Arecibo-Observatory,14:30:01,14:45:01,200,0.25,15.0,86.625,3600,0,False,,
win-Arecibo-Observatory-20220212-151500.npy,20220212,Arecibo-Observatory,15:15:00,15:30:00,200,0.25,15.0,86.625,3600,0,False,,
win-Arecibo-Observatory-20220212-153000.npy,20220212,Arecibo-Observatory,15:30:00,15:45:00,200,0.25,15.0,86.625,3600,0,False,,
win-Arecibo-Observatory-20220212-154500.npy,20220212,Arecibo-Observatory,15:45:00,16:00:00,200,0.25,15.0,86.625,3600,1,False,,
win-Arecibo-Observatory-20220212-160000.npy,20220212,Arecibo-Observatory,16:00:00,16:15:00,200,0.25,15.0,86.625,3600,0,False,,
win-Arecibo-Observatory-20220212-161500.npy,20220212,Arecibo-Observatory,16:15:00,16:30:00,200,0.25,15.0,86.625,3600,0,False,,
win-Arecibo-Observatory-20220212-163000.npy,20220212,Arecibo-Observatory,16:30:00,16:45:00,200,0.25,15.0,86.625,3600,1,False,,
win-Arecibo-Observatory-20220212-164500.npy,20220212,Arecibo-Observatory,16:45:00,17:00:00,200,0.25,15.0,86.625,3600,0,False,,
win-Arecibo-Observatory-20220212-170000.npy,20220212,Arecibo-Observatory,17:00:00,17:15:00,200,0.25,15.0,86.625,3600,1,True,all_boxes_review_discard,
win-Arecibo-Observatory-20220212-171500.npy,20220212,Arecibo-Observatory,17:15:00,17:30:00,200,0.25,15.0,86.625,3600,1,False,,
win-Arecibo-Observatory-20220212-173000.npy,20220212,Arecibo-Observatory,17:30:00,17:45:00,200,0.25,15.0,86.625,3600,0,False,,
win-Arecibo-Observatory-20220212-174500.npy,20220212,Arecibo-Observatory,17:45:00,18:00:00,200,0.25,15.0,86.625,3600,0,False,,
win-Arecibo-Observatory-20220212-180000.npy,20220212,Arecibo-Observatory,18:00:00,18:15:00,200,0.25,15.0,86.625,3600,0,False,,
win-Arecibo-Observatory-20220212-181500.npy,20220212,Arecibo-Observatory,18:15:00,18:30:00,200,0.25,15.0,86.625,3600,0,False,,
win-Arecibo-Observatory-20220212-183001.npy,20220212,Arecibo-Observatory,18:30:01,18:45:01,200,0.25,15.0,86.625,3600,1,True,all_boxes_review_discard,
win-Arecibo-Observatory-20220212-184501.npy,20220212,Arecibo-Observatory,18:45:01,19:00:01,200,0.25,15.0,86.625,3600,0,False,,
win-Arecibo-Observatory-20220212-190000.npy,20220212,Arecibo-Observatory,19:00:00,19:15:00,200,0.25,15.0,86.625,3600,1,False,,
win-Arecibo-Observatory-20220212-191501.npy,20220212,Arecibo-Observatory,19:15:01,19:30:01,200,0.25,15.0,86.625,3600,0,False,,
win-Arecibo-Observatory-20220212-193001.npy,20220212,Arecibo-Observatory,19:30:01,19:45:01,200,0.25,15.0,86.625,3600,0,True,offclass_event_in_negative_window,VI
win-Arecibo-Observatory-20220213-130000.npy,20220213,Arecibo-Observatory,13:00:00,13:15:00,200,0.25,15.0,86.625,3600,0,False,,
win-Arecibo-Observatory-20220213-131500.npy,20220213,Arecibo-Observatory,13:15:00,13:30:00,200,0.25,15.0,86.625,3600,0,False,,
win-Arecibo-Observatory-20220213-133000.npy,20220213,Arecibo-Observatory,13:30:00,13:45:00,200,0.25,15.0,86.625,3600,0,False,,
win-Arecibo-Observatory-20220213-134500.npy,20220213,Arecibo-Observatory,13:45:00,14:00:00,200,0.25,15.0,86.625,3600,1,False,,IV
win-Arecibo-Observatory-20220213-140001.npy,20220213,Arecibo-Observatory,14:00:01,14:15:01,200,0.25,15.0,86.625,3600,0,False,,
win-Arecibo-Observatory-20220213-141501.npy,20220213,Arecibo-Observatory,14:15:01,14:30:01,200,0.25,15.0,86.625,3600,0,False,,
win-Arecibo-Observatory-20220213-144501.npy,20220213,Arecibo-Observatory,14:45:01,14:59:58,200,0.25,15.0,86.625,3589,0,False,,
win-Arecibo-Observatory-20220213-150000.npy,20220213,Arecibo-Observatory,15:00:00,15:15:00,200,0.25,15.0,86.625,3600,0,False,,
win-Arecibo-Observatory-20220213-151500.npy,20220213,Arecibo-Observatory,15:15:00,15:30:00,200,0.25,15.0,86.625,3600,1,False,,
win-Arecibo-Observatory-20220213-153000.npy,20220213,Arecibo-Observatory,15:30:00,15:45:00,200,0.25,15.0,86.625,3600,0,False,,
win-Arecibo-Observatory-20220213-154500.npy,20220213,Arecibo-Observatory,15:45:00,16:00:00,200,0.25,15.0,86.625,3600,0,False,,
win-Arecibo-Observatory-20220213-160000.npy,20220213,Arecibo-Observatory,16:00:00,16:15:00,200,0.25,15.0,86.625,3600,1,False,,
win-Arecibo-Observatory-20220213-161500.npy,20220213,Arecibo-Observatory,16:15:00,16:30:00,200,0.25,15.0,86.625,3600,0,False,,
win-Arecibo-Observatory-20220213-163000.npy,20220213,Arecibo-Observatory,16:30:00,16:45:00,200,0.25,15.0,86.625,3600,0,False,,
win-Arecibo-Observatory-20220213-171459.npy,20220213,Arecibo-Observatory,17:14:59,17:29:59,200,0.25,15.0,86.625,3600,0,False,,
win-Arecibo-Observatory-20220213-172959.npy,20220213,Arecibo-Observatory,17:29:59,17:44:59,200,0.25,15.0,86.625,3600,0,False,,
win-Arecibo-Observatory-20220213-174459.npy,20220213,Arecibo-Observatory,17:44:59,17:59:59,200,0.25,15.0,86.625,3600,1,False,,
win-Arecibo-Observatory-20220213-175959.npy,20220213,Arecibo-Observatory,17:59:59,18:14:59,200,0.25,15.0,86.625,3600,0,False,,
win-Arecibo-Observatory-20220213-181459.npy,20220213,Arecibo-Observatory,18:14:59,18:29:59,200,0.25,15.0,86.625,3600,0,False,,
win-Arecibo-Observatory-20220213-184459.npy,20220213,Arecibo-Observatory,18:44:59,18:59:59,200,0.25,15.0,86.625,3600,0,False,,
win-Arecibo-Observatory-20220213-185959.npy,20220213,Arecibo-Observatory,18:59:59,19:14:59,200,0.25,15.0,86.625,3600,0,False,,
win-Arecibo-Observatory-20220213-191459.npy,20220213,Arecibo-Observatory,19:14:59,19:29:59,200,0.25,15.0,86.625,3600,1,True,all_boxes_review_discard,
win-Arecibo-Observatory-20220213-193000.npy,20220213,Arecibo-Observatory,19:30:00,19:45:00,200,0.25,15.0,86.625,3600,0,False,,
win-Arecibo-Observatory-20220213-194500.npy,20220213,Arecibo-Observatory,19:45:00,20:00:00,200,0.25,15.0,86.625,3600,0,False,,
win-Arecibo-Observatory-20220214-114500.npy,20220214,Arecibo-Observatory,11:45:00,12:00:00,200,0.25,15.0,86.625,3600,0,False,,
win-Arecibo-Observatory-20220214-120000.npy,20220214,Arecibo-Observatory,12:00:00,12:15:00,200,0.25,15.0,86.625,3600,0,False,,
win-Arecibo-Observatory-20220214-121500.npy,20220214,Arecibo-Observatory,12:15:00,12:30:00,200,0.25,15.0,86.625,3600,1,True,all_boxes_review_discard,
win-Arecibo-Observatory-20220214-123000.npy,20220214,Arecibo-Observatory,12:30:00,12:45:00,200,0.25,15.0,86.625,3600,0,False,,
win-Arecibo-Observatory-20220214-124500.npy,20220214,Arecibo-Observatory,12:45:00,13:00:00,200,0.25,15.0,86.625,3600,0,False,,
win-Arecibo-Observatory-20220215-140000.npy,20220215,Arecibo-Observatory,14:00:00,14:15:00,200,0.25,15.0,86.625,3600,0,False,,
win-Arecibo-Observatory-20220215-141500.npy,20220215,Arecibo-Observatory,14:15:00,14:30:00,200,0.25,15.0,86.625,3600,0,False,,
win-Arecibo-Observatory-20220215-143000.npy,20220215,Arecibo-Observatory,14:30:00,14:45:00,200,0.25,15.0,86.625,3600,1,True,all_boxes_review_discard,
win-Arecibo-Observatory-20220215-144500.npy,20220215,Arecibo-Observatory,14:45:00,14:59:57,200,0.25,15.0,86.625,3588,0,False,,
win-Arecibo-Observatory-20220215-150000.npy,20220215,Arecibo-Observatory,15:00:00,15:15:00,200,0.25,15.0,86.625,3600,1,False,,
win-Arecibo-Observatory-20220215-151500.npy,20220215,Arecibo-Observatory,15:15:00,15:30:00,200,0.25,15.0,86.625,3600,0,False,,
win-Arecibo-Observatory-20220215-153000.npy,20220215,Arecibo-Observatory,15:30:00,15:45:00,200,0.25,15.0,86.625,3600,0,False,,
win-Arecibo-Observatory-20220216-134501.npy,20220216,Arecibo-Observatory,13:45:01,14:00:01,200,0.25,15.0,86.625,3600,0,False,,
win-Arecibo-Observatory-20220216-140001.npy,20220216,Arecibo-Observatory,14:00:01,14:15:01,200,0.25,15.0,86.625,3600,0,False,,
win-Arecibo-Observatory-20220216-141501.npy,20220216,Arecibo-Observatory,14:15:01,14:30:01,200,0.25,15.0,86.625,3600,1,True,all_boxes_review_discard,
win-Arecibo-Observatory-20220216-143001.npy,20220216,Arecibo-Observatory,14:30:01,14:45:01,200,0.25,15.0,86.625,3600,0,False,,
win-Arecibo-Observatory-20220216-144500.npy,20220216,Arecibo-Observatory,14:45:00,15:00:00,200,0.25,15.0,86.625,3600,0,False,,
win-Arecibo-Observatory-20220216-150001.npy,20220216,Arecibo-Observatory,15:00:01,15:15:01,200,0.25,15.0,86.625,3600,0,False,,
win-Arecibo-Observatory-20220216-151501.npy,20220216,Arecibo-Observatory,15:15:01,15:30:01,200,0.25,15.0,86.625,3600,0,False,,
win-Arecibo-Observatory-20220216-153001.npy,20220216,Arecibo-Observatory,15:30:01,15:45:01,200,0.25,15.0,86.625,3600,2,False,,
win-Arecibo-Observatory-20220216-154501.npy,20220216,Arecibo-Observatory,15:45:01,16:00:01,200,0.25,15.0,86.625,3600,0,False,,
win-Arecibo-Observatory-20220216-160001.npy,20220216,Arecibo-Observatory,16:00:01,16:15:01,200,0.25,15.0,86.625,3600,0,False,,
win-Arecibo-Observatory-20220218-183001.npy,20220218,Arecibo-Observatory,18:30:01,18:45:01,200,0.25,15.0,86.625,3600,0,False,,
win-Arecibo-Observatory-20220218-184500.npy,20220218,Arecibo-Observatory,18:45:00,19:00:00,200,0.25,15.0,86.625,3600,0,False,,
win-Arecibo-Observatory-20220218-190000.npy,20220218,Arecibo-Observatory,19:00:00,19:15:00,200,0.25,15.0,86.625,3600,1,True,all_boxes_review_discard,
win-Arecibo-Observatory-20220218-191500.npy,20220218,Arecibo-Observatory,19:15:00,19:30:00,200,0.25,15.0,86.625,3600,1,False,,
win-Arecibo-Observatory-20220218-193000.npy,20220218,Arecibo-Observatory,19:30:00,19:45:00,200,0.25,15.0,86.625,3600,0,False,,
win-Arecibo-Observatory-20220218-194501.npy,20220218,Arecibo-Observatory,19:45:01,20:00:01,200,0.25,15.0,86.625,3600,0,False,,
win-Arecibo-Observatory-20220228-114500.npy,20220228,Arecibo-Observatory,11:45:00,12:00:00,200,0.25,15.0,86.625,3600,0,False,,
win-Arecibo-Observatory-20220228-120000.npy,20220228,Arecibo-Observatory,12:00:00,12:15:00,200,0.25,15.0,86.625,3600,0,False,,
win-Arecibo-Observatory-20220228-121500.npy,20220228,Arecibo-Observatory,12:15:00,12:30:00,200,0.25,15.0,86.625,3600,1,False,,
win-Arecibo-Observatory-20220228-123000.npy,20220228,Arecibo-Observatory,12:30:00,12:45:00,200,0.25,15.0,86.625,3600,1,False,,
win-Arecibo-Observatory-20220228-124500.npy,20220228,Arecibo-Observatory,12:45:00,13:00:00,200,0.25,15.0,86.625,3600,0,False,,
win-Arecibo-Observatory-20220228-130000.npy,20220228,Arecibo-Observatory,13:00:00,13:15:00,200,0.25,15.0,86.625,3600,0,False,,
win-Arecibo-Observatory-20220228-131501.npy,20220228,Arecibo-Observatory,13:15:01,13:30:01,200,0.25,15.0,86.625,3600,0,False,,
win-Arecibo-Observatory-20220228-133000.npy,20220228,Arecibo-Observatory,13:30:00,13:45:00,200,0.25,15.0,86.625,3600,0,False,,
win-Arecibo-Observatory-20220228-134501.npy,20220228,Arecibo-Observatory,13:45:01,14:00:01,200,0.25,15.0,86.625,3600,1,False,,
win-Arecibo-Observatory-20220228-140001.npy,20220228,Arecibo-Observatory,14:00:01,14:15:01,200,0.25,15.0,86.625,3600,0,False,,
win-Arecibo-Observatory-20220228-141501.npy,20220228,Arecibo-Observatory,14:15:01,14:30:01,200,0.25,15.0,86.625,3600,0,False,,
win-Arecibo-Observatory-20220301-163000.npy,20220301,Arecibo-Observatory,16:30:00,16:45:00,200,0.25,15.0,86.625,3600,0,False,,
win-Arecibo-Observatory-20220301-164459.npy,20220301,Arecibo-Observatory,16:44:59,16:59:59,200,0.25,15.0,86.625,3600,0,False,,
win-Arecibo-Observatory-20220301-165959.npy,20220301,Arecibo-Observatory,16:59:59,17:14:59,200,0.25,15.0,86.625,3600,1,True,all_boxes_review_discard,
win-Arecibo-Observatory-20220301-171459.npy,20220301,Arecibo-Observatory,17:14:59,17:29:59,200,0.25,15.0,86.625,3600,0,False,,
win-Arecibo-Observatory-20220301-172959.npy,20220301,Arecibo-Observatory,17:29:59,17:44:59,200,0.25,15.0,86.625,3600,0,False,,
win-Arecibo-Observatory-20220302-114500.npy,20220302,Arecibo-Observatory,11:45:00,12:00:00,200,0.25,15.0,86.625,3600,0,False,,
win-Arecibo-Observatory-20220302-120000.npy,20220302,Arecibo-Observatory,12:00:00,12:15:00,200,0.25,15.0,86.625,3600,0,False,,
win-Arecibo-Observatory-20220302-121500.npy,20220302,Arecibo-Observatory,12:15:00,12:30:00,200,0.25,15.0,86.625,3600,1,True,all_boxes_review_discard,
win-Arecibo-Observatory-20220302-123000.npy,20220302,Arecibo-Observatory,12:30:00,12:45:00,200,0.25,15.0,86.625,3600,0,False,,
win-Arecibo-Observatory-20220302-124500.npy,20220302,Arecibo-Observatory,12:45:00,13:00:00,200,0.25,15.0,86.625,3600,0,False,,
win-Arecibo-Observatory-20220302-151501.npy,20220302,Arecibo-Observatory,15:15:01,15:30:01,200,0.25,15.0,86.625,3600,0,False,,
win-Arecibo-Observatory-20220302-153001.npy,20220302,Arecibo-Observatory,15:30:01,15:45:01,200,0.25,15.0,86.625,3600,0,False,,
win-Arecibo-Observatory-20220302-154501.npy,20220302,Arecibo-Observatory,15:45:01,16:00:01,200,0.25,15.0,86.625,3600,1,False,,
win-Arecibo-Observatory-20220302-160001.npy,20220302,Arecibo-Observatory,16:00:01,16:15:01,200,0.25,15.0,86.625,3600,0,False,,
win-Arecibo-Observatory-20220302-161501.npy,20220302,Arecibo-Observatory,16:15:01,16:29:57,200,0.25,15.0,86.625,3586,0,False,,
win-Arecibo-Observatory-20220302-170000.npy,20220302,Arecibo-Observatory,17:00:00,17:15:00,200,0.25,15.0,86.625,3600,0,False,,
win-Arecibo-Observatory-20220302-171500.npy,20220302,Arecibo-Observatory,17:15:00,17:30:00,200,0.25,15.0,86.625,3600,0,False,,
win-Arecibo-Observatory-20220302-173000.npy,20220302,Arecibo-Observatory,17:30:00,17:45:00,200,0.25,15.0,86.625,3600,1,False,,
win-Arecibo-Observatory-20220302-174500.npy,20220302,Arecibo-Observatory,17:45:00,18:00:00,200,0.25,15.0,86.625,3600,1,False,,
win-Arecibo-Observatory-20220302-180000.npy,20220302,Arecibo-Observatory,18:00:00,18:15:00,200,0.25,15.0,86.625,3600,0,False,,
win-Arecibo-Observatory-20220302-181500.npy,20220302,Arecibo-Observatory,18:15:00,18:30:00,200,0.25,15.0,86.625,3600,0,False,,
win-Arecibo-Observatory-20220302-183000.npy,20220302,Arecibo-Observatory,18:30:00,18:45:00,200,0.25,15.0,86.625,3600,1,False,,
win-Arecibo-Observatory-20220302-184500.npy,20220302,Arecibo-Observatory,18:45:00,19:00:00,200,0.25,15.0,86.625,3600,0,False,,
win-Arecibo-Observatory-20220302-190000.npy,20220302,Arecibo-Observatory,19:00:00,19:15:00,200,0.25,15.0,86.625,3600,0,False,,
win-Arecibo-Observatory-20220303-121501.npy,20220303,Arecibo-Observatory,12:15:01,12:30:01,200,0.25,15.0,86.625,3600,0,False,,
win-Arecibo-Observatory-20220303-123001.npy,20220303,Arecibo-Observatory,12:30:01,12:45:01,200,0.25,15.0,86.625,3600,0,False,,
win-Arecibo-Observatory-20220303-124501.npy,20220303,Arecibo-Observatory,12:45:01,13:00:01,200,0.25,15.0,86.625,3600,1,False,,
win-Arecibo-Observatory-20220303-130001.npy,20220303,Arecibo-Observatory,13:00:01,13:15:01,200,0.25,15.0,86.625,3600,0,False,,
win-Arecibo-Observatory-20220303-131501.npy,20220303,Arecibo-Observatory,13:15:01,13:30:01,200,0.25,15.0,86.625,3600,0,False,,
win-Arecibo-Observatory-20220303-154501.npy,20220303,Arecibo-Observatory,15:45:01,16:00:01,200,0.25,15.0,86.625,3600,0,False,,
win-Arecibo-Observatory-20220303-160001.npy,20220303,Arecibo-Observatory,16:00:01,16:15:01,200,0.25,15.0,86.625,3600,0,False,,
win-Arecibo-Observatory-20220303-161501.npy,20220303,Arecibo-Observatory,16:15:01,16:29:57,200,0.25,15.0,86.625,3586,1,False,,
win-Arecibo-Observatory-20220303-163000.npy,20220303,Arecibo-Observatory,16:30:00,16:45:00,200,0.25,15.0,86.625,3600,0,False,,
win-Arecibo-Observatory-20220303-164459.npy,20220303,Arecibo-Observatory,16:44:59,16:59:59,200,0.25,15.0,86.625,3600,0,False,,
win-Arecibo-Observatory-20220304-113000.npy,20220304,Arecibo-Observatory,11:30:00,11:45:00,200,0.25,15.0,86.625,3600,0,False,,
win-Arecibo-Observatory-20220304-114500.npy,20220304,Arecibo-Observatory,11:45:00,12:00:00,200,0.25,15.0,86.625,3600,0,False,,
win-Arecibo-Observatory-20220304-120000.npy,20220304,Arecibo-Observatory,12:00:00,12:15:00,200,0.25,15.0,86.625,3600,1,False,,
win-Arecibo-Observatory-20220304-121500.npy,20220304,Arecibo-Observatory,12:15:00,12:30:00,200,0.25,15.0,86.625,3600,0,False,,
win-Arecibo-Observatory-20220304-123000.npy,20220304,Arecibo-Observatory,12:30:00,12:45:00,200,0.25,15.0,86.625,3600,0,False,,
win-Arecibo-Observatory-20220304-173000.npy,20220304,Arecibo-Observatory,17:30:00,17:45:00,200,0.25,15.0,86.625,3600,0,False,,
win-Arecibo-Observatory-20220304-174500.npy,20220304,Arecibo-Observatory,17:45:00,18:00:00,200,0.25,15.0,86.625,3600,0,False,,
win-Arecibo-Observatory-20220304-180000.npy,20220304,Arecibo-Observatory,18:00:00,18:15:00,200,0.25,15.0,86.625,3600,1,False,,
win-Arecibo-Observatory-20220304-181500.npy,20220304,Arecibo-Observatory,18:15:00,18:30:00,200,0.25,15.0,86.625,3600,0,False,,
win-Arecibo-Observatory-20220304-183000.npy,20220304,Arecibo-Observatory,18:30:00,18:45:00,200,0.25,15.0,86.625,3600,0,False,,
win-Arecibo-Observatory-20220305-130001.npy,20220305,Arecibo-Observatory,13:00:01,13:15:01,200,0.25,15.0,86.625,3600,0,False,,
win-Arecibo-Observatory-20220305-131500.npy,20220305,Arecibo-Observatory,13:15:00,13:30:00,200,0.25,15.0,86.625,3600,0,False,,
win-Arecibo-Observatory-20220305-133001.npy,20220305,Arecibo-Observatory,13:30:01,13:45:01,200,0.25,15.0,86.625,3600,1,True,all_boxes_review_discard,
win-Arecibo-Observatory-20220305-134501.npy,20220305,Arecibo-Observatory,13:45:01,14:00:01,200,0.25,15.0,86.625,3600,0,False,,
win-Arecibo-Observatory-20220305-140001.npy,20220305,Arecibo-Observatory,14:00:01,14:15:01,200,0.25,15.0,86.625,3600,0,False,,
win-Arecibo-Observatory-20220305-151501.npy,20220305,Arecibo-Observatory,15:15:01,15:30:01,200,0.25,15.0,86.625,3600,0,False,,
win-Arecibo-Observatory-20220305-153001.npy,20220305,Arecibo-Observatory,15:30:01,15:45:01,200,0.25,15.0,86.625,3600,0,False,,
win-Arecibo-Observatory-20220305-154501.npy,20220305,Arecibo-Observatory,15:45:01,16:00:01,200,0.25,15.0,86.625,3600,1,True,all_boxes_review_discard,
win-Arecibo-Observatory-20220305-160001.npy,20220305,Arecibo-Observatory,16:00:01,16:15:01,200,0.25,15.0,86.625,3600,0,False,,
win-Arecibo-Observatory-20220305-161501.npy,20220305,Arecibo-Observatory,16:15:01,16:29:57,200,0.25,15.0,86.625,3586,1,True,all_boxes_review_discard,
win-Arecibo-Observatory-20220305-163000.npy,20220305,Arecibo-Observatory,16:30:00,16:45:00,200,0.25,15.0,86.625,3600,0,False,,
win-Arecibo-Observatory-20220305-164459.npy,20220305,Arecibo-Observatory,16:44:59,16:59:59,200,0.25,15.0,86.625,3600,0,False,,
win-Arecibo-Observatory-20220305-165959.npy,20220305,Arecibo-Observatory,16:59:59,17:14:59,200,0.25,15.0,86.625,3600,0,False,,
win-Arecibo-Observatory-20220305-171459.npy,20220305,Arecibo-Observatory,17:14:59,17:29:59,200,0.25,15.0,86.625,3600,2,False,,
win-Arecibo-Observatory-20220305-172959.npy,20220305,Arecibo-Observatory,17:29:59,17:44:59,200,0.25,15.0,86.625,3600,0,False,,
win-Arecibo-Observatory-20220305-174459.npy,20220305,Arecibo-Observatory,17:44:59,17:59:59,200,0.25,15.0,86.625,3600,0,False,,
win-Arecibo-Observatory-20220306-121500.npy,20220306,Arecibo-Observatory,12:15:00,12:30:00,200,0.25,15.0,86.625,3600,0,False,,
win-Arecibo-Observatory-20220306-123000.npy,20220306,Arecibo-Observatory,12:30:00,12:45:00,200,0.25,15.0,86.625,3600,0,False,,
win-Arecibo-Observatory-20220306-124500.npy,20220306,Arecibo-Observatory,12:45:00,13:00:00,200,0.25,15.0,86.625,3600,1,True,all_boxes_review_discard,
win-Arecibo-Observatory-20220306-130000.npy,20220306,Arecibo-Observatory,13:00:00,13:15:00,200,0.25,15.0,86.625,3600,0,False,,
win-Arecibo-Observatory-20220306-131500.npy,20220306,Arecibo-Observatory,13:15:00,13:30:00,200,0.25,15.0,86.625,3600,0,True,offclass_event_in_negative_window,VI
win-Arecibo-Observatory-20220306-133000.npy,20220306,Arecibo-Observatory,13:30:00,13:45:00,200,0.25,15.0,86.625,3600,1,False,,
win-Arecibo-Observatory-20220306-134501.npy,20220306,Arecibo-Observatory,13:45:01,14:00:01,200,0.25,15.0,86.625,3600,0,False,,
win-Arecibo-Observatory-20220306-140001.npy,20220306,Arecibo-Observatory,14:00:01,14:15:01,200,0.25,15.0,86.625,3600,0,False,,
win-Arecibo-Observatory-20220306-141501.npy,20220306,Arecibo-Observatory,14:15:01,14:30:01,200,0.25,15.0,86.625,3600,1,False,,
win-Arecibo-Observatory-20220306-143001.npy,20220306,Arecibo-Observatory,14:30:01,14:45:01,200,0.25,15.0,86.625,3600,0,False,,
win-Arecibo-Observatory-20220306-144501.npy,20220306,Arecibo-Observatory,14:45:01,15:00:01,200,0.25,15.0,86.625,3600,1,True,all_boxes_review_discard,
win-Arecibo-Observatory-20220306-150001.npy,20220306,Arecibo-Observatory,15:00:01,15:15:01,200,0.25,15.0,86.625,3600,1,True,all_boxes_review_discard,
win-Arecibo-Observatory-20220306-151501.npy,20220306,Arecibo-Observatory,15:15:01,15:30:01,200,0.25,15.0,86.625,3600,0,False,,
win-Arecibo-Observatory-20220306-153001.npy,20220306,Arecibo-Observatory,15:30:01,15:45:01,200,0.25,15.0,86.625,3600,1,True,all_boxes_review_discard,
win-Arecibo-Observatory-20220306-154501.npy,20220306,Arecibo-Observatory,15:45:01,16:00:01,200,0.25,15.0,86.625,3600,0,True,offclass_event_in_negative_window,VI
win-Arecibo-Observatory-20220306-160001.npy,20220306,Arecibo-Observatory,16:00:01,16:15:01,200,0.25,15.0,86.625,3600,1,True,all_boxes_review_discard,
win-Arecibo-Observatory-20220306-161501.npy,20220306,Arecibo-Observatory,16:15:01,16:29:57,200,0.25,15.0,86.625,3587,0,False,,
win-Arecibo-Observatory-20220306-163000.npy,20220306,Arecibo-Observatory,16:30:00,16:45:00,200,0.25,15.0,86.625,3600,0,False,,
win-Arecibo-Observatory-20220306-164500.npy,20220306,Arecibo-Observatory,16:45:00,17:00:00,200,0.25,15.0,86.625,3600,1,False,,
win-Arecibo-Observatory-20220306-170000.npy,20220306,Arecibo-Observatory,17:00:00,17:15:00,200,0.25,15.0,86.625,3600,0,False,,
win-Arecibo-Observatory-20220306-171500.npy,20220306,Arecibo-Observatory,17:15:00,17:30:00,200,0.25,15.0,86.625,3600,0,False,,
win-Arecibo-Observatory-20220307-130001.npy,20220307,Arecibo-Observatory,13:00:01,13:15:01,200,0.25,15.0,86.625,3600,0,False,,
win-Arecibo-Observatory-20220307-131501.npy,20220307,Arecibo-Observatory,13:15:01,13:30:01,200,0.25,15.0,86.625,3600,0,False,,
win-Arecibo-Observatory-20220307-133001.npy,20220307,Arecibo-Observatory,13:30:01,13:45:01,200,0.25,15.0,86.625,3600,1,False,,
win-Arecibo-Observatory-20220307-134501.npy,20220307,Arecibo-Observatory,13:45:01,14:00:01,200,0.25,15.0,86.625,3600,0,False,,
win-Arecibo-Observatory-20220307-140001.npy,20220307,Arecibo-Observatory,14:00:01,14:15:01,200,0.25,15.0,86.625,3600,0,False,,
win-Arecibo-Observatory-20220307-141501.npy,20220307,Arecibo-Observatory,14:15:01,14:30:01,200,0.25,15.0,86.625,3600,0,False,,
win-Arecibo-Observatory-20220307-143001.npy,20220307,Arecibo-Observatory,14:30:01,14:45:01,200,0.25,15.0,86.625,3600,0,False,,
win-Arecibo-Observatory-20220307-144501.npy,20220307,Arecibo-Observatory,14:45:01,15:00:01,200,0.25,15.0,86.625,3600,1,True,all_boxes_review_discard,
win-Arecibo-Observatory-20220307-150001.npy,20220307,Arecibo-Observatory,15:00:01,15:15:01,200,0.25,15.0,86.625,3600,1,False,,
win-Arecibo-Observatory-20220307-151501.npy,20220307,Arecibo-Observatory,15:15:01,15:30:01,200,0.25,15.0,86.625,3600,0,False,,
win-Arecibo-Observatory-20220307-153001.npy,20220307,Arecibo-Observatory,15:30:01,15:45:01,200,0.25,15.0,86.625,3600,0,False,,
win-Arecibo-Observatory-20220307-165959.npy,20220307,Arecibo-Observatory,16:59:59,17:14:59,200,0.25,15.0,86.625,3600,0,False,,
win-Arecibo-Observatory-20220307-171459.npy,20220307,Arecibo-Observatory,17:14:59,17:29:59,200,0.25,15.0,86.625,3600,0,False,,
win-Arecibo-Observatory-20220307-172959.npy,20220307,Arecibo-Observatory,17:29:59,17:44:59,200,0.25,15.0,86.625,3600,1,False,,
win-Arecibo-Observatory-20220307-174459.npy,20220307,Arecibo-Observatory,17:44:59,17:59:59,200,0.25,15.0,86.625,3600,0,False,,
win-Arecibo-Observatory-20220307-175959.npy,20220307,Arecibo-Observatory,17:59:59,18:14:59,200,0.25,15.0,86.625,3600,1,False,,
win-Arecibo-Observatory-20220307-181459.npy,20220307,Arecibo-Observatory,18:14:59,18:29:59,200,0.25,15.0,86.625,3600,1,False,,
win-Arecibo-Observatory-20220307-182959.npy,20220307,Arecibo-Observatory,18:29:59,18:44:59,200,0.25,15.0,86.625,3600,0,False,,
win-Arecibo-Observatory-20220307-184459.npy,20220307,Arecibo-Observatory,18:44:59,18:59:59,200,0.25,15.0,86.625,3600,0,False,,
win-Arecibo-Observatory-20220308-131501.npy,20220308,Arecibo-Observatory,13:15:01,13:30:01,200,0.25,15.0,86.625,3600,0,False,,
win-Arecibo-Observatory-20220308-133001.npy,20220308,Arecibo-Observatory,13:30:01,13:45:01,200,0.25,15.0,86.625,3600,0,False,,
win-Arecibo-Observatory-20220308-134501.npy,20220308,Arecibo-Observatory,13:45:01,14:00:01,200,0.25,15.0,86.625,3600,1,True,all_boxes_review_discard,
win-Arecibo-Observatory-20220308-140001.npy,20220308,Arecibo-Observatory,14:00:01,14:15:01,200,0.25,15.0,86.625,3600,0,False,,
win-Arecibo-Observatory-20220308-141501.npy,20220308,Arecibo-Observatory,14:15:01,14:30:01,200,0.25,15.0,86.625,3600,0,False,,
win-Arecibo-Observatory-20220308-143001.npy,20220308,Arecibo-Observatory,14:30:01,14:45:01,200,0.25,15.0,86.625,3600,0,False,,
win-Arecibo-Observatory-20220308-144501.npy,20220308,Arecibo-Observatory,14:45:01,15:00:01,200,0.25,15.0,86.625,3600,0,False,,
win-Arecibo-Observatory-20220308-150001.npy,20220308,Arecibo-Observatory,15:00:01,15:15:01,200,0.25,15.0,86.625,3600,1,True,all_boxes_review_discard,
win-Arecibo-Observatory-20220308-151501.npy,20220308,Arecibo-Observatory,15:15:01,15:30:01,200,0.25,15.0,86.625,3600,0,False,,
win-Arecibo-Observatory-20220308-153001.npy,20220308,Arecibo-Observatory,15:30:01,15:45:01,200,0.25,15.0,86.625,3600,0,True,offclass_event_in_negative_window,VI
win-Arecibo-Observatory-20220308-154501.npy,20220308,Arecibo-Observatory,15:45:01,16:00:01,200,0.25,15.0,86.625,3600,0,True,offclass_event_in_negative_window,VI
win-Arecibo-Observatory-20220308-160001.npy,20220308,Arecibo-Observatory,16:00:01,16:15:01,200,0.25,15.0,86.625,3600,1,True,all_boxes_review_discard,
win-Arecibo-Observatory-20220308-161501.npy,20220308,Arecibo-Observatory,16:15:01,16:29:57,200,0.25,15.0,86.625,3586,0,True,offclass_event_in_negative_window,VI
win-Arecibo-Observatory-20220308-163000.npy,20220308,Arecibo-Observatory,16:30:00,16:45:00,200,0.25,15.0,86.625,3600,0,True,offclass_event_in_negative_window,VI
win-Arecibo-Observatory-20220308-181500.npy,20220308,Arecibo-Observatory,18:15:00,18:30:00,200,0.25,15.0,86.625,3600,0,True,offclass_event_in_negative_window,VI
win-Arecibo-Observatory-20220308-183001.npy,20220308,Arecibo-Observatory,18:30:01,18:45:01,200,0.25,15.0,86.625,3600,0,True,offclass_event_in_negative_window,VI
win-Arecibo-Observatory-20220308-184501.npy,20220308,Arecibo-Observatory,18:45:01,19:00:01,200,0.25,15.0,86.625,3600,1,True,all_boxes_review_discard,
win-Arecibo-Observatory-20220308-190001.npy,20220308,Arecibo-Observatory,19:00:01,19:15:01,200,0.25,15.0,86.625,3600,1,False,,
win-Arecibo-Observatory-20220308-191500.npy,20220308,Arecibo-Observatory,19:15:00,19:30:00,200,0.25,15.0,86.625,3600,1,False,,
win-Arecibo-Observatory-20220308-193001.npy,20220308,Arecibo-Observatory,19:30:01,19:45:01,200,0.25,15.0,86.625,3600,0,False,,
win-Arecibo-Observatory-20220308-194501.npy,20220308,Arecibo-Observatory,19:45:01,20:00:01,200,0.25,15.0,86.625,3600,0,False,,
win-Arecibo-Observatory-20220308-203001.npy,20220308,Arecibo-Observatory,20:30:01,20:45:01,200,0.25,15.0,86.625,3600,0,False,,
win-Arecibo-Observatory-20220308-204501.npy,20220308,Arecibo-Observatory,20:45:01,21:00:01,200,0.25,15.0,86.625,3600,0,False,,
win-Arecibo-Observatory-20220308-210001.npy,20220308,Arecibo-Observatory,21:00:01,21:15:01,200,0.25,15.0,86.625,3600,1,True,all_boxes_review_discard,
win-Arecibo-Observatory-20220308-211501.npy,20220308,Arecibo-Observatory,21:15:01,21:30:01,200,0.25,15.0,86.625,3600,0,False,,
win-Arecibo-Observatory-20220308-213001.npy,20220308,Arecibo-Observatory,21:30:01,21:45:01,200,0.25,15.0,86.625,3600,0,False,,
win-Arecibo-Observatory-20220309-172352.npy,20220309,Arecibo-Observatory,17:23:52,17:38:52,200,0.25,15.0,86.625,3600,0,False,,
win-Arecibo-Observatory-20220309-173852.npy,20220309,Arecibo-Observatory,17:38:52,17:53:52,200,0.25,15.0,86.625,3600,1,False,,
win-Arecibo-Observatory-20220309-175352.npy,20220309,Arecibo-Observatory,17:53:52,18:08:52,200,0.25,15.0,86.625,3600,0,False,,
win-Arecibo-Observatory-20220309-180852.npy,20220309,Arecibo-Observatory,18:08:52,18:23:52,200,0.25,15.0,86.625,3600,0,False,,
win-Arecibo-Observatory-20220309-182352.npy,20220309,Arecibo-Observatory,18:23:52,18:38:52,200,0.25,15.0,86.625,3600,1,False,,
win-Arecibo-Observatory-20220309-183852.npy,20220309,Arecibo-Observatory,18:38:52,18:53:52,200,0.25,15.0,86.625,3600,0,False,,
win-Arecibo-Observatory-20220309-185352.npy,20220309,Arecibo-Observatory,18:53:52,19:08:52,200,0.25,15.0,86.625,3600,1,False,,
win-Arecibo-Observatory-20220309-190852.npy,20220309,Arecibo-Observatory,19:08:52,19:23:52,200,0.25,15.0,86.625,3600,0,False,,
win-Arecibo-Observatory-20220309-192353.npy,20220309,Arecibo-Observatory,19:23:53,19:38:53,200,0.25,15.0,86.625,3600,0,False,,
win-Arecibo-Observatory-20220311-121500.npy,20220311,Arecibo-Observatory,12:15:00,12:30:00,200,0.25,15.0,86.625,3600,0,False,,
win-Arecibo-Observatory-20220311-123001.npy,20220311,Arecibo-Observatory,12:30:01,12:45:01,200,0.25,15.0,86.625,3600,0,False,,
win-Arecibo-Observatory-20220311-124500.npy,20220311,Arecibo-Observatory,12:45:00,13:00:00,200,0.25,15.0,86.625,3600,1,False,,
win-Arecibo-Observatory-20220311-130000.npy,20220311,Arecibo-Observatory,13:00:00,13:15:00,200,0.25,15.0,86.625,3600,0,False,,
win-Arecibo-Observatory-20220311-131500.npy,20220311,Arecibo-Observatory,13:15:00,13:30:00,200,0.25,15.0,86.625,3600,0,False,,
win-Arecibo-Observatory-20220312-124501.npy,20220312,Arecibo-Observatory,12:45:01,13:00:01,200,0.25,15.0,86.625,3600,0,False,,
win-Arecibo-Observatory-20220312-130001.npy,20220312,Arecibo-Observatory,13:00:01,13:15:01,200,0.25,15.0,86.625,3600,0,False,,
win-Arecibo-Observatory-20220312-131501.npy,20220312,Arecibo-Observatory,13:15:01,13:30:01,200,0.25,15.0,86.625,3600,2,True,all_boxes_review_discard,
win-Arecibo-Observatory-20220312-133001.npy,20220312,Arecibo-Observatory,13:30:01,13:45:01,200,0.25,15.0,86.625,3600,0,False,,
win-Arecibo-Observatory-20220312-134500.npy,20220312,Arecibo-Observatory,13:45:00,14:00:00,200,0.25,15.0,86.625,3600,0,False,,
win-Arecibo-Observatory-20220312-140001.npy,20220312,Arecibo-Observatory,14:00:01,14:15:01,200,0.25,15.0,86.625,3600,1,False,,
win-Arecibo-Observatory-20220312-141501.npy,20220312,Arecibo-Observatory,14:15:01,14:30:01,200,0.25,15.0,86.625,3600,0,False,,
win-Arecibo-Observatory-20220312-143001.npy,20220312,Arecibo-Observatory,14:30:01,14:45:01,200,0.25,15.0,86.625,3600,0,False,,
win-Arecibo-Observatory-20220312-151501.npy,20220312,Arecibo-Observatory,15:15:01,15:30:01,200,0.25,15.0,86.625,3600,0,False,,
win-Arecibo-Observatory-20220312-153001.npy,20220312,Arecibo-Observatory,15:30:01,15:45:01,200,0.25,15.0,86.625,3600,0,False,,
win-Arecibo-Observatory-20220312-154501.npy,20220312,Arecibo-Observatory,15:45:01,16:00:01,200,0.25,15.0,86.625,3600,1,True,all_boxes_review_discard,
win-Arecibo-Observatory-20220312-160001.npy,20220312,Arecibo-Observatory,16:00:01,16:15:01,200,0.25,15.0,86.625,3600,0,False,,
win-Arecibo-Observatory-20220312-161501.npy,20220312,Arecibo-Observatory,16:15:01,16:29:57,200,0.25,15.0,86.625,3586,0,False,,
win-Arecibo-Observatory-20220312-163000.npy,20220312,Arecibo-Observatory,16:30:00,16:45:00,200,0.25,15.0,86.625,3600,0,False,,
win-Arecibo-Observatory-20220312-164500.npy,20220312,Arecibo-Observatory,16:45:00,17:00:00,200,0.25,15.0,86.625,3600,1,True,all_boxes_review_discard,
win-Arecibo-Observatory-20220312-170000.npy,20220312,Arecibo-Observatory,17:00:00,17:15:00,200,0.25,15.0,86.625,3600,0,False,,
win-Arecibo-Observatory-20220312-171500.npy,20220312,Arecibo-Observatory,17:15:00,17:30:00,200,0.25,15.0,86.625,3600,0,False,,
win-Arecibo-Observatory-20220312-173000.npy,20220312,Arecibo-Observatory,17:30:00,17:45:00,200,0.25,15.0,86.625,3600,0,False,,
win-Arecibo-Observatory-20220312-174500.npy,20220312,Arecibo-Observatory,17:45:00,18:00:00,200,0.25,15.0,86.625,3600,1,False,,
win-Arecibo-Observatory-20220312-180000.npy,20220312,Arecibo-Observatory,18:00:00,18:15:00,200,0.25,15.0,86.625,3600,0,False,,
win-Arecibo-Observatory-20220312-181501.npy,20220312,Arecibo-Observatory,18:15:01,18:30:01,200,0.25,15.0,86.625,3600,1,True,all_boxes_review_discard,
win-Arecibo-Observatory-20220312-183000.npy,20220312,Arecibo-Observatory,18:30:00,18:45:00,200,0.25,15.0,86.625,3600,0,False,,
win-Arecibo-Observatory-20220312-184501.npy,20220312,Arecibo-Observatory,18:45:01,19:00:01,200,0.25,15.0,86.625,3600,0,False,,
win-Arecibo-Observatory-20220313-121501.npy,20220313,Arecibo-Observatory,12:15:01,12:30:01,200,0.25,15.0,86.625,3600,0,False,,
win-Arecibo-Observatory-20220313-123001.npy,20220313,Arecibo-Observatory,12:30:01,12:45:01,200,0.25,15.0,86.625,3600,0,False,,
win-Arecibo-Observatory-20220313-124501.npy,20220313,Arecibo-Observatory,12:45:01,13:00:01,200,0.25,15.0,86.625,3600,1,False,,
win-Arecibo-Observatory-20220313-130001.npy,20220313,Arecibo-Observatory,13:00:01,13:15:01,200,0.25,15.0,86.625,3600,0,False,,
win-Arecibo-Observatory-20220313-131501.npy,20220313,Arecibo-Observatory,13:15:01,13:30:01,200,0.25,15.0,86.625,3600,0,False,,
win-Arecibo-Observatory-20220313-134501.npy,20220313,Arecibo-Observatory,13:45:01,14:00:01,200,0.25,15.0,86.625,3600,0,False,,
win-Arecibo-Observatory-20220313-140001.npy,20220313,Arecibo-Observatory,14:00:01,14:15:01,200,0.25,15.0,86.625,3600,0,False,,
win-Arecibo-Observatory-20220313-141501.npy,20220313,Arecibo-Observatory,14:15:01,14:30:01,200,0.25,15.0,86.625,3600,1,False,,
win-Arecibo-Observatory-20220313-143001.npy,20220313,Arecibo-Observatory,14:30:01,14:45:01,200,0.25,15.0,86.625,3600,0,False,,
win-Arecibo-Observatory-20220313-144501.npy,20220313,Arecibo-Observatory,14:45:01,15:00:01,200,0.25,15.0,86.625,3600,0,False,,
win-Arecibo-Observatory-20220313-154501.npy,20220313,Arecibo-Observatory,15:45:01,16:00:01,200,0.25,15.0,86.625,3600,0,False,,
win-Arecibo-Observatory-20220313-160001.npy,20220313,Arecibo-Observatory,16:00:01,16:15:01,200,0.25,15.0,86.625,3600,0,False,,
win-Arecibo-Observatory-20220313-161501.npy,20220313,Arecibo-Observatory,16:15:01,16:29:57,200,0.25,15.0,86.625,3587,1,False,,
win-Arecibo-Observatory-20220313-163000.npy,20220313,Arecibo-Observatory,16:30:00,16:45:00,200,0.25,15.0,86.625,3600,0,False,,
win-Arecibo-Observatory-20220313-164500.npy,20220313,Arecibo-Observatory,16:45:00,17:00:00,200,0.25,15.0,86.625,3600,0,False,,
win-Arecibo-Observatory-20220313-174459.npy,20220313,Arecibo-Observatory,17:44:59,17:59:59,200,0.25,15.0,86.625,3600,0,False,,
win-Arecibo-Observatory-20220313-175959.npy,20220313,Arecibo-Observatory,17:59:59,18:14:59,200,0.25,15.0,86.625,3600,0,False,,
win-Arecibo-Observatory-20220313-181459.npy,20220313,Arecibo-Observatory,18:14:59,18:29:59,200,0.25,15.0,86.625,3600,1,False,,
win-Arecibo-Observatory-20220313-182959.npy,20220313,Arecibo-Observatory,18:29:59,18:44:59,200,0.25,15.0,86.625,3600,1,False,,
win-Arecibo-Observatory-20220313-184459.npy,20220313,Arecibo-Observatory,18:44:59,18:59:59,200,0.25,15.0,86.625,3600,0,False,,
win-Arecibo-Observatory-20220313-185959.npy,20220313,Arecibo-Observatory,18:59:59,19:14:59,200,0.25,15.0,86.625,3600,0,False,,
win-Arecibo-Observatory-20220313-191459.npy,20220313,Arecibo-Observatory,19:14:59,19:29:59,200,0.25,15.0,86.625,3600,0,False,,
win-Arecibo-Observatory-20220313-192959.npy,20220313,Arecibo-Observatory,19:29:59,19:44:59,200,0.25,15.0,86.625,3600,1,False,,
win-Arecibo-Observatory-20220313-194459.npy,20220313,Arecibo-Observatory,19:44:59,19:59:59,200,0.25,15.0,86.625,3600,0,False,,
win-Arecibo-Observatory-20220313-195959.npy,20220313,Arecibo-Observatory,19:59:59,20:14:59,200,0.25,15.0,86.625,3600,0,False,,
win-Arecibo-Observatory-20220314-181500.npy,20220314,Arecibo-Observatory,18:15:00,18:30:00,200,0.25,15.0,86.625,3600,0,False,,
win-Arecibo-Observatory-20220314-183000.npy,20220314,Arecibo-Observatory,18:30:00,18:45:00,200,0.25,15.0,86.625,3600,0,False,,
win-Arecibo-Observatory-20220314-184500.npy,20220314,Arecibo-Observatory,18:45:00,19:00:00,200,0.25,15.0,86.625,3600,1,False,,
win-Arecibo-Observatory-20220314-190000.npy,20220314,Arecibo-Observatory,19:00:00,19:15:00,200,0.25,15.0,86.625,3600,0,False,,
win-Arecibo-Observatory-20220314-191500.npy,20220314,Arecibo-Observatory,19:15:00,19:30:00,200,0.25,15.0,86.625,3600,0,False,,
win-Arecibo-Observatory-20220316-124501.npy,20220316,Arecibo-Observatory,12:45:01,13:00:01,200,0.25,15.0,86.625,3600,0,False,,
win-Arecibo-Observatory-20220316-130000.npy,20220316,Arecibo-Observatory,13:00:00,13:15:00,200,0.25,15.0,86.625,3600,0,False,,
win-Arecibo-Observatory-20220316-131500.npy,20220316,Arecibo-Observatory,13:15:00,13:30:00,200,0.25,15.0,86.625,3600,1,False,,
win-Arecibo-Observatory-20220316-133000.npy,20220316,Arecibo-Observatory,13:30:00,13:45:00,200,0.25,15.0,86.625,3600,0,False,,
win-Arecibo-Observatory-20220316-134501.npy,20220316,Arecibo-Observatory,13:45:01,14:00:01,200,0.25,15.0,86.625,3600,0,False,,
win-Arecibo-Observatory-20220316-150001.npy,20220316,Arecibo-Observatory,15:00:01,15:15:01,200,0.25,15.0,86.625,3600,0,False,,
win-Arecibo-Observatory-20220316-151501.npy,20220316,Arecibo-Observatory,15:15:01,15:30:01,200,0.25,15.0,86.625,3600,0,False,,
win-Arecibo-Observatory-20220316-153001.npy,20220316,Arecibo-Observatory,15:30:01,15:45:01,200,0.25,15.0,86.625,3600,1,False,,
win-Arecibo-Observatory-20220316-154501.npy,20220316,Arecibo-Observatory,15:45:01,16:00:01,200,0.25,15.0,86.625,3600,0,False,,
win-Arecibo-Observatory-20220316-160001.npy,20220316,Arecibo-Observatory,16:00:01,16:15:01,200,0.25,15.0,86.625,3600,0,False,,
win-Arecibo-Observatory-20220316-180000.npy,20220316,Arecibo-Observatory,18:00:00,18:15:00,200,0.25,15.0,86.625,3600,0,False,,
win-Arecibo-Observatory-20220316-181500.npy,20220316,Arecibo-Observatory,18:15:00,18:30:00,200,0.25,15.0,86.625,3600,0,False,,
win-Arecibo-Observatory-20220316-183000.npy,20220316,Arecibo-Observatory,18:30:00,18:45:00,200,0.25,15.0,86.625,3600,1,True,all_boxes_review_discard,
win-Arecibo-Observatory-20220316-184500.npy,20220316,Arecibo-Observatory,18:45:00,19:00:00,200,0.25,15.0,86.625,3600,0,False,,
win-Arecibo-Observatory-20220316-190000.npy,20220316,Arecibo-Observatory,19:00:00,19:15:00,200,0.25,15.0,86.625,3600,0,False,,
win-Arecibo-Observatory-20220317-141501.npy,20220317,Arecibo-Observatory,14:15:01,14:30:01,200,0.25,15.0,86.625,3600,0,False,,
win-Arecibo-Observatory-20220317-143001.npy,20220317,Arecibo-Observatory,14:30:01,14:45:01,200,0.25,15.0,86.625,3600,0,False,,
win-Arecibo-Observatory-20220317-144501.npy,20220317,Arecibo-Observatory,14:45:01,15:00:01,200,0.25,15.0,86.625,3600,0,False,,
win-Arecibo-Observatory-20220317-150001.npy,20220317,Arecibo-Observatory,15:00:01,15:15:01,200,0.25,15.0,86.625,3600,1,False,,
win-Arecibo-Observatory-20220317-151501.npy,20220317,Arecibo-Observatory,15:15:01,15:30:01,200,0.25,15.0,86.625,3600,0,False,,
win-Arecibo-Observatory-20220317-153001.npy,20220317,Arecibo-Observatory,15:30:01,15:45:01,200,0.25,15.0,86.625,3600,0,False,,
win-Arecibo-Observatory-20220317-154501.npy,20220317,Arecibo-Observatory,15:45:01,16:00:01,200,0.25,15.0,86.625,3600,1,False,,
win-Arecibo-Observatory-20220317-160001.npy,20220317,Arecibo-Observatory,16:00:01,16:15:01,200,0.25,15.0,86.625,3600,0,False,,
win-Arecibo-Observatory-20220317-161501.npy,20220317,Arecibo-Observatory,16:15:01,16:29:57,200,0.25,15.0,86.625,3587,0,False,,
win-Arecibo-Observatory-20220318-113000.npy,20220318,Arecibo-Observatory,11:30:00,11:45:00,200,0.25,15.0,86.625,3600,0,False,,
win-Arecibo-Observatory-20220318-114500.npy,20220318,Arecibo-Observatory,11:45:00,12:00:00,200,0.25,15.0,86.625,3600,0,False,,
win-Arecibo-Observatory-20220318-120000.npy,20220318,Arecibo-Observatory,12:00:00,12:15:00,200,0.25,15.0,86.625,3600,0,False,,
win-Arecibo-Observatory-20220318-121500.npy,20220318,Arecibo-Observatory,12:15:00,12:30:00,200,0.25,15.0,86.625,3600,1,False,,
win-Arecibo-Observatory-20220318-123001.npy,20220318,Arecibo-Observatory,12:30:01,12:45:01,200,0.25,15.0,86.625,3600,0,False,,
win-Arecibo-Observatory-20220318-124500.npy,20220318,Arecibo-Observatory,12:45:00,13:00:00,200,0.25,15.0,86.625,3600,0,False,,
win-Arecibo-Observatory-20220318-130001.npy,20220318,Arecibo-Observatory,13:00:01,13:15:01,200,0.25,15.0,86.625,3600,1,True,all_boxes_review_discard,
win-Arecibo-Observatory-20220318-131501.npy,20220318,Arecibo-Observatory,13:15:01,13:30:01,200,0.25,15.0,86.625,3600,0,False,,
win-Arecibo-Observatory-20220318-133001.npy,20220318,Arecibo-Observatory,13:30:01,13:45:01,200,0.25,15.0,86.625,3600,0,False,,
win-Arecibo-Observatory-20220318-160001.npy,20220318,Arecibo-Observatory,16:00:01,16:15:01,200,0.25,15.0,86.625,3600,0,False,,
win-Arecibo-Observatory-20220318-161501.npy,20220318,Arecibo-Observatory,16:15:01,16:29:57,200,0.25,15.0,86.625,3586,0,False,,
win-Arecibo-Observatory-20220318-163000.npy,20220318,Arecibo-Observatory,16:30:00,16:45:00,200,0.25,15.0,86.625,3600,1,False,,
win-Arecibo-Observatory-20220318-164500.npy,20220318,Arecibo-Observatory,16:45:00,17:00:00,200,0.25,15.0,86.625,3600,0,False,,
win-Arecibo-Observatory-20220318-170000.npy,20220318,Arecibo-Observatory,17:00:00,17:15:00,200,0.25,15.0,86.625,3600,0,False,,
win-Arecibo-Observatory-20220318-180000.npy,20220318,Arecibo-Observatory,18:00:00,18:15:00,200,0.25,15.0,86.625,3600,0,False,,
win-Arecibo-Observatory-20220318-181500.npy,20220318,Arecibo-Observatory,18:15:00,18:30:00,200,0.25,15.0,86.625,3600,0,False,,
win-Arecibo-Observatory-20220318-183000.npy,20220318,Arecibo-Observatory,18:30:00,18:45:00,200,0.25,15.0,86.625,3600,1,False,,
win-Arecibo-Observatory-20220318-184500.npy,20220318,Arecibo-Observatory,18:45:00,19:00:00,200,0.25,15.0,86.625,3600,0,False,,
win-Arecibo-Observatory-20220318-190000.npy,20220318,Arecibo-Observatory,19:00:00,19:15:00,200,0.25,15.0,86.625,3600,0,False,,
win-Arecibo-Observatory-20220319-143001.npy,20220319,Arecibo-Observatory,14:30:01,14:45:01,200,0.25,15.0,86.625,3600,0,False,,
win-Arecibo-Observatory-20220319-144501.npy,20220319,Arecibo-Observatory,14:45:01,15:00:01,200,0.25,15.0,86.625,3600,0,False,,
win-Arecibo-Observatory-20220319-150001.npy,20220319,Arecibo-Observatory,15:00:01,15:15:01,200,0.25,15.0,86.625,3600,2,False,,
win-Arecibo-Observatory-20220319-151501.npy,20220319,Arecibo-Observatory,15:15:01,15:30:01,200,0.25,15.0,86.625,3600,0,False,,
win-Arecibo-Observatory-20220319-153001.npy,20220319,Arecibo-Observatory,15:30:01,15:45:01,200,0.25,15.0,86.625,3600,0,False,,
win-Arecibo-Observatory-20220319-161501.npy,20220319,Arecibo-Observatory,16:15:01,16:29:57,200,0.25,15.0,86.625,3586,0,False,,
win-Arecibo-Observatory-20220319-163000.npy,20220319,Arecibo-Observatory,16:30:00,16:45:00,200,0.25,15.0,86.625,3600,0,False,,
win-Arecibo-Observatory-20220319-164500.npy,20220319,Arecibo-Observatory,16:45:00,17:00:00,200,0.25,15.0,86.625,3600,1,False,,
win-Arecibo-Observatory-20220319-170000.npy,20220319,Arecibo-Observatory,17:00:00,17:15:00,200,0.25,15.0,86.625,3600,1,False,,
win-Arecibo-Observatory-20220319-171459.npy,20220319,Arecibo-Observatory,17:14:59,17:29:59,200,0.25,15.0,86.625,3600,0,False,,
win-Arecibo-Observatory-20220319-172959.npy,20220319,Arecibo-Observatory,17:29:59,17:44:59,200,0.25,15.0,86.625,3600,0,False,,
win-Arecibo-Observatory-20220321-120000.npy,20220321,Arecibo-Observatory,12:00:00,12:15:00,200,0.25,15.0,86.625,3600,0,False,,
win-Arecibo-Observatory-20220321-121500.npy,20220321,Arecibo-Observatory,12:15:00,12:30:00,200,0.25,15.0,86.625,3600,0,False,,
win-Arecibo-Observatory-20220321-123000.npy,20220321,Arecibo-Observatory,12:30:00,12:45:00,200,0.25,15.0,86.625,3600,1,True,all_boxes_review_discard,
win-Arecibo-Observatory-20220321-124501.npy,20220321,Arecibo-Observatory,12:45:01,13:00:01,200,0.25,15.0,86.625,3600,0,False,,
win-Arecibo-Observatory-20220321-130000.npy,20220321,Arecibo-Observatory,13:00:00,13:15:00,200,0.25,15.0,86.625,3600,0,False,,
win-Arecibo-Observatory-20220326-121501.npy,20220326,Arecibo-Observatory,12:15:01,12:30:01,200,0.25,15.0,86.625,3600,0,False,,
win-Arecibo-Observatory-20220326-123000.npy,20220326,Arecibo-Observatory,12:30:00,12:45:00,200,0.25,15.0,86.625,3600,0,False,,
win-Arecibo-Observatory-20220326-124501.npy,20220326,Arecibo-Observatory,12:45:01,13:00:01,200,0.25,15.0,86.625,3600,1,False,,
win-Arecibo-Observatory-20220326-130000.npy,20220326,Arecibo-Observatory,13:00:00,13:15:00,200,0.25,15.0,86.625,3600,0,False,,
win-Arecibo-Observatory-20220326-131501.npy,20220326,Arecibo-Observatory,13:15:01,13:30:01,200,0.25,15.0,86.625,3600,0,False,,
win-Arecibo-Observatory-20220326-151501.npy,20220326,Arecibo-Observatory,15:15:01,15:30:01,200,0.25,15.0,86.625,3600,0,False,,
win-Arecibo-Observatory-20220326-153001.npy,20220326,Arecibo-Observatory,15:30:01,15:45:01,200,0.25,15.0,86.625,3600,0,False,,
win-Arecibo-Observatory-20220326-154501.npy,20220326,Arecibo-Observatory,15:45:01,16:00:01,200,0.25,15.0,86.625,3600,1,False,,
win-Arecibo-Observatory-20220326-160001.npy,20220326,Arecibo-Observatory,16:00:01,16:15:01,200,0.25,15.0,86.625,3600,1,False,,
win-Arecibo-Observatory-20220326-161501.npy,20220326,Arecibo-Observatory,16:15:01,16:29:57,200,0.25,15.0,86.625,3586,0,False,,
win-Arecibo-Observatory-20220326-163000.npy,20220326,Arecibo-Observatory,16:30:00,16:45:00,200,0.25,15.0,86.625,3600,0,False,,
win-Arecibo-Observatory-20220327-184459.npy,20220327,Arecibo-Observatory,18:44:59,18:59:59,200,0.25,15.0,86.625,3600,0,False,,
win-Arecibo-Observatory-20220327-185959.npy,20220327,Arecibo-Observatory,18:59:59,19:14:59,200,0.25,15.0,86.625,3600,0,False,,
win-Arecibo-Observatory-20220327-191459.npy,20220327,Arecibo-Observatory,19:14:59,19:29:59,200,0.25,15.0,86.625,3600,1,True,all_boxes_review_discard,
win-Arecibo-Observatory-20220327-192959.npy,20220327,Arecibo-Observatory,19:29:59,19:44:59,200,0.25,15.0,86.625,3600,0,False,,
win-Arecibo-Observatory-20220327-194459.npy,20220327,Arecibo-Observatory,19:44:59,19:59:59,200,0.25,15.0,86.625,3600,0,False,,
win-Arecibo-Observatory-20220328-104500.npy,20220328,Arecibo-Observatory,10:45:00,11:00:00,200,0.25,15.0,86.625,3600,0,False,,
win-Arecibo-Observatory-20220328-110000.npy,20220328,Arecibo-Observatory,11:00:00,11:15:00,200,0.25,15.0,86.625,3600,0,False,,
win-Arecibo-Observatory-20220328-111500.npy,20220328,Arecibo-Observatory,11:15:00,11:30:00,200,0.25,15.0,86.625,3600,1,False,,
win-Arecibo-Observatory-20220328-113000.npy,20220328,Arecibo-Observatory,11:30:00,11:45:00,200,0.25,15.0,86.625,3600,1,False,,
win-Arecibo-Observatory-20220328-114500.npy,20220328,Arecibo-Observatory,11:45:00,12:00:00,200,0.25,15.0,86.625,3600,0,False,,
win-Arecibo-Observatory-20220328-120000.npy,20220328,Arecibo-Observatory,12:00:00,12:15:00,200,0.25,15.0,86.625,3600,0,False,,
win-Arecibo-Observatory-20220328-121500.npy,20220328,Arecibo-Observatory,12:15:00,12:30:00,200,0.25,15.0,86.625,3600,0,False,,
win-Arecibo-Observatory-20220328-123000.npy,20220328,Arecibo-Observatory,12:30:00,12:45:00,200,0.25,15.0,86.625,3600,0,False,,
win-Arecibo-Observatory-20220328-124500.npy,20220328,Arecibo-Observatory,12:45:00,13:00:00,200,0.25,15.0,86.625,3600,1,False,,
win-Arecibo-Observatory-20220328-130000.npy,20220328,Arecibo-Observatory,13:00:00,13:15:00,200,0.25,15.0,86.625,3600,0,False,,
win-Arecibo-Observatory-20220328-131500.npy,20220328,Arecibo-Observatory,13:15:00,13:30:00,200,0.25,15.0,86.625,3600,0,False,,
win-Arecibo-Observatory-20220329-111500.npy,20220329,Arecibo-Observatory,11:15:00,11:30:00,200,0.25,15.0,86.625,3600,0,False,,
win-Arecibo-Observatory-20220329-113000.npy,20220329,Arecibo-Observatory,11:30:00,11:45:00,200,0.25,15.0,86.625,3600,0,False,,
win-Arecibo-Observatory-20220329-114500.npy,20220329,Arecibo-Observatory,11:45:00,12:00:00,200,0.25,15.0,86.625,3600,1,True,all_boxes_review_discard,
win-Arecibo-Observatory-20220329-120000.npy,20220329,Arecibo-Observatory,12:00:00,12:15:00,200,0.25,15.0,86.625,3600,0,False,,
win-Arecibo-Observatory-20220329-121500.npy,20220329,Arecibo-Observatory,12:15:00,12:30:00,200,0.25,15.0,86.625,3600,0,False,,
win-Arecibo-Observatory-20220329-123000.npy,20220329,Arecibo-Observatory,12:30:00,12:45:00,200,0.25,15.0,86.625,3600,0,False,,
win-Arecibo-Observatory-20220329-124500.npy,20220329,Arecibo-Observatory,12:45:00,13:00:00,200,0.25,15.0,86.625,3600,1,True,all_boxes_review_discard,
win-Arecibo-Observatory-20220329-130001.npy,20220329,Arecibo-Observatory,13:00:01,13:15:01,200,0.25,15.0,86.625,3600,0,False,,
win-Arecibo-Observatory-20220329-131500.npy,20220329,Arecibo-Observatory,13:15:00,13:30:00,200,0.25,15.0,86.625,3600,0,False,,
win-Arecibo-Observatory-20220329-170000.npy,20220329,Arecibo-Observatory,17:00:00,17:15:00,200,0.25,15.0,86.625,3600,0,False,,
win-Arecibo-Observatory-20220329-171459.npy,20220329,Arecibo-Observatory,17:14:59,17:29:59,200,0.25,15.0,86.625,3600,0,False,,
win-Arecibo-Observatory-20220329-172959.npy,20220329,Arecibo-Observatory,17:29:59,17:44:59,200,0.25,15.0,86.625,3600,1,False,,
win-Arecibo-Observatory-20220329-174459.npy,20220329,Arecibo-Observatory,17:44:59,17:59:59,200,0.25,15.0,86.625,3600,0,False,,
win-Arecibo-Observatory-20220329-175959.npy,20220329,Arecibo-Observatory,17:59:59,18:14:59,200,0.25,15.0,86.625,3600,0,False,,
win-Arecibo-Observatory-20220329-181459.npy,20220329,Arecibo-Observatory,18:14:59,18:29:59,200,0.25,15.0,86.625,3600,0,False,,
win-Arecibo-Observatory-20220329-182959.npy,20220329,Arecibo-Observatory,18:29:59,18:44:59,200,0.25,15.0,86.625,3600,0,False,,
win-Arecibo-Observatory-20220329-184459.npy,20220329,Arecibo-Observatory,18:44:59,18:59:59,200,0.25,15.0,86.625,3600,1,False,,
win-Arecibo-Observatory-20220329-185959.npy,20220329,Arecibo-Observatory,18:59:59,19:14:59,200,0.25,15.0,86.625,3600,0,False,,
win-Arecibo-Observatory-20220329-191459.npy,20220329,Arecibo-Observatory,19:14:59,19:29:59,200,0.25,15.0,86.625,3600,1,True,all_boxes_review_discard,
win-Arecibo-Observatory-20220329-192959.npy,20220329,Arecibo-Observatory,19:29:59,19:44:59,200,0.25,15.0,86.625,3600,0,False,,
win-Arecibo-Observatory-20220329-194459.npy,20220329,Arecibo-Observatory,19:44:59,19:59:59,200,0.25,15.0,86.625,3600,0,False,,
win-Arecibo-Observatory-20220330-123001.npy,20220330,Arecibo-Observatory,12:30:01,12:45:01,200,0.25,15.0,86.625,3600,0,False,,
win-Arecibo-Observatory-20220330-124501.npy,20220330,Arecibo-Observatory,12:45:01,13:00:01,200,0.25,15.0,86.625,3600,0,False,,
win-Arecibo-Observatory-20220330-130001.npy,20220330,Arecibo-Observatory,13:00:01,13:15:01,200,0.25,15.0,86.625,3600,0,True,only_edge_sliver_of_an_event,
win-Arecibo-Observatory-20220330-131501.npy,20220330,Arecibo-Observatory,13:15:01,13:30:01,200,0.25,15.0,86.625,3600,1,False,,
win-Arecibo-Observatory-20220330-133001.npy,20220330,Arecibo-Observatory,13:30:01,13:45:01,200,0.25,15.0,86.625,3600,0,False,,
win-Arecibo-Observatory-20220330-134501.npy,20220330,Arecibo-Observatory,13:45:01,14:00:01,200,0.25,15.0,86.625,3600,0,False,,
win-Arecibo-Observatory-20220330-140001.npy,20220330,Arecibo-Observatory,14:00:01,14:15:01,200,0.25,15.0,86.625,3600,1,False,,
win-Arecibo-Observatory-20220330-141501.npy,20220330,Arecibo-Observatory,14:15:01,14:30:01,200,0.25,15.0,86.625,3600,0,False,,
win-Arecibo-Observatory-20220330-143001.npy,20220330,Arecibo-Observatory,14:30:01,14:45:01,200,0.25,15.0,86.625,3600,1,False,,
win-Arecibo-Observatory-20220330-144501.npy,20220330,Arecibo-Observatory,14:45:01,15:00:01,200,0.25,15.0,86.625,3600,0,False,,
win-Arecibo-Observatory-20220330-150001.npy,20220330,Arecibo-Observatory,15:00:01,15:15:01,200,0.25,15.0,86.625,3600,0,False,,
win-Arecibo-Observatory-20220330-170000.npy,20220330,Arecibo-Observatory,17:00:00,17:15:00,200,0.25,15.0,86.625,3600,0,False,,
win-Arecibo-Observatory-20220330-171500.npy,20220330,Arecibo-Observatory,17:15:00,17:30:00,200,0.25,15.0,86.625,3600,0,False,,
win-Arecibo-Observatory-20220330-173000.npy,20220330,Arecibo-Observatory,17:30:00,17:45:00,200,0.25,15.0,86.625,3600,1,False,,IV
win-Arecibo-Observatory-20220330-174500.npy,20220330,Arecibo-Observatory,17:45:00,18:00:00,200,0.25,15.0,86.625,3600,1,False,,CTM
win-Arecibo-Observatory-20220330-180001.npy,20220330,Arecibo-Observatory,18:00:01,18:15:01,200,0.25,15.0,86.625,3600,0,True,offclass_event_in_negative_window,CTM
win-Arecibo-Observatory-20220330-181501.npy,20220330,Arecibo-Observatory,18:15:01,18:30:01,200,0.25,15.0,86.625,3600,0,True,offclass_event_in_negative_window,CTM
win-Arecibo-Observatory-20220331-114500.npy,20220331,Arecibo-Observatory,11:45:00,12:00:00,200,0.25,15.0,86.625,3600,0,False,,
win-Arecibo-Observatory-20220331-120000.npy,20220331,Arecibo-Observatory,12:00:00,12:15:00,200,0.25,15.0,86.625,3600,0,False,,
win-Arecibo-Observatory-20220331-121501.npy,20220331,Arecibo-Observatory,12:15:01,12:30:01,200,0.25,15.0,86.625,3600,1,False,,
win-Arecibo-Observatory-20220331-123000.npy,20220331,Arecibo-Observatory,12:30:00,12:45:00,200,0.25,15.0,86.625,3600,0,False,,
win-Arecibo-Observatory-20220331-124501.npy,20220331,Arecibo-Observatory,12:45:01,13:00:01,200,0.25,15.0,86.625,3600,0,False,,
win-Arecibo-Observatory-20220331-133001.npy,20220331,Arecibo-Observatory,13:30:01,13:45:01,200,0.25,15.0,86.625,3600,0,False,,
win-Arecibo-Observatory-20220331-134500.npy,20220331,Arecibo-Observatory,13:45:00,14:00:00,200,0.25,15.0,86.625,3600,0,False,,
win-Arecibo-Observatory-20220331-140001.npy,20220331,Arecibo-Observatory,14:00:01,14:15:01,200,0.25,15.0,86.625,3600,1,False,,
win-Arecibo-Observatory-20220331-141501.npy,20220331,Arecibo-Observatory,14:15:01,14:30:01,200,0.25,15.0,86.625,3600,1,True,all_boxes_review_discard,
win-Arecibo-Observatory-20220331-143001.npy,20220331,Arecibo-Observatory,14:30:01,14:45:01,200,0.25,15.0,86.625,3600,0,False,,
win-Arecibo-Observatory-20220331-144501.npy,20220331,Arecibo-Observatory,14:45:01,15:00:01,200,0.25,15.0,86.625,3600,0,True,offclass_event_in_negative_window,VI
win-Arecibo-Observatory-20220331-161501.npy,20220331,Arecibo-Observatory,16:15:01,16:29:57,200,0.25,15.0,86.625,3587,0,False,,
win-Arecibo-Observatory-20220331-163000.npy,20220331,Arecibo-Observatory,16:30:00,16:45:00,200,0.25,15.0,86.625,3600,0,False,,
win-Arecibo-Observatory-20220331-164500.npy,20220331,Arecibo-Observatory,16:45:00,17:00:00,200,0.25,15.0,86.625,3600,1,True,all_boxes_review_discard,
win-Arecibo-Observatory-20220331-170000.npy,20220331,Arecibo-Observatory,17:00:00,17:15:00,200,0.25,15.0,86.625,3600,0,False,,
win-Arecibo-Observatory-20220331-171459.npy,20220331,Arecibo-Observatory,17:14:59,17:29:59,200,0.25,15.0,86.625,3600,0,False,,
win-Arecibo-Observatory-20220331-175959.npy,20220331,Arecibo-Observatory,17:59:59,18:14:59,200,0.25,15.0,86.625,3600,0,False,,
win-Arecibo-Observatory-20220331-181459.npy,20220331,Arecibo-Observatory,18:14:59,18:29:59,200,0.25,15.0,86.625,3600,0,False,,
win-Arecibo-Observatory-20220331-182959.npy,20220331,Arecibo-Observatory,18:29:59,18:44:59,200,0.25,15.0,86.625,3600,1,False,,
win-Arecibo-Observatory-20220331-184459.npy,20220331,Arecibo-Observatory,18:44:59,18:59:59,200,0.25,15.0,86.625,3600,1,False,,IV
win-Arecibo-Observatory-20220331-185959.npy,20220331,Arecibo-Observatory,18:59:59,19:14:59,200,0.25,15.0,86.625,3600,0,True,offclass_event_in_negative_window,IV
win-Arecibo-Observatory-20220331-191459.npy,20220331,Arecibo-Observatory,19:14:59,19:29:59,200,0.25,15.0,86.625,3600,1,False,,IV
win-Arecibo-Observatory-20220331-192959.npy,20220331,Arecibo-Observatory,19:29:59,19:44:59,200,0.25,15.0,86.625,3600,1,False,,IV
win-Arecibo-Observatory-20220331-194459.npy,20220331,Arecibo-Observatory,19:44:59,19:59:59,200,0.25,15.0,86.625,3600,0,False,,
win-Arecibo-Observatory-20220331-195959.npy,20220331,Arecibo-Observatory,19:59:59,20:14:59,200,0.25,15.0,86.625,3600,0,False,,
win-Arecibo-Observatory-20220401-123001.npy,20220401,Arecibo-Observatory,12:30:01,12:45:01,200,0.25,15.0,86.625,3600,0,False,,
win-Arecibo-Observatory-20220401-124501.npy,20220401,Arecibo-Observatory,12:45:01,13:00:01,200,0.25,15.0,86.625,3600,0,False,,
win-Arecibo-Observatory-20220401-130001.npy,20220401,Arecibo-Observatory,13:00:01,13:15:01,200,0.25,15.0,86.625,3600,1,True,all_boxes_review_discard,
win-Arecibo-Observatory-20220401-131501.npy,20220401,Arecibo-Observatory,13:15:01,13:30:01,200,0.25,15.0,86.625,3600,0,False,,
win-Arecibo-Observatory-20220401-133001.npy,20220401,Arecibo-Observatory,13:30:01,13:45:01,200,0.25,15.0,86.625,3600,1,True,all_boxes_review_discard,
win-Arecibo-Observatory-20220401-134501.npy,20220401,Arecibo-Observatory,13:45:01,14:00:01,200,0.25,15.0,86.625,3600,1,True,all_boxes_review_discard,
win-Arecibo-Observatory-20220401-140001.npy,20220401,Arecibo-Observatory,14:00:01,14:15:01,200,0.25,15.0,86.625,3600,0,False,,
win-Arecibo-Observatory-20220401-141501.npy,20220401,Arecibo-Observatory,14:15:01,14:30:01,200,0.25,15.0,86.625,3600,0,False,,
win-Arecibo-Observatory-20220401-150001.npy,20220401,Arecibo-Observatory,15:00:01,15:15:01,200,0.25,15.0,86.625,3600,0,False,,
win-Arecibo-Observatory-20220401-151501.npy,20220401,Arecibo-Observatory,15:15:01,15:30:01,200,0.25,15.0,86.625,3600,0,False,,
win-Arecibo-Observatory-20220401-153001.npy,20220401,Arecibo-Observatory,15:30:01,15:45:01,200,0.25,15.0,86.625,3600,1,True,all_boxes_review_discard,
win-Arecibo-Observatory-20220401-154501.npy,20220401,Arecibo-Observatory,15:45:01,16:00:01,200,0.25,15.0,86.625,3600,0,False,,
win-Arecibo-Observatory-20220401-160001.npy,20220401,Arecibo-Observatory,16:00:01,16:15:01,200,0.25,15.0,86.625,3600,0,False,,
win-Arecibo-Observatory-20220401-181501.npy,20220401,Arecibo-Observatory,18:15:01,18:30:01,200,0.25,15.0,86.625,3600,0,True,offclass_event_in_negative_window,VI
win-Arecibo-Observatory-20220401-183000.npy,20220401,Arecibo-Observatory,18:30:00,18:45:00,200,0.25,15.0,86.625,3600,0,False,,
win-Arecibo-Observatory-20220401-184501.npy,20220401,Arecibo-Observatory,18:45:01,19:00:01,200,0.25,15.0,86.625,3600,1,True,all_boxes_review_discard,
win-Arecibo-Observatory-20220401-190001.npy,20220401,Arecibo-Observatory,19:00:01,19:15:01,200,0.25,15.0,86.625,3600,0,False,,
win-Arecibo-Observatory-20220401-191501.npy,20220401,Arecibo-Observatory,19:15:01,19:30:01,200,0.25,15.0,86.625,3600,0,False,,
win-Arecibo-Observatory-20220402-124501.npy,20220402,Arecibo-Observatory,12:45:01,13:00:01,200,0.25,15.0,86.625,3600,0,True,offclass_event_in_negative_window,"CTM,V?"
win-Arecibo-Observatory-20220402-130001.npy,20220402,Arecibo-Observatory,13:00:01,13:15:01,200,0.25,15.0,86.625,3600,0,True,offclass_event_in_negative_window,CTM
win-Arecibo-Observatory-20220402-131501.npy,20220402,Arecibo-Observatory,13:15:01,13:30:01,200,0.25,15.0,86.625,3600,1,False,,CTM
win-Arecibo-Observatory-20220402-133001.npy,20220402,Arecibo-Observatory,13:30:01,13:45:01,200,0.25,15.0,86.625,3600,1,False,,CTM
win-Arecibo-Observatory-20220402-134501.npy,20220402,Arecibo-Observatory,13:45:01,14:00:01,200,0.25,15.0,86.625,3600,0,True,offclass_event_in_negative_window,CTM
win-Arecibo-Observatory-20220402-140001.npy,20220402,Arecibo-Observatory,14:00:01,14:15:01,200,0.25,15.0,86.625,3600,0,True,offclass_event_in_negative_window,CTM
win-Arecibo-Observatory-20220402-150001.npy,20220402,Arecibo-Observatory,15:00:01,15:15:01,200,0.25,15.0,86.625,3600,0,True,offclass_event_in_negative_window,CTM
win-Arecibo-Observatory-20220402-151501.npy,20220402,Arecibo-Observatory,15:15:01,15:30:01,200,0.25,15.0,86.625,3600,0,True,offclass_event_in_negative_window,CTM
win-Arecibo-Observatory-20220402-153001.npy,20220402,Arecibo-Observatory,15:30:01,15:45:01,200,0.25,15.0,86.625,3600,1,False,,CTM
win-Arecibo-Observatory-20220402-154501.npy,20220402,Arecibo-Observatory,15:45:01,16:00:01,200,0.25,15.0,86.625,3600,0,True,offclass_event_in_negative_window,CTM
win-Arecibo-Observatory-20220402-160001.npy,20220402,Arecibo-Observatory,16:00:01,16:15:01,200,0.25,15.0,86.625,3600,0,True,offclass_event_in_negative_window,CTM
win-Arecibo-Observatory-20220403-123000.npy,20220403,Arecibo-Observatory,12:30:00,12:45:00,200,0.25,15.0,86.625,3600,0,False,,
win-Arecibo-Observatory-20220403-124500.npy,20220403,Arecibo-Observatory,12:45:00,13:00:00,200,0.25,15.0,86.625,3600,0,False,,
win-Arecibo-Observatory-20220403-130001.npy,20220403,Arecibo-Observatory,13:00:01,13:15:01,200,0.25,15.0,86.625,3600,1,False,,
win-Arecibo-Observatory-20220403-131500.npy,20220403,Arecibo-Observatory,13:15:00,13:30:00,200,0.25,15.0,86.625,3600,0,False,,
win-Arecibo-Observatory-20220403-133001.npy,20220403,Arecibo-Observatory,13:30:01,13:45:01,200,0.25,15.0,86.625,3600,0,False,,
win-Arecibo-Observatory-20220403-144501.npy,20220403,Arecibo-Observatory,14:45:01,15:00:01,200,0.25,15.0,86.625,3600,0,False,,
win-Arecibo-Observatory-20220403-150001.npy,20220403,Arecibo-Observatory,15:00:01,15:15:01,200,0.25,15.0,86.625,3600,0,False,,
win-Arecibo-Observatory-20220403-151501.npy,20220403,Arecibo-Observatory,15:15:01,15:30:01,200,0.25,15.0,86.625,3600,1,False,,
win-Arecibo-Observatory-20220403-153001.npy,20220403,Arecibo-Observatory,15:30:01,15:45:01,200,0.25,15.0,86.625,3600,0,False,,
win-Arecibo-Observatory-20220403-154501.npy,20220403,Arecibo-Observatory,15:45:01,16:00:01,200,0.25,15.0,86.625,3600,0,False,,
win-Arecibo-Observatory-20220403-160001.npy,20220403,Arecibo-Observatory,16:00:01,16:15:01,200,0.25,15.0,86.625,3600,0,False,,
win-Arecibo-Observatory-20220403-161501.npy,20220403,Arecibo-Observatory,16:15:01,16:29:57,200,0.25,15.0,86.625,3586,1,True,all_boxes_review_discard,
win-Arecibo-Observatory-20220403-163000.npy,20220403,Arecibo-Observatory,16:30:00,16:45:00,200,0.25,15.0,86.625,3600,0,False,,
win-Arecibo-Observatory-20220403-164500.npy,20220403,Arecibo-Observatory,16:45:00,17:00:00,200,0.25,15.0,86.625,3600,0,False,,
win-Arecibo-Observatory-20220404-124501.npy,20220404,Arecibo-Observatory,12:45:01,13:00:01,200,0.25,15.0,86.625,3600,0,False,,
win-Arecibo-Observatory-20220404-130000.npy,20220404,Arecibo-Observatory,13:00:00,13:15:00,200,0.25,15.0,86.625,3600,0,False,,
win-Arecibo-Observatory-20220404-131501.npy,20220404,Arecibo-Observatory,13:15:01,13:30:01,200,0.25,15.0,86.625,3600,1,True,all_boxes_review_discard,
win-Arecibo-Observatory-20220404-133001.npy,20220404,Arecibo-Observatory,13:30:01,13:45:01,200,0.25,15.0,86.625,3600,0,False,,
win-Arecibo-Observatory-20220404-134501.npy,20220404,Arecibo-Observatory,13:45:01,14:00:01,200,0.25,15.0,86.625,3600,0,False,,
win-Arecibo-Observatory-20220404-143001.npy,20220404,Arecibo-Observatory,14:30:01,14:45:01,200,0.25,15.0,86.625,3600,0,False,,
win-Arecibo-Observatory-20220404-144501.npy,20220404,Arecibo-Observatory,14:45:01,15:00:01,200,0.25,15.0,86.625,3600,0,False,,
win-Arecibo-Observatory-20220404-150001.npy,20220404,Arecibo-Observatory,15:00:01,15:15:01,200,0.25,15.0,86.625,3600,1,True,all_boxes_review_discard,
win-Arecibo-Observatory-20220404-151501.npy,20220404,Arecibo-Observatory,15:15:01,15:30:01,200,0.25,15.0,86.625,3600,0,True,offclass_event_in_negative_window,VI
win-Arecibo-Observatory-20220404-153001.npy,20220404,Arecibo-Observatory,15:30:01,15:45:01,200,0.25,15.0,86.625,3600,0,True,offclass_event_in_negative_window,VI
win-Arecibo-Observatory-20220404-164500.npy,20220404,Arecibo-Observatory,16:45:00,17:00:00,200,0.25,15.0,86.625,3600,0,False,,
win-Arecibo-Observatory-20220404-170000.npy,20220404,Arecibo-Observatory,17:00:00,17:15:00,200,0.25,15.0,86.625,3600,0,False,,
win-Arecibo-Observatory-20220404-171459.npy,20220404,Arecibo-Observatory,17:14:59,17:29:59,200,0.25,15.0,86.625,3600,0,False,,
win-Arecibo-Observatory-20220404-172959.npy,20220404,Arecibo-Observatory,17:29:59,17:44:59,200,0.25,15.0,86.625,3600,1,False,,
win-Arecibo-Observatory-20220404-174459.npy,20220404,Arecibo-Observatory,17:44:59,17:59:59,200,0.25,15.0,86.625,3600,0,False,,
win-Arecibo-Observatory-20220404-175959.npy,20220404,Arecibo-Observatory,17:59:59,18:14:59,200,0.25,15.0,86.625,3600,0,False,,
win-Arecibo-Observatory-20220407-154501.npy,20220407,Arecibo-Observatory,15:45:01,16:00:01,200,0.25,15.0,86.625,3600,0,False,,
win-Arecibo-Observatory-20220407-160001.npy,20220407,Arecibo-Observatory,16:00:01,16:15:01,200,0.25,15.0,86.625,3600,0,False,,
win-Arecibo-Observatory-20220407-161501.npy,20220407,Arecibo-Observatory,16:15:01,16:29:57,200,0.25,15.0,86.625,3586,1,False,,
win-Arecibo-Observatory-20220407-163000.npy,20220407,Arecibo-Observatory,16:30:00,16:45:00,200,0.25,15.0,86.625,3600,0,False,,
win-Arecibo-Observatory-20220407-164500.npy,20220407,Arecibo-Observatory,16:45:00,17:00:00,200,0.25,15.0,86.625,3600,0,False,,
win-Arecibo-Observatory-20220408-111500.npy,20220408,Arecibo-Observatory,11:15:00,11:30:00,200,0.25,15.0,86.625,3600,0,False,,
win-Arecibo-Observatory-20220408-113001.npy,20220408,Arecibo-Observatory,11:30:01,11:45:01,200,0.25,15.0,86.625,3600,0,False,,
win-Arecibo-Observatory-20220408-114501.npy,20220408,Arecibo-Observatory,11:45:01,12:00:01,200,0.25,15.0,86.625,3600,1,True,all_boxes_review_discard,
win-Arecibo-Observatory-20220408-120001.npy,20220408,Arecibo-Observatory,12:00:01,12:15:01,200,0.25,15.0,86.625,3600,0,False,,
win-Arecibo-Observatory-20220408-121501.npy,20220408,Arecibo-Observatory,12:15:01,12:30:01,200,0.25,15.0,86.625,3600,0,False,,
win-Arecibo-Observatory-20220408-123001.npy,20220408,Arecibo-Observatory,12:30:01,12:45:01,200,0.25,15.0,86.625,3600,0,False,,
win-Arecibo-Observatory-20220408-124501.npy,20220408,Arecibo-Observatory,12:45:01,13:00:01,200,0.25,15.0,86.625,3600,0,False,,
win-Arecibo-Observatory-20220408-130001.npy,20220408,Arecibo-Observatory,13:00:01,13:15:01,200,0.25,15.0,86.625,3600,1,False,,
win-Arecibo-Observatory-20220408-131501.npy,20220408,Arecibo-Observatory,13:15:01,13:30:01,200,0.25,15.0,86.625,3600,0,False,,
win-Arecibo-Observatory-20220408-133001.npy,20220408,Arecibo-Observatory,13:30:01,13:45:01,200,0.25,15.0,86.625,3600,0,False,,
win-Arecibo-Observatory-20220408-134501.npy,20220408,Arecibo-Observatory,13:45:01,14:00:01,200,0.25,15.0,86.625,3600,0,False,,
win-Arecibo-Observatory-20220408-140001.npy,20220408,Arecibo-Observatory,14:00:01,14:15:01,200,0.25,15.0,86.625,3600,0,False,,
win-Arecibo-Observatory-20220408-141501.npy,20220408,Arecibo-Observatory,14:15:01,14:30:01,200,0.25,15.0,86.625,3600,0,True,only_edge_sliver_of_an_event,
win-Arecibo-Observatory-20220408-143001.npy,20220408,Arecibo-Observatory,14:30:01,14:45:01,200,0.25,15.0,86.625,3600,1,False,,
win-Arecibo-Observatory-20220408-144501.npy,20220408,Arecibo-Observatory,14:45:01,15:00:01,200,0.25,15.0,86.625,3600,0,False,,
win-Arecibo-Observatory-20220408-150001.npy,20220408,Arecibo-Observatory,15:00:01,15:15:01,200,0.25,15.0,86.625,3600,0,False,,
win-Arecibo-Observatory-20220408-151501.npy,20220408,Arecibo-Observatory,15:15:01,15:30:01,200,0.25,15.0,86.625,3600,1,False,,
win-Arecibo-Observatory-20220408-153001.npy,20220408,Arecibo-Observatory,15:30:01,15:45:01,200,0.25,15.0,86.625,3600,1,False,,
win-Arecibo-Observatory-20220408-154501.npy,20220408,Arecibo-Observatory,15:45:01,16:00:01,200,0.25,15.0,86.625,3600,0,False,,
win-Arecibo-Observatory-20220408-160001.npy,20220408,Arecibo-Observatory,16:00:01,16:15:01,200,0.25,15.0,86.625,3600,0,False,,
win-Arecibo-Observatory-20220408-164500.npy,20220408,Arecibo-Observatory,16:45:00,17:00:00,200,0.25,15.0,86.625,3600,0,False,,
win-Arecibo-Observatory-20220408-170000.npy,20220408,Arecibo-Observatory,17:00:00,17:15:00,200,0.25,15.0,86.625,3600,0,False,,
win-Arecibo-Observatory-20220408-171459.npy,20220408,Arecibo-Observatory,17:14:59,17:29:59,200,0.25,15.0,86.625,3600,1,False,,
win-Arecibo-Observatory-20220408-172959.npy,20220408,Arecibo-Observatory,17:29:59,17:44:59,200,0.25,15.0,86.625,3600,0,False,,
win-Arecibo-Observatory-20220408-174459.npy,20220408,Arecibo-Observatory,17:44:59,17:59:59,200,0.25,15.0,86.625,3600,1,True,all_boxes_review_discard,
win-Arecibo-Observatory-20220408-175959.npy,20220408,Arecibo-Observatory,17:59:59,18:14:59,200,0.25,15.0,86.625,3600,0,False,,
win-Arecibo-Observatory-20220408-181459.npy,20220408,Arecibo-Observatory,18:14:59,18:29:59,200,0.25,15.0,86.625,3600,0,False,,
win-Arecibo-Observatory-20220409-104500.npy,20220409,Arecibo-Observatory,10:45:00,11:00:00,200,0.25,15.0,86.625,3600,0,False,,
win-Arecibo-Observatory-20220409-110000.npy,20220409,Arecibo-Observatory,11:00:00,11:15:00,200,0.25,15.0,86.625,3600,0,False,,
win-Arecibo-Observatory-20220409-111500.npy,20220409,Arecibo-Observatory,11:15:00,11:30:00,200,0.25,15.0,86.625,3600,1,True,all_boxes_review_discard,
win-Arecibo-Observatory-20220409-113000.npy,20220409,Arecibo-Observatory,11:30:00,11:45:00,200,0.25,15.0,86.625,3600,0,False,,
win-Arecibo-Observatory-20220409-114500.npy,20220409,Arecibo-Observatory,11:45:00,12:00:00,200,0.25,15.0,86.625,3600,0,False,,
win-Arecibo-Observatory-20220409-123001.npy,20220409,Arecibo-Observatory,12:30:01,12:45:01,200,0.25,15.0,86.625,3600,0,False,,
win-Arecibo-Observatory-20220409-124501.npy,20220409,Arecibo-Observatory,12:45:01,13:00:01,200,0.25,15.0,86.625,3600,0,False,,
win-Arecibo-Observatory-20220409-130001.npy,20220409,Arecibo-Observatory,13:00:01,13:15:01,200,0.25,15.0,86.625,3600,1,True,all_boxes_review_discard,
win-Arecibo-Observatory-20220409-131501.npy,20220409,Arecibo-Observatory,13:15:01,13:30:01,200,0.25,15.0,86.625,3600,0,False,,
win-Arecibo-Observatory-20220409-133001.npy,20220409,Arecibo-Observatory,13:30:01,13:45:01,200,0.25,15.0,86.625,3600,0,False,,
win-Arecibo-Observatory-20220409-140001.npy,20220409,Arecibo-Observatory,14:00:01,14:15:01,200,0.25,15.0,86.625,3600,0,False,,
win-Arecibo-Observatory-20220409-141501.npy,20220409,Arecibo-Observatory,14:15:01,14:30:01,200,0.25,15.0,86.625,3600,0,False,,
win-Arecibo-Observatory-20220409-143001.npy,20220409,Arecibo-Observatory,14:30:01,14:45:01,200,0.25,15.0,86.625,3600,1,False,,
win-Arecibo-Observatory-20220409-144501.npy,20220409,Arecibo-Observatory,14:45:01,15:00:01,200,0.25,15.0,86.625,3600,0,False,,
win-Arecibo-Observatory-20220409-150001.npy,20220409,Arecibo-Observatory,15:00:01,15:15:01,200,0.25,15.0,86.625,3600,0,False,,
win-Arecibo-Observatory-20220412-140001.npy,20220412,Arecibo-Observatory,14:00:01,14:15:01,200,0.25,15.0,86.625,3600,0,False,,
win-Arecibo-Observatory-20220412-141501.npy,20220412,Arecibo-Observatory,14:15:01,14:30:01,200,0.25,15.0,86.625,3600,0,False,,
win-Arecibo-Observatory-20220412-143001.npy,20220412,Arecibo-Observatory,14:30:01,14:45:01,200,0.25,15.0,86.625,3600,1,True,all_boxes_review_discard,
win-Arecibo-Observatory-20220412-144501.npy,20220412,Arecibo-Observatory,14:45:01,15:00:01,200,0.25,15.0,86.625,3600,0,False,,
win-Arecibo-Observatory-20220412-150001.npy,20220412,Arecibo-Observatory,15:00:01,15:15:01,200,0.25,15.0,86.625,3600,0,False,,
win-Arecibo-Observatory-20220412-153001.npy,20220412,Arecibo-Observatory,15:30:01,15:45:01,200,0.25,15.0,86.625,3600,0,False,,
win-Arecibo-Observatory-20220412-154501.npy,20220412,Arecibo-Observatory,15:45:01,16:00:01,200,0.25,15.0,86.625,3600,0,False,,
win-Arecibo-Observatory-20220412-160001.npy,20220412,Arecibo-Observatory,16:00:01,16:15:01,200,0.25,15.0,86.625,3600,1,True,all_boxes_review_discard,
win-Arecibo-Observatory-20220412-161501.npy,20220412,Arecibo-Observatory,16:15:01,16:29:57,200,0.25,15.0,86.625,3586,0,False,,
win-Arecibo-Observatory-20220412-163000.npy,20220412,Arecibo-Observatory,16:30:00,16:45:00,200,0.25,15.0,86.625,3600,1,True,all_boxes_review_discard,
win-Arecibo-Observatory-20220412-164500.npy,20220412,Arecibo-Observatory,16:45:00,17:00:00,200,0.25,15.0,86.625,3600,0,False,,
win-Arecibo-Observatory-20220412-170000.npy,20220412,Arecibo-Observatory,17:00:00,17:15:00,200,0.25,15.0,86.625,3600,0,False,,
win-Arecibo-Observatory-20220413-173000.npy,20220413,Arecibo-Observatory,17:30:00,17:45:00,200,0.25,15.0,86.625,3600,0,False,,
win-Arecibo-Observatory-20220413-174500.npy,20220413,Arecibo-Observatory,17:45:00,18:00:00,200,0.25,15.0,86.625,3600,0,False,,
win-Arecibo-Observatory-20220413-180000.npy,20220413,Arecibo-Observatory,18:00:00,18:15:00,200,0.25,15.0,86.625,3600,1,True,all_boxes_review_discard,
win-Arecibo-Observatory-20220413-181500.npy,20220413,Arecibo-Observatory,18:15:00,18:30:00,200,0.25,15.0,86.625,3600,0,False,,
win-Arecibo-Observatory-20220413-183000.npy,20220413,Arecibo-Observatory,18:30:00,18:45:00,200,0.25,15.0,86.625,3600,0,False,,
win-Arecibo-Observatory-20220414-110001.npy,20220414,Arecibo-Observatory,11:00:01,11:15:01,200,0.25,15.0,86.625,3600,0,False,,
win-Arecibo-Observatory-20220414-111500.npy,20220414,Arecibo-Observatory,11:15:00,11:30:00,200,0.25,15.0,86.625,3600,0,False,,
win-Arecibo-Observatory-20220414-113001.npy,20220414,Arecibo-Observatory,11:30:01,11:45:01,200,0.25,15.0,86.625,3600,1,True,all_boxes_review_discard,
win-Arecibo-Observatory-20220414-114501.npy,20220414,Arecibo-Observatory,11:45:01,12:00:01,200,0.25,15.0,86.625,3600,0,False,,
win-Arecibo-Observatory-20220414-120001.npy,20220414,Arecibo-Observatory,12:00:01,12:15:01,200,0.25,15.0,86.625,3600,0,False,,
win-Arecibo-Observatory-20220414-130001.npy,20220414,Arecibo-Observatory,13:00:01,13:15:01,200,0.25,15.0,86.625,3600,0,False,,
win-Arecibo-Observatory-20220414-131501.npy,20220414,Arecibo-Observatory,13:15:01,13:30:01,200,0.25,15.0,86.625,3600,0,False,,
win-Arecibo-Observatory-20220414-133001.npy,20220414,Arecibo-Observatory,13:30:01,13:45:01,200,0.25,15.0,86.625,3600,1,True,all_boxes_review_discard,
win-Arecibo-Observatory-20220414-134501.npy,20220414,Arecibo-Observatory,13:45:01,14:00:01,200,0.25,15.0,86.625,3600,0,False,,
win-Arecibo-Observatory-20220414-140001.npy,20220414,Arecibo-Observatory,14:00:01,14:15:01,200,0.25,15.0,86.625,3600,0,False,,
win-Arecibo-Observatory-20220414-153001.npy,20220414,Arecibo-Observatory,15:30:01,15:45:01,200,0.25,15.0,86.625,3600,0,False,,
win-Arecibo-Observatory-20220414-154501.npy,20220414,Arecibo-Observatory,15:45:01,16:00:01,200,0.25,15.0,86.625,3600,0,False,,
win-Arecibo-Observatory-20220414-160001.npy,20220414,Arecibo-Observatory,16:00:01,16:15:01,200,0.25,15.0,86.625,3600,1,False,,
win-Arecibo-Observatory-20220414-161501.npy,20220414,Arecibo-Observatory,16:15:01,16:29:57,200,0.25,15.0,86.625,3586,0,False,,
win-Arecibo-Observatory-20220414-163000.npy,20220414,Arecibo-Observatory,16:30:00,16:45:00,200,0.25,15.0,86.625,3600,0,False,,
win-Arecibo-Observatory-20220415-111500.npy,20220415,Arecibo-Observatory,11:15:00,11:30:00,200,0.25,15.0,86.625,3600,0,False,,
win-Arecibo-Observatory-20220415-113000.npy,20220415,Arecibo-Observatory,11:30:00,11:45:00,200,0.25,15.0,86.625,3600,0,False,,
win-Arecibo-Observatory-20220415-114500.npy,20220415,Arecibo-Observatory,11:45:00,12:00:00,200,0.25,15.0,86.625,3600,1,False,,
win-Arecibo-Observatory-20220415-120000.npy,20220415,Arecibo-Observatory,12:00:00,12:15:00,200,0.25,15.0,86.625,3600,0,False,,
win-Arecibo-Observatory-20220415-121500.npy,20220415,Arecibo-Observatory,12:15:00,12:30:00,200,0.25,15.0,86.625,3600,1,False,,
win-Arecibo-Observatory-20220415-123000.npy,20220415,Arecibo-Observatory,12:30:00,12:45:00,200,0.25,15.0,86.625,3600,0,False,,
win-Arecibo-Observatory-20220415-124501.npy,20220415,Arecibo-Observatory,12:45:01,13:00:01,200,0.25,15.0,86.625,3600,0,False,,
win-Arecibo-Observatory-20220415-130001.npy,20220415,Arecibo-Observatory,13:00:01,13:15:01,200,0.25,15.0,86.625,3600,1,False,,
win-Arecibo-Observatory-20220415-131501.npy,20220415,Arecibo-Observatory,13:15:01,13:30:01,200,0.25,15.0,86.625,3600,1,False,,
win-Arecibo-Observatory-20220415-133000.npy,20220415,Arecibo-Observatory,13:30:00,13:45:00,200,0.25,15.0,86.625,3600,0,False,,
win-Arecibo-Observatory-20220415-134501.npy,20220415,Arecibo-Observatory,13:45:01,14:00:01,200,0.25,15.0,86.625,3600,0,True,only_edge_sliver_of_an_event,
win-Arecibo-Observatory-20220415-140001.npy,20220415,Arecibo-Observatory,14:00:01,14:15:01,200,0.25,15.0,86.625,3600,1,True,all_boxes_review_discard,
win-Arecibo-Observatory-20220415-141501.npy,20220415,Arecibo-Observatory,14:15:01,14:30:01,200,0.25,15.0,86.625,3600,1,False,,
win-Arecibo-Observatory-20220415-143001.npy,20220415,Arecibo-Observatory,14:30:01,14:45:01,200,0.25,15.0,86.625,3600,1,False,,
win-Arecibo-Observatory-20220415-144501.npy,20220415,Arecibo-Observatory,14:45:01,15:00:01,200,0.25,15.0,86.625,3600,0,False,,
win-Arecibo-Observatory-20220415-150001.npy,20220415,Arecibo-Observatory,15:00:01,15:15:01,200,0.25,15.0,86.625,3600,0,False,,
win-Arecibo-Observatory-20220415-153001.npy,20220415,Arecibo-Observatory,15:30:01,15:45:01,200,0.25,15.0,86.625,3600,0,False,,
win-Arecibo-Observatory-20220415-154501.npy,20220415,Arecibo-Observatory,15:45:01,16:00:01,200,0.25,15.0,86.625,3600,0,False,,
win-Arecibo-Observatory-20220415-160001.npy,20220415,Arecibo-Observatory,16:00:01,16:15:01,200,0.25,15.0,86.625,3600,1,True,all_boxes_review_discard,
win-Arecibo-Observatory-20220415-161501.npy,20220415,Arecibo-Observatory,16:15:01,16:29:57,200,0.25,15.0,86.625,3586,0,False,,
win-Arecibo-Observatory-20220415-163000.npy,20220415,Arecibo-Observatory,16:30:00,16:45:00,200,0.25,15.0,86.625,3600,0,False,,
win-Arecibo-Observatory-20220415-181500.npy,20220415,Arecibo-Observatory,18:15:00,18:30:00,200,0.25,15.0,86.625,3600,0,False,,
win-Arecibo-Observatory-20220415-183000.npy,20220415,Arecibo-Observatory,18:30:00,18:45:00,200,0.25,15.0,86.625,3600,0,False,,
win-Arecibo-Observatory-20220415-184500.npy,20220415,Arecibo-Observatory,18:45:00,19:00:00,200,0.25,15.0,86.625,3600,1,True,all_boxes_review_discard,
win-Arecibo-Observatory-20220415-190001.npy,20220415,Arecibo-Observatory,19:00:01,19:15:01,200,0.25,15.0,86.625,3600,0,False,,
win-Arecibo-Observatory-20220415-191500.npy,20220415,Arecibo-Observatory,19:15:00,19:30:00,200,0.25,15.0,86.625,3600,0,False,,
win-Arecibo-Observatory-20220416-150001.npy,20220416,Arecibo-Observatory,15:00:01,15:15:01,200,0.25,15.0,86.625,3600,0,False,,
win-Arecibo-Observatory-20220416-151501.npy,20220416,Arecibo-Observatory,15:15:01,15:30:01,200,0.25,15.0,86.625,3600,0,False,,
win-Arecibo-Observatory-20220416-153001.npy,20220416,Arecibo-Observatory,15:30:01,15:45:01,200,0.25,15.0,86.625,3600,1,False,,
win-Arecibo-Observatory-20220416-154501.npy,20220416,Arecibo-Observatory,15:45:01,16:00:01,200,0.25,15.0,86.625,3600,0,False,,
win-Arecibo-Observatory-20220416-160001.npy,20220416,Arecibo-Observatory,16:00:01,16:15:01,200,0.25,15.0,86.625,3600,0,False,,
win-Arecibo-Observatory-20220417-111500.npy,20220417,Arecibo-Observatory,11:15:00,11:30:00,200,0.25,15.0,86.625,3600,0,False,,
win-Arecibo-Observatory-20220417-113000.npy,20220417,Arecibo-Observatory,11:30:00,11:45:00,200,0.25,15.0,86.625,3600,0,False,,
win-Arecibo-Observatory-20220417-114500.npy,20220417,Arecibo-Observatory,11:45:00,12:00:00,200,0.25,15.0,86.625,3600,1,True,all_boxes_review_discard,
win-Arecibo-Observatory-20220417-120000.npy,20220417,Arecibo-Observatory,12:00:00,12:15:00,200,0.25,15.0,86.625,3600,0,False,,
win-Arecibo-Observatory-20220417-121500.npy,20220417,Arecibo-Observatory,12:15:00,12:30:00,200,0.25,15.0,86.625,3600,0,False,,
win-Arecibo-Observatory-20220417-140001.npy,20220417,Arecibo-Observatory,14:00:01,14:15:01,200,0.25,15.0,86.625,3600,0,False,,
win-Arecibo-Observatory-20220417-141501.npy,20220417,Arecibo-Observatory,14:15:01,14:30:01,200,0.25,15.0,86.625,3600,0,False,,
win-Arecibo-Observatory-20220417-143000.npy,20220417,Arecibo-Observatory,14:30:00,14:45:00,200,0.25,15.0,86.625,3600,1,False,,
win-Arecibo-Observatory-20220417-144501.npy,20220417,Arecibo-Observatory,14:45:01,15:00:01,200,0.25,15.0,86.625,3600,0,False,,
win-Arecibo-Observatory-20220417-150001.npy,20220417,Arecibo-Observatory,15:00:01,15:15:01,200,0.25,15.0,86.625,3600,0,False,,
win-Arecibo-Observatory-20220418-110000.npy,20220418,Arecibo-Observatory,11:00:00,11:15:00,200,0.25,15.0,86.625,3600,0,False,,
win-Arecibo-Observatory-20220418-111500.npy,20220418,Arecibo-Observatory,11:15:00,11:30:00,200,0.25,15.0,86.625,3600,0,False,,
win-Arecibo-Observatory-20220418-113000.npy,20220418,Arecibo-Observatory,11:30:00,11:45:00,200,0.25,15.0,86.625,3600,1,True,all_boxes_review_discard,
win-Arecibo-Observatory-20220418-114500.npy,20220418,Arecibo-Observatory,11:45:00,12:00:00,200,0.25,15.0,86.625,3600,0,False,,
win-Arecibo-Observatory-20220418-120000.npy,20220418,Arecibo-Observatory,12:00:00,12:15:00,200,0.25,15.0,86.625,3600,0,False,,
win-Arecibo-Observatory-20220418-124500.npy,20220418,Arecibo-Observatory,12:45:00,13:00:00,200,0.25,15.0,86.625,3600,0,False,,
win-Arecibo-Observatory-20220418-130000.npy,20220418,Arecibo-Observatory,13:00:00,13:15:00,200,0.25,15.0,86.625,3600,0,False,,
win-Arecibo-Observatory-20220418-131500.npy,20220418,Arecibo-Observatory,13:15:00,13:30:00,200,0.25,15.0,86.625,3600,1,False,,
win-Arecibo-Observatory-20220418-133000.npy,20220418,Arecibo-Observatory,13:30:00,13:45:00,200,0.25,15.0,86.625,3600,0,False,,
win-Arecibo-Observatory-20220418-134501.npy,20220418,Arecibo-Observatory,13:45:01,14:00:01,200,0.25,15.0,86.625,3600,0,False,,
win-Arecibo-Observatory-20220418-140001.npy,20220418,Arecibo-Observatory,14:00:01,14:15:01,200,0.25,15.0,86.625,3600,0,False,,
win-Arecibo-Observatory-20220418-141501.npy,20220418,Arecibo-Observatory,14:15:01,14:30:01,200,0.25,15.0,86.625,3600,1,False,,
win-Arecibo-Observatory-20220418-143001.npy,20220418,Arecibo-Observatory,14:30:01,14:45:01,200,0.25,15.0,86.625,3600,0,False,,
win-Arecibo-Observatory-20220418-144501.npy,20220418,Arecibo-Observatory,14:45:01,15:00:01,200,0.25,15.0,86.625,3600,0,False,,
win-Arecibo-Observatory-20220420-111500.npy,20220420,Arecibo-Observatory,11:15:00,11:30:00,200,0.25,15.0,86.625,3600,0,False,,
win-Arecibo-Observatory-20220420-113000.npy,20220420,Arecibo-Observatory,11:30:00,11:45:00,200,0.25,15.0,86.625,3600,0,False,,
win-Arecibo-Observatory-20220420-114500.npy,20220420,Arecibo-Observatory,11:45:00,12:00:00,200,0.25,15.0,86.625,3600,1,False,,
win-Arecibo-Observatory-20220420-120000.npy,20220420,Arecibo-Observatory,12:00:00,12:15:00,200,0.25,15.0,86.625,3600,0,False,,
win-Arecibo-Observatory-20220420-121500.npy,20220420,Arecibo-Observatory,12:15:00,12:30:00,200,0.25,15.0,86.625,3600,1,False,,
win-Arecibo-Observatory-20220420-123000.npy,20220420,Arecibo-Observatory,12:30:00,12:45:00,200,0.25,15.0,86.625,3600,0,False,,
win-Arecibo-Observatory-20220420-124500.npy,20220420,Arecibo-Observatory,12:45:00,13:00:00,200,0.25,15.0,86.625,3600,0,False,,
win-Arecibo-Observatory-20220420-133001.npy,20220420,Arecibo-Observatory,13:30:01,13:45:01,200,0.25,15.0,86.625,3600,0,False,,
win-Arecibo-Observatory-20220420-134501.npy,20220420,Arecibo-Observatory,13:45:01,14:00:01,200,0.25,15.0,86.625,3600,0,False,,
win-Arecibo-Observatory-20220420-140000.npy,20220420,Arecibo-Observatory,14:00:00,14:15:00,200,0.25,15.0,86.625,3600,0,False,,
win-Arecibo-Observatory-20220420-141501.npy,20220420,Arecibo-Observatory,14:15:01,14:30:01,200,0.25,15.0,86.625,3600,1,False,,
win-Arecibo-Observatory-20220420-143001.npy,20220420,Arecibo-Observatory,14:30:01,14:45:01,200,0.25,15.0,86.625,3600,1,False,,
win-Arecibo-Observatory-20220420-144501.npy,20220420,Arecibo-Observatory,14:45:01,15:00:01,200,0.25,15.0,86.625,3600,1,False,,
win-Arecibo-Observatory-20220420-150001.npy,20220420,Arecibo-Observatory,15:00:01,15:15:01,200,0.25,15.0,86.625,3600,2,False,,
win-Arecibo-Observatory-20220420-151501.npy,20220420,Arecibo-Observatory,15:15:01,15:30:01,200,0.25,15.0,86.625,3600,0,False,,
win-Arecibo-Observatory-20220420-153001.npy,20220420,Arecibo-Observatory,15:30:01,15:45:01,200,0.25,15.0,86.625,3600,1,False,,
win-Arecibo-Observatory-20220420-154501.npy,20220420,Arecibo-Observatory,15:45:01,16:00:01,200,0.25,15.0,86.625,3600,0,False,,
win-Arecibo-Observatory-20220420-160001.npy,20220420,Arecibo-Observatory,16:00:01,16:15:01,200,0.25,15.0,86.625,3600,0,False,,
win-Arecibo-Observatory-20220420-161501.npy,20220420,Arecibo-Observatory,16:15:01,16:29:57,200,0.25,15.0,86.625,3587,1,False,,
win-Arecibo-Observatory-20220420-163000.npy,20220420,Arecibo-Observatory,16:30:00,16:45:00,200,0.25,15.0,86.625,3600,1,False,,
win-Arecibo-Observatory-20220420-164500.npy,20220420,Arecibo-Observatory,16:45:00,17:00:00,200,0.25,15.0,86.625,3600,0,False,,
win-Arecibo-Observatory-20220420-170000.npy,20220420,Arecibo-Observatory,17:00:00,17:15:00,200,0.25,15.0,86.625,3600,0,False,,
win-Arecibo-Observatory-20220420-171500.npy,20220420,Arecibo-Observatory,17:15:00,17:30:00,200,0.25,15.0,86.625,3600,1,False,,
win-Arecibo-Observatory-20220420-173000.npy,20220420,Arecibo-Observatory,17:30:00,17:45:00,200,0.25,15.0,86.625,3600,1,False,,
win-Arecibo-Observatory-20220420-174500.npy,20220420,Arecibo-Observatory,17:45:00,18:00:00,200,0.25,15.0,86.625,3600,0,False,,
win-Arecibo-Observatory-20220420-180000.npy,20220420,Arecibo-Observatory,18:00:00,18:15:00,200,0.25,15.0,86.625,3600,1,False,,
win-Arecibo-Observatory-20220420-181500.npy,20220420,Arecibo-Observatory,18:15:00,18:30:00,200,0.25,15.0,86.625,3600,1,False,,
win-Arecibo-Observatory-20220420-183000.npy,20220420,Arecibo-Observatory,18:30:00,18:45:00,200,0.25,15.0,86.625,3600,1,False,,
win-Arecibo-Observatory-20220420-184500.npy,20220420,Arecibo-Observatory,18:45:00,19:00:00,200,0.25,15.0,86.625,3600,0,False,,
win-Arecibo-Observatory-20220420-190000.npy,20220420,Arecibo-Observatory,19:00:00,19:15:00,200,0.25,15.0,86.625,3600,0,False,,
win-Arecibo-Observatory-20220420-191500.npy,20220420,Arecibo-Observatory,19:15:00,19:30:00,200,0.25,15.0,86.625,3600,1,True,all_boxes_review_discard,
win-Arecibo-Observatory-20220420-193000.npy,20220420,Arecibo-Observatory,19:30:00,19:45:00,200,0.25,15.0,86.625,3600,2,False,,
win-Arecibo-Observatory-20220420-194500.npy,20220420,Arecibo-Observatory,19:45:00,20:00:00,200,0.25,15.0,86.625,3600,1,False,,
win-Arecibo-Observatory-20220420-200000.npy,20220420,Arecibo-Observatory,20:00:00,20:15:00,200,0.25,15.0,86.625,3600,1,False,,
win-Arecibo-Observatory-20220420-201500.npy,20220420,Arecibo-Observatory,20:15:00,20:30:00,200,0.25,15.0,86.625,3600,0,False,,
win-Arecibo-Observatory-20220420-203000.npy,20220420,Arecibo-Observatory,20:30:00,20:45:00,200,0.25,15.0,86.625,3600,0,False,,
win-Arecibo-Observatory-20220421-113000.npy,20220421,Arecibo-Observatory,11:30:00,11:45:00,200,0.25,15.0,86.625,3600,0,False,,
win-Arecibo-Observatory-20220421-114500.npy,20220421,Arecibo-Observatory,11:45:00,12:00:00,200,0.25,15.0,86.625,3600,0,False,,
win-Arecibo-Observatory-20220421-120000.npy,20220421,Arecibo-Observatory,12:00:00,12:15:00,200,0.25,15.0,86.625,3600,1,True,all_boxes_review_discard,
win-Arecibo-Observatory-20220421-121500.npy,20220421,Arecibo-Observatory,12:15:00,12:30:00,200,0.25,15.0,86.625,3600,0,False,,
win-Arecibo-Observatory-20220421-123000.npy,20220421,Arecibo-Observatory,12:30:00,12:45:00,200,0.25,15.0,86.625,3600,0,False,,
win-Arecibo-Observatory-20220421-124500.npy,20220421,Arecibo-Observatory,12:45:00,13:00:00,200,0.25,15.0,86.625,3600,0,False,,
win-Arecibo-Observatory-20220421-130000.npy,20220421,Arecibo-Observatory,13:00:00,13:15:00,200,0.25,15.0,86.625,3600,0,False,,
win-Arecibo-Observatory-20220421-131500.npy,20220421,Arecibo-Observatory,13:15:00,13:30:00,200,0.25,15.0,86.625,3600,1,True,all_boxes_review_discard,
win-Arecibo-Observatory-20220421-133001.npy,20220421,Arecibo-Observatory,13:30:01,13:45:01,200,0.25,15.0,86.625,3600,0,False,,
win-Arecibo-Observatory-20220421-134500.npy,20220421,Arecibo-Observatory,13:45:00,14:00:00,200,0.25,15.0,86.625,3600,0,False,,
win-Arecibo-Observatory-20220421-180000.npy,20220421,Arecibo-Observatory,18:00:00,18:15:00,200,0.25,15.0,86.625,3600,0,False,,
win-Arecibo-Observatory-20220421-181500.npy,20220421,Arecibo-Observatory,18:15:00,18:30:00,200,0.25,15.0,86.625,3600,0,False,,
win-Arecibo-Observatory-20220421-183000.npy,20220421,Arecibo-Observatory,18:30:00,18:45:00,200,0.25,15.0,86.625,3600,1,True,all_boxes_review_discard,
win-Arecibo-Observatory-20220421-184501.npy,20220421,Arecibo-Observatory,18:45:01,19:00:01,200,0.25,15.0,86.625,3600,0,False,,
win-Arecibo-Observatory-20220421-190001.npy,20220421,Arecibo-Observatory,19:00:01,19:15:01,200,0.25,15.0,86.625,3600,0,False,,
win-Arecibo-Observatory-20220422-120000.npy,20220422,Arecibo-Observatory,12:00:00,12:15:00,200,0.25,15.0,86.625,3600,0,False,,
win-Arecibo-Observatory-20220422-121500.npy,20220422,Arecibo-Observatory,12:15:00,12:30:00,200,0.25,15.0,86.625,3600,0,False,,
win-Arecibo-Observatory-20220422-123000.npy,20220422,Arecibo-Observatory,12:30:00,12:45:00,200,0.25,15.0,86.625,3600,1,True,all_boxes_review_discard,
win-Arecibo-Observatory-20220422-124500.npy,20220422,Arecibo-Observatory,12:45:00,13:00:00,200,0.25,15.0,86.625,3600,0,False,,
win-Arecibo-Observatory-20220422-130000.npy,20220422,Arecibo-Observatory,13:00:00,13:15:00,200,0.25,15.0,86.625,3600,0,False,,
win-Arecibo-Observatory-20220422-134501.npy,20220422,Arecibo-Observatory,13:45:01,14:00:01,200,0.25,15.0,86.625,3600,0,False,,
win-Arecibo-Observatory-20220422-140001.npy,20220422,Arecibo-Observatory,14:00:01,14:15:01,200,0.25,15.0,86.625,3600,0,False,,
win-Arecibo-Observatory-20220422-141500.npy,20220422,Arecibo-Observatory,14:15:00,14:30:00,200,0.25,15.0,86.625,3600,1,False,,
win-Arecibo-Observatory-20220422-143001.npy,20220422,Arecibo-Observatory,14:30:01,14:45:01,200,0.25,15.0,86.625,3600,0,False,,
win-Arecibo-Observatory-20220422-144501.npy,20220422,Arecibo-Observatory,14:45:01,15:00:01,200,0.25,15.0,86.625,3600,0,False,,
win-Arecibo-Observatory-20220422-161501.npy,20220422,Arecibo-Observatory,16:15:01,16:29:57,200,0.25,15.0,86.625,3587,0,False,,
win-Arecibo-Observatory-20220422-163000.npy,20220422,Arecibo-Observatory,16:30:00,16:45:00,200,0.25,15.0,86.625,3600,0,False,,
win-Arecibo-Observatory-20220422-164459.npy,20220422,Arecibo-Observatory,16:44:59,16:59:59,200,0.25,15.0,86.625,3600,1,False,,
win-Arecibo-Observatory-20220422-165959.npy,20220422,Arecibo-Observatory,16:59:59,17:14:59,200,0.25,15.0,86.625,3600,0,False,,
win-Arecibo-Observatory-20220422-171459.npy,20220422,Arecibo-Observatory,17:14:59,17:29:59,200,0.25,15.0,86.625,3600,0,False,,
win-Arecibo-Observatory-20220424-123001.npy,20220424,Arecibo-Observatory,12:30:01,12:45:01,200,0.25,15.0,86.625,3600,0,False,,
win-Arecibo-Observatory-20220424-124501.npy,20220424,Arecibo-Observatory,12:45:01,13:00:01,200,0.25,15.0,86.625,3600,0,False,,
win-Arecibo-Observatory-20220424-130001.npy,20220424,Arecibo-Observatory,13:00:01,13:15:01,200,0.25,15.0,86.625,3600,1,False,,
win-Arecibo-Observatory-20220424-131501.npy,20220424,Arecibo-Observatory,13:15:01,13:30:01,200,0.25,15.0,86.625,3600,0,False,,
win-Arecibo-Observatory-20220424-133001.npy,20220424,Arecibo-Observatory,13:30:01,13:45:01,200,0.25,15.0,86.625,3600,0,False,,
win-Arecibo-Observatory-20220424-134501.npy,20220424,Arecibo-Observatory,13:45:01,14:00:01,200,0.25,15.0,86.625,3600,0,False,,
win-Arecibo-Observatory-20220424-140001.npy,20220424,Arecibo-Observatory,14:00:01,14:15:01,200,0.25,15.0,86.625,3600,0,False,,
win-Arecibo-Observatory-20220424-141501.npy,20220424,Arecibo-Observatory,14:15:01,14:30:01,200,0.25,15.0,86.625,3600,1,True,all_boxes_review_discard,
win-Arecibo-Observatory-20220424-143001.npy,20220424,Arecibo-Observatory,14:30:01,14:45:01,200,0.25,15.0,86.625,3600,0,False,,
win-Arecibo-Observatory-20220424-144501.npy,20220424,Arecibo-Observatory,14:45:01,15:00:01,200,0.25,15.0,86.625,3600,0,False,,
win-Arecibo-Observatory-20220424-183001.npy,20220424,Arecibo-Observatory,18:30:01,18:45:01,200,0.25,15.0,86.625,3600,0,False,,
win-Arecibo-Observatory-20220424-184501.npy,20220424,Arecibo-Observatory,18:45:01,19:00:01,200,0.25,15.0,86.625,3600,0,False,,
win-Arecibo-Observatory-20220424-190001.npy,20220424,Arecibo-Observatory,19:00:01,19:15:01,200,0.25,15.0,86.625,3600,1,True,all_boxes_review_discard,
win-Arecibo-Observatory-20220424-191500.npy,20220424,Arecibo-Observatory,19:15:00,19:30:00,200,0.25,15.0,86.625,3600,0,False,,
win-Arecibo-Observatory-20220424-193001.npy,20220424,Arecibo-Observatory,19:30:01,19:45:01,200,0.25,15.0,86.625,3600,0,False,,
win-Arecibo-Observatory-20220425-123001.npy,20220425,Arecibo-Observatory,12:30:01,12:45:01,200,0.25,15.0,86.625,3600,0,False,,
win-Arecibo-Observatory-20220425-124501.npy,20220425,Arecibo-Observatory,12:45:01,13:00:01,200,0.25,15.0,86.625,3600,0,False,,
win-Arecibo-Observatory-20220425-130001.npy,20220425,Arecibo-Observatory,13:00:01,13:15:01,200,0.25,15.0,86.625,3600,1,True,all_boxes_review_discard,
win-Arecibo-Observatory-20220425-131501.npy,20220425,Arecibo-Observatory,13:15:01,13:30:01,200,0.25,15.0,86.625,3600,0,False,,
win-Arecibo-Observatory-20220425-133001.npy,20220425,Arecibo-Observatory,13:30:01,13:45:01,200,0.25,15.0,86.625,3600,0,False,,
win-Arecibo-Observatory-20220425-172959.npy,20220425,Arecibo-Observatory,17:29:59,17:44:59,200,0.25,15.0,86.625,3600,0,False,,
win-Arecibo-Observatory-20220425-174459.npy,20220425,Arecibo-Observatory,17:44:59,17:59:59,200,0.25,15.0,86.625,3600,0,False,,
win-Arecibo-Observatory-20220425-175959.npy,20220425,Arecibo-Observatory,17:59:59,18:14:59,200,0.25,15.0,86.625,3600,1,False,,
win-Arecibo-Observatory-20220425-181459.npy,20220425,Arecibo-Observatory,18:14:59,18:29:59,200,0.25,15.0,86.625,3600,0,False,,
win-Arecibo-Observatory-20220425-182959.npy,20220425,Arecibo-Observatory,18:29:59,18:44:59,200,0.25,15.0,86.625,3600,1,False,,
win-Arecibo-Observatory-20220425-184459.npy,20220425,Arecibo-Observatory,18:44:59,18:59:59,200,0.25,15.0,86.625,3600,0,False,,
win-Arecibo-Observatory-20220425-185959.npy,20220425,Arecibo-Observatory,18:59:59,19:14:59,200,0.25,15.0,86.625,3600,0,False,,
win-Arecibo-Observatory-20220426-124500.npy,20220426,Arecibo-Observatory,12:45:00,13:00:00,200,0.25,15.0,86.625,3600,0,False,,
win-Arecibo-Observatory-20220426-130001.npy,20220426,Arecibo-Observatory,13:00:01,13:15:01,200,0.25,15.0,86.625,3600,0,False,,
win-Arecibo-Observatory-20220426-131501.npy,20220426,Arecibo-Observatory,13:15:01,13:30:01,200,0.25,15.0,86.625,3600,0,False,,
win-Arecibo-Observatory-20220426-133001.npy,20220426,Arecibo-Observatory,13:30:01,13:45:01,200,0.25,15.0,86.625,3600,1,False,,
win-Arecibo-Observatory-20220426-134501.npy,20220426,Arecibo-Observatory,13:45:01,14:00:01,200,0.25,15.0,86.625,3600,0,False,,
win-Arecibo-Observatory-20220426-140001.npy,20220426,Arecibo-Observatory,14:00:01,14:15:01,200,0.25,15.0,86.625,3600,0,False,,
win-Arecibo-Observatory-20220426-144501.npy,20220426,Arecibo-Observatory,14:45:01,15:00:01,200,0.25,15.0,86.625,3600,0,False,,
win-Arecibo-Observatory-20220426-150001.npy,20220426,Arecibo-Observatory,15:00:01,15:15:01,200,0.25,15.0,86.625,3600,0,False,,
win-Arecibo-Observatory-20220426-151501.npy,20220426,Arecibo-Observatory,15:15:01,15:30:01,200,0.25,15.0,86.625,3600,1,False,,
win-Arecibo-Observatory-20220426-153001.npy,20220426,Arecibo-Observatory,15:30:01,15:45:01,200,0.25,15.0,86.625,3600,0,False,,
win-Arecibo-Observatory-20220426-154501.npy,20220426,Arecibo-Observatory,15:45:01,16:00:01,200,0.25,15.0,86.625,3600,0,False,,
win-Arecibo-Observatory-20220427-103000.npy,20220427,Arecibo-Observatory,10:30:00,10:45:00,200,0.25,15.0,86.625,3600,0,False,,
win-Arecibo-Observatory-20220427-104500.npy,20220427,Arecibo-Observatory,10:45:00,11:00:00,200,0.25,15.0,86.625,3600,0,False,,
win-Arecibo-Observatory-20220427-110000.npy,20220427,Arecibo-Observatory,11:00:00,11:15:00,200,0.25,15.0,86.625,3600,1,False,,
win-Arecibo-Observatory-20220427-111500.npy,20220427,Arecibo-Observatory,11:15:00,11:30:00,200,0.25,15.0,86.625,3600,1,False,,
win-Arecibo-Observatory-20220427-113000.npy,20220427,Arecibo-Observatory,11:30:00,11:45:00,200,0.25,15.0,86.625,3600,0,False,,
win-Arecibo-Observatory-20220427-114500.npy,20220427,Arecibo-Observatory,11:45:00,12:00:00,200,0.25,15.0,86.625,3600,0,False,,
win-Arecibo-Observatory-20220427-120000.npy,20220427,Arecibo-Observatory,12:00:00,12:15:00,200,0.25,15.0,86.625,3600,1,False,,
win-Arecibo-Observatory-20220427-121500.npy,20220427,Arecibo-Observatory,12:15:00,12:30:00,200,0.25,15.0,86.625,3600,0,False,,
win-Arecibo-Observatory-20220427-123000.npy,20220427,Arecibo-Observatory,12:30:00,12:45:00,200,0.25,15.0,86.625,3600,1,False,,
win-Arecibo-Observatory-20220427-124501.npy,20220427,Arecibo-Observatory,12:45:01,13:00:01,200,0.25,15.0,86.625,3600,1,False,,
win-Arecibo-Observatory-20220427-130000.npy,20220427,Arecibo-Observatory,13:00:00,13:15:00,200,0.25,15.0,86.625,3600,1,False,,
win-Arecibo-Observatory-20220427-131500.npy,20220427,Arecibo-Observatory,13:15:00,13:30:00,200,0.25,15.0,86.625,3600,0,False,,
win-Arecibo-Observatory-20220427-133000.npy,20220427,Arecibo-Observatory,13:30:00,13:45:00,200,0.25,15.0,86.625,3600,0,False,,
win-Arecibo-Observatory-20220427-134500.npy,20220427,Arecibo-Observatory,13:45:00,14:00:00,200,0.25,15.0,86.625,3600,1,False,,
win-Arecibo-Observatory-20220427-140000.npy,20220427,Arecibo-Observatory,14:00:00,14:15:00,200,0.25,15.0,86.625,3600,0,True,offclass_event_in_negative_window,VI
win-Arecibo-Observatory-20220427-141501.npy,20220427,Arecibo-Observatory,14:15:01,14:30:01,200,0.25,15.0,86.625,3600,0,True,offclass_event_in_negative_window,"III/R,VI"
win-Arecibo-Observatory-20220427-160001.npy,20220427,Arecibo-Observatory,16:00:01,16:15:01,200,0.25,15.0,86.625,3600,0,False,,
win-Arecibo-Observatory-20220427-161501.npy,20220427,Arecibo-Observatory,16:15:01,16:29:57,200,0.25,15.0,86.625,3586,0,False,,
win-Arecibo-Observatory-20220427-163000.npy,20220427,Arecibo-Observatory,16:30:00,16:45:00,200,0.25,15.0,86.625,3600,1,False,,
win-Arecibo-Observatory-20220427-164500.npy,20220427,Arecibo-Observatory,16:45:00,17:00:00,200,0.25,15.0,86.625,3600,0,False,,
win-Arecibo-Observatory-20220427-170000.npy,20220427,Arecibo-Observatory,17:00:00,17:15:00,200,0.25,15.0,86.625,3600,1,True,all_boxes_review_discard,
win-Arecibo-Observatory-20220427-171500.npy,20220427,Arecibo-Observatory,17:15:00,17:30:00,200,0.25,15.0,86.625,3600,0,False,,
win-Arecibo-Observatory-20220427-173000.npy,20220427,Arecibo-Observatory,17:30:00,17:45:00,200,0.25,15.0,86.625,3600,0,False,,
win-Arecibo-Observatory-20220427-183000.npy,20220427,Arecibo-Observatory,18:30:00,18:45:00,200,0.25,15.0,86.625,3600,0,False,,
win-Arecibo-Observatory-20220427-184500.npy,20220427,Arecibo-Observatory,18:45:00,19:00:00,200,0.25,15.0,86.625,3600,0,False,,
win-Arecibo-Observatory-20220427-190000.npy,20220427,Arecibo-Observatory,19:00:00,19:15:00,200,0.25,15.0,86.625,3600,1,False,,
win-Arecibo-Observatory-20220427-191500.npy,20220427,Arecibo-Observatory,19:15:00,19:30:00,200,0.25,15.0,86.625,3600,0,False,,
win-Arecibo-Observatory-20220427-193001.npy,20220427,Arecibo-Observatory,19:30:01,19:45:01,200,0.25,15.0,86.625,3600,0,False,,
win-Arecibo-Observatory-20220428-141501.npy,20220428,Arecibo-Observatory,14:15:01,14:30:01,200,0.25,15.0,86.625,3600,0,False,,
win-Arecibo-Observatory-20220428-143001.npy,20220428,Arecibo-Observatory,14:30:01,14:45:01,200,0.25,15.0,86.625,3600,0,False,,
win-Arecibo-Observatory-20220428-144501.npy,20220428,Arecibo-Observatory,14:45:01,15:00:01,200,0.25,15.0,86.625,3600,1,True,all_boxes_review_discard,
win-Arecibo-Observatory-20220428-150001.npy,20220428,Arecibo-Observatory,15:00:01,15:15:01,200,0.25,15.0,86.625,3600,0,False,,
win-Arecibo-Observatory-20220428-151501.npy,20220428,Arecibo-Observatory,15:15:01,15:30:01,200,0.25,15.0,86.625,3600,0,False,,
win-Arecibo-Observatory-20220428-172959.npy,20220428,Arecibo-Observatory,17:29:59,17:44:59,200,0.25,15.0,86.625,3600,0,False,,
win-Arecibo-Observatory-20220428-174459.npy,20220428,Arecibo-Observatory,17:44:59,17:59:59,200,0.25,15.0,86.625,3600,0,False,,
win-Arecibo-Observatory-20220428-175959.npy,20220428,Arecibo-Observatory,17:59:59,18:14:59,200,0.25,15.0,86.625,3600,1,True,all_boxes_review_discard,
win-Arecibo-Observatory-20220428-181459.npy,20220428,Arecibo-Observatory,18:14:59,18:29:59,200,0.25,15.0,86.625,3600,0,False,,
win-Arecibo-Observatory-20220428-182959.npy,20220428,Arecibo-Observatory,18:29:59,18:44:59,200,0.25,15.0,86.625,3600,0,False,,
win-Arecibo-Observatory-20220429-124501.npy,20220429,Arecibo-Observatory,12:45:01,13:00:01,200,0.25,15.0,86.625,3600,0,False,,
win-Arecibo-Observatory-20220429-130001.npy,20220429,Arecibo-Observatory,13:00:01,13:15:01,200,0.25,15.0,86.625,3600,0,False,,
win-Arecibo-Observatory-20220429-131500.npy,20220429,Arecibo-Observatory,13:15:00,13:30:00,200,0.25,15.0,86.625,3600,1,False,,
win-Arecibo-Observatory-20220429-133001.npy,20220429,Arecibo-Observatory,13:30:01,13:45:01,200,0.25,15.0,86.625,3600,1,True,all_boxes_review_discard,
win-Arecibo-Observatory-20220429-134501.npy,20220429,Arecibo-Observatory,13:45:01,14:00:01,200,0.25,15.0,86.625,3600,0,False,,
win-Arecibo-Observatory-20220429-140001.npy,20220429,Arecibo-Observatory,14:00:01,14:15:01,200,0.25,15.0,86.625,3600,0,False,,
win-Arecibo-Observatory-20220429-160001.npy,20220429,Arecibo-Observatory,16:00:01,16:15:01,200,0.25,15.0,86.625,3600,0,False,,
win-Arecibo-Observatory-20220429-161501.npy,20220429,Arecibo-Observatory,16:15:01,16:29:57,200,0.25,15.0,86.625,3586,0,False,,
win-Arecibo-Observatory-20220429-163000.npy,20220429,Arecibo-Observatory,16:30:00,16:45:00,200,0.25,15.0,86.625,3600,1,False,,
win-Arecibo-Observatory-20220429-164500.npy,20220429,Arecibo-Observatory,16:45:00,17:00:00,200,0.25,15.0,86.625,3600,0,False,,
win-Arecibo-Observatory-20220429-170000.npy,20220429,Arecibo-Observatory,17:00:00,17:15:00,200,0.25,15.0,86.625,3600,0,False,,
win-Arecibo-Observatory-20220429-171501.npy,20220429,Arecibo-Observatory,17:15:01,17:30:01,200,0.25,15.0,86.625,3600,1,False,,
win-Arecibo-Observatory-20220429-173000.npy,20220429,Arecibo-Observatory,17:30:00,17:45:00,200,0.25,15.0,86.625,3600,0,False,,
win-Arecibo-Observatory-20220429-174500.npy,20220429,Arecibo-Observatory,17:45:00,18:00:00,200,0.25,15.0,86.625,3600,0,False,,
win-Arecibo-Observatory-20220429-180000.npy,20220429,Arecibo-Observatory,18:00:00,18:15:00,200,0.25,15.0,86.625,3600,0,False,,
win-Arecibo-Observatory-20220429-181500.npy,20220429,Arecibo-Observatory,18:15:00,18:30:00,200,0.25,15.0,86.625,3600,1,False,,
win-Arecibo-Observatory-20220429-183001.npy,20220429,Arecibo-Observatory,18:30:01,18:45:01,200,0.25,15.0,86.625,3600,1,True,all_boxes_review_discard,
win-Arecibo-Observatory-20220429-184500.npy,20220429,Arecibo-Observatory,18:45:00,19:00:00,200,0.25,15.0,86.625,3600,0,False,,
win-Arecibo-Observatory-20220429-190001.npy,20220429,Arecibo-Observatory,19:00:01,19:15:01,200,0.25,15.0,86.625,3600,0,False,,
win-Arecibo-Observatory-20220430-100000.npy,20220430,Arecibo-Observatory,10:00:00,10:15:00,200,0.25,15.0,86.625,3600,1,False,,
win-Arecibo-Observatory-20220430-101500.npy,20220430,Arecibo-Observatory,10:15:00,10:30:00,200,0.25,15.0,86.625,3600,1,False,,
win-Arecibo-Observatory-20220430-103000.npy,20220430,Arecibo-Observatory,10:30:00,10:45:00,200,0.25,15.0,86.625,3600,1,False,,
win-Arecibo-Observatory-20220430-104500.npy,20220430,Arecibo-Observatory,10:45:00,11:00:00,200,0.25,15.0,86.625,3600,0,False,,
win-Arecibo-Observatory-20220430-110000.npy,20220430,Arecibo-Observatory,11:00:00,11:15:00,200,0.25,15.0,86.625,3600,1,False,,
win-Arecibo-Observatory-20220430-111500.npy,20220430,Arecibo-Observatory,11:15:00,11:30:00,200,0.25,15.0,86.625,3600,1,False,,
win-Arecibo-Observatory-20220430-113000.npy,20220430,Arecibo-Observatory,11:30:00,11:45:00,200,0.25,15.0,86.625,3600,1,False,,
win-Arecibo-Observatory-20220430-114500.npy,20220430,Arecibo-Observatory,11:45:00,12:00:00,200,0.25,15.0,86.625,3600,0,False,,
win-Arecibo-Observatory-20220430-120000.npy,20220430,Arecibo-Observatory,12:00:00,12:15:00,200,0.25,15.0,86.625,3600,0,False,,
win-Arecibo-Observatory-20220430-121501.npy,20220430,Arecibo-Observatory,12:15:01,12:30:01,200,0.25,15.0,86.625,3600,0,False,,
win-Arecibo-Observatory-20220430-123000.npy,20220430,Arecibo-Observatory,12:30:00,12:45:00,200,0.25,15.0,86.625,3600,1,False,,
win-Arecibo-Observatory-20220430-124500.npy,20220430,Arecibo-Observatory,12:45:00,13:00:00,200,0.25,15.0,86.625,3600,0,False,,
win-Arecibo-Observatory-20220430-130000.npy,20220430,Arecibo-Observatory,13:00:00,13:15:00,200,0.25,15.0,86.625,3600,0,True,offclass_event_in_negative_window,VI
win-Arecibo-Observatory-20220430-131501.npy,20220430,Arecibo-Observatory,13:15:01,13:30:01,200,0.25,15.0,86.625,3600,0,False,,
win-Arecibo-Observatory-20220430-133001.npy,20220430,Arecibo-Observatory,13:30:01,13:45:01,200,0.25,15.0,86.625,3600,2,False,,
win-Arecibo-Observatory-20220430-134501.npy,20220430,Arecibo-Observatory,13:45:01,14:00:01,200,0.25,15.0,86.625,3600,2,False,,
win-Arecibo-Observatory-20220430-140001.npy,20220430,Arecibo-Observatory,14:00:01,14:15:01,200,0.25,15.0,86.625,3600,3,False,,
win-Arecibo-Observatory-20220430-141501.npy,20220430,Arecibo-Observatory,14:15:01,14:30:01,200,0.25,15.0,86.625,3600,2,False,,
win-Arecibo-Observatory-20220430-143001.npy,20220430,Arecibo-Observatory,14:30:01,14:45:01,200,0.25,15.0,86.625,3600,0,True,offclass_event_in_negative_window,VI
win-Arecibo-Observatory-20220430-144501.npy,20220430,Arecibo-Observatory,14:45:01,15:00:01,200,0.25,15.0,86.625,3600,0,True,offclass_event_in_negative_window,VI
win-Arecibo-Observatory-20220430-150001.npy,20220430,Arecibo-Observatory,15:00:01,15:15:01,200,0.25,15.0,86.625,3600,1,False,,
win-Arecibo-Observatory-20220430-151501.npy,20220430,Arecibo-Observatory,15:15:01,15:30:01,200,0.25,15.0,86.625,3600,0,False,,
win-Arecibo-Observatory-20220430-153001.npy,20220430,Arecibo-Observatory,15:30:01,15:45:01,200,0.25,15.0,86.625,3600,0,False,,
win-Arecibo-Observatory-20220430-164500.npy,20220430,Arecibo-Observatory,16:45:00,17:00:00,200,0.25,15.0,86.625,3600,0,False,,
win-Arecibo-Observatory-20220430-170000.npy,20220430,Arecibo-Observatory,17:00:00,17:15:00,200,0.25,15.0,86.625,3600,0,False,,
win-Arecibo-Observatory-20220430-171500.npy,20220430,Arecibo-Observatory,17:15:00,17:30:00,200,0.25,15.0,86.625,3600,1,False,,
win-Arecibo-Observatory-20220430-173000.npy,20220430,Arecibo-Observatory,17:30:00,17:45:00,200,0.25,15.0,86.625,3600,0,False,,
win-Arecibo-Observatory-20220430-174500.npy,20220430,Arecibo-Observatory,17:45:00,18:00:00,200,0.25,15.0,86.625,3600,0,False,,
win-Arecibo-Observatory-20220430-180000.npy,20220430,Arecibo-Observatory,18:00:00,18:15:00,200,0.25,15.0,86.625,3600,1,False,,
win-Arecibo-Observatory-20220430-181500.npy,20220430,Arecibo-Observatory,18:15:00,18:30:00,200,0.25,15.0,86.625,3600,0,False,,
win-Arecibo-Observatory-20220430-183001.npy,20220430,Arecibo-Observatory,18:30:01,18:45:01,200,0.25,15.0,86.625,3600,0,False,,
win-Arecibo-Observatory-20220430-184501.npy,20220430,Arecibo-Observatory,18:45:01,19:00:01,200,0.25,15.0,86.625,3600,0,False,,
win-Arecibo-Observatory-20220430-190001.npy,20220430,Arecibo-Observatory,19:00:01,19:15:01,200,0.25,15.0,86.625,3600,1,False,,
win-Arecibo-Observatory-20220430-191501.npy,20220430,Arecibo-Observatory,19:15:01,19:30:01,200,0.25,15.0,86.625,3600,0,False,,
win-Arecibo-Observatory-20220430-193001.npy,20220430,Arecibo-Observatory,19:30:01,19:45:01,200,0.25,15.0,86.625,3600,0,False,,
win-Arecibo-Observatory-20220430-194501.npy,20220430,Arecibo-Observatory,19:45:01,20:00:01,200,0.25,15.0,86.625,3600,2,False,,
win-Arecibo-Observatory-20220430-200001.npy,20220430,Arecibo-Observatory,20:00:01,20:15:01,200,0.25,15.0,86.625,3600,0,False,,
win-Arecibo-Observatory-20220430-201501.npy,20220430,Arecibo-Observatory,20:15:01,20:30:01,200,0.25,15.0,86.625,3600,0,False,,
win-Arecibo-Observatory-20220430-203001.npy,20220430,Arecibo-Observatory,20:30:01,20:45:01,200,0.25,15.0,86.625,3600,0,False,,
win-Arecibo-Observatory-20220501-111500.npy,20220501,Arecibo-Observatory,11:15:00,11:30:00,200,0.25,15.0,86.625,3600,0,False,,
win-Arecibo-Observatory-20220501-113000.npy,20220501,Arecibo-Observatory,11:30:00,11:45:00,200,0.25,15.0,86.625,3600,0,False,,
win-Arecibo-Observatory-20220501-114500.npy,20220501,Arecibo-Observatory,11:45:00,12:00:00,200,0.25,15.0,86.625,3600,1,False,,
win-Arecibo-Observatory-20220501-120000.npy,20220501,Arecibo-Observatory,12:00:00,12:15:00,200,0.25,15.0,86.625,3600,0,False,,
win-Arecibo-Observatory-20220501-121500.npy,20220501,Arecibo-Observatory,12:15:00,12:30:00,200,0.25,15.0,86.625,3600,0,False,,
win-Arecibo-Observatory-20220501-134501.npy,20220501,Arecibo-Observatory,13:45:01,14:00:01,200,0.25,15.0,86.625,3600,0,False,,
win-Arecibo-Observatory-20220501-140001.npy,20220501,Arecibo-Observatory,14:00:01,14:15:01,200,0.25,15.0,86.625,3600,0,False,,
win-Arecibo-Observatory-20220501-141501.npy,20220501,Arecibo-Observatory,14:15:01,14:30:01,200,0.25,15.0,86.625,3600,1,True,all_boxes_review_discard,
win-Arecibo-Observatory-20220501-143001.npy,20220501,Arecibo-Observatory,14:30:01,14:45:01,200,0.25,15.0,86.625,3600,0,False,,
win-Arecibo-Observatory-20220501-144501.npy,20220501,Arecibo-Observatory,14:45:01,15:00:01,200,0.25,15.0,86.625,3600,0,False,,
win-Arecibo-Observatory-20220501-150001.npy,20220501,Arecibo-Observatory,15:00:01,15:15:01,200,0.25,15.0,86.625,3600,0,False,,
win-Arecibo-Observatory-20220501-151501.npy,20220501,Arecibo-Observatory,15:15:01,15:30:01,200,0.25,15.0,86.625,3600,1,False,,
win-Arecibo-Observatory-20220501-153001.npy,20220501,Arecibo-Observatory,15:30:01,15:45:01,200,0.25,15.0,86.625,3600,1,False,,
win-Arecibo-Observatory-20220501-154501.npy,20220501,Arecibo-Observatory,15:45:01,16:00:01,200,0.25,15.0,86.625,3600,0,False,,
win-Arecibo-Observatory-20220501-160001.npy,20220501,Arecibo-Observatory,16:00:01,16:15:01,200,0.25,15.0,86.625,3600,0,False,,
win-Arecibo-Observatory-20220501-165959.npy,20220501,Arecibo-Observatory,16:59:59,17:14:59,200,0.25,15.0,86.625,3600,0,False,,
win-Arecibo-Observatory-20220501-171459.npy,20220501,Arecibo-Observatory,17:14:59,17:29:59,200,0.25,15.0,86.625,3600,0,False,,
win-Arecibo-Observatory-20220501-172959.npy,20220501,Arecibo-Observatory,17:29:59,17:44:59,200,0.25,15.0,86.625,3600,1,True,all_boxes_review_discard,
win-Arecibo-Observatory-20220501-174459.npy,20220501,Arecibo-Observatory,17:44:59,17:59:59,200,0.25,15.0,86.625,3600,1,True,all_boxes_review_discard,
win-Arecibo-Observatory-20220501-175959.npy,20220501,Arecibo-Observatory,17:59:59,18:14:59,200,0.25,15.0,86.625,3600,1,False,,
win-Arecibo-Observatory-20220501-181459.npy,20220501,Arecibo-Observatory,18:14:59,18:29:59,200,0.25,15.0,86.625,3600,0,False,,
win-Arecibo-Observatory-20220501-182959.npy,20220501,Arecibo-Observatory,18:29:59,18:44:59,200,0.25,15.0,86.625,3600,1,True,all_boxes_review_discard,
win-Arecibo-Observatory-20220501-184459.npy,20220501,Arecibo-Observatory,18:44:59,18:59:59,200,0.25,15.0,86.625,3600,0,False,,
win-Arecibo-Observatory-20220501-185959.npy,20220501,Arecibo-Observatory,18:59:59,19:14:59,200,0.25,15.0,86.625,3600,0,False,,
win-Arecibo-Observatory-20220502-143001.npy,20220502,Arecibo-Observatory,14:30:01,14:45:01,200,0.25,15.0,86.625,3600,0,False,,
win-Arecibo-Observatory-20220502-144501.npy,20220502,Arecibo-Observatory,14:45:01,15:00:01,200,0.25,15.0,86.625,3600,0,False,,
win-Arecibo-Observatory-20220502-150001.npy,20220502,Arecibo-Observatory,15:00:01,15:15:01,200,0.25,15.0,86.625,3600,1,False,,
win-Arecibo-Observatory-20220502-151501.npy,20220502,Arecibo-Observatory,15:15:01,15:30:01,200,0.25,15.0,86.625,3600,0,False,,
win-Arecibo-Observatory-20220502-153001.npy,20220502,Arecibo-Observatory,15:30:01,15:45:01,200,0.25,15.0,86.625,3600,1,False,,
win-Arecibo-Observatory-20220502-154501.npy,20220502,Arecibo-Observatory,15:45:01,16:00:01,200,0.25,15.0,86.625,3600,0,False,,
win-Arecibo-Observatory-20220502-160001.npy,20220502,Arecibo-Observatory,16:00:01,16:15:01,200,0.25,15.0,86.625,3600,0,False,,
win-Arecibo-Observatory-20220502-181500.npy,20220502,Arecibo-Observatory,18:15:00,18:30:00,200,0.25,15.0,86.625,3600,0,False,,
win-Arecibo-Observatory-20220502-183000.npy,20220502,Arecibo-Observatory,18:30:00,18:45:00,200,0.25,15.0,86.625,3600,0,False,,
win-Arecibo-Observatory-20220502-184500.npy,20220502,Arecibo-Observatory,18:45:00,19:00:00,200,0.25,15.0,86.625,3600,1,False,,
win-Arecibo-Observatory-20220502-190001.npy,20220502,Arecibo-Observatory,19:00:01,19:15:01,200,0.25,15.0,86.625,3600,1,False,,
win-Arecibo-Observatory-20220502-191501.npy,20220502,Arecibo-Observatory,19:15:01,19:30:01,200,0.25,15.0,86.625,3600,0,False,,
win-Arecibo-Observatory-20220502-193001.npy,20220502,Arecibo-Observatory,19:30:01,19:45:01,200,0.25,15.0,86.625,3600,0,False,,
win-Arecibo-Observatory-20220503-104500.npy,20220503,Arecibo-Observatory,10:45:00,11:00:00,200,0.25,15.0,86.625,3600,0,False,,
win-Arecibo-Observatory-20220503-110000.npy,20220503,Arecibo-Observatory,11:00:00,11:15:00,200,0.25,15.0,86.625,3600,0,False,,
win-Arecibo-Observatory-20220503-111500.npy,20220503,Arecibo-Observatory,11:15:00,11:30:00,200,0.25,15.0,86.625,3600,1,True,all_boxes_review_discard,
win-Arecibo-Observatory-20220503-113000.npy,20220503,Arecibo-Observatory,11:30:00,11:45:00,200,0.25,15.0,86.625,3600,0,False,,
win-Arecibo-Observatory-20220503-114501.npy,20220503,Arecibo-Observatory,11:45:01,12:00:01,200,0.25,15.0,86.625,3600,0,False,,
win-Arecibo-Observatory-20220503-120001.npy,20220503,Arecibo-Observatory,12:00:01,12:15:01,200,0.25,15.0,86.625,3600,0,False,,
win-Arecibo-Observatory-20220503-121500.npy,20220503,Arecibo-Observatory,12:15:00,12:30:00,200,0.25,15.0,86.625,3600,0,False,,
win-Arecibo-Observatory-20220503-123000.npy,20220503,Arecibo-Observatory,12:30:00,12:45:00,200,0.25,15.0,86.625,3600,1,True,all_boxes_review_discard,
win-Arecibo-Observatory-20220503-124501.npy,20220503,Arecibo-Observatory,12:45:01,13:00:01,200,0.25,15.0,86.625,3600,0,False,,
win-Arecibo-Observatory-20220503-130001.npy,20220503,Arecibo-Observatory,13:00:01,13:15:01,200,0.25,15.0,86.625,3600,0,False,,
win-Arecibo-Observatory-20220503-131501.npy,20220503,Arecibo-Observatory,13:15:01,13:30:01,200,0.25,15.0,86.625,3600,0,False,,
win-Arecibo-Observatory-20220503-133001.npy,20220503,Arecibo-Observatory,13:30:01,13:45:01,200,0.25,15.0,86.625,3600,0,False,,
win-Arecibo-Observatory-20220503-134501.npy,20220503,Arecibo-Observatory,13:45:01,14:00:01,200,0.25,15.0,86.625,3600,1,True,all_boxes_review_discard,
win-Arecibo-Observatory-20220503-140001.npy,20220503,Arecibo-Observatory,14:00:01,14:15:01,200,0.25,15.0,86.625,3600,0,False,,
win-Arecibo-Observatory-20220503-141501.npy,20220503,Arecibo-Observatory,14:15:01,14:30:01,200,0.25,15.0,86.625,3600,0,False,,
win-Arecibo-Observatory-20220503-151501.npy,20220503,Arecibo-Observatory,15:15:01,15:30:01,200,0.25,15.0,86.625,3600,0,False,,
win-Arecibo-Observatory-20220503-153001.npy,20220503,Arecibo-Observatory,15:30:01,15:45:01,200,0.25,15.0,86.625,3600,0,False,,
win-Arecibo-Observatory-20220503-154501.npy,20220503,Arecibo-Observatory,15:45:01,16:00:01,200,0.25,15.0,86.625,3600,1,False,,
win-Arecibo-Observatory-20220503-160001.npy,20220503,Arecibo-Observatory,16:00:01,16:15:01,200,0.25,15.0,86.625,3600,0,False,,
win-Arecibo-Observatory-20220503-161501.npy,20220503,Arecibo-Observatory,16:15:01,16:29:57,200,0.25,15.0,86.625,3587,1,False,,
win-Arecibo-Observatory-20220503-163000.npy,20220503,Arecibo-Observatory,16:30:00,16:45:00,200,0.25,15.0,86.625,3600,0,False,,
win-Arecibo-Observatory-20220503-164500.npy,20220503,Arecibo-Observatory,16:45:00,17:00:00,200,0.25,15.0,86.625,3600,0,False,,
win-Arecibo-Observatory-20220504-111500.npy,20220504,Arecibo-Observatory,11:15:00,11:30:00,200,0.25,15.0,86.625,3600,0,False,,
win-Arecibo-Observatory-20220504-113001.npy,20220504,Arecibo-Observatory,11:30:01,11:45:01,200,0.25,15.0,86.625,3600,0,False,,
win-Arecibo-Observatory-20220504-114500.npy,20220504,Arecibo-Observatory,11:45:00,12:00:00,200,0.25,15.0,86.625,3600,1,False,,
win-Arecibo-Observatory-20220504-120000.npy,20220504,Arecibo-Observatory,12:00:00,12:15:00,200,0.25,15.0,86.625,3600,1,True,all_boxes_review_discard,
win-Arecibo-Observatory-20220504-121501.npy,20220504,Arecibo-Observatory,12:15:01,12:30:01,200,0.25,15.0,86.625,3600,0,False,,
win-Arecibo-Observatory-20220504-123000.npy,20220504,Arecibo-Observatory,12:30:00,12:45:00,200,0.25,15.0,86.625,3600,0,False,,
win-Arecibo-Observatory-20220504-130001.npy,20220504,Arecibo-Observatory,13:00:01,13:15:01,200,0.25,15.0,86.625,3600,0,False,,
win-Arecibo-Observatory-20220504-131500.npy,20220504,Arecibo-Observatory,13:15:00,13:30:00,200,0.25,15.0,86.625,3600,0,False,,
win-Arecibo-Observatory-20220504-133001.npy,20220504,Arecibo-Observatory,13:30:01,13:45:01,200,0.25,15.0,86.625,3600,1,False,,
win-Arecibo-Observatory-20220504-134501.npy,20220504,Arecibo-Observatory,13:45:01,14:00:01,200,0.25,15.0,86.625,3600,0,True,only_edge_sliver_of_an_event,
win-Arecibo-Observatory-20220504-140001.npy,20220504,Arecibo-Observatory,14:00:01,14:15:01,200,0.25,15.0,86.625,3600,1,True,all_boxes_review_discard,
win-Arecibo-Observatory-20220504-141501.npy,20220504,Arecibo-Observatory,14:15:01,14:30:01,200,0.25,15.0,86.625,3600,0,False,,
win-Arecibo-Observatory-20220504-143001.npy,20220504,Arecibo-Observatory,14:30:01,14:45:01,200,0.25,15.0,86.625,3600,0,True,offclass_event_in_negative_window,VI
win-Arecibo-Observatory-20220504-150001.npy,20220504,Arecibo-Observatory,15:00:01,15:15:01,200,0.25,15.0,86.625,3600,0,False,,
win-Arecibo-Observatory-20220504-151501.npy,20220504,Arecibo-Observatory,15:15:01,15:30:01,200,0.25,15.0,86.625,3600,0,False,,
win-Arecibo-Observatory-20220504-153001.npy,20220504,Arecibo-Observatory,15:30:01,15:45:01,200,0.25,15.0,86.625,3600,1,False,,
win-Arecibo-Observatory-20220504-154501.npy,20220504,Arecibo-Observatory,15:45:01,16:00:01,200,0.25,15.0,86.625,3600,0,True,offclass_event_in_negative_window,VI
win-Arecibo-Observatory-20220504-160001.npy,20220504,Arecibo-Observatory,16:00:01,16:15:01,200,0.25,15.0,86.625,3600,0,True,offclass_event_in_negative_window,VI
win-Arecibo-Observatory-20220504-182959.npy,20220504,Arecibo-Observatory,18:29:59,18:44:59,200,0.25,15.0,86.625,3600,0,False,,
win-Arecibo-Observatory-20220504-184459.npy,20220504,Arecibo-Observatory,18:44:59,18:59:59,200,0.25,15.0,86.625,3600,0,False,,
win-Arecibo-Observatory-20220504-185959.npy,20220504,Arecibo-Observatory,18:59:59,19:14:59,200,0.25,15.0,86.625,3600,1,False,,
win-Arecibo-Observatory-20220504-191459.npy,20220504,Arecibo-Observatory,19:14:59,19:29:59,200,0.25,15.0,86.625,3600,0,False,,
win-Arecibo-Observatory-20220504-192959.npy,20220504,Arecibo-Observatory,19:29:59,19:44:59,200,0.25,15.0,86.625,3600,0,False,,
win-Arecibo-Observatory-20220505-114500.npy,20220505,Arecibo-Observatory,11:45:00,12:00:00,200,0.25,15.0,86.625,3600,0,False,,
win-Arecibo-Observatory-20220505-120001.npy,20220505,Arecibo-Observatory,12:00:01,12:15:01,200,0.25,15.0,86.625,3600,0,False,,
win-Arecibo-Observatory-20220505-121501.npy,20220505,Arecibo-Observatory,12:15:01,12:30:01,200,0.25,15.0,86.625,3600,0,False,,
win-Arecibo-Observatory-20220505-123001.npy,20220505,Arecibo-Observatory,12:30:01,12:45:01,200,0.25,15.0,86.625,3600,1,False,,
win-Arecibo-Observatory-20220505-124501.npy,20220505,Arecibo-Observatory,12:45:01,13:00:01,200,0.25,15.0,86.625,3600,0,False,,
win-Arecibo-Observatory-20220505-130001.npy,20220505,Arecibo-Observatory,13:00:01,13:15:01,200,0.25,15.0,86.625,3600,0,False,,
win-Arecibo-Observatory-20220505-131500.npy,20220505,Arecibo-Observatory,13:15:00,13:30:00,200,0.25,15.0,86.625,3600,0,False,,
win-Arecibo-Observatory-20220505-133001.npy,20220505,Arecibo-Observatory,13:30:01,13:45:01,200,0.25,15.0,86.625,3600,1,False,,
win-Arecibo-Observatory-20220505-134501.npy,20220505,Arecibo-Observatory,13:45:01,14:00:01,200,0.25,15.0,86.625,3600,0,False,,
win-Arecibo-Observatory-20220505-140001.npy,20220505,Arecibo-Observatory,14:00:01,14:15:01,200,0.25,15.0,86.625,3600,0,False,,
win-Arecibo-Observatory-20220505-160001.npy,20220505,Arecibo-Observatory,16:00:01,16:15:01,200,0.25,15.0,86.625,3600,0,False,,
win-Arecibo-Observatory-20220505-161501.npy,20220505,Arecibo-Observatory,16:15:01,16:29:57,200,0.25,15.0,86.625,3586,0,False,,
win-Arecibo-Observatory-20220505-163000.npy,20220505,Arecibo-Observatory,16:30:00,16:45:00,200,0.25,15.0,86.625,3600,1,True,all_boxes_review_discard,
win-Arecibo-Observatory-20220505-164500.npy,20220505,Arecibo-Observatory,16:45:00,17:00:00,200,0.25,15.0,86.625,3600,0,False,,
win-Arecibo-Observatory-20220505-170000.npy,20220505,Arecibo-Observatory,17:00:00,17:15:00,200,0.25,15.0,86.625,3600,1,False,,
win-Arecibo-Observatory-20220505-171500.npy,20220505,Arecibo-Observatory,17:15:00,17:30:00,200,0.25,15.0,86.625,3600,1,True,all_boxes_review_discard,
win-Arecibo-Observatory-20220505-173000.npy,20220505,Arecibo-Observatory,17:30:00,17:45:00,200,0.25,15.0,86.625,3600,0,False,,
win-Arecibo-Observatory-20220505-174500.npy,20220505,Arecibo-Observatory,17:45:00,18:00:00,200,0.25,15.0,86.625,3600,0,False,,
win-Arecibo-Observatory-20220505-180000.npy,20220505,Arecibo-Observatory,18:00:00,18:15:00,200,0.25,15.0,86.625,3600,0,False,,
win-Arecibo-Observatory-20220505-181500.npy,20220505,Arecibo-Observatory,18:15:00,18:30:00,200,0.25,15.0,86.625,3600,1,False,,
win-Arecibo-Observatory-20220505-183000.npy,20220505,Arecibo-Observatory,18:30:00,18:45:00,200,0.25,15.0,86.625,3600,0,True,offclass_event_in_negative_window,VI
win-Arecibo-Observatory-20220505-184500.npy,20220505,Arecibo-Observatory,18:45:00,19:00:00,200,0.25,15.0,86.625,3600,0,True,offclass_event_in_negative_window,VI
win-Arecibo-Observatory-20220506-111500.npy,20220506,Arecibo-Observatory,11:15:00,11:30:00,200,0.25,15.0,86.625,3600,0,False,,
win-Arecibo-Observatory-20220506-113000.npy,20220506,Arecibo-Observatory,11:30:00,11:45:00,200,0.25,15.0,86.625,3600,0,False,,
win-Arecibo-Observatory-20220506-114500.npy,20220506,Arecibo-Observatory,11:45:00,12:00:00,200,0.25,15.0,86.625,3600,1,True,all_boxes_review_discard,
win-Arecibo-Observatory-20220506-120000.npy,20220506,Arecibo-Observatory,12:00:00,12:15:00,200,0.25,15.0,86.625,3600,0,False,,
win-Arecibo-Observatory-20220506-121500.npy,20220506,Arecibo-Observatory,12:15:00,12:30:00,200,0.25,15.0,86.625,3600,0,False,,
win-Arecibo-Observatory-20220506-123000.npy,20220506,Arecibo-Observatory,12:30:00,12:45:00,200,0.25,15.0,86.625,3600,0,False,,
win-Arecibo-Observatory-20220506-124501.npy,20220506,Arecibo-Observatory,12:45:01,13:00:01,200,0.25,15.0,86.625,3600,0,False,,
win-Arecibo-Observatory-20220506-130001.npy,20220506,Arecibo-Observatory,13:00:01,13:15:01,200,0.25,15.0,86.625,3600,0,False,,
win-Arecibo-Observatory-20220506-131501.npy,20220506,Arecibo-Observatory,13:15:01,13:30:01,200,0.25,15.0,86.625,3600,1,False,,
win-Arecibo-Observatory-20220506-133001.npy,20220506,Arecibo-Observatory,13:30:01,13:45:01,200,0.25,15.0,86.625,3600,0,False,,
win-Arecibo-Observatory-20220506-134500.npy,20220506,Arecibo-Observatory,13:45:00,14:00:00,200,0.25,15.0,86.625,3600,0,False,,
win-Arecibo-Observatory-20220506-143001.npy,20220506,Arecibo-Observatory,14:30:01,14:45:01,200,0.25,15.0,86.625,3600,0,False,,
win-Arecibo-Observatory-20220506-144501.npy,20220506,Arecibo-Observatory,14:45:01,15:00:01,200,0.25,15.0,86.625,3600,0,False,,
win-Arecibo-Observatory-20220506-150001.npy,20220506,Arecibo-Observatory,15:00:01,15:15:01,200,0.25,15.0,86.625,3600,1,False,,
win-Arecibo-Observatory-20220506-151501.npy,20220506,Arecibo-Observatory,15:15:01,15:30:01,200,0.25,15.0,86.625,3600,0,False,,
win-Arecibo-Observatory-20220506-153001.npy,20220506,Arecibo-Observatory,15:30:01,15:45:01,200,0.25,15.0,86.625,3600,1,True,all_boxes_review_discard,
win-Arecibo-Observatory-20220506-154501.npy,20220506,Arecibo-Observatory,15:45:01,16:00:01,200,0.25,15.0,86.625,3600,0,False,,
win-Arecibo-Observatory-20220506-160001.npy,20220506,Arecibo-Observatory,16:00:01,16:15:01,200,0.25,15.0,86.625,3600,0,False,,
win-Arecibo-Observatory-20220506-161501.npy,20220506,Arecibo-Observatory,16:15:01,16:29:57,200,0.25,15.0,86.625,3586,0,False,,
win-Arecibo-Observatory-20220506-163000.npy,20220506,Arecibo-Observatory,16:30:00,16:45:00,200,0.25,15.0,86.625,3600,1,True,all_boxes_review_discard,
win-Arecibo-Observatory-20220506-164500.npy,20220506,Arecibo-Observatory,16:45:00,17:00:00,200,0.25,15.0,86.625,3600,0,False,,
win-Arecibo-Observatory-20220506-170000.npy,20220506,Arecibo-Observatory,17:00:00,17:15:00,200,0.25,15.0,86.625,3600,0,False,,
win-Arecibo-Observatory-20220506-181500.npy,20220506,Arecibo-Observatory,18:15:00,18:30:00,200,0.25,15.0,86.625,3600,0,False,,
win-Arecibo-Observatory-20220506-183000.npy,20220506,Arecibo-Observatory,18:30:00,18:45:00,200,0.25,15.0,86.625,3600,0,False,,
win-Arecibo-Observatory-20220506-184500.npy,20220506,Arecibo-Observatory,18:45:00,19:00:00,200,0.25,15.0,86.625,3600,1,True,all_boxes_review_discard,
win-Arecibo-Observatory-20220506-190000.npy,20220506,Arecibo-Observatory,19:00:00,19:15:00,200,0.25,15.0,86.625,3600,0,False,,
win-Arecibo-Observatory-20220506-191500.npy,20220506,Arecibo-Observatory,19:15:00,19:30:00,200,0.25,15.0,86.625,3600,0,True,offclass_event_in_negative_window,III
win-Arecibo-Observatory-20220507-100000.npy,20220507,Arecibo-Observatory,10:00:00,10:15:00,200,0.25,15.0,86.625,3600,1,False,,
win-Arecibo-Observatory-20220507-101500.npy,20220507,Arecibo-Observatory,10:15:00,10:30:00,200,0.25,15.0,86.625,3600,1,False,,
win-Arecibo-Observatory-20220507-103000.npy,20220507,Arecibo-Observatory,10:30:00,10:45:00,200,0.25,15.0,86.625,3600,1,False,,
win-Arecibo-Observatory-20220507-104500.npy,20220507,Arecibo-Observatory,10:45:00,11:00:00,200,0.25,15.0,86.625,3600,0,False,,
win-Arecibo-Observatory-20220507-110000.npy,20220507,Arecibo-Observatory,11:00:00,11:15:00,200,0.25,15.0,86.625,3600,1,False,,
win-Arecibo-Observatory-20220507-111500.npy,20220507,Arecibo-Observatory,11:15:00,11:30:00,200,0.25,15.0,86.625,3600,0,False,,
win-Arecibo-Observatory-20220507-113000.npy,20220507,Arecibo-Observatory,11:30:00,11:45:00,200,0.25,15.0,86.625,3600,1,False,,
win-Arecibo-Observatory-20220507-114500.npy,20220507,Arecibo-Observatory,11:45:00,12:00:00,200,0.25,15.0,86.625,3600,0,False,,
win-Arecibo-Observatory-20220507-120000.npy,20220507,Arecibo-Observatory,12:00:00,12:15:00,200,0.25,15.0,86.625,3600,0,False,,
win-Arecibo-Observatory-20220507-123001.npy,20220507,Arecibo-Observatory,12:30:01,12:45:01,200,0.25,15.0,86.625,3600,0,False,,
win-Arecibo-Observatory-20220507-124500.npy,20220507,Arecibo-Observatory,12:45:00,13:00:00,200,0.25,15.0,86.625,3600,0,False,,
win-Arecibo-Observatory-20220507-130000.npy,20220507,Arecibo-Observatory,13:00:00,13:15:00,200,0.25,15.0,86.625,3600,1,True,all_boxes_review_discard,
win-Arecibo-Observatory-20220507-131500.npy,20220507,Arecibo-Observatory,13:15:00,13:30:00,200,0.25,15.0,86.625,3600,0,False,,
win-Arecibo-Observatory-20220507-133000.npy,20220507,Arecibo-Observatory,13:30:00,13:45:00,200,0.25,15.0,86.625,3600,0,False,,
win-Arecibo-Observatory-20220507-134501.npy,20220507,Arecibo-Observatory,13:45:01,14:00:01,200,0.25,15.0,86.625,3600,0,False,,
win-Arecibo-Observatory-20220507-140001.npy,20220507,Arecibo-Observatory,14:00:01,14:15:01,200,0.25,15.0,86.625,3600,1,False,,
win-Arecibo-Observatory-20220507-141501.npy,20220507,Arecibo-Observatory,14:15:01,14:30:01,200,0.25,15.0,86.625,3600,1,False,,
win-Arecibo-Observatory-20220507-143001.npy,20220507,Arecibo-Observatory,14:30:01,14:45:01,200,0.25,15.0,86.625,3600,0,False,,
win-Arecibo-Observatory-20220507-144501.npy,20220507,Arecibo-Observatory,14:45:01,15:00:01,200,0.25,15.0,86.625,3600,0,False,,
win-Arecibo-Observatory-20220507-150001.npy,20220507,Arecibo-Observatory,15:00:01,15:15:01,200,0.25,15.0,86.625,3600,1,False,,
win-Arecibo-Observatory-20220507-151501.npy,20220507,Arecibo-Observatory,15:15:01,15:30:01,200,0.25,15.0,86.625,3600,0,False,,
win-Arecibo-Observatory-20220507-153001.npy,20220507,Arecibo-Observatory,15:30:01,15:45:01,200,0.25,15.0,86.625,3600,1,True,all_boxes_review_discard,
win-Arecibo-Observatory-20220507-154501.npy,20220507,Arecibo-Observatory,15:45:01,16:00:01,200,0.25,15.0,86.625,3600,0,False,,
win-Arecibo-Observatory-20220507-160001.npy,20220507,Arecibo-Observatory,16:00:01,16:15:01,200,0.25,15.0,86.625,3600,0,False,,
win-Arecibo-Observatory-20220508-133001.npy,20220508,Arecibo-Observatory,13:30:01,13:45:01,200,0.25,15.0,86.625,3600,0,False,,
win-Arecibo-Observatory-20220508-134501.npy,20220508,Arecibo-Observatory,13:45:01,14:00:01,200,0.25,15.0,86.625,3600,0,False,,
win-Arecibo-Observatory-20220508-140001.npy,20220508,Arecibo-Observatory,14:00:01,14:15:01,200,0.25,15.0,86.625,3600,1,False,,
win-Arecibo-Observatory-20220508-141500.npy,20220508,Arecibo-Observatory,14:15:00,14:30:00,200,0.25,15.0,86.625,3600,0,False,,
win-Arecibo-Observatory-20220508-143000.npy,20220508,Arecibo-Observatory,14:30:00,14:45:00,200,0.25,15.0,86.625,3600,0,False,,
win-Arecibo-Observatory-20220508-150001.npy,20220508,Arecibo-Observatory,15:00:01,15:15:01,200,0.25,15.0,86.625,3600,0,True,offclass_event_in_negative_window,VI
win-Arecibo-Observatory-20220508-151501.npy,20220508,Arecibo-Observatory,15:15:01,15:30:01,200,0.25,15.0,86.625,3600,0,False,,
win-Arecibo-Observatory-20220508-153001.npy,20220508,Arecibo-Observatory,15:30:01,15:45:01,200,0.25,15.0,86.625,3600,1,False,,
win-Arecibo-Observatory-20220508-154501.npy,20220508,Arecibo-Observatory,15:45:01,16:00:01,200,0.25,15.0,86.625,3600,0,False,,
win-Arecibo-Observatory-20220508-160001.npy,20220508,Arecibo-Observatory,16:00:01,16:15:01,200,0.25,15.0,86.625,3600,0,False,,
win-Arecibo-Observatory-20220508-163000.npy,20220508,Arecibo-Observatory,16:30:00,16:45:00,200,0.25,15.0,86.625,3600,0,False,,
win-Arecibo-Observatory-20220508-164500.npy,20220508,Arecibo-Observatory,16:45:00,17:00:00,200,0.25,15.0,86.625,3600,0,False,,
win-Arecibo-Observatory-20220508-170000.npy,20220508,Arecibo-Observatory,17:00:00,17:15:00,200,0.25,15.0,86.625,3600,0,False,,
win-Arecibo-Observatory-20220508-171500.npy,20220508,Arecibo-Observatory,17:15:00,17:30:00,200,0.25,15.0,86.625,3600,1,False,,
win-Arecibo-Observatory-20220508-173000.npy,20220508,Arecibo-Observatory,17:30:00,17:45:00,200,0.25,15.0,86.625,3600,0,False,,
win-Arecibo-Observatory-20220508-174500.npy,20220508,Arecibo-Observatory,17:45:00,18:00:00,200,0.25,15.0,86.625,3600,0,False,,
win-Arecibo-Observatory-20220508-184500.npy,20220508,Arecibo-Observatory,18:45:00,19:00:00,200,0.25,15.0,86.625,3600,0,False,,
win-Arecibo-Observatory-20220508-190000.npy,20220508,Arecibo-Observatory,19:00:00,19:15:00,200,0.25,15.0,86.625,3600,0,False,,
win-Arecibo-Observatory-20220508-191500.npy,20220508,Arecibo-Observatory,19:15:00,19:30:00,200,0.25,15.0,86.625,3600,1,True,all_boxes_review_discard,
win-Arecibo-Observatory-20220508-193001.npy,20220508,Arecibo-Observatory,19:30:01,19:45:01,200,0.25,15.0,86.625,3600,1,False,,
win-Arecibo-Observatory-20220508-194501.npy,20220508,Arecibo-Observatory,19:45:01,20:00:01,200,0.25,15.0,86.625,3600,0,False,,
win-Arecibo-Observatory-20220508-200001.npy,20220508,Arecibo-Observatory,20:00:01,20:15:01,200,0.25,15.0,86.625,3600,0,False,,
win-Arecibo-Observatory-20220508-201501.npy,20220508,Arecibo-Observatory,20:15:01,20:30:01,200,0.25,15.0,86.625,3600,1,True,all_boxes_review_discard,
win-Arecibo-Observatory-20220508-203000.npy,20220508,Arecibo-Observatory,20:30:00,20:45:00,200,0.25,15.0,86.625,3600,0,False,,
win-Arecibo-Observatory-20220508-204501.npy,20220508,Arecibo-Observatory,20:45:01,21:00:01,200,0.25,15.0,86.625,3600,0,True,offclass_event_in_negative_window,VI
win-Arecibo-Observatory-20220509-101500.npy,20220509,Arecibo-Observatory,10:15:00,10:30:00,200,0.25,15.0,86.625,3600,0,False,,
win-Arecibo-Observatory-20220509-103000.npy,20220509,Arecibo-Observatory,10:30:00,10:45:00,200,0.25,15.0,86.625,3600,0,False,,
win-Arecibo-Observatory-20220509-104500.npy,20220509,Arecibo-Observatory,10:45:00,11:00:00,200,0.25,15.0,86.625,3600,1,False,,
win-Arecibo-Observatory-20220509-110000.npy,20220509,Arecibo-Observatory,11:00:00,11:15:00,200,0.25,15.0,86.625,3600,1,False,,
win-Arecibo-Observatory-20220509-111500.npy,20220509,Arecibo-Observatory,11:15:00,11:30:00,200,0.25,15.0,86.625,3600,0,False,,
win-Arecibo-Observatory-20220509-113000.npy,20220509,Arecibo-Observatory,11:30:00,11:45:00,200,0.25,15.0,86.625,3600,0,False,,
win-Arecibo-Observatory-20220509-120000.npy,20220509,Arecibo-Observatory,12:00:00,12:15:00,200,0.25,15.0,86.625,3600,0,False,,
win-Arecibo-Observatory-20220509-121500.npy,20220509,Arecibo-Observatory,12:15:00,12:30:00,200,0.25,15.0,86.625,3600,0,False,,
win-Arecibo-Observatory-20220509-123000.npy,20220509,Arecibo-Observatory,12:30:00,12:45:00,200,0.25,15.0,86.625,3600,1,True,all_boxes_review_discard,
win-Arecibo-Observatory-20220509-124500.npy,20220509,Arecibo-Observatory,12:45:00,13:00:00,200,0.25,15.0,86.625,3600,0,False,,
win-Arecibo-Observatory-20220509-130001.npy,20220509,Arecibo-Observatory,13:00:01,13:15:01,200,0.25,15.0,86.625,3600,0,False,,
win-Arecibo-Observatory-20220509-134501.npy,20220509,Arecibo-Observatory,13:45:01,14:00:01,200,0.25,15.0,86.625,3600,0,False,,
win-Arecibo-Observatory-20220509-140001.npy,20220509,Arecibo-Observatory,14:00:01,14:15:01,200,0.25,15.0,86.625,3600,0,False,,
win-Arecibo-Observatory-20220509-141501.npy,20220509,Arecibo-Observatory,14:15:01,14:30:01,200,0.25,15.0,86.625,3600,1,False,,
win-Arecibo-Observatory-20220509-143001.npy,20220509,Arecibo-Observatory,14:30:01,14:45:01,200,0.25,15.0,86.625,3600,0,False,,
win-Arecibo-Observatory-20220509-144501.npy,20220509,Arecibo-Observatory,14:45:01,15:00:01,200,0.25,15.0,86.625,3600,0,False,,
win-Arecibo-Observatory-20220509-170000.npy,20220509,Arecibo-Observatory,17:00:00,17:15:00,200,0.25,15.0,86.625,3600,0,False,,
win-Arecibo-Observatory-20220509-171500.npy,20220509,Arecibo-Observatory,17:15:00,17:30:00,200,0.25,15.0,86.625,3600,0,False,,
win-Arecibo-Observatory-20220509-173000.npy,20220509,Arecibo-Observatory,17:30:00,17:45:00,200,0.25,15.0,86.625,3600,1,False,,
win-Arecibo-Observatory-20220509-174500.npy,20220509,Arecibo-Observatory,17:45:00,18:00:00,200,0.25,15.0,86.625,3600,0,False,,
win-Arecibo-Observatory-20220509-180000.npy,20220509,Arecibo-Observatory,18:00:00,18:15:00,200,0.25,15.0,86.625,3600,0,False,,
win-Arecibo-Observatory-20220510-130000.npy,20220510,Arecibo-Observatory,13:00:00,13:15:00,200,0.25,15.0,86.625,3600,0,False,,
win-Arecibo-Observatory-20220510-131500.npy,20220510,Arecibo-Observatory,13:15:00,13:30:00,200,0.25,15.0,86.625,3600,0,False,,
win-Arecibo-Observatory-20220510-133000.npy,20220510,Arecibo-Observatory,13:30:00,13:45:00,200,0.25,15.0,86.625,3600,1,False,,
win-Arecibo-Observatory-20220510-134501.npy,20220510,Arecibo-Observatory,13:45:01,14:00:01,200,0.25,15.0,86.625,3600,2,False,,
win-Arecibo-Observatory-20220510-140001.npy,20220510,Arecibo-Observatory,14:00:01,14:15:01,200,0.25,15.0,86.625,3600,1,False,,
win-Arecibo-Observatory-20220510-141500.npy,20220510,Arecibo-Observatory,14:15:00,14:30:00,200,0.25,15.0,86.625,3600,2,False,,
win-Arecibo-Observatory-20220510-143000.npy,20220510,Arecibo-Observatory,14:30:00,14:45:00,200,0.25,15.0,86.625,3600,0,True,offclass_event_in_negative_window,CTM
win-Arecibo-Observatory-20220510-144501.npy,20220510,Arecibo-Observatory,14:45:01,15:00:01,200,0.25,15.0,86.625,3600,0,True,offclass_event_in_negative_window,CTM
win-Arecibo-Observatory-20220510-151501.npy,20220510,Arecibo-Observatory,15:15:01,15:30:01,200,0.25,15.0,86.625,3600,0,True,offclass_event_in_negative_window,CTM
win-Arecibo-Observatory-20220510-153001.npy,20220510,Arecibo-Observatory,15:30:01,15:45:01,200,0.25,15.0,86.625,3600,0,True,offclass_event_in_negative_window,CTM
win-Arecibo-Observatory-20220510-154501.npy,20220510,Arecibo-Observatory,15:45:01,16:00:01,200,0.25,15.0,86.625,3600,1,False,,CTM
win-Arecibo-Observatory-20220510-160001.npy,20220510,Arecibo-Observatory,16:00:01,16:15:01,200,0.25,15.0,86.625,3600,0,False,,
win-Arecibo-Observatory-20220510-161501.npy,20220510,Arecibo-Observatory,16:15:01,16:29:57,200,0.25,15.0,86.625,3587,0,False,,
win-Arecibo-Observatory-20220510-184459.npy,20220510,Arecibo-Observatory,18:44:59,18:59:59,200,0.25,15.0,86.625,3600,0,False,,
win-Arecibo-Observatory-20220510-185959.npy,20220510,Arecibo-Observatory,18:59:59,19:14:59,200,0.25,15.0,86.625,3600,0,False,,
win-Arecibo-Observatory-20220510-191459.npy,20220510,Arecibo-Observatory,19:14:59,19:29:59,200,0.25,15.0,86.625,3600,1,True,all_boxes_review_discard,
win-Arecibo-Observatory-20220510-192959.npy,20220510,Arecibo-Observatory,19:29:59,19:44:59,200,0.25,15.0,86.625,3600,0,False,,
win-Arecibo-Observatory-20220510-194459.npy,20220510,Arecibo-Observatory,19:44:59,19:59:59,200,0.25,15.0,86.625,3600,0,False,,
win-Arecibo-Observatory-20220511-101500.npy,20220511,Arecibo-Observatory,10:15:00,10:30:00,200,0.25,15.0,86.625,3600,0,False,,
win-Arecibo-Observatory-20220511-103000.npy,20220511,Arecibo-Observatory,10:30:00,10:45:00,200,0.25,15.0,86.625,3600,0,False,,
win-Arecibo-Observatory-20220511-104500.npy,20220511,Arecibo-Observatory,10:45:00,11:00:00,200,0.25,15.0,86.625,3600,1,False,,
win-Arecibo-Observatory-20220511-110000.npy,20220511,Arecibo-Observatory,11:00:00,11:15:00,200,0.25,15.0,86.625,3600,1,False,,
win-Arecibo-Observatory-20220511-111500.npy,20220511,Arecibo-Observatory,11:15:00,11:30:00,200,0.25,15.0,86.625,3600,0,False,,
win-Arecibo-Observatory-20220511-113000.npy,20220511,Arecibo-Observatory,11:30:00,11:45:00,200,0.25,15.0,86.625,3600,1,True,all_boxes_review_discard,
win-Arecibo-Observatory-20220511-114500.npy,20220511,Arecibo-Observatory,11:45:00,12:00:00,200,0.25,15.0,86.625,3600,0,False,,
win-Arecibo-Observatory-20220511-120000.npy,20220511,Arecibo-Observatory,12:00:00,12:15:00,200,0.25,15.0,86.625,3600,0,False,,
win-Arecibo-Observatory-20220511-121500.npy,20220511,Arecibo-Observatory,12:15:00,12:30:00,200,0.25,15.0,86.625,3600,0,False,,
win-Arecibo-Observatory-20220511-123000.npy,20220511,Arecibo-Observatory,12:30:00,12:45:00,200,0.25,15.0,86.625,3600,1,True,all_boxes_review_discard,
win-Arecibo-Observatory-20220511-124500.npy,20220511,Arecibo-Observatory,12:45:00,13:00:00,200,0.25,15.0,86.625,3600,0,False,,
win-Arecibo-Observatory-20220511-130000.npy,20220511,Arecibo-Observatory,13:00:00,13:15:00,200,0.25,15.0,86.625,3600,1,True,all_boxes_review_discard,
win-Arecibo-Observatory-20220511-131500.npy,20220511,Arecibo-Observatory,13:15:00,13:30:00,200,0.25,15.0,86.625,3600,0,False,,
win-Arecibo-Observatory-20220511-133000.npy,20220511,Arecibo-Observatory,13:30:00,13:45:00,200,0.25,15.0,86.625,3600,0,True,offclass_event_in_negative_window,VI
win-Arecibo-Observatory-20220511-134500.npy,20220511,Arecibo-Observatory,13:45:00,14:00:00,200,0.25,15.0,86.625,3600,0,True,offclass_event_in_negative_window,VI
win-Arecibo-Observatory-20220511-140000.npy,20220511,Arecibo-Observatory,14:00:00,14:15:00,200,0.25,15.0,86.625,3600,0,False,,
win-Arecibo-Observatory-20220511-141500.npy,20220511,Arecibo-Observatory,14:15:00,14:30:00,200,0.25,15.0,86.625,3600,1,False,,
win-Arecibo-Observatory-20220511-143001.npy,20220511,Arecibo-Observatory,14:30:01,14:45:01,200,0.25,15.0,86.625,3600,1,False,,
win-Arecibo-Observatory-20220511-144501.npy,20220511,Arecibo-Observatory,14:45:01,15:00:01,200,0.25,15.0,86.625,3600,0,False,,
win-Arecibo-Observatory-20220511-150001.npy,20220511,Arecibo-Observatory,15:00:01,15:15:01,200,0.25,15.0,86.625,3600,2,False,,
win-Arecibo-Observatory-20220511-151501.npy,20220511,Arecibo-Observatory,15:15:01,15:30:01,200,0.25,15.0,86.625,3600,1,False,,
win-Arecibo-Observatory-20220511-153001.npy,20220511,Arecibo-Observatory,15:30:01,15:45:01,200,0.25,15.0,86.625,3600,0,False,,
win-Arecibo-Observatory-20220511-154501.npy,20220511,Arecibo-Observatory,15:45:01,16:00:01,200,0.25,15.0,86.625,3600,0,False,,
win-Arecibo-Observatory-20220511-163000.npy,20220511,Arecibo-Observatory,16:30:00,16:45:00,200,0.25,15.0,86.625,3600,0,False,,
win-Arecibo-Observatory-20220511-164500.npy,20220511,Arecibo-Observatory,16:45:00,17:00:00,200,0.25,15.0,86.625,3600,0,False,,
win-Arecibo-Observatory-20220511-170000.npy,20220511,Arecibo-Observatory,17:00:00,17:15:00,200,0.25,15.0,86.625,3600,1,True,all_boxes_review_discard,
win-Arecibo-Observatory-20220511-171500.npy,20220511,Arecibo-Observatory,17:15:00,17:30:00,200,0.25,15.0,86.625,3600,0,False,,
win-Arecibo-Observatory-20220511-173000.npy,20220511,Arecibo-Observatory,17:30:00,17:45:00,200,0.25,15.0,86.625,3600,0,False,,
win-Arecibo-Observatory-20220511-174500.npy,20220511,Arecibo-Observatory,17:45:00,18:00:00,200,0.25,15.0,86.625,3600,1,False,,
win-Arecibo-Observatory-20220511-180000.npy,20220511,Arecibo-Observatory,18:00:00,18:15:00,200,0.25,15.0,86.625,3600,0,False,,
win-Arecibo-Observatory-20220511-181500.npy,20220511,Arecibo-Observatory,18:15:00,18:30:00,200,0.25,15.0,86.625,3600,0,False,,
win-Arecibo-Observatory-20220511-183000.npy,20220511,Arecibo-Observatory,18:30:00,18:45:00,200,0.25,15.0,86.625,3600,1,False,,
win-Arecibo-Observatory-20220511-184500.npy,20220511,Arecibo-Observatory,18:45:00,19:00:00,200,0.25,15.0,86.625,3600,2,False,,
win-Arecibo-Observatory-20220511-190000.npy,20220511,Arecibo-Observatory,19:00:00,19:15:00,200,0.25,15.0,86.625,3600,1,False,,
win-Arecibo-Observatory-20220511-191500.npy,20220511,Arecibo-Observatory,19:15:00,19:30:00,200,0.25,15.0,86.625,3600,0,False,,
win-Arecibo-Observatory-20220511-193000.npy,20220511,Arecibo-Observatory,19:30:00,19:45:00,200,0.25,15.0,86.625,3600,0,False,,
win-Arecibo-Observatory-20220511-194500.npy,20220511,Arecibo-Observatory,19:45:00,20:00:00,200,0.25,15.0,86.625,3600,0,False,,
win-Arecibo-Observatory-20220512-114209.npy,20220512,Arecibo-Observatory,11:42:09,11:57:09,200,0.25,15.0,86.625,3600,1,False,,
win-Arecibo-Observatory-20220512-115709.npy,20220512,Arecibo-Observatory,11:57:09,12:12:09,200,0.25,15.0,86.625,3600,0,False,,
win-Arecibo-Observatory-20220512-121209.npy,20220512,Arecibo-Observatory,12:12:09,12:27:09,200,0.25,15.0,86.625,3600,0,False,,
win-Arecibo-Observatory-20220512-122709.npy,20220512,Arecibo-Observatory,12:27:09,12:42:09,200,0.25,15.0,86.625,3600,0,False,,
win-Arecibo-Observatory-20220512-124209.npy,20220512,Arecibo-Observatory,12:42:09,12:57:09,200,0.25,15.0,86.625,3600,1,False,,
win-Arecibo-Observatory-20220512-125709.npy,20220512,Arecibo-Observatory,12:57:09,13:12:09,200,0.25,15.0,86.625,3600,0,False,,
win-Arecibo-Observatory-20220512-131209.npy,20220512,Arecibo-Observatory,13:12:09,13:27:09,200,0.25,15.0,86.625,3600,0,False,,
win-Arecibo-Observatory-20220513-120000.npy,20220513,Arecibo-Observatory,12:00:00,12:15:00,200,0.25,15.0,86.625,3600,0,True,offclass_event_in_negative_window,VI
win-Arecibo-Observatory-20220513-121500.npy,20220513,Arecibo-Observatory,12:15:00,12:30:00,200,0.25,15.0,86.625,3600,0,False,,
win-Arecibo-Observatory-20220513-123000.npy,20220513,Arecibo-Observatory,12:30:00,12:45:00,200,0.25,15.0,86.625,3600,1,False,,
win-Arecibo-Observatory-20220513-124500.npy,20220513,Arecibo-Observatory,12:45:00,13:00:00,200,0.25,15.0,86.625,3600,0,False,,
win-Arecibo-Observatory-20220513-130001.npy,20220513,Arecibo-Observatory,13:00:01,13:15:01,200,0.25,15.0,86.625,3600,0,False,,
win-Arecibo-Observatory-20220513-141501.npy,20220513,Arecibo-Observatory,14:15:01,14:30:01,200,0.25,15.0,86.625,3600,0,False,,
win-Arecibo-Observatory-20220513-143001.npy,20220513,Arecibo-Observatory,14:30:01,14:45:01,200,0.25,15.0,86.625,3600,0,False,,
win-Arecibo-Observatory-20220513-144501.npy,20220513,Arecibo-Observatory,14:45:01,15:00:01,200,0.25,15.0,86.625,3600,1,False,,
win-Arecibo-Observatory-20220513-150001.npy,20220513,Arecibo-Observatory,15:00:01,15:15:01,200,0.25,15.0,86.625,3600,0,False,,
win-Arecibo-Observatory-20220513-151501.npy,20220513,Arecibo-Observatory,15:15:01,15:30:01,200,0.25,15.0,86.625,3600,0,False,,
win-Arecibo-Observatory-20220513-154501.npy,20220513,Arecibo-Observatory,15:45:01,16:00:01,200,0.25,15.0,86.625,3600,0,False,,
win-Arecibo-Observatory-20220513-160001.npy,20220513,Arecibo-Observatory,16:00:01,16:15:01,200,0.25,15.0,86.625,3600,0,False,,
win-Arecibo-Observatory-20220513-161501.npy,20220513,Arecibo-Observatory,16:15:01,16:29:57,200,0.25,15.0,86.625,3587,1,False,,
win-Arecibo-Observatory-20220513-163000.npy,20220513,Arecibo-Observatory,16:30:00,16:45:00,200,0.25,15.0,86.625,3600,0,False,,
win-Arecibo-Observatory-20220513-164500.npy,20220513,Arecibo-Observatory,16:45:00,17:00:00,200,0.25,15.0,86.625,3600,0,False,,
win-Arecibo-Observatory-20220513-170000.npy,20220513,Arecibo-Observatory,17:00:00,17:15:00,200,0.25,15.0,86.625,3600,1,False,,
win-Arecibo-Observatory-20220513-171500.npy,20220513,Arecibo-Observatory,17:15:00,17:30:00,200,0.25,15.0,86.625,3600,1,False,,
win-Arecibo-Observatory-20220513-173000.npy,20220513,Arecibo-Observatory,17:30:00,17:45:00,200,0.25,15.0,86.625,3600,1,False,,
win-Arecibo-Observatory-20220513-174500.npy,20220513,Arecibo-Observatory,17:45:00,18:00:00,200,0.25,15.0,86.625,3600,0,False,,
win-Arecibo-Observatory-20220513-180000.npy,20220513,Arecibo-Observatory,18:00:00,18:15:00,200,0.25,15.0,86.625,3600,1,False,,
win-Arecibo-Observatory-20220513-181500.npy,20220513,Arecibo-Observatory,18:15:00,18:30:00,200,0.25,15.0,86.625,3600,0,False,,
win-Arecibo-Observatory-20220513-183000.npy,20220513,Arecibo-Observatory,18:30:00,18:45:00,200,0.25,15.0,86.625,3600,0,False,,
win-Arecibo-Observatory-20220513-190000.npy,20220513,Arecibo-Observatory,19:00:00,19:15:00,200,0.25,15.0,86.625,3600,0,False,,
win-Arecibo-Observatory-20220513-191500.npy,20220513,Arecibo-Observatory,19:15:00,19:30:00,200,0.25,15.0,86.625,3600,0,False,,
win-Arecibo-Observatory-20220513-193000.npy,20220513,Arecibo-Observatory,19:30:00,19:45:00,200,0.25,15.0,86.625,3600,1,True,all_boxes_review_discard,
win-Arecibo-Observatory-20220513-194501.npy,20220513,Arecibo-Observatory,19:45:01,20:00:01,200,0.25,15.0,86.625,3600,0,False,,
win-Arecibo-Observatory-20220513-200001.npy,20220513,Arecibo-Observatory,20:00:01,20:15:01,200,0.25,15.0,86.625,3600,0,False,,
win-Arecibo-Observatory-20220514-111500.npy,20220514,Arecibo-Observatory,11:15:00,11:30:00,200,0.25,15.0,86.625,3600,0,False,,
win-Arecibo-Observatory-20220514-113001.npy,20220514,Arecibo-Observatory,11:30:01,11:45:01,200,0.25,15.0,86.625,3600,0,False,,
win-Arecibo-Observatory-20220514-114500.npy,20220514,Arecibo-Observatory,11:45:00,12:00:00,200,0.25,15.0,86.625,3600,1,False,,
win-Arecibo-Observatory-20220514-120001.npy,20220514,Arecibo-Observatory,12:00:01,12:15:01,200,0.25,15.0,86.625,3600,0,False,,
win-Arecibo-Observatory-20220514-121500.npy,20220514,Arecibo-Observatory,12:15:00,12:30:00,200,0.25,15.0,86.625,3600,0,False,,
win-Arecibo-Observatory-20220514-124500.npy,20220514,Arecibo-Observatory,12:45:00,13:00:00,200,0.25,15.0,86.625,3600,0,False,,
win-Arecibo-Observatory-20220514-130001.npy,20220514,Arecibo-Observatory,13:00:01,13:15:01,200,0.25,15.0,86.625,3600,0,False,,
win-Arecibo-Observatory-20220514-131501.npy,20220514,Arecibo-Observatory,13:15:01,13:30:01,200,0.25,15.0,86.625,3600,1,False,,
win-Arecibo-Observatory-20220514-133001.npy,20220514,Arecibo-Observatory,13:30:01,13:45:01,200,0.25,15.0,86.625,3600,1,False,,
win-Arecibo-Observatory-20220514-134501.npy,20220514,Arecibo-Observatory,13:45:01,14:00:01,200,0.25,15.0,86.625,3600,1,False,,
win-Arecibo-Observatory-20220514-140001.npy,20220514,Arecibo-Observatory,14:00:01,14:15:01,200,0.25,15.0,86.625,3600,0,False,,
win-Arecibo-Observatory-20220514-141501.npy,20220514,Arecibo-Observatory,14:15:01,14:30:01,200,0.25,15.0,86.625,3600,1,False,,
win-Arecibo-Observatory-20220514-143001.npy,20220514,Arecibo-Observatory,14:30:01,14:45:01,200,0.25,15.0,86.625,3600,0,False,,
win-Arecibo-Observatory-20220514-144501.npy,20220514,Arecibo-Observatory,14:45:01,15:00:01,200,0.25,15.0,86.625,3600,1,False,,
win-Arecibo-Observatory-20220514-150001.npy,20220514,Arecibo-Observatory,15:00:01,15:15:01,200,0.25,15.0,86.625,3600,1,False,,
win-Arecibo-Observatory-20220514-151501.npy,20220514,Arecibo-Observatory,15:15:01,15:30:01,200,0.25,15.0,86.625,3600,0,False,,
win-Arecibo-Observatory-20220514-153001.npy,20220514,Arecibo-Observatory,15:30:01,15:45:01,200,0.25,15.0,86.625,3600,0,False,,
win-Arecibo-Observatory-20220514-154501.npy,20220514,Arecibo-Observatory,15:45:01,16:00:01,200,0.25,15.0,86.625,3600,1,False,,
win-Arecibo-Observatory-20220514-160001.npy,20220514,Arecibo-Observatory,16:00:01,16:15:01,200,0.25,15.0,86.625,3600,1,False,,
win-Arecibo-Observatory-20220514-161501.npy,20220514,Arecibo-Observatory,16:15:01,16:29:57,200,0.25,15.0,86.625,3586,0,False,,
win-Arecibo-Observatory-20220514-163000.npy,20220514,Arecibo-Observatory,16:30:00,16:45:00,200,0.25,15.0,86.625,3600,0,False,,
win-Arecibo-Observatory-20220514-164459.npy,20220514,Arecibo-Observatory,16:44:59,16:59:59,200,0.25,15.0,86.625,3600,0,False,,
win-Arecibo-Observatory-20220514-165959.npy,20220514,Arecibo-Observatory,16:59:59,17:14:59,200,0.25,15.0,86.625,3600,1,False,,
win-Arecibo-Observatory-20220514-171459.npy,20220514,Arecibo-Observatory,17:14:59,17:29:59,200,0.25,15.0,86.625,3600,0,False,,
win-Arecibo-Observatory-20220514-172959.npy,20220514,Arecibo-Observatory,17:29:59,17:44:59,200,0.25,15.0,86.625,3600,0,False,,
win-Arecibo-Observatory-20220515-111500.npy,20220515,Arecibo-Observatory,11:15:00,11:30:00,200,0.25,15.0,86.625,3600,0,False,,
win-Arecibo-Observatory-20220515-113000.npy,20220515,Arecibo-Observatory,11:30:00,11:45:00,200,0.25,15.0,86.625,3600,0,False,,
win-Arecibo-Observatory-20220515-114500.npy,20220515,Arecibo-Observatory,11:45:00,12:00:00,200,0.25,15.0,86.625,3600,1,True,all_boxes_review_discard,
win-Arecibo-Observatory-20220515-120000.npy,20220515,Arecibo-Observatory,12:00:00,12:15:00,200,0.25,15.0,86.625,3600,0,False,,
win-Arecibo-Observatory-20220515-121500.npy,20220515,Arecibo-Observatory,12:15:00,12:30:00,200,0.25,15.0,86.625,3600,0,False,,
win-Arecibo-Observatory-20220516-163000.npy,20220516,Arecibo-Observatory,16:30:00,16:45:00,200,0.25,15.0,86.625,3600,0,False,,
win-Arecibo-Observatory-20220516-164459.npy,20220516,Arecibo-Observatory,16:44:59,16:59:59,200,0.25,15.0,86.625,3600,0,False,,
win-Arecibo-Observatory-20220516-165959.npy,20220516,Arecibo-Observatory,16:59:59,17:14:59,200,0.25,15.0,86.625,3600,1,True,all_boxes_review_discard,
win-Arecibo-Observatory-20220516-171459.npy,20220516,Arecibo-Observatory,17:14:59,17:29:59,200,0.25,15.0,86.625,3600,0,False,,
win-Arecibo-Observatory-20220516-172959.npy,20220516,Arecibo-Observatory,17:29:59,17:44:59,200,0.25,15.0,86.625,3600,0,False,,
win-Arecibo-Observatory-20220516-174459.npy,20220516,Arecibo-Observatory,17:44:59,17:59:59,200,0.25,15.0,86.625,3600,0,False,,
win-Arecibo-Observatory-20220516-175959.npy,20220516,Arecibo-Observatory,17:59:59,18:14:59,200,0.25,15.0,86.625,3600,1,False,,
win-Arecibo-Observatory-20220516-181459.npy,20220516,Arecibo-Observatory,18:14:59,18:29:59,200,0.25,15.0,86.625,3600,0,False,,
win-Arecibo-Observatory-20220516-182959.npy,20220516,Arecibo-Observatory,18:29:59,18:44:59,200,0.25,15.0,86.625,3600,0,False,,
win-Arecibo-Observatory-20220517-111501.npy,20220517,Arecibo-Observatory,11:15:01,11:30:01,200,0.25,15.0,86.625,3600,0,False,,
win-Arecibo-Observatory-20220517-113000.npy,20220517,Arecibo-Observatory,11:30:00,11:45:00,200,0.25,15.0,86.625,3600,0,False,,
win-Arecibo-Observatory-20220517-114500.npy,20220517,Arecibo-Observatory,11:45:00,12:00:00,200,0.25,15.0,86.625,3600,1,True,all_boxes_review_discard,
win-Arecibo-Observatory-20220517-120001.npy,20220517,Arecibo-Observatory,12:00:01,12:15:01,200,0.25,15.0,86.625,3600,0,False,,
win-Arecibo-Observatory-20220517-121501.npy,20220517,Arecibo-Observatory,12:15:01,12:30:01,200,0.25,15.0,86.625,3600,0,False,,
win-Arecibo-Observatory-20220517-124501.npy,20220517,Arecibo-Observatory,12:45:01,13:00:01,200,0.25,15.0,86.625,3600,0,False,,
win-Arecibo-Observatory-20220517-130001.npy,20220517,Arecibo-Observatory,13:00:01,13:15:01,200,0.25,15.0,86.625,3600,0,False,,
win-Arecibo-Observatory-20220517-131501.npy,20220517,Arecibo-Observatory,13:15:01,13:30:01,200,0.25,15.0,86.625,3600,1,True,all_boxes_review_discard,
win-Arecibo-Observatory-20220517-133001.npy,20220517,Arecibo-Observatory,13:30:01,13:45:01,200,0.25,15.0,86.625,3600,0,False,,
win-Arecibo-Observatory-20220517-134501.npy,20220517,Arecibo-Observatory,13:45:01,14:00:01,200,0.25,15.0,86.625,3600,0,False,,
win-Arecibo-Observatory-20220517-143001.npy,20220517,Arecibo-Observatory,14:30:01,14:45:01,200,0.25,15.0,86.625,3600,0,False,,
win-Arecibo-Observatory-20220517-144501.npy,20220517,Arecibo-Observatory,14:45:01,15:00:01,200,0.25,15.0,86.625,3600,0,False,,
win-Arecibo-Observatory-20220517-150001.npy,20220517,Arecibo-Observatory,15:00:01,15:15:01,200,0.25,15.0,86.625,3600,1,False,,
win-Arecibo-Observatory-20220517-151501.npy,20220517,Arecibo-Observatory,15:15:01,15:30:01,200,0.25,15.0,86.625,3600,0,False,,
win-Arecibo-Observatory-20220517-153001.npy,20220517,Arecibo-Observatory,15:30:01,15:45:01,200,0.25,15.0,86.625,3600,0,False,,
win-Arecibo-Observatory-20220517-181500.npy,20220517,Arecibo-Observatory,18:15:00,18:30:00,200,0.25,15.0,86.625,3600,0,False,,
win-Arecibo-Observatory-20220517-183001.npy,20220517,Arecibo-Observatory,18:30:01,18:45:01,200,0.25,15.0,86.625,3600,0,False,,
win-Arecibo-Observatory-20220517-184501.npy,20220517,Arecibo-Observatory,18:45:01,19:00:01,200,0.25,15.0,86.625,3600,1,True,all_boxes_review_discard,
win-Arecibo-Observatory-20220517-190001.npy,20220517,Arecibo-Observatory,19:00:01,19:15:01,200,0.25,15.0,86.625,3600,1,True,all_boxes_review_discard,
win-Arecibo-Observatory-20220517-191501.npy,20220517,Arecibo-Observatory,19:15:01,19:30:01,200,0.25,15.0,86.625,3600,0,False,,
win-Arecibo-Observatory-20220517-193001.npy,20220517,Arecibo-Observatory,19:30:01,19:45:01,200,0.25,15.0,86.625,3600,0,False,,
win-Arecibo-Observatory-20220518-144501.npy,20220518,Arecibo-Observatory,14:45:01,15:00:01,200,0.25,15.0,86.625,3600,0,False,,
win-Arecibo-Observatory-20220518-150001.npy,20220518,Arecibo-Observatory,15:00:01,15:15:01,200,0.25,15.0,86.625,3600,0,False,,
win-Arecibo-Observatory-20220518-151501.npy,20220518,Arecibo-Observatory,15:15:01,15:30:01,200,0.25,15.0,86.625,3600,1,False,,
win-Arecibo-Observatory-20220518-153001.npy,20220518,Arecibo-Observatory,15:30:01,15:45:01,200,0.25,15.0,86.625,3600,0,False,,
win-Arecibo-Observatory-20220518-154501.npy,20220518,Arecibo-Observatory,15:45:01,16:00:01,200,0.25,15.0,86.625,3600,0,False,,
win-Arecibo-Observatory-20220518-165959.npy,20220518,Arecibo-Observatory,16:59:59,17:14:59,200,0.25,15.0,86.625,3600,0,False,,
win-Arecibo-Observatory-20220518-171459.npy,20220518,Arecibo-Observatory,17:14:59,17:29:59,200,0.25,15.0,86.625,3600,0,False,,
win-Arecibo-Observatory-20220518-172959.npy,20220518,Arecibo-Observatory,17:29:59,17:44:59,200,0.25,15.0,86.625,3600,1,False,,
win-Arecibo-Observatory-20220518-174459.npy,20220518,Arecibo-Observatory,17:44:59,17:59:59,200,0.25,15.0,86.625,3600,0,False,,
win-Arecibo-Observatory-20220518-175959.npy,20220518,Arecibo-Observatory,17:59:59,18:14:59,200,0.25,15.0,86.625,3600,0,False,,
win-Arecibo-Observatory-20220519-113001.npy,20220519,Arecibo-Observatory,11:30:01,11:45:01,200,0.25,15.0,86.625,3600,0,False,,
win-Arecibo-Observatory-20220519-114501.npy,20220519,Arecibo-Observatory,11:45:01,12:00:01,200,0.25,15.0,86.625,3600,0,False,,
win-Arecibo-Observatory-20220519-120001.npy,20220519,Arecibo-Observatory,12:00:01,12:15:01,200,0.25,15.0,86.625,3600,1,True,all_boxes_review_discard,
win-Arecibo-Observatory-20220519-121501.npy,20220519,Arecibo-Observatory,12:15:01,12:30:01,200,0.25,15.0,86.625,3600,0,False,,
win-Arecibo-Observatory-20220519-123001.npy,20220519,Arecibo-Observatory,12:30:01,12:45:01,200,0.25,15.0,86.625,3600,0,False,,
win-Arecibo-Observatory-20220519-124501.npy,20220519,Arecibo-Observatory,12:45:01,13:00:01,200,0.25,15.0,86.625,3600,0,False,,
win-Arecibo-Observatory-20220519-130001.npy,20220519,Arecibo-Observatory,13:00:01,13:15:01,200,0.25,15.0,86.625,3600,1,True,all_boxes_review_discard,
win-Arecibo-Observatory-20220519-131501.npy,20220519,Arecibo-Observatory,13:15:01,13:30:01,200,0.25,15.0,86.625,3600,0,False,,
win-Arecibo-Observatory-20220519-133001.npy,20220519,Arecibo-Observatory,13:30:01,13:45:01,200,0.25,15.0,86.625,3600,0,False,,
win-Arecibo-Observatory-20220519-134501.npy,20220519,Arecibo-Observatory,13:45:01,14:00:01,200,0.25,15.0,86.625,3600,0,False,,
win-Arecibo-Observatory-20220519-140001.npy,20220519,Arecibo-Observatory,14:00:01,14:15:01,200,0.25,15.0,86.625,3600,0,False,,
win-Arecibo-Observatory-20220519-141501.npy,20220519,Arecibo-Observatory,14:15:01,14:30:01,200,0.25,15.0,86.625,3600,1,True,all_boxes_review_discard,
win-Arecibo-Observatory-20220519-143001.npy,20220519,Arecibo-Observatory,14:30:01,14:45:01,200,0.25,15.0,86.625,3600,1,True,all_boxes_review_discard,
win-Arecibo-Observatory-20220519-144501.npy,20220519,Arecibo-Observatory,14:45:01,15:00:01,200,0.25,15.0,86.625,3600,0,False,,
win-Arecibo-Observatory-20220519-150001.npy,20220519,Arecibo-Observatory,15:00:01,15:15:01,200,0.25,15.0,86.625,3600,1,True,all_boxes_review_discard,
win-Arecibo-Observatory-20220519-151501.npy,20220519,Arecibo-Observatory,15:15:01,15:30:01,200,0.25,15.0,86.625,3600,1,True,all_boxes_review_discard,
win-Arecibo-Observatory-20220519-153001.npy,20220519,Arecibo-Observatory,15:30:01,15:45:01,200,0.25,15.0,86.625,3600,0,False,,
win-Arecibo-Observatory-20220519-154501.npy,20220519,Arecibo-Observatory,15:45:01,16:00:01,200,0.25,15.0,86.625,3600,0,False,,
win-Arecibo-Observatory-20220519-160001.npy,20220519,Arecibo-Observatory,16:00:01,16:15:01,200,0.25,15.0,86.625,3600,0,False,,
win-Arecibo-Observatory-20220519-161501.npy,20220519,Arecibo-Observatory,16:15:01,16:29:57,200,0.25,15.0,86.625,3586,1,False,,
win-Arecibo-Observatory-20220519-163000.npy,20220519,Arecibo-Observatory,16:30:00,16:45:00,200,0.25,15.0,86.625,3600,0,False,,
win-Arecibo-Observatory-20220519-164500.npy,20220519,Arecibo-Observatory,16:45:00,17:00:00,200,0.25,15.0,86.625,3600,0,False,,
win-Arecibo-Observatory-20220519-171501.npy,20220519,Arecibo-Observatory,17:15:01,17:30:01,200,0.25,15.0,86.625,3600,0,False,,
win-Arecibo-Observatory-20220519-173000.npy,20220519,Arecibo-Observatory,17:30:00,17:45:00,200,0.25,15.0,86.625,3600,0,False,,
win-Arecibo-Observatory-20220519-174500.npy,20220519,Arecibo-Observatory,17:45:00,18:00:00,200,0.25,15.0,86.625,3600,1,True,all_boxes_review_discard,
win-Arecibo-Observatory-20220519-180001.npy,20220519,Arecibo-Observatory,18:00:01,18:15:01,200,0.25,15.0,86.625,3600,0,False,,
win-Arecibo-Observatory-20220519-181501.npy,20220519,Arecibo-Observatory,18:15:01,18:30:01,200,0.25,15.0,86.625,3600,0,False,,
win-Arecibo-Observatory-20220520-110000.npy,20220520,Arecibo-Observatory,11:00:00,11:15:00,200,0.25,15.0,86.625,3600,0,False,,
win-Arecibo-Observatory-20220520-111500.npy,20220520,Arecibo-Observatory,11:15:00,11:30:00,200,0.25,15.0,86.625,3600,0,False,,
win-Arecibo-Observatory-20220520-113000.npy,20220520,Arecibo-Observatory,11:30:00,11:45:00,200,0.25,15.0,86.625,3600,1,False,,
win-Arecibo-Observatory-20220520-114500.npy,20220520,Arecibo-Observatory,11:45:00,12:00:00,200,0.25,15.0,86.625,3600,1,False,,
win-Arecibo-Observatory-20220520-120000.npy,20220520,Arecibo-Observatory,12:00:00,12:15:00,200,0.25,15.0,86.625,3600,0,False,,
win-Arecibo-Observatory-20220520-121500.npy,20220520,Arecibo-Observatory,12:15:00,12:30:00,200,0.25,15.0,86.625,3600,0,False,,
win-Arecibo-Observatory-20220520-123000.npy,20220520,Arecibo-Observatory,12:30:00,12:45:00,200,0.25,15.0,86.625,3600,0,False,,
win-Arecibo-Observatory-20220520-124501.npy,20220520,Arecibo-Observatory,12:45:01,13:00:01,200,0.25,15.0,86.625,3600,1,True,all_boxes_review_discard,
win-Arecibo-Observatory-20220520-130001.npy,20220520,Arecibo-Observatory,13:00:01,13:15:01,200,0.25,15.0,86.625,3600,0,False,,
win-Arecibo-Observatory-20220520-131500.npy,20220520,Arecibo-Observatory,13:15:00,13:30:00,200,0.25,15.0,86.625,3600,0,False,,
win-Arecibo-Observatory-20220520-133001.npy,20220520,Arecibo-Observatory,13:30:01,13:45:01,200,0.25,15.0,86.625,3600,0,False,,
win-Arecibo-Observatory-20220520-134501.npy,20220520,Arecibo-Observatory,13:45:01,14:00:01,200,0.25,15.0,86.625,3600,0,False,,
win-Arecibo-Observatory-20220520-140001.npy,20220520,Arecibo-Observatory,14:00:01,14:15:01,200,0.25,15.0,86.625,3600,0,False,,
win-Arecibo-Observatory-20220520-141501.npy,20220520,Arecibo-Observatory,14:15:01,14:30:01,200,0.25,15.0,86.625,3600,2,False,,
win-Arecibo-Observatory-20220520-143001.npy,20220520,Arecibo-Observatory,14:30:01,14:45:01,200,0.25,15.0,86.625,3600,0,False,,
win-Arecibo-Observatory-20220520-144501.npy,20220520,Arecibo-Observatory,14:45:01,15:00:01,200,0.25,15.0,86.625,3600,0,False,,
win-Arecibo-Observatory-20220520-153001.npy,20220520,Arecibo-Observatory,15:30:01,15:45:01,200,0.25,15.0,86.625,3600,0,False,,
win-Arecibo-Observatory-20220520-154501.npy,20220520,Arecibo-Observatory,15:45:01,16:00:01,200,0.25,15.0,86.625,3600,0,False,,
win-Arecibo-Observatory-20220520-160001.npy,20220520,Arecibo-Observatory,16:00:01,16:15:01,200,0.25,15.0,86.625,3600,1,True,all_boxes_review_discard,
win-Arecibo-Observatory-20220520-161501.npy,20220520,Arecibo-Observatory,16:15:01,16:29:57,200,0.25,15.0,86.625,3587,0,False,,
win-Arecibo-Observatory-20220520-163000.npy,20220520,Arecibo-Observatory,16:30:00,16:45:00,200,0.25,15.0,86.625,3600,0,False,,
win-Arecibo-Observatory-20220520-164459.npy,20220520,Arecibo-Observatory,16:44:59,16:59:59,200,0.25,15.0,86.625,3600,1,False,,
win-Arecibo-Observatory-20220520-165959.npy,20220520,Arecibo-Observatory,16:59:59,17:14:59,200,0.25,15.0,86.625,3600,1,False,,
win-Arecibo-Observatory-20220520-171459.npy,20220520,Arecibo-Observatory,17:14:59,17:29:59,200,0.25,15.0,86.625,3600,0,False,,
win-Arecibo-Observatory-20220520-172959.npy,20220520,Arecibo-Observatory,17:29:59,17:44:59,200,0.25,15.0,86.625,3600,0,False,,
win-Arecibo-Observatory-20220520-185959.npy,20220520,Arecibo-Observatory,18:59:59,19:14:59,200,0.25,15.0,86.625,3600,0,False,,
win-Arecibo-Observatory-20220520-191459.npy,20220520,Arecibo-Observatory,19:14:59,19:29:59,200,0.25,15.0,86.625,3600,0,False,,
win-Arecibo-Observatory-20220520-192959.npy,20220520,Arecibo-Observatory,19:29:59,19:44:59,200,0.25,15.0,86.625,3600,1,False,,
win-Arecibo-Observatory-20220520-194459.npy,20220520,Arecibo-Observatory,19:44:59,19:59:59,200,0.25,15.0,86.625,3600,0,False,,
win-Arecibo-Observatory-20220520-195959.npy,20220520,Arecibo-Observatory,19:59:59,20:14:59,200,0.25,15.0,86.625,3600,0,False,,
win-Arecibo-Observatory-20220521-123000.npy,20220521,Arecibo-Observatory,12:30:00,12:45:00,200,0.25,15.0,86.625,3600,0,False,,
win-Arecibo-Observatory-20220521-124501.npy,20220521,Arecibo-Observatory,12:45:01,13:00:01,200,0.25,15.0,86.625,3600,0,False,,
win-Arecibo-Observatory-20220521-130001.npy,20220521,Arecibo-Observatory,13:00:01,13:15:01,200,0.25,15.0,86.625,3600,1,False,,
win-Arecibo-Observatory-20220521-131501.npy,20220521,Arecibo-Observatory,13:15:01,13:30:01,200,0.25,15.0,86.625,3600,0,False,,
win-Arecibo-Observatory-20220521-133001.npy,20220521,Arecibo-Observatory,13:30:01,13:45:01,200,0.25,15.0,86.625,3600,1,False,,
win-Arecibo-Observatory-20220521-134501.npy,20220521,Arecibo-Observatory,13:45:01,14:00:01,200,0.25,15.0,86.625,3600,0,False,,
win-Arecibo-Observatory-20220521-140001.npy,20220521,Arecibo-Observatory,14:00:01,14:15:01,200,0.25,15.0,86.625,3600,1,False,,
win-Arecibo-Observatory-20220521-141501.npy,20220521,Arecibo-Observatory,14:15:01,14:30:01,200,0.25,15.0,86.625,3600,1,False,,
win-Arecibo-Observatory-20220521-143001.npy,20220521,Arecibo-Observatory,14:30:01,14:45:01,200,0.25,15.0,86.625,3600,1,False,,
win-Arecibo-Observatory-20220521-144501.npy,20220521,Arecibo-Observatory,14:45:01,15:00:01,200,0.25,15.0,86.625,3600,2,False,,
win-Arecibo-Observatory-20220521-150001.npy,20220521,Arecibo-Observatory,15:00:01,15:15:01,200,0.25,15.0,86.625,3600,0,False,,
win-Arecibo-Observatory-20220521-151501.npy,20220521,Arecibo-Observatory,15:15:01,15:30:01,200,0.25,15.0,86.625,3600,0,False,,
win-Arecibo-Observatory-20220521-160001.npy,20220521,Arecibo-Observatory,16:00:01,16:15:01,200,0.25,15.0,86.625,3600,0,False,,
win-Arecibo-Observatory-20220521-161501.npy,20220521,Arecibo-Observatory,16:15:01,16:29:57,200,0.25,15.0,86.625,3587,0,False,,
win-Arecibo-Observatory-20220521-163000.npy,20220521,Arecibo-Observatory,16:30:00,16:45:00,200,0.25,15.0,86.625,3600,1,False,,
win-Arecibo-Observatory-20220521-164500.npy,20220521,Arecibo-Observatory,16:45:00,17:00:00,200,0.25,15.0,86.625,3600,1,False,,
win-Arecibo-Observatory-20220521-170000.npy,20220521,Arecibo-Observatory,17:00:00,17:15:00,200,0.25,15.0,86.625,3600,0,False,,
win-Arecibo-Observatory-20220521-171500.npy,20220521,Arecibo-Observatory,17:15:00,17:30:00,200,0.25,15.0,86.625,3600,0,False,,
win-Arecibo-Observatory-20220522-133001.npy,20220522,Arecibo-Observatory,13:30:01,13:45:01,200,0.25,15.0,86.625,3600,0,False,,
win-Arecibo-Observatory-20220522-134501.npy,20220522,Arecibo-Observatory,13:45:01,14:00:01,200,0.25,15.0,86.625,3600,0,False,,
win-Arecibo-Observatory-20220522-140001.npy,20220522,Arecibo-Observatory,14:00:01,14:15:01,200,0.25,15.0,86.625,3600,1,False,,
win-Arecibo-Observatory-20220522-141501.npy,20220522,Arecibo-Observatory,14:15:01,14:30:01,200,0.25,15.0,86.625,3600,0,False,,
win-Arecibo-Observatory-20220522-143001.npy,20220522,Arecibo-Observatory,14:30:01,14:45:01,200,0.25,15.0,86.625,3600,0,False,,
win-Arecibo-Observatory-20220524-134501.npy,20220524,Arecibo-Observatory,13:45:01,14:00:01,200,0.25,15.0,86.625,3600,0,False,,
win-Arecibo-Observatory-20220524-140001.npy,20220524,Arecibo-Observatory,14:00:01,14:15:01,200,0.25,15.0,86.625,3600,0,False,,
win-Arecibo-Observatory-20220524-141501.npy,20220524,Arecibo-Observatory,14:15:01,14:30:01,200,0.25,15.0,86.625,3600,1,False,,
win-Arecibo-Observatory-20220524-143001.npy,20220524,Arecibo-Observatory,14:30:01,14:45:01,200,0.25,15.0,86.625,3600,0,False,,
win-Arecibo-Observatory-20220524-144501.npy,20220524,Arecibo-Observatory,14:45:01,15:00:01,200,0.25,15.0,86.625,3600,0,False,,
win-Arecibo-Observatory-20220524-151501.npy,20220524,Arecibo-Observatory,15:15:01,15:30:01,200,0.25,15.0,86.625,3600,0,False,,
win-Arecibo-Observatory-20220524-153001.npy,20220524,Arecibo-Observatory,15:30:01,15:45:01,200,0.25,15.0,86.625,3600,0,False,,
win-Arecibo-Observatory-20220524-154501.npy,20220524,Arecibo-Observatory,15:45:01,16:00:01,200,0.25,15.0,86.625,3600,1,True,all_boxes_review_discard,
win-Arecibo-Observatory-20220524-160001.npy,20220524,Arecibo-Observatory,16:00:01,16:15:01,200,0.25,15.0,86.625,3600,1,False,,
win-Arecibo-Observatory-20220524-161501.npy,20220524,Arecibo-Observatory,16:15:01,16:29:57,200,0.25,15.0,86.625,3586,1,False,,
win-Arecibo-Observatory-20220524-163000.npy,20220524,Arecibo-Observatory,16:30:00,16:45:00,200,0.25,15.0,86.625,3600,0,False,,
win-Arecibo-Observatory-20220524-164459.npy,20220524,Arecibo-Observatory,16:44:59,16:59:59,200,0.25,15.0,86.625,3600,0,False,,
win-Arecibo-Observatory-20220524-191459.npy,20220524,Arecibo-Observatory,19:14:59,19:29:59,200,0.25,15.0,86.625,3600,0,False,,
win-Arecibo-Observatory-20220524-192959.npy,20220524,Arecibo-Observatory,19:29:59,19:44:59,200,0.25,15.0,86.625,3600,0,False,,
win-Arecibo-Observatory-20220524-194459.npy,20220524,Arecibo-Observatory,19:44:59,19:59:59,200,0.25,15.0,86.625,3600,1,True,all_boxes_review_discard,
win-Arecibo-Observatory-20220524-195959.npy,20220524,Arecibo-Observatory,19:59:59,20:14:59,200,0.25,15.0,86.625,3600,0,False,,
win-Arecibo-Observatory-20220524-201459.npy,20220524,Arecibo-Observatory,20:14:59,20:29:59,200,0.25,15.0,86.625,3600,0,False,,
win-Arecibo-Observatory-20220525-101500.npy,20220525,Arecibo-Observatory,10:15:00,10:30:00,200,0.25,15.0,86.625,3600,0,False,,
win-Arecibo-Observatory-20220525-103000.npy,20220525,Arecibo-Observatory,10:30:00,10:45:00,200,0.25,15.0,86.625,3600,0,False,,
win-Arecibo-Observatory-20220525-104500.npy,20220525,Arecibo-Observatory,10:45:00,11:00:00,200,0.25,15.0,86.625,3600,1,True,all_boxes_review_discard,
win-Arecibo-Observatory-20220525-110000.npy,20220525,Arecibo-Observatory,11:00:00,11:15:00,200,0.25,15.0,86.625,3600,0,False,,
win-Arecibo-Observatory-20220525-111501.npy,20220525,Arecibo-Observatory,11:15:01,11:30:01,200,0.25,15.0,86.625,3600,0,False,,
win-Arecibo-Observatory-20220525-120000.npy,20220525,Arecibo-Observatory,12:00:00,12:15:00,200,0.25,15.0,86.625,3600,0,False,,
win-Arecibo-Observatory-20220525-121501.npy,20220525,Arecibo-Observatory,12:15:01,12:30:01,200,0.25,15.0,86.625,3600,0,False,,
win-Arecibo-Observatory-20220525-123001.npy,20220525,Arecibo-Observatory,12:30:01,12:45:01,200,0.25,15.0,86.625,3600,1,False,,
win-Arecibo-Observatory-20220525-124500.npy,20220525,Arecibo-Observatory,12:45:00,13:00:00,200,0.25,15.0,86.625,3600,0,False,,
win-Arecibo-Observatory-20220525-130001.npy,20220525,Arecibo-Observatory,13:00:01,13:15:01,200,0.25,15.0,86.625,3600,0,False,,
win-Arecibo-Observatory-20220525-161501.npy,20220525,Arecibo-Observatory,16:15:01,16:29:57,200,0.25,15.0,86.625,3586,0,False,,
win-Arecibo-Observatory-20220525-163000.npy,20220525,Arecibo-Observatory,16:30:00,16:45:00,200,0.25,15.0,86.625,3600,0,False,,
win-Arecibo-Observatory-20220525-164500.npy,20220525,Arecibo-Observatory,16:45:00,17:00:00,200,0.25,15.0,86.625,3600,1,False,,
win-Arecibo-Observatory-20220525-170000.npy,20220525,Arecibo-Observatory,17:00:00,17:15:00,200,0.25,15.0,86.625,3600,0,False,,
win-Arecibo-Observatory-20220525-171500.npy,20220525,Arecibo-Observatory,17:15:00,17:30:00,200,0.25,15.0,86.625,3600,0,False,,
win-Arecibo-Observatory-20220525-173000.npy,20220525,Arecibo-Observatory,17:30:00,17:45:00,200,0.25,15.0,86.625,3600,0,False,,
win-Arecibo-Observatory-20220525-174500.npy,20220525,Arecibo-Observatory,17:45:00,18:00:00,200,0.25,15.0,86.625,3600,0,False,,
win-Arecibo-Observatory-20220525-180000.npy,20220525,Arecibo-Observatory,18:00:00,18:15:00,200,0.25,15.0,86.625,3600,1,False,,
win-Arecibo-Observatory-20220525-181500.npy,20220525,Arecibo-Observatory,18:15:00,18:30:00,200,0.25,15.0,86.625,3600,1,False,,
win-Arecibo-Observatory-20220525-183000.npy,20220525,Arecibo-Observatory,18:30:00,18:45:00,200,0.25,15.0,86.625,3600,0,False,,
win-Arecibo-Observatory-20220525-184500.npy,20220525,Arecibo-Observatory,18:45:00,19:00:00,200,0.25,15.0,86.625,3600,0,False,,
win-Arecibo-Observatory-20220526-140001.npy,20220526,Arecibo-Observatory,14:00:01,14:15:01,200,0.25,15.0,86.625,3600,0,False,,
win-Arecibo-Observatory-20220526-141501.npy,20220526,Arecibo-Observatory,14:15:01,14:30:01,200,0.25,15.0,86.625,3600,0,False,,
win-Arecibo-Observatory-20220526-143001.npy,20220526,Arecibo-Observatory,14:30:01,14:45:01,200,0.25,15.0,86.625,3600,1,True,all_boxes_review_discard,
win-Arecibo-Observatory-20220526-144501.npy,20220526,Arecibo-Observatory,14:45:01,15:00:01,200,0.25,15.0,86.625,3600,1,True,all_boxes_review_discard,
win-Arecibo-Observatory-20220526-150001.npy,20220526,Arecibo-Observatory,15:00:01,15:15:01,200,0.25,15.0,86.625,3600,0,False,,
win-Arecibo-Observatory-20220526-151501.npy,20220526,Arecibo-Observatory,15:15:01,15:30:01,200,0.25,15.0,86.625,3600,0,False,,
win-Arecibo-Observatory-20220527-100000.npy,20220527,Arecibo-Observatory,10:00:00,10:15:00,200,0.25,15.0,86.625,3600,1,False,,
win-Arecibo-Observatory-20220527-101500.npy,20220527,Arecibo-Observatory,10:15:00,10:30:00,200,0.25,15.0,86.625,3600,0,False,,
win-Arecibo-Observatory-20220527-103000.npy,20220527,Arecibo-Observatory,10:30:00,10:45:00,200,0.25,15.0,86.625,3600,0,False,,
win-Arecibo-Observatory-20220527-104500.npy,20220527,Arecibo-Observatory,10:45:00,11:00:00,200,0.25,15.0,86.625,3600,1,True,all_boxes_review_discard,
win-Arecibo-Observatory-20220527-110000.npy,20220527,Arecibo-Observatory,11:00:00,11:15:00,200,0.25,15.0,86.625,3600,0,False,,
win-Arecibo-Observatory-20220527-111500.npy,20220527,Arecibo-Observatory,11:15:00,11:30:00,200,0.25,15.0,86.625,3600,0,False,,
win-Arecibo-Observatory-20220527-121500.npy,20220527,Arecibo-Observatory,12:15:00,12:30:00,200,0.25,15.0,86.625,3600,0,False,,
win-Arecibo-Observatory-20220527-123000.npy,20220527,Arecibo-Observatory,12:30:00,12:45:00,200,0.25,15.0,86.625,3600,0,False,,
win-Arecibo-Observatory-20220527-124500.npy,20220527,Arecibo-Observatory,12:45:00,13:00:00,200,0.25,15.0,86.625,3600,1,False,,
win-Arecibo-Observatory-20220527-130001.npy,20220527,Arecibo-Observatory,13:00:01,13:15:01,200,0.25,15.0,86.625,3600,0,False,,
win-Arecibo-Observatory-20220527-131501.npy,20220527,Arecibo-Observatory,13:15:01,13:30:01,200,0.25,15.0,86.625,3600,0,False,,
win-Arecibo-Observatory-20220527-153001.npy,20220527,Arecibo-Observatory,15:30:01,15:45:01,200,0.25,15.0,86.625,3600,0,False,,
win-Arecibo-Observatory-20220527-154501.npy,20220527,Arecibo-Observatory,15:45:01,16:00:01,200,0.25,15.0,86.625,3600,0,False,,
win-Arecibo-Observatory-20220527-160001.npy,20220527,Arecibo-Observatory,16:00:01,16:15:01,200,0.25,15.0,86.625,3600,3,False,,
win-Arecibo-Observatory-20220527-161501.npy,20220527,Arecibo-Observatory,16:15:01,16:29:57,200,0.25,15.0,86.625,3587,1,False,,
win-Arecibo-Observatory-20220527-163000.npy,20220527,Arecibo-Observatory,16:30:00,16:45:00,200,0.25,15.0,86.625,3600,3,False,,
win-Arecibo-Observatory-20220527-164500.npy,20220527,Arecibo-Observatory,16:45:00,17:00:00,200,0.25,15.0,86.625,3600,0,False,,
win-Arecibo-Observatory-20220527-170000.npy,20220527,Arecibo-Observatory,17:00:00,17:15:00,200,0.25,15.0,86.625,3600,0,False,,
win-Arecibo-Observatory-20220527-181500.npy,20220527,Arecibo-Observatory,18:15:00,18:30:00,200,0.25,15.0,86.625,3600,0,False,,
win-Arecibo-Observatory-20220527-183000.npy,20220527,Arecibo-Observatory,18:30:00,18:45:00,200,0.25,15.0,86.625,3600,0,False,,
win-Arecibo-Observatory-20220527-184501.npy,20220527,Arecibo-Observatory,18:45:01,19:00:01,200,0.25,15.0,86.625,3600,1,True,all_boxes_review_discard,
win-Arecibo-Observatory-20220527-190001.npy,20220527,Arecibo-Observatory,19:00:01,19:15:01,200,0.25,15.0,86.625,3600,0,False,,
win-Arecibo-Observatory-20220527-191500.npy,20220527,Arecibo-Observatory,19:15:00,19:30:00,200,0.25,15.0,86.625,3600,1,False,,
win-Arecibo-Observatory-20220527-193001.npy,20220527,Arecibo-Observatory,19:30:01,19:45:01,200,0.25,15.0,86.625,3600,1,False,,
win-Arecibo-Observatory-20220527-194501.npy,20220527,Arecibo-Observatory,19:45:01,20:00:01,200,0.25,15.0,86.625,3600,0,False,,
win-Arecibo-Observatory-20220527-200001.npy,20220527,Arecibo-Observatory,20:00:01,20:15:01,200,0.25,15.0,86.625,3600,0,False,,
win-Arecibo-Observatory-20220528-113000.npy,20220528,Arecibo-Observatory,11:30:00,11:45:00,200,0.25,15.0,86.625,3600,0,False,,
win-Arecibo-Observatory-20220528-114500.npy,20220528,Arecibo-Observatory,11:45:00,12:00:00,200,0.25,15.0,86.625,3600,0,False,,
win-Arecibo-Observatory-20220528-120000.npy,20220528,Arecibo-Observatory,12:00:00,12:15:00,200,0.25,15.0,86.625,3600,1,False,,
win-Arecibo-Observatory-20220528-121500.npy,20220528,Arecibo-Observatory,12:15:00,12:30:00,200,0.25,15.0,86.625,3600,0,False,,
win-Arecibo-Observatory-20220528-123000.npy,20220528,Arecibo-Observatory,12:30:00,12:45:00,200,0.25,15.0,86.625,3600,0,False,,
win-Arecibo-Observatory-20220528-124501.npy,20220528,Arecibo-Observatory,12:45:01,13:00:01,200,0.25,15.0,86.625,3600,0,False,,
win-Arecibo-Observatory-20220528-130000.npy,20220528,Arecibo-Observatory,13:00:00,13:15:00,200,0.25,15.0,86.625,3600,1,False,,
win-Arecibo-Observatory-20220528-131501.npy,20220528,Arecibo-Observatory,13:15:01,13:30:01,200,0.25,15.0,86.625,3600,0,False,,
win-Arecibo-Observatory-20220528-133001.npy,20220528,Arecibo-Observatory,13:30:01,13:45:01,200,0.25,15.0,86.625,3600,0,False,,
win-Arecibo-Observatory-20220528-134501.npy,20220528,Arecibo-Observatory,13:45:01,14:00:01,200,0.25,15.0,86.625,3600,1,False,,
win-Arecibo-Observatory-20220528-140001.npy,20220528,Arecibo-Observatory,14:00:01,14:15:01,200,0.25,15.0,86.625,3600,0,False,,
win-Arecibo-Observatory-20220528-141501.npy,20220528,Arecibo-Observatory,14:15:01,14:30:01,200,0.25,15.0,86.625,3600,0,False,,
win-Arecibo-Observatory-20220528-143001.npy,20220528,Arecibo-Observatory,14:30:01,14:45:01,200,0.25,15.0,86.625,3600,0,False,,
win-Arecibo-Observatory-20220528-144501.npy,20220528,Arecibo-Observatory,14:45:01,15:00:01,200,0.25,15.0,86.625,3600,0,False,,
win-Arecibo-Observatory-20220528-150001.npy,20220528,Arecibo-Observatory,15:00:01,15:15:01,200,0.25,15.0,86.625,3600,1,True,all_boxes_review_discard,
win-Arecibo-Observatory-20220528-151501.npy,20220528,Arecibo-Observatory,15:15:01,15:30:01,200,0.25,15.0,86.625,3600,0,False,,
win-Arecibo-Observatory-20220528-153001.npy,20220528,Arecibo-Observatory,15:30:01,15:45:01,200,0.25,15.0,86.625,3600,0,False,,
win-Arecibo-Observatory-20220528-154501.npy,20220528,Arecibo-Observatory,15:45:01,16:00:01,200,0.25,15.0,86.625,3600,0,True,only_edge_sliver_of_an_event,
win-Arecibo-Observatory-20220528-160001.npy,20220528,Arecibo-Observatory,16:00:01,16:15:01,200,0.25,15.0,86.625,3600,1,False,,
win-Arecibo-Observatory-20220528-161501.npy,20220528,Arecibo-Observatory,16:15:01,16:29:57,200,0.25,15.0,86.625,3586,0,False,,
win-Arecibo-Observatory-20220528-163000.npy,20220528,Arecibo-Observatory,16:30:00,16:45:00,200,0.25,15.0,86.625,3600,1,False,,
win-Arecibo-Observatory-20220528-164459.npy,20220528,Arecibo-Observatory,16:44:59,16:59:59,200,0.25,15.0,86.625,3600,1,False,,
win-Arecibo-Observatory-20220528-165959.npy,20220528,Arecibo-Observatory,16:59:59,17:14:59,200,0.25,15.0,86.625,3600,0,False,,
win-Arecibo-Observatory-20220528-171459.npy,20220528,Arecibo-Observatory,17:14:59,17:29:59,200,0.25,15.0,86.625,3600,0,False,,
win-Arecibo-Observatory-20220528-174459.npy,20220528,Arecibo-Observatory,17:44:59,17:59:59,200,0.25,15.0,86.625,3600,0,False,,
win-Arecibo-Observatory-20220528-175959.npy,20220528,Arecibo-Observatory,17:59:59,18:14:59,200,0.25,15.0,86.625,3600,0,False,,
win-Arecibo-Observatory-20220528-181459.npy,20220528,Arecibo-Observatory,18:14:59,18:29:59,200,0.25,15.0,86.625,3600,1,True,all_boxes_review_discard,
win-Arecibo-Observatory-20220528-182959.npy,20220528,Arecibo-Observatory,18:29:59,18:44:59,200,0.25,15.0,86.625,3600,0,False,,
win-Arecibo-Observatory-20220528-184459.npy,20220528,Arecibo-Observatory,18:44:59,18:59:59,200,0.25,15.0,86.625,3600,1,False,,
win-Arecibo-Observatory-20220528-185959.npy,20220528,Arecibo-Observatory,18:59:59,19:14:59,200,0.25,15.0,86.625,3600,1,False,,
win-Arecibo-Observatory-20220528-191459.npy,20220528,Arecibo-Observatory,19:14:59,19:29:59,200,0.25,15.0,86.625,3600,0,False,,
win-Arecibo-Observatory-20220528-192959.npy,20220528,Arecibo-Observatory,19:29:59,19:44:59,200,0.25,15.0,86.625,3600,0,False,,
win-Arecibo-Observatory-20220529-101500.npy,20220529,Arecibo-Observatory,10:15:00,10:30:00,200,0.25,15.0,86.625,3600,0,False,,
win-Arecibo-Observatory-20220529-103000.npy,20220529,Arecibo-Observatory,10:30:00,10:45:00,200,0.25,15.0,86.625,3600,0,False,,
win-Arecibo-Observatory-20220529-104500.npy,20220529,Arecibo-Observatory,10:45:00,11:00:00,200,0.25,15.0,86.625,3600,1,False,,
win-Arecibo-Observatory-20220529-110000.npy,20220529,Arecibo-Observatory,11:00:00,11:15:00,200,0.25,15.0,86.625,3600,0,False,,
win-Arecibo-Observatory-20220529-111500.npy,20220529,Arecibo-Observatory,11:15:00,11:30:00,200,0.25,15.0,86.625,3600,0,False,,
win-Arecibo-Observatory-20220529-121500.npy,20220529,Arecibo-Observatory,12:15:00,12:30:00,200,0.25,15.0,86.625,3600,0,False,,
win-Arecibo-Observatory-20220529-123000.npy,20220529,Arecibo-Observatory,12:30:00,12:45:00,200,0.25,15.0,86.625,3600,0,False,,
win-Arecibo-Observatory-20220529-124500.npy,20220529,Arecibo-Observatory,12:45:00,13:00:00,200,0.25,15.0,86.625,3600,1,True,all_boxes_review_discard,
win-Arecibo-Observatory-20220529-130000.npy,20220529,Arecibo-Observatory,13:00:00,13:15:00,200,0.25,15.0,86.625,3600,0,False,,
win-Arecibo-Observatory-20220529-131500.npy,20220529,Arecibo-Observatory,13:15:00,13:30:00,200,0.25,15.0,86.625,3600,0,False,,
win-Arecibo-Observatory-20220529-133000.npy,20220529,Arecibo-Observatory,13:30:00,13:45:00,200,0.25,15.0,86.625,3600,0,False,,
win-Arecibo-Observatory-20220529-134500.npy,20220529,Arecibo-Observatory,13:45:00,14:00:00,200,0.25,15.0,86.625,3600,0,False,,
win-Arecibo-Observatory-20220529-140001.npy,20220529,Arecibo-Observatory,14:00:01,14:15:01,200,0.25,15.0,86.625,3600,1,False,,
win-Arecibo-Observatory-20220529-141501.npy,20220529,Arecibo-Observatory,14:15:01,14:30:01,200,0.25,15.0,86.625,3600,0,False,,
win-Arecibo-Observatory-20220529-143001.npy,20220529,Arecibo-Observatory,14:30:01,14:45:01,200,0.25,15.0,86.625,3600,1,True,all_boxes_review_discard,
win-Arecibo-Observatory-20220529-144501.npy,20220529,Arecibo-Observatory,14:45:01,15:00:01,200,0.25,15.0,86.625,3600,0,False,,
win-Arecibo-Observatory-20220529-150001.npy,20220529,Arecibo-Observatory,15:00:01,15:15:01,200,0.25,15.0,86.625,3600,0,False,,
win-Arecibo-Observatory-20220530-110000.npy,20220530,Arecibo-Observatory,11:00:00,11:15:00,200,0.25,15.0,86.625,3600,0,False,,
win-Arecibo-Observatory-20220530-111500.npy,20220530,Arecibo-Observatory,11:15:00,11:30:00,200,0.25,15.0,86.625,3600,0,False,,
win-Arecibo-Observatory-20220530-113000.npy,20220530,Arecibo-Observatory,11:30:00,11:45:00,200,0.25,15.0,86.625,3600,1,True,all_boxes_review_discard,
win-Arecibo-Observatory-20220530-114500.npy,20220530,Arecibo-Observatory,11:45:00,12:00:00,200,0.25,15.0,86.625,3600,0,False,,
win-Arecibo-Observatory-20220530-120000.npy,20220530,Arecibo-Observatory,12:00:00,12:15:00,200,0.25,15.0,86.625,3600,0,False,,
win-Arecibo-Observatory-20220530-130001.npy,20220530,Arecibo-Observatory,13:00:01,13:15:01,200,0.25,15.0,86.625,3600,0,False,,
win-Arecibo-Observatory-20220530-131501.npy,20220530,Arecibo-Observatory,13:15:01,13:30:01,200,0.25,15.0,86.625,3600,0,False,,
win-Arecibo-Observatory-20220530-133001.npy,20220530,Arecibo-Observatory,13:30:01,13:45:01,200,0.25,15.0,86.625,3600,1,False,,
win-Arecibo-Observatory-20220530-134501.npy,20220530,Arecibo-Observatory,13:45:01,14:00:01,200,0.25,15.0,86.625,3600,0,False,,
win-Arecibo-Observatory-20220530-140001.npy,20220530,Arecibo-Observatory,14:00:01,14:15:01,200,0.25,15.0,86.625,3600,0,False,,
win-Arecibo-Observatory-20220530-141501.npy,20220530,Arecibo-Observatory,14:15:01,14:30:01,200,0.25,15.0,86.625,3600,0,False,,
win-Arecibo-Observatory-20220530-143001.npy,20220530,Arecibo-Observatory,14:30:01,14:45:01,200,0.25,15.0,86.625,3600,0,False,,
win-Arecibo-Observatory-20220530-144501.npy,20220530,Arecibo-Observatory,14:45:01,15:00:01,200,0.25,15.0,86.625,3600,1,False,,
win-Arecibo-Observatory-20220530-150001.npy,20220530,Arecibo-Observatory,15:00:01,15:15:01,200,0.25,15.0,86.625,3600,1,False,,
win-Arecibo-Observatory-20220530-151501.npy,20220530,Arecibo-Observatory,15:15:01,15:30:01,200,0.25,15.0,86.625,3600,0,False,,
win-Arecibo-Observatory-20220530-153001.npy,20220530,Arecibo-Observatory,15:30:01,15:45:01,200,0.25,15.0,86.625,3600,0,False,,
win-Arecibo-Observatory-20220530-172959.npy,20220530,Arecibo-Observatory,17:29:59,17:44:59,200,0.25,15.0,86.625,3600,0,False,,
win-Arecibo-Observatory-20220530-174459.npy,20220530,Arecibo-Observatory,17:44:59,17:59:59,200,0.25,15.0,86.625,3600,0,False,,
win-Arecibo-Observatory-20220530-175959.npy,20220530,Arecibo-Observatory,17:59:59,18:14:59,200,0.25,15.0,86.625,3600,1,False,,
win-Arecibo-Observatory-20220530-181459.npy,20220530,Arecibo-Observatory,18:14:59,18:29:59,200,0.25,15.0,86.625,3600,0,False,,
win-Arecibo-Observatory-20220530-182959.npy,20220530,Arecibo-Observatory,18:29:59,18:44:59,200,0.25,15.0,86.625,3600,0,False,,
win-Arecibo-Observatory-20220530-185959.npy,20220530,Arecibo-Observatory,18:59:59,19:14:59,200,0.25,15.0,86.625,3600,0,False,,
win-Arecibo-Observatory-20220530-191459.npy,20220530,Arecibo-Observatory,19:14:59,19:29:59,200,0.25,15.0,86.625,3600,0,False,,
win-Arecibo-Observatory-20220530-192959.npy,20220530,Arecibo-Observatory,19:29:59,19:44:59,200,0.25,15.0,86.625,3600,1,False,,
win-Arecibo-Observatory-20220530-194459.npy,20220530,Arecibo-Observatory,19:44:59,19:59:59,200,0.25,15.0,86.625,3600,0,False,,
win-Arecibo-Observatory-20220530-195959.npy,20220530,Arecibo-Observatory,19:59:59,20:14:59,200,0.25,15.0,86.625,3600,0,False,,
win-Arecibo-Observatory-20220531-100000.npy,20220531,Arecibo-Observatory,10:00:00,10:15:00,200,0.25,15.0,86.625,3600,0,False,,
win-Arecibo-Observatory-20220531-101500.npy,20220531,Arecibo-Observatory,10:15:00,10:30:00,200,0.25,15.0,86.625,3600,0,False,,
win-Arecibo-Observatory-20220531-103000.npy,20220531,Arecibo-Observatory,10:30:00,10:45:00,200,0.25,15.0,86.625,3600,1,False,,
win-Arecibo-Observatory-20220531-104500.npy,20220531,Arecibo-Observatory,10:45:00,11:00:00,200,0.25,15.0,86.625,3600,0,False,,
win-Arecibo-Observatory-20220531-110000.npy,20220531,Arecibo-Observatory,11:00:00,11:15:00,200,0.25,15.0,86.625,3600,0,False,,
win-Arecibo-Observatory-20220531-111500.npy,20220531,Arecibo-Observatory,11:15:00,11:30:00,200,0.25,15.0,86.625,3600,0,False,,
win-Arecibo-Observatory-20220531-113000.npy,20220531,Arecibo-Observatory,11:30:00,11:45:00,200,0.25,15.0,86.625,3600,0,False,,
win-Arecibo-Observatory-20220531-114501.npy,20220531,Arecibo-Observatory,11:45:01,12:00:01,200,0.25,15.0,86.625,3600,1,True,all_boxes_review_discard,
win-Arecibo-Observatory-20220531-120000.npy,20220531,Arecibo-Observatory,12:00:00,12:15:00,200,0.25,15.0,86.625,3600,0,False,,
win-Arecibo-Observatory-20220531-121500.npy,20220531,Arecibo-Observatory,12:15:00,12:30:00,200,0.25,15.0,86.625,3600,1,False,,
win-Arecibo-Observatory-20220531-123001.npy,20220531,Arecibo-Observatory,12:30:01,12:45:01,200,0.25,15.0,86.625,3600,0,False,,
win-Arecibo-Observatory-20220531-124501.npy,20220531,Arecibo-Observatory,12:45:01,13:00:01,200,0.25,15.0,86.625,3600,0,False,,
win-Arecibo-Observatory-20220531-130001.npy,20220531,Arecibo-Observatory,13:00:01,13:15:01,200,0.25,15.0,86.625,3600,1,False,,
win-Arecibo-Observatory-20220531-131501.npy,20220531,Arecibo-Observatory,13:15:01,13:30:01,200,0.25,15.0,86.625,3600,0,False,,
win-Arecibo-Observatory-20220531-133001.npy,20220531,Arecibo-Observatory,13:30:01,13:45:01,200,0.25,15.0,86.625,3600,0,False,,
win-Arecibo-Observatory-20220531-141501.npy,20220531,Arecibo-Observatory,14:15:01,14:30:01,200,0.25,15.0,86.625,3600,0,False,,
win-Arecibo-Observatory-20220531-143001.npy,20220531,Arecibo-Observatory,14:30:01,14:45:01,200,0.25,15.0,86.625,3600,0,False,,
win-Arecibo-Observatory-20220531-144501.npy,20220531,Arecibo-Observatory,14:45:01,15:00:01,200,0.25,15.0,86.625,3600,1,False,,
win-Arecibo-Observatory-20220531-150001.npy,20220531,Arecibo-Observatory,15:00:01,15:15:01,200,0.25,15.0,86.625,3600,0,False,,
win-Arecibo-Observatory-20220531-151501.npy,20220531,Arecibo-Observatory,15:15:01,15:30:01,200,0.25,15.0,86.625,3600,0,False,,
win-Arecibo-Observatory-20220531-153001.npy,20220531,Arecibo-Observatory,15:30:01,15:45:01,200,0.25,15.0,86.625,3600,0,False,,
win-Arecibo-Observatory-20220531-154501.npy,20220531,Arecibo-Observatory,15:45:01,16:00:01,200,0.25,15.0,86.625,3600,1,False,,
win-Arecibo-Observatory-20220531-160001.npy,20220531,Arecibo-Observatory,16:00:01,16:15:01,200,0.25,15.0,86.625,3600,0,False,,
win-Arecibo-Observatory-20220531-161501.npy,20220531,Arecibo-Observatory,16:15:01,16:29:57,200,0.25,15.0,86.625,3586,0,False,,
win-Arecibo-Observatory-20220531-164500.npy,20220531,Arecibo-Observatory,16:45:00,17:00:00,200,0.25,15.0,86.625,3600,0,False,,
win-Arecibo-Observatory-20220531-170000.npy,20220531,Arecibo-Observatory,17:00:00,17:15:00,200,0.25,15.0,86.625,3600,0,False,,
win-Arecibo-Observatory-20220531-171500.npy,20220531,Arecibo-Observatory,17:15:00,17:30:00,200,0.25,15.0,86.625,3600,1,False,,
win-Arecibo-Observatory-20220531-173000.npy,20220531,Arecibo-Observatory,17:30:00,17:45:00,200,0.25,15.0,86.625,3600,1,True,all_boxes_review_discard,
win-Arecibo-Observatory-20220531-174500.npy,20220531,Arecibo-Observatory,17:45:00,18:00:00,200,0.25,15.0,86.625,3600,0,False,,
win-Arecibo-Observatory-20220531-180000.npy,20220531,Arecibo-Observatory,18:00:00,18:15:00,200,0.25,15.0,86.625,3600,0,False,,
win-Arecibo-Observatory-20220531-181500.npy,20220531,Arecibo-Observatory,18:15:00,18:30:00,200,0.25,15.0,86.625,3600,1,False,,
win-Arecibo-Observatory-20220531-183000.npy,20220531,Arecibo-Observatory,18:30:00,18:45:00,200,0.25,15.0,86.625,3600,0,False,,
win-Arecibo-Observatory-20220531-184500.npy,20220531,Arecibo-Observatory,18:45:00,19:00:00,200,0.25,15.0,86.625,3600,1,False,,
win-Arecibo-Observatory-20220531-190000.npy,20220531,Arecibo-Observatory,19:00:00,19:15:00,200,0.25,15.0,86.625,3600,0,False,,
win-Arecibo-Observatory-20220531-191500.npy,20220531,Arecibo-Observatory,19:15:00,19:30:00,200,0.25,15.0,86.625,3600,0,False,,
win-Arecibo-Observatory-20220601-111500.npy,20220601,Arecibo-Observatory,11:15:00,11:30:00,200,0.25,15.0,86.625,3600,0,False,,
win-Arecibo-Observatory-20220601-113000.npy,20220601,Arecibo-Observatory,11:30:00,11:45:00,200,0.25,15.0,86.625,3600,0,False,,
win-Arecibo-Observatory-20220601-114500.npy,20220601,Arecibo-Observatory,11:45:00,12:00:00,200,0.25,15.0,86.625,3600,1,True,all_boxes_review_discard,
win-Arecibo-Observatory-20220601-120000.npy,20220601,Arecibo-Observatory,12:00:00,12:15:00,200,0.25,15.0,86.625,3600,0,False,,
win-Arecibo-Observatory-20220601-121500.npy,20220601,Arecibo-Observatory,12:15:00,12:30:00,200,0.25,15.0,86.625,3600,0,False,,
win-Arecibo-Observatory-20220601-123000.npy,20220601,Arecibo-Observatory,12:30:00,12:45:00,200,0.25,15.0,86.625,3600,1,False,,
win-Arecibo-Observatory-20220601-124500.npy,20220601,Arecibo-Observatory,12:45:00,13:00:00,200,0.25,15.0,86.625,3600,0,False,,
win-Arecibo-Observatory-20220601-130000.npy,20220601,Arecibo-Observatory,13:00:00,13:15:00,200,0.25,15.0,86.625,3600,1,False,,
win-Arecibo-Observatory-20220601-131500.npy,20220601,Arecibo-Observatory,13:15:00,13:30:00,200,0.25,15.0,86.625,3600,0,False,,
win-Arecibo-Observatory-20220601-133000.npy,20220601,Arecibo-Observatory,13:30:00,13:45:00,200,0.25,15.0,86.625,3600,0,False,,
win-Arecibo-Observatory-20220602-123000.npy,20220602,Arecibo-Observatory,12:30:00,12:45:00,200,0.25,15.0,86.625,3600,0,False,,
win-Arecibo-Observatory-20220602-124500.npy,20220602,Arecibo-Observatory,12:45:00,13:00:00,200,0.25,15.0,86.625,3600,0,False,,
win-Arecibo-Observatory-20220602-130001.npy,20220602,Arecibo-Observatory,13:00:01,13:15:01,200,0.25,15.0,86.625,3600,1,False,,
win-Arecibo-Observatory-20220602-131501.npy,20220602,Arecibo-Observatory,13:15:01,13:30:01,200,0.25,15.0,86.625,3600,0,False,,
win-Arecibo-Observatory-20220602-133001.npy,20220602,Arecibo-Observatory,13:30:01,13:45:01,200,0.25,15.0,86.625,3600,0,False,,
win-Arecibo-Observatory-20220602-134501.npy,20220602,Arecibo-Observatory,13:45:01,14:00:01,200,0.25,15.0,86.625,3600,1,False,,
win-Arecibo-Observatory-20220602-140001.npy,20220602,Arecibo-Observatory,14:00:01,14:15:01,200,0.25,15.0,86.625,3600,0,False,,
win-Arecibo-Observatory-20220602-141501.npy,20220602,Arecibo-Observatory,14:15:01,14:30:01,200,0.25,15.0,86.625,3600,0,False,,
win-Arecibo-Observatory-20220602-151501.npy,20220602,Arecibo-Observatory,15:15:01,15:30:01,200,0.25,15.0,86.625,3600,0,False,,
win-Arecibo-Observatory-20220602-153001.npy,20220602,Arecibo-Observatory,15:30:01,15:45:01,200,0.25,15.0,86.625,3600,0,False,,
win-Arecibo-Observatory-20220602-154501.npy,20220602,Arecibo-Observatory,15:45:01,16:00:01,200,0.25,15.0,86.625,3600,1,False,,
win-Arecibo-Observatory-20220602-160001.npy,20220602,Arecibo-Observatory,16:00:01,16:15:01,200,0.25,15.0,86.625,3600,0,False,,
win-Arecibo-Observatory-20220602-161501.npy,20220602,Arecibo-Observatory,16:15:01,16:29:57,200,0.25,15.0,86.625,3586,0,False,,
win-Arecibo-Observatory-20220603-192959.npy,20220603,Arecibo-Observatory,19:29:59,19:44:59,200,0.25,15.0,86.625,3600,0,False,,
win-Arecibo-Observatory-20220603-194459.npy,20220603,Arecibo-Observatory,19:44:59,19:59:59,200,0.25,15.0,86.625,3600,0,False,,
win-Arecibo-Observatory-20220603-195959.npy,20220603,Arecibo-Observatory,19:59:59,20:14:59,200,0.25,15.0,86.625,3600,1,True,all_boxes_review_discard,
win-Arecibo-Observatory-20220603-201459.npy,20220603,Arecibo-Observatory,20:14:59,20:29:59,200,0.25,15.0,86.625,3600,0,False,,
win-Arecibo-Observatory-20220603-202959.npy,20220603,Arecibo-Observatory,20:29:59,20:44:59,200,0.25,15.0,86.625,3600,0,False,,
win-Arecibo-Observatory-20220606-100000.npy,20220606,Arecibo-Observatory,10:00:00,10:15:00,200,0.25,15.0,86.625,3600,0,False,,
win-Arecibo-Observatory-20220606-101500.npy,20220606,Arecibo-Observatory,10:15:00,10:30:00,200,0.25,15.0,86.625,3600,1,False,,
win-Arecibo-Observatory-20220606-103000.npy,20220606,Arecibo-Observatory,10:30:00,10:45:00,200,0.25,15.0,86.625,3600,0,False,,
win-Arecibo-Observatory-20220606-104500.npy,20220606,Arecibo-Observatory,10:45:00,11:00:00,200,0.25,15.0,86.625,3600,0,False,,
win-Arecibo-Observatory-20220609-123001.npy,20220609,Arecibo-Observatory,12:30:01,12:45:01,200,0.25,15.0,86.625,3600,0,False,,
win-Arecibo-Observatory-20220609-124501.npy,20220609,Arecibo-Observatory,12:45:01,13:00:01,200,0.25,15.0,86.625,3600,0,False,,
win-Arecibo-Observatory-20220609-130001.npy,20220609,Arecibo-Observatory,13:00:01,13:15:01,200,0.25,15.0,86.625,3600,1,False,,
win-Arecibo-Observatory-20220609-131501.npy,20220609,Arecibo-Observatory,13:15:01,13:30:01,200,0.25,15.0,86.625,3600,0,False,,
win-Arecibo-Observatory-20220609-133001.npy,20220609,Arecibo-Observatory,13:30:01,13:45:01,200,0.25,15.0,86.625,3600,0,False,,
win-Arecibo-Observatory-20220609-134501.npy,20220609,Arecibo-Observatory,13:45:01,14:00:01,200,0.25,15.0,86.625,3600,1,False,,
win-Arecibo-Observatory-20220609-140001.npy,20220609,Arecibo-Observatory,14:00:01,14:15:01,200,0.25,15.0,86.625,3600,0,False,,
win-Arecibo-Observatory-20220609-141501.npy,20220609,Arecibo-Observatory,14:15:01,14:30:01,200,0.25,15.0,86.625,3600,0,False,,
win-Arecibo-Observatory-20220609-144501.npy,20220609,Arecibo-Observatory,14:45:01,15:00:01,200,0.25,15.0,86.625,3600,0,False,,
win-Arecibo-Observatory-20220609-150001.npy,20220609,Arecibo-Observatory,15:00:01,15:15:01,200,0.25,15.0,86.625,3600,0,False,,
win-Arecibo-Observatory-20220609-151501.npy,20220609,Arecibo-Observatory,15:15:01,15:30:01,200,0.25,15.0,86.625,3600,1,True,all_boxes_review_discard,
win-Arecibo-Observatory-20220609-153001.npy,20220609,Arecibo-Observatory,15:30:01,15:45:01,200,0.25,15.0,86.625,3600,0,False,,
win-Arecibo-Observatory-20220609-154501.npy,20220609,Arecibo-Observatory,15:45:01,16:00:01,200,0.25,15.0,86.625,3600,0,False,,
win-Arecibo-Observatory-20220609-161501.npy,20220609,Arecibo-Observatory,16:15:01,16:29:57,200,0.25,15.0,86.625,3586,0,False,,
win-Arecibo-Observatory-20220609-163000.npy,20220609,Arecibo-Observatory,16:30:00,16:45:00,200,0.25,15.0,86.625,3600,0,False,,
win-Arecibo-Observatory-20220609-164459.npy,20220609,Arecibo-Observatory,16:44:59,16:59:59,200,0.25,15.0,86.625,3600,1,False,,
win-Arecibo-Observatory-20220609-165959.npy,20220609,Arecibo-Observatory,16:59:59,17:14:59,200,0.25,15.0,86.625,3600,0,False,,
win-Arecibo-Observatory-20220609-171459.npy,20220609,Arecibo-Observatory,17:14:59,17:29:59,200,0.25,15.0,86.625,3600,0,False,,
win-Arecibo-Observatory-20220611-175959.npy,20220611,Arecibo-Observatory,17:59:59,18:14:59,200,0.25,15.0,86.625,3600,0,False,,
win-Arecibo-Observatory-20220611-181459.npy,20220611,Arecibo-Observatory,18:14:59,18:29:59,200,0.25,15.0,86.625,3600,0,False,,
win-Arecibo-Observatory-20220611-182959.npy,20220611,Arecibo-Observatory,18:29:59,18:44:59,200,0.25,15.0,86.625,3600,1,False,,
win-Arecibo-Observatory-20220611-184459.npy,20220611,Arecibo-Observatory,18:44:59,18:59:59,200,0.25,15.0,86.625,3600,0,False,,
win-Arecibo-Observatory-20220611-185959.npy,20220611,Arecibo-Observatory,18:59:59,19:14:59,200,0.25,15.0,86.625,3600,0,False,,
win-Arecibo-Observatory-20220612-140001.npy,20220612,Arecibo-Observatory,14:00:01,14:15:01,200,0.25,15.0,86.625,3600,0,False,,
win-Arecibo-Observatory-20220612-141501.npy,20220612,Arecibo-Observatory,14:15:01,14:30:01,200,0.25,15.0,86.625,3600,0,False,,
win-Arecibo-Observatory-20220612-143001.npy,20220612,Arecibo-Observatory,14:30:01,14:45:01,200,0.25,15.0,86.625,3600,1,True,all_boxes_review_discard,
win-Arecibo-Observatory-20220612-144501.npy,20220612,Arecibo-Observatory,14:45:01,15:00:01,200,0.25,15.0,86.625,3600,0,False,,
win-Arecibo-Observatory-20220612-150001.npy,20220612,Arecibo-Observatory,15:00:01,15:15:01,200,0.25,15.0,86.625,3600,0,False,,
win-Arecibo-Observatory-20220613-111500.npy,20220613,Arecibo-Observatory,11:15:00,11:30:00,200,0.25,15.0,86.625,3600,0,False,,
win-Arecibo-Observatory-20220613-113000.npy,20220613,Arecibo-Observatory,11:30:00,11:45:00,200,0.25,15.0,86.625,3600,0,False,,
win-Arecibo-Observatory-20220613-114500.npy,20220613,Arecibo-Observatory,11:45:00,12:00:00,200,0.25,15.0,86.625,3600,1,True,all_boxes_review_discard,
win-Arecibo-Observatory-20220613-120000.npy,20220613,Arecibo-Observatory,12:00:00,12:15:00,200,0.25,15.0,86.625,3600,1,False,,
win-Arecibo-Observatory-20220613-121500.npy,20220613,Arecibo-Observatory,12:15:00,12:30:00,200,0.25,15.0,86.625,3600,0,False,,
win-Arecibo-Observatory-20220613-123001.npy,20220613,Arecibo-Observatory,12:30:01,12:45:01,200,0.25,15.0,86.625,3600,1,False,,
win-Arecibo-Observatory-20220613-124500.npy,20220613,Arecibo-Observatory,12:45:00,13:00:00,200,0.25,15.0,86.625,3600,1,False,,
win-Arecibo-Observatory-20220613-130001.npy,20220613,Arecibo-Observatory,13:00:01,13:15:01,200,0.25,15.0,86.625,3600,0,False,,
win-Arecibo-Observatory-20220613-131501.npy,20220613,Arecibo-Observatory,13:15:01,13:30:01,200,0.25,15.0,86.625,3600,0,False,,
win-Arecibo-Observatory-20220613-133000.npy,20220613,Arecibo-Observatory,13:30:00,13:45:00,200,0.25,15.0,86.625,3600,0,False,,
win-Arecibo-Observatory-20220613-134501.npy,20220613,Arecibo-Observatory,13:45:01,14:00:01,200,0.25,15.0,86.625,3600,1,False,,
win-Arecibo-Observatory-20220613-140001.npy,20220613,Arecibo-Observatory,14:00:01,14:15:01,200,0.25,15.0,86.625,3600,0,False,,
win-Arecibo-Observatory-20220613-141501.npy,20220613,Arecibo-Observatory,14:15:01,14:30:01,200,0.25,15.0,86.625,3600,0,False,,
win-Arecibo-Observatory-20220613-143001.npy,20220613,Arecibo-Observatory,14:30:01,14:45:01,200,0.25,15.0,86.625,3600,0,False,,
win-Arecibo-Observatory-20220613-144501.npy,20220613,Arecibo-Observatory,14:45:01,15:00:01,200,0.25,15.0,86.625,3600,0,False,,
win-Arecibo-Observatory-20220613-150001.npy,20220613,Arecibo-Observatory,15:00:01,15:15:01,200,0.25,15.0,86.625,3600,0,True,only_edge_sliver_of_an_event,
win-Arecibo-Observatory-20220613-151501.npy,20220613,Arecibo-Observatory,15:15:01,15:30:01,200,0.25,15.0,86.625,3600,1,False,,
win-Arecibo-Observatory-20220613-153001.npy,20220613,Arecibo-Observatory,15:30:01,15:45:01,200,0.25,15.0,86.625,3600,0,False,,
win-Arecibo-Observatory-20220613-154501.npy,20220613,Arecibo-Observatory,15:45:01,16:00:01,200,0.25,15.0,86.625,3600,0,True,offclass_event_in_negative_window,VI
win-Arecibo-Observatory-20220613-165959.npy,20220613,Arecibo-Observatory,16:59:59,17:14:59,200,0.25,15.0,86.625,3600,0,False,,
win-Arecibo-Observatory-20220613-171459.npy,20220613,Arecibo-Observatory,17:14:59,17:29:59,200,0.25,15.0,86.625,3600,0,False,,
win-Arecibo-Observatory-20220613-172959.npy,20220613,Arecibo-Observatory,17:29:59,17:44:59,200,0.25,15.0,86.625,3600,1,False,,
win-Arecibo-Observatory-20220613-174459.npy,20220613,Arecibo-Observatory,17:44:59,17:59:59,200,0.25,15.0,86.625,3600,0,False,,
win-Arecibo-Observatory-20220613-175959.npy,20220613,Arecibo-Observatory,17:59:59,18:14:59,200,0.25,15.0,86.625,3600,0,False,,
win-Arecibo-Observatory-20220613-181459.npy,20220613,Arecibo-Observatory,18:14:59,18:29:59,200,0.25,15.0,86.625,3600,1,False,,
win-Arecibo-Observatory-20220613-182959.npy,20220613,Arecibo-Observatory,18:29:59,18:44:59,200,0.25,15.0,86.625,3600,0,False,,
win-Arecibo-Observatory-20220613-184459.npy,20220613,Arecibo-Observatory,18:44:59,18:59:59,200,0.25,15.0,86.625,3600,0,False,,
win-Arecibo-Observatory-20220613-185959.npy,20220613,Arecibo-Observatory,18:59:59,19:14:59,200,0.25,15.0,86.625,3600,1,False,,
win-Arecibo-Observatory-20220613-191459.npy,20220613,Arecibo-Observatory,19:14:59,19:29:59,200,0.25,15.0,86.625,3600,0,False,,
win-Arecibo-Observatory-20220613-192959.npy,20220613,Arecibo-Observatory,19:29:59,19:44:59,200,0.25,15.0,86.625,3600,0,False,,
win-Arecibo-Observatory-20220614-133001.npy,20220614,Arecibo-Observatory,13:30:01,13:45:01,200,0.25,15.0,86.625,3600,0,False,,
win-Arecibo-Observatory-20220614-134501.npy,20220614,Arecibo-Observatory,13:45:01,14:00:01,200,0.25,15.0,86.625,3600,0,False,,
win-Arecibo-Observatory-20220614-140001.npy,20220614,Arecibo-Observatory,14:00:01,14:15:01,200,0.25,15.0,86.625,3600,1,False,,
win-Arecibo-Observatory-20220614-141501.npy,20220614,Arecibo-Observatory,14:15:01,14:30:01,200,0.25,15.0,86.625,3600,0,False,,
win-Arecibo-Observatory-20220614-143001.npy,20220614,Arecibo-Observatory,14:30:01,14:45:01,200,0.25,15.0,86.625,3600,0,False,,
win-Arecibo-Observatory-20220614-183000.npy,20220614,Arecibo-Observatory,18:30:00,18:45:00,200,0.25,15.0,86.625,3600,0,False,,
win-Arecibo-Observatory-20220614-184500.npy,20220614,Arecibo-Observatory,18:45:00,19:00:00,200,0.25,15.0,86.625,3600,0,False,,
win-Arecibo-Observatory-20220614-190000.npy,20220614,Arecibo-Observatory,19:00:00,19:15:00,200,0.25,15.0,86.625,3600,1,True,all_boxes_review_discard,
win-Arecibo-Observatory-20220614-191501.npy,20220614,Arecibo-Observatory,19:15:01,19:30:01,200,0.25,15.0,86.625,3600,0,False,,
win-Arecibo-Observatory-20220614-193001.npy,20220614,Arecibo-Observatory,19:30:01,19:45:01,200,0.25,15.0,86.625,3600,0,False,,
win-Arecibo-Observatory-20220624-130827.npy,20220624,Arecibo-Observatory,13:08:27,13:23:27,200,0.25,15.0,86.625,3600,0,False,,
win-Arecibo-Observatory-20220624-132327.npy,20220624,Arecibo-Observatory,13:23:27,13:38:27,200,0.25,15.0,86.625,3600,0,False,,
win-Arecibo-Observatory-20220624-133827.npy,20220624,Arecibo-Observatory,13:38:27,13:53:27,200,0.25,15.0,86.625,3600,1,False,,
win-Arecibo-Observatory-20220624-135327.npy,20220624,Arecibo-Observatory,13:53:27,14:08:27,200,0.25,15.0,86.625,3600,0,False,,
win-Arecibo-Observatory-20220624-140827.npy,20220624,Arecibo-Observatory,14:08:27,14:23:27,200,0.25,15.0,86.625,3600,0,False,,
win-Arecibo-Observatory-20220624-155327.npy,20220624,Arecibo-Observatory,15:53:27,16:08:27,200,0.25,15.0,86.625,3600,0,False,,
win-Arecibo-Observatory-20220624-160827.npy,20220624,Arecibo-Observatory,16:08:27,16:23:27,200,0.25,15.0,86.625,3600,0,False,,
win-Arecibo-Observatory-20220624-162327.npy,20220624,Arecibo-Observatory,16:23:27,16:29:57,200,0.25,15.0,86.625,1562,1,False,,
win-Arecibo-Observatory-20220624-163000.npy,20220624,Arecibo-Observatory,16:30:00,16:45:00,200,0.25,15.0,86.625,3600,0,False,,
win-Arecibo-Observatory-20220624-164500.npy,20220624,Arecibo-Observatory,16:45:00,17:00:00,200,0.25,15.0,86.625,3600,0,False,,
win-Arecibo-Observatory-20220625-131501.npy,20220625,Arecibo-Observatory,13:15:01,13:30:01,200,0.25,15.0,86.625,3600,0,False,,
win-Arecibo-Observatory-20220625-133001.npy,20220625,Arecibo-Observatory,13:30:01,13:45:01,200,0.25,15.0,86.625,3600,0,False,,
win-Arecibo-Observatory-20220625-134501.npy,20220625,Arecibo-Observatory,13:45:01,14:00:01,200,0.25,15.0,86.625,3600,1,False,,
win-Arecibo-Observatory-20220625-140001.npy,20220625,Arecibo-Observatory,14:00:01,14:15:01,200,0.25,15.0,86.625,3600,1,False,,
win-Arecibo-Observatory-20220625-141501.npy,20220625,Arecibo-Observatory,14:15:01,14:30:01,200,0.25,15.0,86.625,3600,0,False,,
win-Arecibo-Observatory-20220625-143001.npy,20220625,Arecibo-Observatory,14:30:01,14:45:01,200,0.25,15.0,86.625,3600,0,False,,
win-Arecibo-Observatory-20220625-144501.npy,20220625,Arecibo-Observatory,14:45:01,15:00:01,200,0.25,15.0,86.625,3600,1,False,,
win-Arecibo-Observatory-20220625-150001.npy,20220625,Arecibo-Observatory,15:00:01,15:15:01,200,0.25,15.0,86.625,3600,1,False,,
win-Arecibo-Observatory-20220625-151501.npy,20220625,Arecibo-Observatory,15:15:01,15:30:01,200,0.25,15.0,86.625,3600,1,False,,
win-Arecibo-Observatory-20220625-153001.npy,20220625,Arecibo-Observatory,15:30:01,15:45:01,200,0.25,15.0,86.625,3600,0,False,,
win-Arecibo-Observatory-20220625-154501.npy,20220625,Arecibo-Observatory,15:45:01,16:00:01,200,0.25,15.0,86.625,3600,0,False,,
win-Arecibo-Observatory-20220625-160001.npy,20220625,Arecibo-Observatory,16:00:01,16:15:01,200,0.25,15.0,86.625,3600,0,False,,
win-Arecibo-Observatory-20220625-161501.npy,20220625,Arecibo-Observatory,16:15:01,16:29:57,200,0.25,15.0,86.625,3586,1,False,,
win-Arecibo-Observatory-20220625-163000.npy,20220625,Arecibo-Observatory,16:30:00,16:45:00,200,0.25,15.0,86.625,3600,0,False,,
win-Arecibo-Observatory-20220625-164500.npy,20220625,Arecibo-Observatory,16:45:00,17:00:00,200,0.25,15.0,86.625,3600,0,False,,
win-Arecibo-Observatory-20220625-171500.npy,20220625,Arecibo-Observatory,17:15:00,17:30:00,200,0.25,15.0,86.625,3600,0,False,,
win-Arecibo-Observatory-20220625-173000.npy,20220625,Arecibo-Observatory,17:30:00,17:45:00,200,0.25,15.0,86.625,3600,0,False,,
win-Arecibo-Observatory-20220625-174501.npy,20220625,Arecibo-Observatory,17:45:01,18:00:01,200,0.25,15.0,86.625,3600,1,False,,
win-Arecibo-Observatory-20220625-180001.npy,20220625,Arecibo-Observatory,18:00:01,18:15:01,200,0.25,15.0,86.625,3600,1,False,,
win-Arecibo-Observatory-20220625-181501.npy,20220625,Arecibo-Observatory,18:15:01,18:30:01,200,0.25,15.0,86.625,3600,0,False,,
win-Arecibo-Observatory-20220625-183000.npy,20220625,Arecibo-Observatory,18:30:00,18:45:00,200,0.25,15.0,86.625,3600,0,False,,
win-Arecibo-Observatory-20220625-184501.npy,20220625,Arecibo-Observatory,18:45:01,19:00:01,200,0.25,15.0,86.625,3600,0,False,,
win-Arecibo-Observatory-20220625-190001.npy,20220625,Arecibo-Observatory,19:00:01,19:15:01,200,0.25,15.0,86.625,3600,1,True,all_boxes_review_discard,
win-Arecibo-Observatory-20220625-191501.npy,20220625,Arecibo-Observatory,19:15:01,19:30:01,200,0.25,15.0,86.625,3600,0,False,,
win-Arecibo-Observatory-20220625-193001.npy,20220625,Arecibo-Observatory,19:30:01,19:45:01,200,0.25,15.0,86.625,3600,0,False,,
win-Arecibo-Observatory-20220626-104500.npy,20220626,Arecibo-Observatory,10:45:00,11:00:00,200,0.25,15.0,86.625,3600,0,False,,
win-Arecibo-Observatory-20220626-110000.npy,20220626,Arecibo-Observatory,11:00:00,11:15:00,200,0.25,15.0,86.625,3600,0,False,,
win-Arecibo-Observatory-20220626-111500.npy,20220626,Arecibo-Observatory,11:15:00,11:30:00,200,0.25,15.0,86.625,3600,1,True,all_boxes_review_discard,
win-Arecibo-Observatory-20220626-113000.npy,20220626,Arecibo-Observatory,11:30:00,11:45:00,200,0.25,15.0,86.625,3600,0,False,,
win-Arecibo-Observatory-20220626-114500.npy,20220626,Arecibo-Observatory,11:45:00,12:00:00,200,0.25,15.0,86.625,3600,0,False,,
win-Arecibo-Observatory-20220626-151501.npy,20220626,Arecibo-Observatory,15:15:01,15:30:01,200,0.25,15.0,86.625,3600,0,False,,
win-Arecibo-Observatory-20220626-153001.npy,20220626,Arecibo-Observatory,15:30:01,15:45:01,200,0.25,15.0,86.625,3600,0,False,,
win-Arecibo-Observatory-20220626-154501.npy,20220626,Arecibo-Observatory,15:45:01,16:00:01,200,0.25,15.0,86.625,3600,1,False,,
win-Arecibo-Observatory-20220626-160001.npy,20220626,Arecibo-Observatory,16:00:01,16:15:01,200,0.25,15.0,86.625,3600,0,False,,
win-Arecibo-Observatory-20220626-161501.npy,20220626,Arecibo-Observatory,16:15:01,16:29:57,200,0.25,15.0,86.625,3586,0,False,,
win-Arecibo-Observatory-20220626-164500.npy,20220626,Arecibo-Observatory,16:45:00,17:00:00,200,0.25,15.0,86.625,3600,0,False,,
win-Arecibo-Observatory-20220626-170000.npy,20220626,Arecibo-Observatory,17:00:00,17:15:00,200,0.25,15.0,86.625,3600,0,False,,
win-Arecibo-Observatory-20220626-171500.npy,20220626,Arecibo-Observatory,17:15:00,17:30:00,200,0.25,15.0,86.625,3600,1,True,all_boxes_review_discard,
win-Arecibo-Observatory-20220626-173000.npy,20220626,Arecibo-Observatory,17:30:00,17:45:00,200,0.25,15.0,86.625,3600,0,False,,
win-Arecibo-Observatory-20220626-174500.npy,20220626,Arecibo-Observatory,17:45:00,18:00:00,200,0.25,15.0,86.625,3600,0,False,,
win-Arecibo-Observatory-20220627-101500.npy,20220627,Arecibo-Observatory,10:15:00,10:30:00,200,0.25,15.0,86.625,3600,0,False,,
win-Arecibo-Observatory-20220627-103000.npy,20220627,Arecibo-Observatory,10:30:00,10:45:00,200,0.25,15.0,86.625,3600,0,False,,
win-Arecibo-Observatory-20220627-104500.npy,20220627,Arecibo-Observatory,10:45:00,11:00:00,200,0.25,15.0,86.625,3600,1,False,,
win-Arecibo-Observatory-20220627-110000.npy,20220627,Arecibo-Observatory,11:00:00,11:15:00,200,0.25,15.0,86.625,3600,1,False,,
win-Arecibo-Observatory-20220627-111500.npy,20220627,Arecibo-Observatory,11:15:00,11:30:00,200,0.25,15.0,86.625,3600,0,False,,
win-Arecibo-Observatory-20220627-113000.npy,20220627,Arecibo-Observatory,11:30:00,11:45:00,200,0.25,15.0,86.625,3600,0,False,,
win-Arecibo-Observatory-20220627-114500.npy,20220627,Arecibo-Observatory,11:45:00,12:00:00,200,0.25,15.0,86.625,3600,0,False,,
win-Arecibo-Observatory-20220627-120000.npy,20220627,Arecibo-Observatory,12:00:00,12:15:00,200,0.25,15.0,86.625,3600,1,False,,
win-Arecibo-Observatory-20220627-121500.npy,20220627,Arecibo-Observatory,12:15:00,12:30:00,200,0.25,15.0,86.625,3600,0,False,,
win-Arecibo-Observatory-20220627-123000.npy,20220627,Arecibo-Observatory,12:30:00,12:45:00,200,0.25,15.0,86.625,3600,0,False,,
win-Arecibo-Observatory-20220627-124500.npy,20220627,Arecibo-Observatory,12:45:00,13:00:00,200,0.25,15.0,86.625,3600,1,False,,
win-Arecibo-Observatory-20220627-130000.npy,20220627,Arecibo-Observatory,13:00:00,13:15:00,200,0.25,15.0,86.625,3600,1,False,,
win-Arecibo-Observatory-20220627-131501.npy,20220627,Arecibo-Observatory,13:15:01,13:30:01,200,0.25,15.0,86.625,3600,0,False,,
win-Arecibo-Observatory-20220627-133000.npy,20220627,Arecibo-Observatory,13:30:00,13:45:00,200,0.25,15.0,86.625,3600,0,False,,
win-Arecibo-Observatory-20220627-134501.npy,20220627,Arecibo-Observatory,13:45:01,14:00:01,200,0.25,15.0,86.625,3600,0,False,,
win-Arecibo-Observatory-20220627-140000.npy,20220627,Arecibo-Observatory,14:00:00,14:15:00,200,0.25,15.0,86.625,3600,1,False,,
win-Arecibo-Observatory-20220627-141500.npy,20220627,Arecibo-Observatory,14:15:00,14:30:00,200,0.25,15.0,86.625,3600,0,False,,
win-Arecibo-Observatory-20220627-143001.npy,20220627,Arecibo-Observatory,14:30:01,14:45:01,200,0.25,15.0,86.625,3600,0,False,,
win-Arecibo-Observatory-20220627-151501.npy,20220627,Arecibo-Observatory,15:15:01,15:30:01,200,0.25,15.0,86.625,3600,0,False,,
win-Arecibo-Observatory-20220627-153001.npy,20220627,Arecibo-Observatory,15:30:01,15:45:01,200,0.25,15.0,86.625,3600,0,False,,
win-Arecibo-Observatory-20220627-154501.npy,20220627,Arecibo-Observatory,15:45:01,16:00:01,200,0.25,15.0,86.625,3600,1,False,,
win-Arecibo-Observatory-20220627-160001.npy,20220627,Arecibo-Observatory,16:00:01,16:15:01,200,0.25,15.0,86.625,3600,1,False,,
win-Arecibo-Observatory-20220627-161501.npy,20220627,Arecibo-Observatory,16:15:01,16:29:57,200,0.25,15.0,86.625,3587,0,False,,
win-Arecibo-Observatory-20220627-163000.npy,20220627,Arecibo-Observatory,16:30:00,16:45:00,200,0.25,15.0,86.625,3600,0,False,,
win-Arecibo-Observatory-20220627-170000.npy,20220627,Arecibo-Observatory,17:00:00,17:15:00,200,0.25,15.0,86.625,3600,0,True,offclass_event_in_negative_window,VI
win-Arecibo-Observatory-20220627-171500.npy,20220627,Arecibo-Observatory,17:15:00,17:30:00,200,0.25,15.0,86.625,3600,0,False,,
win-Arecibo-Observatory-20220627-172959.npy,20220627,Arecibo-Observatory,17:29:59,17:44:59,200,0.25,15.0,86.625,3600,1,False,,
win-Arecibo-Observatory-20220627-174459.npy,20220627,Arecibo-Observatory,17:44:59,17:59:59,200,0.25,15.0,86.625,3600,1,False,,
win-Arecibo-Observatory-20220627-175959.npy,20220627,Arecibo-Observatory,17:59:59,18:14:59,200,0.25,15.0,86.625,3600,1,False,,
win-Arecibo-Observatory-20220627-181459.npy,20220627,Arecibo-Observatory,18:14:59,18:29:59,200,0.25,15.0,86.625,3600,1,False,,
win-Arecibo-Observatory-20220627-182959.npy,20220627,Arecibo-Observatory,18:29:59,18:44:59,200,0.25,15.0,86.625,3600,0,True,offclass_event_in_negative_window,VI
win-Arecibo-Observatory-20220627-184459.npy,20220627,Arecibo-Observatory,18:44:59,18:59:59,200,0.25,15.0,86.625,3600,0,True,offclass_event_in_negative_window,VI
win-Arecibo-Observatory-20220628-100000.npy,20220628,Arecibo-Observatory,10:00:00,10:15:00,200,0.25,15.0,86.625,3600,0,False,,
win-Arecibo-Observatory-20220628-101500.npy,20220628,Arecibo-Observatory,10:15:00,10:30:00,200,0.25,15.0,86.625,3600,0,False,,
win-Arecibo-Observatory-20220628-103000.npy,20220628,Arecibo-Observatory,10:30:00,10:45:00,200,0.25,15.0,86.625,3600,1,True,all_boxes_review_discard,
win-Arecibo-Observatory-20220628-104500.npy,20220628,Arecibo-Observatory,10:45:00,11:00:00,200,0.25,15.0,86.625,3600,0,True,offclass_event_in_negative_window,VI
win-Arecibo-Observatory-20220628-110000.npy,20220628,Arecibo-Observatory,11:00:00,11:15:00,200,0.25,15.0,86.625,3600,0,False,,
win-Arecibo-Observatory-20220702-104500.npy,20220702,Arecibo-Observatory,10:45:00,11:00:00,200,0.25,15.0,86.625,3600,0,False,,
win-Arecibo-Observatory-20220702-110000.npy,20220702,Arecibo-Observatory,11:00:00,11:15:00,200,0.25,15.0,86.625,3600,0,False,,
win-Arecibo-Observatory-20220702-111500.npy,20220702,Arecibo-Observatory,11:15:00,11:30:00,200,0.25,15.0,86.625,3600,2,False,,
win-Arecibo-Observatory-20220702-113000.npy,20220702,Arecibo-Observatory,11:30:00,11:45:00,200,0.25,15.0,86.625,3600,0,False,,
win-Arecibo-Observatory-20220702-114500.npy,20220702,Arecibo-Observatory,11:45:00,12:00:00,200,0.25,15.0,86.625,3600,0,False,,
win-Arecibo-Observatory-20220702-123000.npy,20220702,Arecibo-Observatory,12:30:00,12:45:00,200,0.25,15.0,86.625,3600,0,False,,
win-Arecibo-Observatory-20220702-124500.npy,20220702,Arecibo-Observatory,12:45:00,13:00:00,200,0.25,15.0,86.625,3600,0,False,,
win-Arecibo-Observatory-20220702-130000.npy,20220702,Arecibo-Observatory,13:00:00,13:15:00,200,0.25,15.0,86.625,3600,1,False,,
win-Arecibo-Observatory-20220702-131500.npy,20220702,Arecibo-Observatory,13:15:00,13:30:00,200,0.25,15.0,86.625,3600,1,False,,
win-Arecibo-Observatory-20220702-133000.npy,20220702,Arecibo-Observatory,13:30:00,13:45:00,200,0.25,15.0,86.625,3600,0,False,,
win-Arecibo-Observatory-20220702-134500.npy,20220702,Arecibo-Observatory,13:45:00,14:00:00,200,0.25,15.0,86.625,3600,0,False,,
win-Arecibo-Observatory-20220702-154500.npy,20220702,Arecibo-Observatory,15:45:00,16:00:00,200,0.25,15.0,86.625,3600,0,False,,
win-Arecibo-Observatory-20220702-160001.npy,20220702,Arecibo-Observatory,16:00:01,16:15:01,200,0.25,15.0,86.625,3600,0,False,,
win-Arecibo-Observatory-20220702-161500.npy,20220702,Arecibo-Observatory,16:15:00,16:29:57,200,0.25,15.0,86.625,3589,1,False,,
win-Arecibo-Observatory-20220702-163000.npy,20220702,Arecibo-Observatory,16:30:00,16:45:00,200,0.25,15.0,86.625,3600,1,False,,
win-Arecibo-Observatory-20220702-164500.npy,20220702,Arecibo-Observatory,16:45:00,17:00:00,200,0.25,15.0,86.625,3600,0,False,,
win-Arecibo-Observatory-20220702-170000.npy,20220702,Arecibo-Observatory,17:00:00,17:15:00,200,0.25,15.0,86.625,3600,0,False,,
win-Arecibo-Observatory-20220702-173000.npy,20220702,Arecibo-Observatory,17:30:00,17:45:00,200,0.25,15.0,86.625,3600,0,False,,
win-Arecibo-Observatory-20220702-174500.npy,20220702,Arecibo-Observatory,17:45:00,18:00:00,200,0.25,15.0,86.625,3600,0,False,,
win-Arecibo-Observatory-20220702-180000.npy,20220702,Arecibo-Observatory,18:00:00,18:15:00,200,0.25,15.0,86.625,3600,0,False,,
win-Arecibo-Observatory-20220702-181500.npy,20220702,Arecibo-Observatory,18:15:00,18:30:00,200,0.25,15.0,86.625,3600,1,False,,
win-Arecibo-Observatory-20220702-183000.npy,20220702,Arecibo-Observatory,18:30:00,18:45:00,200,0.25,15.0,86.625,3600,0,False,,
win-Arecibo-Observatory-20220702-184500.npy,20220702,Arecibo-Observatory,18:45:00,19:00:00,200,0.25,15.0,86.625,3600,0,False,,
win-Arecibo-Observatory-20220703-121501.npy,20220703,Arecibo-Observatory,12:15:01,12:30:01,200,0.25,15.0,86.625,3600,0,True,offclass_event_in_negative_window,VI
win-Arecibo-Observatory-20220703-123000.npy,20220703,Arecibo-Observatory,12:30:00,12:45:00,200,0.25,15.0,86.625,3600,0,True,offclass_event_in_negative_window,VI
win-Arecibo-Observatory-20220703-124500.npy,20220703,Arecibo-Observatory,12:45:00,13:00:00,200,0.25,15.0,86.625,3600,1,False,,
win-Arecibo-Observatory-20220703-130001.npy,20220703,Arecibo-Observatory,13:00:01,13:15:01,200,0.25,15.0,86.625,3600,1,False,,
win-Arecibo-Observatory-20220703-131500.npy,20220703,Arecibo-Observatory,13:15:00,13:30:00,200,0.25,15.0,86.625,3600,1,False,,
win-Arecibo-Observatory-20220703-133001.npy,20220703,Arecibo-Observatory,13:30:01,13:45:01,200,0.25,15.0,86.625,3600,1,False,,
win-Arecibo-Observatory-20220703-134501.npy,20220703,Arecibo-Observatory,13:45:01,14:00:01,200,0.25,15.0,86.625,3600,0,True,offclass_event_in_negative_window,VI
win-Arecibo-Observatory-20220703-140001.npy,20220703,Arecibo-Observatory,14:00:01,14:15:01,200,0.25,15.0,86.625,3600,1,False,,
win-Arecibo-Observatory-20220703-141501.npy,20220703,Arecibo-Observatory,14:15:01,14:30:01,200,0.25,15.0,86.625,3600,0,False,,
win-Arecibo-Observatory-20220703-143001.npy,20220703,Arecibo-Observatory,14:30:01,14:45:01,200,0.25,15.0,86.625,3600,0,False,,
win-Arecibo-Observatory-20220703-144501.npy,20220703,Arecibo-Observatory,14:45:01,15:00:01,200,0.25,15.0,86.625,3600,1,False,,
win-Arecibo-Observatory-20220703-150001.npy,20220703,Arecibo-Observatory,15:00:01,15:15:01,200,0.25,15.0,86.625,3600,1,False,,
win-Arecibo-Observatory-20220703-151501.npy,20220703,Arecibo-Observatory,15:15:01,15:30:01,200,0.25,15.0,86.625,3600,0,False,,
win-Arecibo-Observatory-20220703-153001.npy,20220703,Arecibo-Observatory,15:30:01,15:45:01,200,0.25,15.0,86.625,3600,0,False,,
win-Arecibo-Observatory-20220703-154501.npy,20220703,Arecibo-Observatory,15:45:01,16:00:01,200,0.25,15.0,86.625,3600,0,False,,
win-Arecibo-Observatory-20220703-160001.npy,20220703,Arecibo-Observatory,16:00:01,16:15:01,200,0.25,15.0,86.625,3600,1,False,,
win-Arecibo-Observatory-20220703-161501.npy,20220703,Arecibo-Observatory,16:15:01,16:29:57,200,0.25,15.0,86.625,3586,1,False,,
win-Arecibo-Observatory-20220703-163000.npy,20220703,Arecibo-Observatory,16:30:00,16:45:00,200,0.25,15.0,86.625,3600,1,False,,
win-Arecibo-Observatory-20220703-164500.npy,20220703,Arecibo-Observatory,16:45:00,17:00:00,200,0.25,15.0,86.625,3600,0,False,,
win-Arecibo-Observatory-20220703-170000.npy,20220703,Arecibo-Observatory,17:00:00,17:15:00,200,0.25,15.0,86.625,3600,1,False,,
win-Arecibo-Observatory-20220703-171500.npy,20220703,Arecibo-Observatory,17:15:00,17:30:00,200,0.25,15.0,86.625,3600,1,False,,
win-Arecibo-Observatory-20220703-172959.npy,20220703,Arecibo-Observatory,17:29:59,17:44:59,200,0.25,15.0,86.625,3600,0,False,,
win-Arecibo-Observatory-20220703-174459.npy,20220703,Arecibo-Observatory,17:44:59,17:59:59,200,0.25,15.0,86.625,3600,0,False,,
win-Arecibo-Observatory-20220703-175959.npy,20220703,Arecibo-Observatory,17:59:59,18:14:59,200,0.25,15.0,86.625,3600,0,False,,
win-Arecibo-Observatory-20220703-181459.npy,20220703,Arecibo-Observatory,18:14:59,18:29:59,200,0.25,15.0,86.625,3600,0,False,,
win-Arecibo-Observatory-20220703-182959.npy,20220703,Arecibo-Observatory,18:29:59,18:44:59,200,0.25,15.0,86.625,3600,1,False,,
win-Arecibo-Observatory-20220703-184459.npy,20220703,Arecibo-Observatory,18:44:59,18:59:59,200,0.25,15.0,86.625,3600,0,False,,
win-Arecibo-Observatory-20220703-185959.npy,20220703,Arecibo-Observatory,18:59:59,19:14:59,200,0.25,15.0,86.625,3600,0,False,,
win-Arecibo-Observatory-20220703-200000.npy,20220703,Arecibo-Observatory,20:00:00,20:15:00,200,0.25,15.0,86.625,3600,0,False,,
win-Arecibo-Observatory-20220703-201459.npy,20220703,Arecibo-Observatory,20:14:59,20:29:59,200,0.25,15.0,86.625,3600,0,True,offclass_event_in_negative_window,III
win-Arecibo-Observatory-20220703-203000.npy,20220703,Arecibo-Observatory,20:30:00,20:45:00,200,0.25,15.0,86.625,3600,1,False,,
win-Arecibo-Observatory-20220703-204500.npy,20220703,Arecibo-Observatory,20:45:00,21:00:00,200,0.25,15.0,86.625,3600,0,False,,
win-Arecibo-Observatory-20220703-210000.npy,20220703,Arecibo-Observatory,21:00:00,21:15:00,200,0.25,15.0,86.625,3600,0,False,,
win-Arecibo-Observatory-20220704-101500.npy,20220704,Arecibo-Observatory,10:15:00,10:30:00,200,0.25,15.0,86.625,3600,0,False,,
win-Arecibo-Observatory-20220704-103000.npy,20220704,Arecibo-Observatory,10:30:00,10:45:00,200,0.25,15.0,86.625,3600,0,False,,
win-Arecibo-Observatory-20220704-104500.npy,20220704,Arecibo-Observatory,10:45:00,11:00:00,200,0.25,15.0,86.625,3600,1,False,,
win-Arecibo-Observatory-20220704-110000.npy,20220704,Arecibo-Observatory,11:00:00,11:15:00,200,0.25,15.0,86.625,3600,0,False,,
win-Arecibo-Observatory-20220704-111500.npy,20220704,Arecibo-Observatory,11:15:00,11:30:00,200,0.25,15.0,86.625,3600,0,False,,
win-Arecibo-Observatory-20220704-114501.npy,20220704,Arecibo-Observatory,11:45:01,12:00:01,200,0.25,15.0,86.625,3600,0,True,offclass_event_in_negative_window,VI
win-Arecibo-Observatory-20220704-120001.npy,20220704,Arecibo-Observatory,12:00:01,12:15:01,200,0.25,15.0,86.625,3600,0,False,,
win-Arecibo-Observatory-20220704-121501.npy,20220704,Arecibo-Observatory,12:15:01,12:30:01,200,0.25,15.0,86.625,3600,1,False,,
win-Arecibo-Observatory-20220704-123001.npy,20220704,Arecibo-Observatory,12:30:01,12:45:01,200,0.25,15.0,86.625,3600,0,False,,
win-Arecibo-Observatory-20220704-124501.npy,20220704,Arecibo-Observatory,12:45:01,13:00:01,200,0.25,15.0,86.625,3600,0,False,,
win-Arecibo-Observatory-20220704-130001.npy,20220704,Arecibo-Observatory,13:00:01,13:15:01,200,0.25,15.0,86.625,3600,0,False,,
win-Arecibo-Observatory-20220704-131501.npy,20220704,Arecibo-Observatory,13:15:01,13:30:01,200,0.25,15.0,86.625,3600,0,False,,
win-Arecibo-Observatory-20220704-133001.npy,20220704,Arecibo-Observatory,13:30:01,13:45:01,200,0.25,15.0,86.625,3600,1,False,,
win-Arecibo-Observatory-20220704-134501.npy,20220704,Arecibo-Observatory,13:45:01,14:00:01,200,0.25,15.0,86.625,3600,1,False,,CTM
win-Arecibo-Observatory-20220704-140001.npy,20220704,Arecibo-Observatory,14:00:01,14:15:01,200,0.25,15.0,86.625,3600,0,True,offclass_event_in_negative_window,CTM
win-Arecibo-Observatory-20220704-141501.npy,20220704,Arecibo-Observatory,14:15:01,14:30:01,200,0.25,15.0,86.625,3600,0,True,offclass_event_in_negative_window,CTM
win-Arecibo-Observatory-20220704-151501.npy,20220704,Arecibo-Observatory,15:15:01,15:30:01,200,0.25,15.0,86.625,3600,0,False,,
win-Arecibo-Observatory-20220704-153001.npy,20220704,Arecibo-Observatory,15:30:01,15:45:01,200,0.25,15.0,86.625,3600,0,False,,
win-Arecibo-Observatory-20220704-154501.npy,20220704,Arecibo-Observatory,15:45:01,16:00:01,200,0.25,15.0,86.625,3600,1,False,,
win-Arecibo-Observatory-20220704-160001.npy,20220704,Arecibo-Observatory,16:00:01,16:15:01,200,0.25,15.0,86.625,3600,1,False,,
win-Arecibo-Observatory-20220704-161501.npy,20220704,Arecibo-Observatory,16:15:01,16:29:57,200,0.25,15.0,86.625,3586,0,False,,
win-Arecibo-Observatory-20220704-163000.npy,20220704,Arecibo-Observatory,16:30:00,16:45:00,200,0.25,15.0,86.625,3600,0,False,,
win-Arecibo-Observatory-20220704-164500.npy,20220704,Arecibo-Observatory,16:45:00,17:00:00,200,0.25,15.0,86.625,3600,0,False,,
win-Arecibo-Observatory-20220704-170000.npy,20220704,Arecibo-Observatory,17:00:00,17:15:00,200,0.25,15.0,86.625,3600,0,False,,
win-Arecibo-Observatory-20220704-171500.npy,20220704,Arecibo-Observatory,17:15:00,17:30:00,200,0.25,15.0,86.625,3600,1,False,,
win-Arecibo-Observatory-20220704-173000.npy,20220704,Arecibo-Observatory,17:30:00,17:45:00,200,0.25,15.0,86.625,3600,0,False,,
win-Arecibo-Observatory-20220704-174500.npy,20220704,Arecibo-Observatory,17:45:00,18:00:00,200,0.25,15.0,86.625,3600,0,False,,
win-Arecibo-Observatory-20220704-190001.npy,20220704,Arecibo-Observatory,19:00:01,19:15:01,200,0.25,15.0,86.625,3600,0,False,,
win-Arecibo-Observatory-20220704-191501.npy,20220704,Arecibo-Observatory,19:15:01,19:30:01,200,0.25,15.0,86.625,3600,0,False,,
win-Arecibo-Observatory-20220704-193001.npy,20220704,Arecibo-Observatory,19:30:01,19:45:01,200,0.25,15.0,86.625,3600,1,False,,
win-Arecibo-Observatory-20220704-194501.npy,20220704,Arecibo-Observatory,19:45:01,20:00:01,200,0.25,15.0,86.625,3600,0,False,,
win-Arecibo-Observatory-20220704-200001.npy,20220704,Arecibo-Observatory,20:00:01,20:15:01,200,0.25,15.0,86.625,3600,0,False,,
win-Arecibo-Observatory-20220705-103000.npy,20220705,Arecibo-Observatory,10:30:00,10:45:00,200,0.25,15.0,86.625,3600,0,False,,
win-Arecibo-Observatory-20220705-104500.npy,20220705,Arecibo-Observatory,10:45:00,11:00:00,200,0.25,15.0,86.625,3600,0,False,,
win-Arecibo-Observatory-20220705-110000.npy,20220705,Arecibo-Observatory,11:00:00,11:15:00,200,0.25,15.0,86.625,3600,1,False,,
win-Arecibo-Observatory-20220705-111500.npy,20220705,Arecibo-Observatory,11:15:00,11:30:00,200,0.25,15.0,86.625,3600,1,False,,
win-Arecibo-Observatory-20220705-113000.npy,20220705,Arecibo-Observatory,11:30:00,11:45:00,200,0.25,15.0,86.625,3600,0,False,,
win-Arecibo-Observatory-20220705-114501.npy,20220705,Arecibo-Observatory,11:45:01,12:00:01,200,0.25,15.0,86.625,3600,0,False,,
win-Arecibo-Observatory-20220705-121501.npy,20220705,Arecibo-Observatory,12:15:01,12:30:01,200,0.25,15.0,86.625,3600,0,False,,
win-Arecibo-Observatory-20220705-123001.npy,20220705,Arecibo-Observatory,12:30:01,12:45:01,200,0.25,15.0,86.625,3600,0,False,,
win-Arecibo-Observatory-20220705-124501.npy,20220705,Arecibo-Observatory,12:45:01,13:00:01,200,0.25,15.0,86.625,3600,1,False,,
win-Arecibo-Observatory-20220705-130001.npy,20220705,Arecibo-Observatory,13:00:01,13:15:01,200,0.25,15.0,86.625,3600,0,False,,
win-Arecibo-Observatory-20220705-131501.npy,20220705,Arecibo-Observatory,13:15:01,13:30:01,200,0.25,15.0,86.625,3600,0,False,,
win-Arecibo-Observatory-20220705-141501.npy,20220705,Arecibo-Observatory,14:15:01,14:30:01,200,0.25,15.0,86.625,3600,0,False,,
win-Arecibo-Observatory-20220705-143001.npy,20220705,Arecibo-Observatory,14:30:01,14:45:01,200,0.25,15.0,86.625,3600,0,False,,
win-Arecibo-Observatory-20220705-144501.npy,20220705,Arecibo-Observatory,14:45:01,15:00:01,200,0.25,15.0,86.625,3600,0,True,only_edge_sliver_of_an_event,
win-Arecibo-Observatory-20220705-150001.npy,20220705,Arecibo-Observatory,15:00:01,15:15:01,200,0.25,15.0,86.625,3600,2,False,,
win-Arecibo-Observatory-20220705-151501.npy,20220705,Arecibo-Observatory,15:15:01,15:30:01,200,0.25,15.0,86.625,3600,1,False,,
win-Arecibo-Observatory-20220705-153001.npy,20220705,Arecibo-Observatory,15:30:01,15:45:01,200,0.25,15.0,86.625,3600,0,False,,
win-Arecibo-Observatory-20220705-154501.npy,20220705,Arecibo-Observatory,15:45:01,16:00:01,200,0.25,15.0,86.625,3600,0,False,,
win-Arecibo-Observatory-20220705-170000.npy,20220705,Arecibo-Observatory,17:00:00,17:15:00,200,0.25,15.0,86.625,3600,0,False,,
win-Arecibo-Observatory-20220705-171500.npy,20220705,Arecibo-Observatory,17:15:00,17:30:00,200,0.25,15.0,86.625,3600,0,False,,
win-Arecibo-Observatory-20220705-172959.npy,20220705,Arecibo-Observatory,17:29:59,17:44:59,200,0.25,15.0,86.625,3600,0,False,,
win-Arecibo-Observatory-20220705-174459.npy,20220705,Arecibo-Observatory,17:44:59,17:59:59,200,0.25,15.0,86.625,3600,1,False,,
win-Arecibo-Observatory-20220705-175959.npy,20220705,Arecibo-Observatory,17:59:59,18:14:59,200,0.25,15.0,86.625,3600,0,False,,
win-Arecibo-Observatory-20220705-181459.npy,20220705,Arecibo-Observatory,18:14:59,18:29:59,200,0.25,15.0,86.625,3600,0,False,,
win-Arecibo-Observatory-20220705-182959.npy,20220705,Arecibo-Observatory,18:29:59,18:44:59,200,0.25,15.0,86.625,3600,1,False,,
win-Arecibo-Observatory-20220705-184459.npy,20220705,Arecibo-Observatory,18:44:59,18:59:59,200,0.25,15.0,86.625,3600,0,False,,
win-Arecibo-Observatory-20220705-185959.npy,20220705,Arecibo-Observatory,18:59:59,19:14:59,200,0.25,15.0,86.625,3600,0,False,,
win-Arecibo-Observatory-20220706-124500.npy,20220706,Arecibo-Observatory,12:45:00,13:00:00,200,0.25,15.0,86.625,3600,0,False,,
win-Arecibo-Observatory-20220706-130001.npy,20220706,Arecibo-Observatory,13:00:01,13:15:01,200,0.25,15.0,86.625,3600,0,False,,
win-Arecibo-Observatory-20220706-131501.npy,20220706,Arecibo-Observatory,13:15:01,13:30:01,200,0.25,15.0,86.625,3600,1,False,,
win-Arecibo-Observatory-20220706-133001.npy,20220706,Arecibo-Observatory,13:30:01,13:45:01,200,0.25,15.0,86.625,3600,0,False,,
win-Arecibo-Observatory-20220706-134500.npy,20220706,Arecibo-Observatory,13:45:00,14:00:00,200,0.25,15.0,86.625,3600,0,False,,
win-Arecibo-Observatory-20220706-153001.npy,20220706,Arecibo-Observatory,15:30:01,15:45:01,200,0.25,15.0,86.625,3600,0,True,offclass_event_in_negative_window,VI
win-Arecibo-Observatory-20220706-154501.npy,20220706,Arecibo-Observatory,15:45:01,16:00:01,200,0.25,15.0,86.625,3600,0,True,offclass_event_in_negative_window,VI
win-Arecibo-Observatory-20220706-160001.npy,20220706,Arecibo-Observatory,16:00:01,16:15:01,200,0.25,15.0,86.625,3600,1,False,,
win-Arecibo-Observatory-20220706-161501.npy,20220706,Arecibo-Observatory,16:15:01,16:29:57,200,0.25,15.0,86.625,3587,0,False,,
win-Arecibo-Observatory-20220706-163000.npy,20220706,Arecibo-Observatory,16:30:00,16:45:00,200,0.25,15.0,86.625,3600,0,False,,
win-Arecibo-Observatory-20220707-110000.npy,20220707,Arecibo-Observatory,11:00:00,11:15:00,200,0.25,15.0,86.625,3600,0,False,,
win-Arecibo-Observatory-20220707-111500.npy,20220707,Arecibo-Observatory,11:15:00,11:30:00,200,0.25,15.0,86.625,3600,0,False,,
win-Arecibo-Observatory-20220707-113000.npy,20220707,Arecibo-Observatory,11:30:00,11:45:00,200,0.25,15.0,86.625,3600,1,False,,
win-Arecibo-Observatory-20220707-114500.npy,20220707,Arecibo-Observatory,11:45:00,12:00:00,200,0.25,15.0,86.625,3600,0,False,,
win-Arecibo-Observatory-20220707-120001.npy,20220707,Arecibo-Observatory,12:00:01,12:15:01,200,0.25,15.0,86.625,3600,0,False,,
win-Arecibo-Observatory-20220712-190000.npy,20220712,Arecibo-Observatory,19:00:00,19:15:00,200,0.25,15.0,86.625,3600,0,True,offclass_event_in_negative_window,CTM+VI
win-Arecibo-Observatory-20220712-191501.npy,20220712,Arecibo-Observatory,19:15:01,19:30:01,200,0.25,15.0,86.625,3600,0,True,offclass_event_in_negative_window,CTM+VI
win-Arecibo-Observatory-20220712-193000.npy,20220712,Arecibo-Observatory,19:30:00,19:45:00,200,0.25,15.0,86.625,3600,1,False,,CTM+VI
win-Arecibo-Observatory-20220712-194501.npy,20220712,Arecibo-Observatory,19:45:01,20:00:01,200,0.25,15.0,86.625,3600,0,True,offclass_event_in_negative_window,CTM+VI
win-Arecibo-Observatory-20220712-200001.npy,20220712,Arecibo-Observatory,20:00:01,20:15:01,200,0.25,15.0,86.625,3600,0,True,offclass_event_in_negative_window,CTM+VI
win-Arecibo-Observatory-20220713-104500.npy,20220713,Arecibo-Observatory,10:45:00,11:00:00,200,0.25,15.0,86.625,3600,0,False,,
win-Arecibo-Observatory-20220713-110000.npy,20220713,Arecibo-Observatory,11:00:00,11:15:00,200,0.25,15.0,86.625,3600,0,False,,
win-Arecibo-Observatory-20220713-111500.npy,20220713,Arecibo-Observatory,11:15:00,11:30:00,200,0.25,15.0,86.625,3600,1,False,,
win-Arecibo-Observatory-20220713-113000.npy,20220713,Arecibo-Observatory,11:30:00,11:45:00,200,0.25,15.0,86.625,3600,0,False,,
win-Arecibo-Observatory-20220713-114500.npy,20220713,Arecibo-Observatory,11:45:00,12:00:00,200,0.25,15.0,86.625,3600,0,False,,
win-Arecibo-Observatory-20220713-124500.npy,20220713,Arecibo-Observatory,12:45:00,13:00:00,200,0.25,15.0,86.625,3600,0,False,,
win-Arecibo-Observatory-20220713-130001.npy,20220713,Arecibo-Observatory,13:00:01,13:15:01,200,0.25,15.0,86.625,3600,0,False,,
win-Arecibo-Observatory-20220713-131500.npy,20220713,Arecibo-Observatory,13:15:00,13:30:00,200,0.25,15.0,86.625,3600,1,False,,
win-Arecibo-Observatory-20220713-133001.npy,20220713,Arecibo-Observatory,13:30:01,13:45:01,200,0.25,15.0,86.625,3600,0,False,,
win-Arecibo-Observatory-20220713-134501.npy,20220713,Arecibo-Observatory,13:45:01,14:00:01,200,0.25,15.0,86.625,3600,1,False,,
win-Arecibo-Observatory-20220713-140001.npy,20220713,Arecibo-Observatory,14:00:01,14:15:01,200,0.25,15.0,86.625,3600,0,False,,
win-Arecibo-Observatory-20220713-141501.npy,20220713,Arecibo-Observatory,14:15:01,14:30:01,200,0.25,15.0,86.625,3600,0,False,,
win-Arecibo-Observatory-20220713-150001.npy,20220713,Arecibo-Observatory,15:00:01,15:15:01,200,0.25,15.0,86.625,3600,0,False,,
win-Arecibo-Observatory-20220713-151501.npy,20220713,Arecibo-Observatory,15:15:01,15:30:01,200,0.25,15.0,86.625,3600,0,False,,
win-Arecibo-Observatory-20220713-153001.npy,20220713,Arecibo-Observatory,15:30:01,15:45:01,200,0.25,15.0,86.625,3600,1,False,,
win-Arecibo-Observatory-20220713-154501.npy,20220713,Arecibo-Observatory,15:45:01,16:00:01,200,0.25,15.0,86.625,3600,0,False,,
win-Arecibo-Observatory-20220713-160001.npy,20220713,Arecibo-Observatory,16:00:01,16:15:01,200,0.25,15.0,86.625,3600,1,False,,
win-Arecibo-Observatory-20220713-161501.npy,20220713,Arecibo-Observatory,16:15:01,16:29:57,200,0.25,15.0,86.625,3586,0,False,,
win-Arecibo-Observatory-20220713-163000.npy,20220713,Arecibo-Observatory,16:30:00,16:45:00,200,0.25,15.0,86.625,3600,0,False,,
win-Arecibo-Observatory-20220714-152738.npy,20220714,Arecibo-Observatory,15:27:38,15:42:38,200,0.25,15.0,86.625,3600,0,True,offclass_event_in_negative_window,VI
win-Arecibo-Observatory-20220714-154238.npy,20220714,Arecibo-Observatory,15:42:38,15:57:38,200,0.25,15.0,86.625,3600,0,True,offclass_event_in_negative_window,VI
win-Arecibo-Observatory-20220714-155738.npy,20220714,Arecibo-Observatory,15:57:38,16:12:38,200,0.25,15.0,86.625,3600,1,False,,VI
win-Arecibo-Observatory-20220714-161238.npy,20220714,Arecibo-Observatory,16:12:38,16:27:38,200,0.25,15.0,86.625,3600,0,True,offclass_event_in_negative_window,VI
win-Arecibo-Observatory-20220714-162738.npy,20220714,Arecibo-Observatory,16:27:38,16:29:57,200,0.25,15.0,86.625,559,0,True,offclass_event_in_negative_window,VI
win-Arecibo-Observatory-20220714-163000.npy,20220714,Arecibo-Observatory,16:30:00,16:45:00,200,0.25,15.0,86.625,3600,0,True,offclass_event_in_negative_window,VI
win-Arecibo-Observatory-20220714-164500.npy,20220714,Arecibo-Observatory,16:45:00,17:00:00,200,0.25,15.0,86.625,3600,0,True,offclass_event_in_negative_window,VI
win-Arecibo-Observatory-20220714-170000.npy,20220714,Arecibo-Observatory,17:00:00,17:15:00,200,0.25,15.0,86.625,3600,1,False,,VI
win-Arecibo-Observatory-20220714-171500.npy,20220714,Arecibo-Observatory,17:15:00,17:30:00,200,0.25,15.0,86.625,3600,0,True,offclass_event_in_negative_window,VI
win-Arecibo-Observatory-20220714-173000.npy,20220714,Arecibo-Observatory,17:30:00,17:45:00,200,0.25,15.0,86.625,3600,0,True,offclass_event_in_negative_window,VI
win-Arecibo-Observatory-20220714-191500.npy,20220714,Arecibo-Observatory,19:15:00,19:30:00,200,0.25,15.0,86.625,3600,0,True,offclass_event_in_negative_window,VI
win-Arecibo-Observatory-20220714-193000.npy,20220714,Arecibo-Observatory,19:30:00,19:45:00,200,0.25,15.0,86.625,3600,0,True,offclass_event_in_negative_window,VI
win-Arecibo-Observatory-20220714-194500.npy,20220714,Arecibo-Observatory,19:45:00,20:00:00,200,0.25,15.0,86.625,3600,1,False,,VI
win-Arecibo-Observatory-20220714-200000.npy,20220714,Arecibo-Observatory,20:00:00,20:15:00,200,0.25,15.0,86.625,3600,0,True,offclass_event_in_negative_window,VI
win-Arecibo-Observatory-20220714-201501.npy,20220714,Arecibo-Observatory,20:15:01,20:30:01,200,0.25,15.0,86.625,3600,0,True,offclass_event_in_negative_window,VI
win-Arecibo-Observatory-20220715-103000.npy,20220715,Arecibo-Observatory,10:30:00,10:45:00,200,0.25,15.0,86.625,3600,0,False,,
win-Arecibo-Observatory-20220715-104500.npy,20220715,Arecibo-Observatory,10:45:00,11:00:00,200,0.25,15.0,86.625,3600,0,False,,
win-Arecibo-Observatory-20220715-110000.npy,20220715,Arecibo-Observatory,11:00:00,11:15:00,200,0.25,15.0,86.625,3600,1,False,,
win-Arecibo-Observatory-20220715-111500.npy,20220715,Arecibo-Observatory,11:15:00,11:30:00,200,0.25,15.0,86.625,3600,0,False,,
win-Arecibo-Observatory-20220715-113000.npy,20220715,Arecibo-Observatory,11:30:00,11:45:00,200,0.25,15.0,86.625,3600,0,False,,
win-Arecibo-Observatory-20220715-114500.npy,20220715,Arecibo-Observatory,11:45:00,12:00:00,200,0.25,15.0,86.625,3600,1,False,,
win-Arecibo-Observatory-20220715-120000.npy,20220715,Arecibo-Observatory,12:00:00,12:15:00,200,0.25,15.0,86.625,3600,1,False,,
win-Arecibo-Observatory-20220715-121500.npy,20220715,Arecibo-Observatory,12:15:00,12:30:00,200,0.25,15.0,86.625,3600,0,False,,
win-Arecibo-Observatory-20220715-123000.npy,20220715,Arecibo-Observatory,12:30:00,12:45:00,200,0.25,15.0,86.625,3600,1,False,,
win-Arecibo-Observatory-20220715-124500.npy,20220715,Arecibo-Observatory,12:45:00,13:00:00,200,0.25,15.0,86.625,3600,0,False,,
win-Arecibo-Observatory-20220715-130000.npy,20220715,Arecibo-Observatory,13:00:00,13:15:00,200,0.25,15.0,86.625,3600,0,False,,
win-Arecibo-Observatory-20220715-133000.npy,20220715,Arecibo-Observatory,13:30:00,13:45:00,200,0.25,15.0,86.625,3600,0,True,offclass_event_in_negative_window,VI
win-Arecibo-Observatory-20220715-134501.npy,20220715,Arecibo-Observatory,13:45:01,14:00:01,200,0.25,15.0,86.625,3600,0,True,offclass_event_in_negative_window,VI
win-Arecibo-Observatory-20220715-140001.npy,20220715,Arecibo-Observatory,14:00:01,14:15:01,200,0.25,15.0,86.625,3600,1,False,,
win-Arecibo-Observatory-20220715-141501.npy,20220715,Arecibo-Observatory,14:15:01,14:30:01,200,0.25,15.0,86.625,3600,1,False,,
win-Arecibo-Observatory-20220715-143001.npy,20220715,Arecibo-Observatory,14:30:01,14:45:01,200,0.25,15.0,86.625,3600,0,False,,
win-Arecibo-Observatory-20220715-144501.npy,20220715,Arecibo-Observatory,14:45:01,15:00:01,200,0.25,15.0,86.625,3600,0,False,,
win-Arecibo-Observatory-20220715-151501.npy,20220715,Arecibo-Observatory,15:15:01,15:30:01,200,0.25,15.0,86.625,3600,0,False,,
win-Arecibo-Observatory-20220715-153001.npy,20220715,Arecibo-Observatory,15:30:01,15:45:01,200,0.25,15.0,86.625,3600,0,False,,
win-Arecibo-Observatory-20220715-154501.npy,20220715,Arecibo-Observatory,15:45:01,16:00:01,200,0.25,15.0,86.625,3600,1,False,,
win-Arecibo-Observatory-20220715-160001.npy,20220715,Arecibo-Observatory,16:00:01,16:15:01,200,0.25,15.0,86.625,3600,1,False,,
win-Arecibo-Observatory-20220715-161501.npy,20220715,Arecibo-Observatory,16:15:01,16:29:57,200,0.25,15.0,86.625,3586,0,False,,
win-Arecibo-Observatory-20220715-163000.npy,20220715,Arecibo-Observatory,16:30:00,16:45:00,200,0.25,15.0,86.625,3600,0,False,,
win-Arecibo-Observatory-20220716-174500.npy,20220716,Arecibo-Observatory,17:45:00,18:00:00,200,0.25,15.0,86.625,3600,0,False,,
win-Arecibo-Observatory-20220716-180000.npy,20220716,Arecibo-Observatory,18:00:00,18:15:00,200,0.25,15.0,86.625,3600,0,False,,
win-Arecibo-Observatory-20220716-181500.npy,20220716,Arecibo-Observatory,18:15:00,18:30:00,200,0.25,15.0,86.625,3600,1,False,,
win-Arecibo-Observatory-20220716-183000.npy,20220716,Arecibo-Observatory,18:30:00,18:45:00,200,0.25,15.0,86.625,3600,1,False,,U
win-Arecibo-Observatory-20220716-184500.npy,20220716,Arecibo-Observatory,18:45:00,19:00:00,200,0.25,15.0,86.625,3600,0,False,,
win-Arecibo-Observatory-20220716-190000.npy,20220716,Arecibo-Observatory,19:00:00,19:15:00,200,0.25,15.0,86.625,3600,0,False,,
win-Arecibo-Observatory-20220717-133001.npy,20220717,Arecibo-Observatory,13:30:01,13:45:01,200,0.25,15.0,86.625,3600,0,False,,
win-Arecibo-Observatory-20220717-134501.npy,20220717,Arecibo-Observatory,13:45:01,14:00:01,200,0.25,15.0,86.625,3600,0,False,,
win-Arecibo-Observatory-20220717-140001.npy,20220717,Arecibo-Observatory,14:00:01,14:15:01,200,0.25,15.0,86.625,3600,1,False,,
win-Arecibo-Observatory-20220717-141501.npy,20220717,Arecibo-Observatory,14:15:01,14:30:01,200,0.25,15.0,86.625,3600,0,False,,
win-Arecibo-Observatory-20220717-143001.npy,20220717,Arecibo-Observatory,14:30:01,14:45:01,200,0.25,15.0,86.625,3600,0,False,,
win-Arecibo-Observatory-20220717-151501.npy,20220717,Arecibo-Observatory,15:15:01,15:30:01,200,0.25,15.0,86.625,3600,0,False,,
win-Arecibo-Observatory-20220717-153001.npy,20220717,Arecibo-Observatory,15:30:01,15:45:01,200,0.25,15.0,86.625,3600,0,False,,
win-Arecibo-Observatory-20220717-154501.npy,20220717,Arecibo-Observatory,15:45:01,16:00:01,200,0.25,15.0,86.625,3600,1,False,,
win-Arecibo-Observatory-20220717-160001.npy,20220717,Arecibo-Observatory,16:00:01,16:15:01,200,0.25,15.0,86.625,3600,0,False,,
win-Arecibo-Observatory-20220717-161501.npy,20220717,Arecibo-Observatory,16:15:01,16:29:57,200,0.25,15.0,86.625,3586,0,False,,
win-Arecibo-Observatory-20220717-164500.npy,20220717,Arecibo-Observatory,16:45:00,17:00:00,200,0.25,15.0,86.625,3600,0,False,,
win-Arecibo-Observatory-20220717-165959.npy,20220717,Arecibo-Observatory,16:59:59,17:14:59,200,0.25,15.0,86.625,3600,0,False,,
win-Arecibo-Observatory-20220717-171459.npy,20220717,Arecibo-Observatory,17:14:59,17:29:59,200,0.25,15.0,86.625,3600,1,False,,
win-Arecibo-Observatory-20220717-172959.npy,20220717,Arecibo-Observatory,17:29:59,17:44:59,200,0.25,15.0,86.625,3600,0,False,,
win-Arecibo-Observatory-20220717-174459.npy,20220717,Arecibo-Observatory,17:44:59,17:59:59,200,0.25,15.0,86.625,3600,0,False,,
win-Arecibo-Observatory-20220718-140001.npy,20220718,Arecibo-Observatory,14:00:01,14:15:01,200,0.25,15.0,86.625,3600,0,False,,
win-Arecibo-Observatory-20220718-141501.npy,20220718,Arecibo-Observatory,14:15:01,14:30:01,200,0.25,15.0,86.625,3600,0,False,,
win-Arecibo-Observatory-20220718-143001.npy,20220718,Arecibo-Observatory,14:30:01,14:45:01,200,0.25,15.0,86.625,3600,1,False,,
win-Arecibo-Observatory-20220718-144501.npy,20220718,Arecibo-Observatory,14:45:01,15:00:01,200,0.25,15.0,86.625,3600,0,False,,
win-Arecibo-Observatory-20220718-150001.npy,20220718,Arecibo-Observatory,15:00:01,15:15:01,200,0.25,15.0,86.625,3600,0,False,,
win-Arecibo-Observatory-20220718-151501.npy,20220718,Arecibo-Observatory,15:15:01,15:30:01,200,0.25,15.0,86.625,3600,0,False,,
win-Arecibo-Observatory-20220718-153001.npy,20220718,Arecibo-Observatory,15:30:01,15:45:01,200,0.25,15.0,86.625,3600,1,False,,
win-Arecibo-Observatory-20220718-154501.npy,20220718,Arecibo-Observatory,15:45:01,16:00:01,200,0.25,15.0,86.625,3600,1,False,,
win-Arecibo-Observatory-20220718-160001.npy,20220718,Arecibo-Observatory,16:00:01,16:15:01,200,0.25,15.0,86.625,3600,0,False,,
win-Arecibo-Observatory-20220718-161501.npy,20220718,Arecibo-Observatory,16:15:01,16:29:57,200,0.25,15.0,86.625,3586,0,False,,
win-Arecibo-Observatory-20220718-163000.npy,20220718,Arecibo-Observatory,16:30:00,16:45:00,200,0.25,15.0,86.625,3600,0,False,,
win-Arecibo-Observatory-20220718-164500.npy,20220718,Arecibo-Observatory,16:45:00,17:00:00,200,0.25,15.0,86.625,3600,1,False,,
win-Arecibo-Observatory-20220718-170000.npy,20220718,Arecibo-Observatory,17:00:00,17:15:00,200,0.25,15.0,86.625,3600,0,False,,
win-Arecibo-Observatory-20220718-171500.npy,20220718,Arecibo-Observatory,17:15:00,17:30:00,200,0.25,15.0,86.625,3600,0,False,,
win-Arecibo-Observatory-20220718-173000.npy,20220718,Arecibo-Observatory,17:30:00,17:45:00,200,0.25,15.0,86.625,3600,1,False,,
win-Arecibo-Observatory-20220718-174500.npy,20220718,Arecibo-Observatory,17:45:00,18:00:00,200,0.25,15.0,86.625,3600,0,False,,
win-Arecibo-Observatory-20220718-180000.npy,20220718,Arecibo-Observatory,18:00:00,18:15:00,200,0.25,15.0,86.625,3600,0,False,,
win-Arecibo-Observatory-20220719-103000.npy,20220719,Arecibo-Observatory,10:30:00,10:45:00,200,0.25,15.0,86.625,3600,0,False,,
win-Arecibo-Observatory-20220719-104500.npy,20220719,Arecibo-Observatory,10:45:00,11:00:00,200,0.25,15.0,86.625,3600,0,False,,
win-Arecibo-Observatory-20220719-110000.npy,20220719,Arecibo-Observatory,11:00:00,11:15:00,200,0.25,15.0,86.625,3600,1,False,,
win-Arecibo-Observatory-20220719-111500.npy,20220719,Arecibo-Observatory,11:15:00,11:30:00,200,0.25,15.0,86.625,3600,0,False,,
win-Arecibo-Observatory-20220719-113000.npy,20220719,Arecibo-Observatory,11:30:00,11:45:00,200,0.25,15.0,86.625,3600,0,False,,
win-Arecibo-Observatory-20220719-151501.npy,20220719,Arecibo-Observatory,15:15:01,15:30:01,200,0.25,15.0,86.625,3600,0,False,,
win-Arecibo-Observatory-20220719-153001.npy,20220719,Arecibo-Observatory,15:30:01,15:45:01,200,0.25,15.0,86.625,3600,0,False,,
win-Arecibo-Observatory-20220719-154501.npy,20220719,Arecibo-Observatory,15:45:01,16:00:01,200,0.25,15.0,86.625,3600,1,False,,
win-Arecibo-Observatory-20220719-160001.npy,20220719,Arecibo-Observatory,16:00:01,16:15:01,200,0.25,15.0,86.625,3600,0,False,,
win-Arecibo-Observatory-20220719-161501.npy,20220719,Arecibo-Observatory,16:15:01,16:29:57,200,0.25,15.0,86.625,3587,0,False,,
win-Arecibo-Observatory-20220719-164500.npy,20220719,Arecibo-Observatory,16:45:00,17:00:00,200,0.25,15.0,86.625,3600,0,False,,
win-Arecibo-Observatory-20220719-165959.npy,20220719,Arecibo-Observatory,16:59:59,17:14:59,200,0.25,15.0,86.625,3600,0,False,,
win-Arecibo-Observatory-20220719-171459.npy,20220719,Arecibo-Observatory,17:14:59,17:29:59,200,0.25,15.0,86.625,3600,1,False,,
win-Arecibo-Observatory-20220719-172959.npy,20220719,Arecibo-Observatory,17:29:59,17:44:59,200,0.25,15.0,86.625,3600,0,False,,
win-Arecibo-Observatory-20220719-174459.npy,20220719,Arecibo-Observatory,17:44:59,17:59:59,200,0.25,15.0,86.625,3600,0,False,,
win-Arecibo-Observatory-20220719-175959.npy,20220719,Arecibo-Observatory,17:59:59,18:14:59,200,0.25,15.0,86.625,3600,1,False,,
win-Arecibo-Observatory-20220719-181459.npy,20220719,Arecibo-Observatory,18:14:59,18:29:59,200,0.25,15.0,86.625,3600,0,False,,
win-Arecibo-Observatory-20220719-182959.npy,20220719,Arecibo-Observatory,18:29:59,18:44:59,200,0.25,15.0,86.625,3600,0,False,,
win-Arecibo-Observatory-20220719-184459.npy,20220719,Arecibo-Observatory,18:44:59,18:59:59,200,0.25,15.0,86.625,3600,1,False,,
win-Arecibo-Observatory-20220719-185959.npy,20220719,Arecibo-Observatory,18:59:59,19:14:59,200,0.25,15.0,86.625,3600,0,False,,
win-Arecibo-Observatory-20220719-191459.npy,20220719,Arecibo-Observatory,19:14:59,19:29:59,200,0.25,15.0,86.625,3600,0,False,,
win-Arecibo-Observatory-20220720-123000.npy,20220720,Arecibo-Observatory,12:30:00,12:45:00,200,0.25,15.0,86.625,3600,0,False,,
win-Arecibo-Observatory-20220720-124501.npy,20220720,Arecibo-Observatory,12:45:01,13:00:01,200,0.25,15.0,86.625,3600,0,False,,
win-Arecibo-Observatory-20220720-130001.npy,20220720,Arecibo-Observatory,13:00:01,13:15:01,200,0.25,15.0,86.625,3600,1,False,,
win-Arecibo-Observatory-20220720-131501.npy,20220720,Arecibo-Observatory,13:15:01,13:30:01,200,0.25,15.0,86.625,3600,0,False,,
win-Arecibo-Observatory-20220720-133001.npy,20220720,Arecibo-Observatory,13:30:01,13:45:01,200,0.25,15.0,86.625,3600,0,False,,
win-Arecibo-Observatory-20220720-153001.npy,20220720,Arecibo-Observatory,15:30:01,15:45:01,200,0.25,15.0,86.625,3600,0,False,,
win-Arecibo-Observatory-20220720-154501.npy,20220720,Arecibo-Observatory,15:45:01,16:00:01,200,0.25,15.0,86.625,3600,0,False,,
win-Arecibo-Observatory-20220720-160001.npy,20220720,Arecibo-Observatory,16:00:01,16:15:01,200,0.25,15.0,86.625,3600,1,False,,
win-Arecibo-Observatory-20220720-161501.npy,20220720,Arecibo-Observatory,16:15:01,16:29:57,200,0.25,15.0,86.625,3586,0,False,,
win-Arecibo-Observatory-20220720-163000.npy,20220720,Arecibo-Observatory,16:30:00,16:45:00,200,0.25,15.0,86.625,3600,0,False,,
win-Arecibo-Observatory-20220720-164500.npy,20220720,Arecibo-Observatory,16:45:00,17:00:00,200,0.25,15.0,86.625,3600,0,False,,
win-Arecibo-Observatory-20220720-180000.npy,20220720,Arecibo-Observatory,18:00:00,18:15:00,200,0.25,15.0,86.625,3600,0,False,,
win-Arecibo-Observatory-20220720-181501.npy,20220720,Arecibo-Observatory,18:15:01,18:30:01,200,0.25,15.0,86.625,3600,0,False,,
win-Arecibo-Observatory-20220720-183000.npy,20220720,Arecibo-Observatory,18:30:00,18:45:00,200,0.25,15.0,86.625,3600,1,False,,
win-Arecibo-Observatory-20220720-184501.npy,20220720,Arecibo-Observatory,18:45:01,19:00:01,200,0.25,15.0,86.625,3600,0,False,,
win-Arecibo-Observatory-20220720-190000.npy,20220720,Arecibo-Observatory,19:00:00,19:15:00,200,0.25,15.0,86.625,3600,0,False,,
win-Arecibo-Observatory-20220721-133000.npy,20220721,Arecibo-Observatory,13:30:00,13:45:00,200,0.25,15.0,86.625,3600,0,False,,
win-Arecibo-Observatory-20220721-134500.npy,20220721,Arecibo-Observatory,13:45:00,14:00:00,200,0.25,15.0,86.625,3600,0,False,,
win-Arecibo-Observatory-20220721-140001.npy,20220721,Arecibo-Observatory,14:00:01,14:15:01,200,0.25,15.0,86.625,3600,1,False,,
win-Arecibo-Observatory-20220721-141501.npy,20220721,Arecibo-Observatory,14:15:01,14:30:01,200,0.25,15.0,86.625,3600,0,False,,
win-Arecibo-Observatory-20220721-143001.npy,20220721,Arecibo-Observatory,14:30:01,14:45:01,200,0.25,15.0,86.625,3600,0,False,,
win-Arecibo-Observatory-20220721-151501.npy,20220721,Arecibo-Observatory,15:15:01,15:30:01,200,0.25,15.0,86.625,3600,0,False,,
win-Arecibo-Observatory-20220721-153001.npy,20220721,Arecibo-Observatory,15:30:01,15:45:01,200,0.25,15.0,86.625,3600,0,False,,
win-Arecibo-Observatory-20220721-154501.npy,20220721,Arecibo-Observatory,15:45:01,16:00:01,200,0.25,15.0,86.625,3600,1,False,,
win-Arecibo-Observatory-20220721-160001.npy,20220721,Arecibo-Observatory,16:00:01,16:15:01,200,0.25,15.0,86.625,3600,1,False,,
win-Arecibo-Observatory-20220721-161501.npy,20220721,Arecibo-Observatory,16:15:01,16:29:57,200,0.25,15.0,86.625,3586,0,False,,
win-Arecibo-Observatory-20220721-163000.npy,20220721,Arecibo-Observatory,16:30:00,16:45:00,200,0.25,15.0,86.625,3600,0,False,,
win-Arecibo-Observatory-20220721-164500.npy,20220721,Arecibo-Observatory,16:45:00,17:00:00,200,0.25,15.0,86.625,3600,1,False,,
win-Arecibo-Observatory-20220721-165959.npy,20220721,Arecibo-Observatory,16:59:59,17:14:59,200,0.25,15.0,86.625,3600,1,False,,
win-Arecibo-Observatory-20220721-171459.npy,20220721,Arecibo-Observatory,17:14:59,17:29:59,200,0.25,15.0,86.625,3600,1,False,,
win-Arecibo-Observatory-20220721-172959.npy,20220721,Arecibo-Observatory,17:29:59,17:44:59,200,0.25,15.0,86.625,3600,0,False,,
win-Arecibo-Observatory-20220721-174459.npy,20220721,Arecibo-Observatory,17:44:59,17:59:59,200,0.25,15.0,86.625,3600,1,False,,
win-Arecibo-Observatory-20220721-175959.npy,20220721,Arecibo-Observatory,17:59:59,18:14:59,200,0.25,15.0,86.625,3600,0,False,,
win-Arecibo-Observatory-20220721-181459.npy,20220721,Arecibo-Observatory,18:14:59,18:29:59,200,0.25,15.0,86.625,3600,0,False,,
win-Arecibo-Observatory-20220721-182959.npy,20220721,Arecibo-Observatory,18:29:59,18:44:59,200,0.25,15.0,86.625,3600,1,False,,
win-Arecibo-Observatory-20220721-184459.npy,20220721,Arecibo-Observatory,18:44:59,18:59:59,200,0.25,15.0,86.625,3600,0,False,,
win-Arecibo-Observatory-20220721-185959.npy,20220721,Arecibo-Observatory,18:59:59,19:14:59,200,0.25,15.0,86.625,3600,0,False,,
win-Arecibo-Observatory-20220721-191459.npy,20220721,Arecibo-Observatory,19:14:59,19:29:59,200,0.25,15.0,86.625,3600,0,False,,
win-Arecibo-Observatory-20220721-192959.npy,20220721,Arecibo-Observatory,19:29:59,19:44:59,200,0.25,15.0,86.625,3600,1,False,,
win-Arecibo-Observatory-20220721-194459.npy,20220721,Arecibo-Observatory,19:44:59,19:59:59,200,0.25,15.0,86.625,3600,0,False,,
win-Arecibo-Observatory-20220721-195959.npy,20220721,Arecibo-Observatory,19:59:59,20:14:59,200,0.25,15.0,86.625,3600,0,False,,
win-Arecibo-Observatory-20220722-114500.npy,20220722,Arecibo-Observatory,11:45:00,12:00:00,200,0.25,15.0,86.625,3600,0,False,,
win-Arecibo-Observatory-20220722-120000.npy,20220722,Arecibo-Observatory,12:00:00,12:15:00,200,0.25,15.0,86.625,3600,0,False,,
win-Arecibo-Observatory-20220722-121500.npy,20220722,Arecibo-Observatory,12:15:00,12:30:00,200,0.25,15.0,86.625,3600,0,False,,
win-Arecibo-Observatory-20220722-123000.npy,20220722,Arecibo-Observatory,12:30:00,12:45:00,200,0.25,15.0,86.625,3600,1,False,,
win-Arecibo-Observatory-20220722-124500.npy,20220722,Arecibo-Observatory,12:45:00,13:00:00,200,0.25,15.0,86.625,3600,0,False,,
win-Arecibo-Observatory-20220722-130000.npy,20220722,Arecibo-Observatory,13:00:00,13:15:00,200,0.25,15.0,86.625,3600,1,False,,
win-Arecibo-Observatory-20220722-131501.npy,20220722,Arecibo-Observatory,13:15:01,13:30:01,200,0.25,15.0,86.625,3600,0,False,,
win-Arecibo-Observatory-20220722-133001.npy,20220722,Arecibo-Observatory,13:30:01,13:45:01,200,0.25,15.0,86.625,3600,0,False,,
win-Arecibo-Observatory-20220722-151501.npy,20220722,Arecibo-Observatory,15:15:01,15:30:01,200,0.25,15.0,86.625,3600,0,False,,
win-Arecibo-Observatory-20220722-153001.npy,20220722,Arecibo-Observatory,15:30:01,15:45:01,200,0.25,15.0,86.625,3600,0,False,,
win-Arecibo-Observatory-20220722-154501.npy,20220722,Arecibo-Observatory,15:45:01,16:00:01,200,0.25,15.0,86.625,3600,1,False,,
win-Arecibo-Observatory-20220722-160001.npy,20220722,Arecibo-Observatory,16:00:01,16:15:01,200,0.25,15.0,86.625,3600,0,False,,
win-Arecibo-Observatory-20220722-161501.npy,20220722,Arecibo-Observatory,16:15:01,16:29:57,200,0.25,15.0,86.625,3587,1,False,,
win-Arecibo-Observatory-20220722-163000.npy,20220722,Arecibo-Observatory,16:30:00,16:45:00,200,0.25,15.0,86.625,3600,0,False,,
win-Arecibo-Observatory-20220722-164500.npy,20220722,Arecibo-Observatory,16:45:00,17:00:00,200,0.25,15.0,86.625,3600,0,False,,
win-Arecibo-Observatory-20220722-173000.npy,20220722,Arecibo-Observatory,17:30:00,17:45:00,200,0.25,15.0,86.625,3600,0,False,,
win-Arecibo-Observatory-20220722-174500.npy,20220722,Arecibo-Observatory,17:45:00,18:00:00,200,0.25,15.0,86.625,3600,0,False,,
win-Arecibo-Observatory-20220722-180000.npy,20220722,Arecibo-Observatory,18:00:00,18:15:00,200,0.25,15.0,86.625,3600,1,False,,
win-Arecibo-Observatory-20220722-181500.npy,20220722,Arecibo-Observatory,18:15:00,18:30:00,200,0.25,15.0,86.625,3600,1,False,,
win-Arecibo-Observatory-20220722-183001.npy,20220722,Arecibo-Observatory,18:30:01,18:45:01,200,0.25,15.0,86.625,3600,0,False,,
win-Arecibo-Observatory-20220722-184500.npy,20220722,Arecibo-Observatory,18:45:00,19:00:00,200,0.25,15.0,86.625,3600,0,False,,
win-Arecibo-Observatory-20220722-191501.npy,20220722,Arecibo-Observatory,19:15:01,19:30:01,200,0.25,15.0,86.625,3600,0,False,,
win-Arecibo-Observatory-20220722-193001.npy,20220722,Arecibo-Observatory,19:30:01,19:45:01,200,0.25,15.0,86.625,3600,0,False,,
win-Arecibo-Observatory-20220722-194501.npy,20220722,Arecibo-Observatory,19:45:01,20:00:01,200,0.25,15.0,86.625,3600,1,False,,
win-Arecibo-Observatory-20220722-200001.npy,20220722,Arecibo-Observatory,20:00:01,20:15:01,200,0.25,15.0,86.625,3600,0,False,,
win-Arecibo-Observatory-20220722-201501.npy,20220722,Arecibo-Observatory,20:15:01,20:30:01,200,0.25,15.0,86.625,3600,0,False,,
win-Arecibo-Observatory-20220723-133001.npy,20220723,Arecibo-Observatory,13:30:01,13:45:01,200,0.25,15.0,86.625,3600,0,False,,
win-Arecibo-Observatory-20220723-134501.npy,20220723,Arecibo-Observatory,13:45:01,14:00:01,200,0.25,15.0,86.625,3600,0,False,,
win-Arecibo-Observatory-20220723-140001.npy,20220723,Arecibo-Observatory,14:00:01,14:15:01,200,0.25,15.0,86.625,3600,1,False,,
win-Arecibo-Observatory-20220723-141501.npy,20220723,Arecibo-Observatory,14:15:01,14:30:01,200,0.25,15.0,86.625,3600,0,False,,
win-Arecibo-Observatory-20220723-143001.npy,20220723,Arecibo-Observatory,14:30:01,14:45:01,200,0.25,15.0,86.625,3600,0,False,,
win-Arecibo-Observatory-20220723-175959.npy,20220723,Arecibo-Observatory,17:59:59,18:14:59,200,0.25,15.0,86.625,3600,0,False,,
win-Arecibo-Observatory-20220723-181459.npy,20220723,Arecibo-Observatory,18:14:59,18:29:59,200,0.25,15.0,86.625,3600,0,False,,
win-Arecibo-Observatory-20220723-182959.npy,20220723,Arecibo-Observatory,18:29:59,18:44:59,200,0.25,15.0,86.625,3600,1,False,,
win-Arecibo-Observatory-20220723-184459.npy,20220723,Arecibo-Observatory,18:44:59,18:59:59,200,0.25,15.0,86.625,3600,0,False,,
win-Arecibo-Observatory-20220723-185959.npy,20220723,Arecibo-Observatory,18:59:59,19:14:59,200,0.25,15.0,86.625,3600,0,False,,
win-Arecibo-Observatory-20220723-191459.npy,20220723,Arecibo-Observatory,19:14:59,19:29:59,200,0.25,15.0,86.625,3600,0,False,,
win-Arecibo-Observatory-20220723-192959.npy,20220723,Arecibo-Observatory,19:29:59,19:44:59,200,0.25,15.0,86.625,3600,1,False,,
win-Arecibo-Observatory-20220723-194459.npy,20220723,Arecibo-Observatory,19:44:59,19:59:59,200,0.25,15.0,86.625,3600,0,True,offclass_event_in_negative_window,III/R?
win-Arecibo-Observatory-20220723-195959.npy,20220723,Arecibo-Observatory,19:59:59,20:14:59,200,0.25,15.0,86.625,3600,0,False,,
win-Arecibo-Observatory-20220724-104500.npy,20220724,Arecibo-Observatory,10:45:00,11:00:00,200,0.25,15.0,86.625,3600,0,False,,
win-Arecibo-Observatory-20220724-110000.npy,20220724,Arecibo-Observatory,11:00:00,11:15:00,200,0.25,15.0,86.625,3600,0,False,,
win-Arecibo-Observatory-20220724-111500.npy,20220724,Arecibo-Observatory,11:15:00,11:30:00,200,0.25,15.0,86.625,3600,1,False,,
win-Arecibo-Observatory-20220724-113000.npy,20220724,Arecibo-Observatory,11:30:00,11:45:00,200,0.25,15.0,86.625,3600,0,False,,
win-Arecibo-Observatory-20220724-114500.npy,20220724,Arecibo-Observatory,11:45:00,12:00:00,200,0.25,15.0,86.625,3600,0,False,,
win-Arecibo-Observatory-20220724-123001.npy,20220724,Arecibo-Observatory,12:30:01,12:45:01,200,0.25,15.0,86.625,3600,0,False,,
win-Arecibo-Observatory-20220724-124501.npy,20220724,Arecibo-Observatory,12:45:01,13:00:01,200,0.25,15.0,86.625,3600,0,False,,
win-Arecibo-Observatory-20220724-130001.npy,20220724,Arecibo-Observatory,13:00:01,13:15:01,200,0.25,15.0,86.625,3600,1,False,,
win-Arecibo-Observatory-20220724-131500.npy,20220724,Arecibo-Observatory,13:15:00,13:30:00,200,0.25,15.0,86.625,3600,0,False,,
win-Arecibo-Observatory-20220724-133001.npy,20220724,Arecibo-Observatory,13:30:01,13:45:01,200,0.25,15.0,86.625,3600,0,False,,
win-Arecibo-Observatory-20220726-131501.npy,20220726,Arecibo-Observatory,13:15:01,13:30:01,200,0.25,15.0,86.625,3600,0,False,,
win-Arecibo-Observatory-20220726-133001.npy,20220726,Arecibo-Observatory,13:30:01,13:45:01,200,0.25,15.0,86.625,3600,0,False,,
win-Arecibo-Observatory-20220726-134501.npy,20220726,Arecibo-Observatory,13:45:01,14:00:01,200,0.25,15.0,86.625,3600,1,False,,
win-Arecibo-Observatory-20220726-140001.npy,20220726,Arecibo-Observatory,14:00:01,14:15:01,200,0.25,15.0,86.625,3600,0,False,,
win-Arecibo-Observatory-20220726-141501.npy,20220726,Arecibo-Observatory,14:15:01,14:30:01,200,0.25,15.0,86.625,3600,0,False,,
win-Arecibo-Observatory-20220727-134501.npy,20220727,Arecibo-Observatory,13:45:01,14:00:01,200,0.25,15.0,86.625,3600,0,False,,
win-Arecibo-Observatory-20220727-140001.npy,20220727,Arecibo-Observatory,14:00:01,14:15:01,200,0.25,15.0,86.625,3600,0,False,,
win-Arecibo-Observatory-20220727-141501.npy,20220727,Arecibo-Observatory,14:15:01,14:30:01,200,0.25,15.0,86.625,3600,1,False,,
win-Arecibo-Observatory-20220727-143001.npy,20220727,Arecibo-Observatory,14:30:01,14:45:01,200,0.25,15.0,86.625,3600,0,False,,
win-Arecibo-Observatory-20220727-144501.npy,20220727,Arecibo-Observatory,14:45:01,15:00:01,200,0.25,15.0,86.625,3600,0,False,,
win-Arecibo-Observatory-20220730-123001.npy,20220730,Arecibo-Observatory,12:30:01,12:45:01,200,0.25,15.0,86.625,3600,0,False,,
win-Arecibo-Observatory-20220730-124501.npy,20220730,Arecibo-Observatory,12:45:01,13:00:01,200,0.25,15.0,86.625,3600,0,False,,
win-Arecibo-Observatory-20220730-130001.npy,20220730,Arecibo-Observatory,13:00:01,13:15:01,200,0.25,15.0,86.625,3600,1,False,,
win-Arecibo-Observatory-20220730-131501.npy,20220730,Arecibo-Observatory,13:15:01,13:30:01,200,0.25,15.0,86.625,3600,0,False,,
win-Arecibo-Observatory-20220730-133001.npy,20220730,Arecibo-Observatory,13:30:01,13:45:01,200,0.25,15.0,86.625,3600,0,False,,
win-Arecibo-Observatory-20220802-150001.npy,20220802,Arecibo-Observatory,15:00:01,15:15:01,200,0.25,15.0,86.625,3600,0,False,,
win-Arecibo-Observatory-20220802-151501.npy,20220802,Arecibo-Observatory,15:15:01,15:30:01,200,0.25,15.0,86.625,3600,0,False,,
win-Arecibo-Observatory-20220802-153001.npy,20220802,Arecibo-Observatory,15:30:01,15:45:01,200,0.25,15.0,86.625,3600,1,False,,
win-Arecibo-Observatory-20220802-154501.npy,20220802,Arecibo-Observatory,15:45:01,16:00:01,200,0.25,15.0,86.625,3600,0,False,,
win-Arecibo-Observatory-20220802-160001.npy,20220802,Arecibo-Observatory,16:00:01,16:15:01,200,0.25,15.0,86.625,3600,0,False,,
win-Arecibo-Observatory-20220802-191459.npy,20220802,Arecibo-Observatory,19:14:59,19:29:59,200,0.25,15.0,86.625,3600,0,False,,
win-Arecibo-Observatory-20220802-192959.npy,20220802,Arecibo-Observatory,19:29:59,19:44:59,200,0.25,15.0,86.625,3600,0,False,,
win-Arecibo-Observatory-20220802-194459.npy,20220802,Arecibo-Observatory,19:44:59,19:59:59,200,0.25,15.0,86.625,3600,1,False,,
win-Arecibo-Observatory-20220802-195959.npy,20220802,Arecibo-Observatory,19:59:59,20:14:59,200,0.25,15.0,86.625,3600,0,False,,
win-Arecibo-Observatory-20220802-201459.npy,20220802,Arecibo-Observatory,20:14:59,20:29:59,200,0.25,15.0,86.625,3600,0,False,,
win-Arecibo-Observatory-20220803-160001.npy,20220803,Arecibo-Observatory,16:00:01,16:15:01,200,0.25,15.0,86.625,3600,0,False,,
win-Arecibo-Observatory-20220803-161501.npy,20220803,Arecibo-Observatory,16:15:01,16:29:57,200,0.25,15.0,86.625,3586,0,False,,
win-Arecibo-Observatory-20220803-163000.npy,20220803,Arecibo-Observatory,16:30:00,16:45:00,200,0.25,15.0,86.625,3600,1,False,,
win-Arecibo-Observatory-20220803-164500.npy,20220803,Arecibo-Observatory,16:45:00,17:00:00,200,0.25,15.0,86.625,3600,0,True,offclass_event_in_negative_window,VI
win-Arecibo-Observatory-20220803-170000.npy,20220803,Arecibo-Observatory,17:00:00,17:15:00,200,0.25,15.0,86.625,3600,1,False,,VI
win-Arecibo-Observatory-20220803-171500.npy,20220803,Arecibo-Observatory,17:15:00,17:30:00,200,0.25,15.0,86.625,3600,1,False,,
win-Arecibo-Observatory-20220803-173000.npy,20220803,Arecibo-Observatory,17:30:00,17:45:00,200,0.25,15.0,86.625,3600,0,False,,
win-Arecibo-Observatory-20220803-174500.npy,20220803,Arecibo-Observatory,17:45:00,18:00:00,200,0.25,15.0,86.625,3600,0,True,offclass_event_in_negative_window,III
win-Arecibo-Observatory-20220804-123000.npy,20220804,Arecibo-Observatory,12:30:00,12:45:00,200,0.25,15.0,86.625,3600,0,False,,
win-Arecibo-Observatory-20220804-124501.npy,20220804,Arecibo-Observatory,12:45:01,13:00:01,200,0.25,15.0,86.625,3600,0,False,,
win-Arecibo-Observatory-20220804-130000.npy,20220804,Arecibo-Observatory,13:00:00,13:15:00,200,0.25,15.0,86.625,3600,1,False,,
win-Arecibo-Observatory-20220804-131501.npy,20220804,Arecibo-Observatory,13:15:01,13:30:01,200,0.25,15.0,86.625,3600,0,False,,
win-Arecibo-Observatory-20220804-133001.npy,20220804,Arecibo-Observatory,13:30:01,13:45:01,200,0.25,15.0,86.625,3600,0,False,,
win-Arecibo-Observatory-20220805-101500.npy,20220805,Arecibo-Observatory,10:15:00,10:30:00,200,0.25,15.0,86.625,3600,0,False,,
win-Arecibo-Observatory-20220805-103000.npy,20220805,Arecibo-Observatory,10:30:00,10:45:00,200,0.25,15.0,86.625,3600,0,False,,
win-Arecibo-Observatory-20220805-104500.npy,20220805,Arecibo-Observatory,10:45:00,11:00:00,200,0.25,15.0,86.625,3600,1,False,,
win-Arecibo-Observatory-20220805-110000.npy,20220805,Arecibo-Observatory,11:00:00,11:15:00,200,0.25,15.0,86.625,3600,0,False,,
win-Arecibo-Observatory-20220805-111500.npy,20220805,Arecibo-Observatory,11:15:00,11:30:00,200,0.25,15.0,86.625,3600,0,False,,
win-Arecibo-Observatory-20220805-113000.npy,20220805,Arecibo-Observatory,11:30:00,11:45:00,200,0.25,15.0,86.625,3600,0,False,,
win-Arecibo-Observatory-20220805-114500.npy,20220805,Arecibo-Observatory,11:45:00,12:00:00,200,0.25,15.0,86.625,3600,1,False,,
win-Arecibo-Observatory-20220805-120000.npy,20220805,Arecibo-Observatory,12:00:00,12:15:00,200,0.25,15.0,86.625,3600,0,False,,
win-Arecibo-Observatory-20220805-121501.npy,20220805,Arecibo-Observatory,12:15:01,12:30:01,200,0.25,15.0,86.625,3600,0,False,,
win-Arecibo-Observatory-20220805-123001.npy,20220805,Arecibo-Observatory,12:30:01,12:45:01,200,0.25,15.0,86.625,3600,0,False,,
win-Arecibo-Observatory-20220805-124501.npy,20220805,Arecibo-Observatory,12:45:01,13:00:01,200,0.25,15.0,86.625,3600,0,False,,
win-Arecibo-Observatory-20220805-130001.npy,20220805,Arecibo-Observatory,13:00:01,13:15:01,200,0.25,15.0,86.625,3600,1,False,,
win-Arecibo-Observatory-20220805-131501.npy,20220805,Arecibo-Observatory,13:15:01,13:30:01,200,0.25,15.0,86.625,3600,0,True,offclass_event_in_negative_window,III
win-Arecibo-Observatory-20220805-133001.npy,20220805,Arecibo-Observatory,13:30:01,13:45:01,200,0.25,15.0,86.625,3600,0,False,,
win-Arecibo-Observatory-20220805-134501.npy,20220805,Arecibo-Observatory,13:45:01,14:00:01,200,0.25,15.0,86.625,3600,0,False,,
win-Arecibo-Observatory-20220805-140001.npy,20220805,Arecibo-Observatory,14:00:01,14:15:01,200,0.25,15.0,86.625,3600,0,False,,
win-Arecibo-Observatory-20220805-141501.npy,20220805,Arecibo-Observatory,14:15:01,14:30:01,200,0.25,15.0,86.625,3600,1,False,,
win-Arecibo-Observatory-20220805-143001.npy,20220805,Arecibo-Observatory,14:30:01,14:45:01,200,0.25,15.0,86.625,3600,0,False,,
win-Arecibo-Observatory-20220805-144501.npy,20220805,Arecibo-Observatory,14:45:01,15:00:01,200,0.25,15.0,86.625,3600,0,False,,
win-Arecibo-Observatory-20220805-160001.npy,20220805,Arecibo-Observatory,16:00:01,16:15:01,200,0.25,15.0,86.625,3600,0,False,,
win-Arecibo-Observatory-20220805-161501.npy,20220805,Arecibo-Observatory,16:15:01,16:29:57,200,0.25,15.0,86.625,3587,0,False,,
win-Arecibo-Observatory-20220805-163000.npy,20220805,Arecibo-Observatory,16:30:00,16:45:00,200,0.25,15.0,86.625,3600,1,False,,
win-Arecibo-Observatory-20220805-164500.npy,20220805,Arecibo-Observatory,16:45:00,17:00:00,200,0.25,15.0,86.625,3600,0,False,,
win-Arecibo-Observatory-20220805-170000.npy,20220805,Arecibo-Observatory,17:00:00,17:15:00,200,0.25,15.0,86.625,3600,0,False,,
win-Arecibo-Observatory-20220805-171500.npy,20220805,Arecibo-Observatory,17:15:00,17:30:00,200,0.25,15.0,86.625,3600,0,False,,
win-Arecibo-Observatory-20220805-173000.npy,20220805,Arecibo-Observatory,17:30:00,17:45:00,200,0.25,15.0,86.625,3600,0,False,,
win-Arecibo-Observatory-20220805-174500.npy,20220805,Arecibo-Observatory,17:45:00,18:00:00,200,0.25,15.0,86.625,3600,1,False,,
win-Arecibo-Observatory-20220805-180000.npy,20220805,Arecibo-Observatory,18:00:00,18:15:00,200,0.25,15.0,86.625,3600,0,False,,
win-Arecibo-Observatory-20220805-181500.npy,20220805,Arecibo-Observatory,18:15:00,18:30:00,200,0.25,15.0,86.625,3600,0,False,,
win-Arecibo-Observatory-20220805-183000.npy,20220805,Arecibo-Observatory,18:30:00,18:45:00,200,0.25,15.0,86.625,3600,0,False,,
win-Arecibo-Observatory-20220805-184500.npy,20220805,Arecibo-Observatory,18:45:00,19:00:00,200,0.25,15.0,86.625,3600,0,False,,
win-Arecibo-Observatory-20220805-190000.npy,20220805,Arecibo-Observatory,19:00:00,19:15:00,200,0.25,15.0,86.625,3600,1,False,,
win-Arecibo-Observatory-20220805-191500.npy,20220805,Arecibo-Observatory,19:15:00,19:30:00,200,0.25,15.0,86.625,3600,1,False,,
win-Arecibo-Observatory-20220805-193000.npy,20220805,Arecibo-Observatory,19:30:00,19:45:00,200,0.25,15.0,86.625,3600,1,False,,
win-Arecibo-Observatory-20220805-194500.npy,20220805,Arecibo-Observatory,19:45:00,20:00:00,200,0.25,15.0,86.625,3600,0,False,,
win-Arecibo-Observatory-20220805-200001.npy,20220805,Arecibo-Observatory,20:00:01,20:15:01,200,0.25,15.0,86.625,3600,0,False,,
win-Arecibo-Observatory-20220806-143001.npy,20220806,Arecibo-Observatory,14:30:01,14:45:01,200,0.25,15.0,86.625,3600,0,False,,
win-Arecibo-Observatory-20220806-144501.npy,20220806,Arecibo-Observatory,14:45:01,15:00:01,200,0.25,15.0,86.625,3600,0,False,,
win-Arecibo-Observatory-20220806-150001.npy,20220806,Arecibo-Observatory,15:00:01,15:15:01,200,0.25,15.0,86.625,3600,1,False,,
win-Arecibo-Observatory-20220806-151501.npy,20220806,Arecibo-Observatory,15:15:01,15:30:01,200,0.25,15.0,86.625,3600,0,False,,
win-Arecibo-Observatory-20220806-153001.npy,20220806,Arecibo-Observatory,15:30:01,15:45:01,200,0.25,15.0,86.625,3600,0,False,,
win-Arecibo-Observatory-20220807-104500.npy,20220807,Arecibo-Observatory,10:45:00,11:00:00,200,0.25,15.0,86.625,3600,0,False,,
win-Arecibo-Observatory-20220807-110000.npy,20220807,Arecibo-Observatory,11:00:00,11:15:00,200,0.25,15.0,86.625,3600,0,False,,
win-Arecibo-Observatory-20220807-111500.npy,20220807,Arecibo-Observatory,11:15:00,11:30:00,200,0.25,15.0,86.625,3600,1,False,,
win-Arecibo-Observatory-20220807-113000.npy,20220807,Arecibo-Observatory,11:30:00,11:45:00,200,0.25,15.0,86.625,3600,0,False,,
win-Arecibo-Observatory-20220807-114500.npy,20220807,Arecibo-Observatory,11:45:00,12:00:00,200,0.25,15.0,86.625,3600,0,False,,
win-Arecibo-Observatory-20220807-140001.npy,20220807,Arecibo-Observatory,14:00:01,14:15:01,200,0.25,15.0,86.625,3600,0,False,,
win-Arecibo-Observatory-20220807-141501.npy,20220807,Arecibo-Observatory,14:15:01,14:30:01,200,0.25,15.0,86.625,3600,0,False,,
win-Arecibo-Observatory-20220807-143001.npy,20220807,Arecibo-Observatory,14:30:01,14:45:01,200,0.25,15.0,86.625,3600,1,False,,
win-Arecibo-Observatory-20220807-144501.npy,20220807,Arecibo-Observatory,14:45:01,15:00:01,200,0.25,15.0,86.625,3600,0,False,,
win-Arecibo-Observatory-20220807-150001.npy,20220807,Arecibo-Observatory,15:00:01,15:15:01,200,0.25,15.0,86.625,3600,0,False,,
win-Arecibo-Observatory-20220807-183001.npy,20220807,Arecibo-Observatory,18:30:01,18:45:01,200,0.25,15.0,86.625,3600,0,False,,
win-Arecibo-Observatory-20220807-184501.npy,20220807,Arecibo-Observatory,18:45:01,19:00:01,200,0.25,15.0,86.625,3600,0,False,,
win-Arecibo-Observatory-20220807-190000.npy,20220807,Arecibo-Observatory,19:00:00,19:15:00,200,0.25,15.0,86.625,3600,1,False,,
win-Arecibo-Observatory-20220807-191501.npy,20220807,Arecibo-Observatory,19:15:01,19:30:01,200,0.25,15.0,86.625,3600,0,False,,
win-Arecibo-Observatory-20220807-193001.npy,20220807,Arecibo-Observatory,19:30:01,19:45:01,200,0.25,15.0,86.625,3600,0,False,,
win-Arecibo-Observatory-20220808-111500.npy,20220808,Arecibo-Observatory,11:15:00,11:30:00,200,0.25,15.0,86.625,3600,0,False,,
win-Arecibo-Observatory-20220808-113000.npy,20220808,Arecibo-Observatory,11:30:00,11:45:00,200,0.25,15.0,86.625,3600,0,False,,
win-Arecibo-Observatory-20220808-114500.npy,20220808,Arecibo-Observatory,11:45:00,12:00:00,200,0.25,15.0,86.625,3600,1,False,,
win-Arecibo-Observatory-20220808-120001.npy,20220808,Arecibo-Observatory,12:00:01,12:15:01,200,0.25,15.0,86.625,3600,0,False,,
win-Arecibo-Observatory-20220808-121501.npy,20220808,Arecibo-Observatory,12:15:01,12:30:01,200,0.25,15.0,86.625,3600,0,False,,
win-Arecibo-Observatory-20220808-123001.npy,20220808,Arecibo-Observatory,12:30:01,12:45:01,200,0.25,15.0,86.625,3600,0,False,,
win-Arecibo-Observatory-20220808-124501.npy,20220808,Arecibo-Observatory,12:45:01,13:00:01,200,0.25,15.0,86.625,3600,1,False,,
win-Arecibo-Observatory-20220808-130001.npy,20220808,Arecibo-Observatory,13:00:01,13:15:01,200,0.25,15.0,86.625,3600,0,False,,
win-Arecibo-Observatory-20220808-131501.npy,20220808,Arecibo-Observatory,13:15:01,13:30:01,200,0.25,15.0,86.625,3600,0,False,,
win-Arecibo-Observatory-20220808-143001.npy,20220808,Arecibo-Observatory,14:30:01,14:45:01,200,0.25,15.0,86.625,3600,0,False,,
win-Arecibo-Observatory-20220808-144501.npy,20220808,Arecibo-Observatory,14:45:01,15:00:01,200,0.25,15.0,86.625,3600,0,False,,
win-Arecibo-Observatory-20220808-150001.npy,20220808,Arecibo-Observatory,15:00:01,15:15:01,200,0.25,15.0,86.625,3600,1,False,,
win-Arecibo-Observatory-20220808-151501.npy,20220808,Arecibo-Observatory,15:15:01,15:30:01,200,0.25,15.0,86.625,3600,0,False,,
win-Arecibo-Observatory-20220808-153001.npy,20220808,Arecibo-Observatory,15:30:01,15:45:01,200,0.25,15.0,86.625,3600,0,False,,
win-Arecibo-Observatory-20220808-164500.npy,20220808,Arecibo-Observatory,16:45:00,17:00:00,200,0.25,15.0,86.625,3600,0,False,,
win-Arecibo-Observatory-20220808-165959.npy,20220808,Arecibo-Observatory,16:59:59,17:14:59,200,0.25,15.0,86.625,3600,0,False,,
win-Arecibo-Observatory-20220808-171459.npy,20220808,Arecibo-Observatory,17:14:59,17:29:59,200,0.25,15.0,86.625,3600,0,False,,
win-Arecibo-Observatory-20220808-172959.npy,20220808,Arecibo-Observatory,17:29:59,17:44:59,200,0.25,15.0,86.625,3600,1,False,,
win-Arecibo-Observatory-20220808-174459.npy,20220808,Arecibo-Observatory,17:44:59,17:59:59,200,0.25,15.0,86.625,3600,0,False,,
win-Arecibo-Observatory-20220808-175959.npy,20220808,Arecibo-Observatory,17:59:59,18:14:59,200,0.25,15.0,86.625,3600,0,False,,
win-Arecibo-Observatory-20220811-153000.npy,20220811,Arecibo-Observatory,15:30:00,15:45:00,200,0.25,15.0,86.625,3600,0,False,,
win-Arecibo-Observatory-20220811-154501.npy,20220811,Arecibo-Observatory,15:45:01,16:00:01,200,0.25,15.0,86.625,3600,0,False,,
win-Arecibo-Observatory-20220811-160001.npy,20220811,Arecibo-Observatory,16:00:01,16:15:01,200,0.25,15.0,86.625,3600,1,False,,
win-Arecibo-Observatory-20220811-161501.npy,20220811,Arecibo-Observatory,16:15:01,16:29:57,200,0.25,15.0,86.625,3587,0,False,,
win-Arecibo-Observatory-20220811-163000.npy,20220811,Arecibo-Observatory,16:30:00,16:45:00,200,0.25,15.0,86.625,3600,0,False,,
win-Arecibo-Observatory-20220812-103000.npy,20220812,Arecibo-Observatory,10:30:00,10:45:00,200,0.25,15.0,86.625,3600,0,False,,
win-Arecibo-Observatory-20220812-104500.npy,20220812,Arecibo-Observatory,10:45:00,11:00:00,200,0.25,15.0,86.625,3600,0,False,,
win-Arecibo-Observatory-20220812-110000.npy,20220812,Arecibo-Observatory,11:00:00,11:15:00,200,0.25,15.0,86.625,3600,1,False,,
win-Arecibo-Observatory-20220812-111500.npy,20220812,Arecibo-Observatory,11:15:00,11:30:00,200,0.25,15.0,86.625,3600,1,False,,
win-Arecibo-Observatory-20220812-113000.npy,20220812,Arecibo-Observatory,11:30:00,11:45:00,200,0.25,15.0,86.625,3600,0,False,,
win-Arecibo-Observatory-20220812-114500.npy,20220812,Arecibo-Observatory,11:45:00,12:00:00,200,0.25,15.0,86.625,3600,0,False,,
win-Arecibo-Observatory-20220812-120000.npy,20220812,Arecibo-Observatory,12:00:00,12:15:00,200,0.25,15.0,86.625,3600,0,False,,
win-Arecibo-Observatory-20220812-121501.npy,20220812,Arecibo-Observatory,12:15:01,12:30:01,200,0.25,15.0,86.625,3600,0,False,,
win-Arecibo-Observatory-20220812-123000.npy,20220812,Arecibo-Observatory,12:30:00,12:45:00,200,0.25,15.0,86.625,3600,1,False,,
win-Arecibo-Observatory-20220812-124500.npy,20220812,Arecibo-Observatory,12:45:00,13:00:00,200,0.25,15.0,86.625,3600,0,False,,
win-Arecibo-Observatory-20220812-130001.npy,20220812,Arecibo-Observatory,13:00:01,13:15:01,200,0.25,15.0,86.625,3600,0,False,,
win-Arecibo-Observatory-20220812-144501.npy,20220812,Arecibo-Observatory,14:45:01,15:00:01,200,0.25,15.0,86.625,3600,0,False,,
win-Arecibo-Observatory-20220812-150001.npy,20220812,Arecibo-Observatory,15:00:01,15:15:01,200,0.25,15.0,86.625,3600,0,False,,
win-Arecibo-Observatory-20220812-151501.npy,20220812,Arecibo-Observatory,15:15:01,15:30:01,200,0.25,15.0,86.625,3600,1,False,,
win-Arecibo-Observatory-20220812-153001.npy,20220812,Arecibo-Observatory,15:30:01,15:45:01,200,0.25,15.0,86.625,3600,0,False,,
win-Arecibo-Observatory-20220812-154501.npy,20220812,Arecibo-Observatory,15:45:01,16:00:01,200,0.25,15.0,86.625,3600,0,False,,
win-Arecibo-Observatory-20220813-120000.npy,20220813,Arecibo-Observatory,12:00:00,12:15:00,200,0.25,15.0,86.625,3600,0,False,,
win-Arecibo-Observatory-20220813-121500.npy,20220813,Arecibo-Observatory,12:15:00,12:30:00,200,0.25,15.0,86.625,3600,0,False,,
win-Arecibo-Observatory-20220813-123000.npy,20220813,Arecibo-Observatory,12:30:00,12:45:00,200,0.25,15.0,86.625,3600,1,False,,
win-Arecibo-Observatory-20220813-124500.npy,20220813,Arecibo-Observatory,12:45:00,13:00:00,200,0.25,15.0,86.625,3600,1,False,,
win-Arecibo-Observatory-20220813-130001.npy,20220813,Arecibo-Observatory,13:00:01,13:15:01,200,0.25,15.0,86.625,3600,0,False,,
win-Arecibo-Observatory-20220813-131501.npy,20220813,Arecibo-Observatory,13:15:01,13:30:01,200,0.25,15.0,86.625,3600,0,False,,
win-Arecibo-Observatory-20220814-113000.npy,20220814,Arecibo-Observatory,11:30:00,11:45:00,200,0.25,15.0,86.625,3600,0,False,,
win-Arecibo-Observatory-20220814-114500.npy,20220814,Arecibo-Observatory,11:45:00,12:00:00,200,0.25,15.0,86.625,3600,0,False,,
win-Arecibo-Observatory-20220814-120000.npy,20220814,Arecibo-Observatory,12:00:00,12:15:00,200,0.25,15.0,86.625,3600,2,False,,
win-Arecibo-Observatory-20220814-121500.npy,20220814,Arecibo-Observatory,12:15:00,12:30:00,200,0.25,15.0,86.625,3600,1,False,,
win-Arecibo-Observatory-20220814-123000.npy,20220814,Arecibo-Observatory,12:30:00,12:45:00,200,0.25,15.0,86.625,3600,0,False,,
win-Arecibo-Observatory-20220814-124500.npy,20220814,Arecibo-Observatory,12:45:00,13:00:00,200,0.25,15.0,86.625,3600,0,False,,
win-Arecibo-Observatory-20220814-181459.npy,20220814,Arecibo-Observatory,18:14:59,18:29:59,200,0.25,15.0,86.625,3600,0,False,,
win-Arecibo-Observatory-20220814-182959.npy,20220814,Arecibo-Observatory,18:29:59,18:44:59,200,0.25,15.0,86.625,3600,0,False,,
win-Arecibo-Observatory-20220814-184459.npy,20220814,Arecibo-Observatory,18:44:59,18:59:59,200,0.25,15.0,86.625,3600,1,False,,
win-Arecibo-Observatory-20220814-185959.npy,20220814,Arecibo-Observatory,18:59:59,19:14:59,200,0.25,15.0,86.625,3600,1,False,,II
win-Arecibo-Observatory-20220814-191459.npy,20220814,Arecibo-Observatory,19:14:59,19:29:59,200,0.25,15.0,86.625,3600,0,True,offclass_event_in_negative_window,II
win-Arecibo-Observatory-20220814-192959.npy,20220814,Arecibo-Observatory,19:29:59,19:44:59,200,0.25,15.0,86.625,3600,0,False,,
win-Arecibo-Observatory-20220815-124500.npy,20220815,Arecibo-Observatory,12:45:00,13:00:00,200,0.25,15.0,86.625,3600,0,True,offclass_event_in_negative_window,CTM
win-Arecibo-Observatory-20220815-130001.npy,20220815,Arecibo-Observatory,13:00:01,13:15:01,200,0.25,15.0,86.625,3600,0,True,offclass_event_in_negative_window,CTM
win-Arecibo-Observatory-20220815-131500.npy,20220815,Arecibo-Observatory,13:15:00,13:30:00,200,0.25,15.0,86.625,3600,1,False,,CTM
win-Arecibo-Observatory-20220815-133000.npy,20220815,Arecibo-Observatory,13:30:00,13:45:00,200,0.25,15.0,86.625,3600,0,True,offclass_event_in_negative_window,CTM
win-Arecibo-Observatory-20220815-134501.npy,20220815,Arecibo-Observatory,13:45:01,14:00:01,200,0.25,15.0,86.625,3600,0,True,offclass_event_in_negative_window,CTM
win-Arecibo-Observatory-20220815-140001.npy,20220815,Arecibo-Observatory,14:00:01,14:15:01,200,0.25,15.0,86.625,3600,0,True,offclass_event_in_negative_window,CTM
win-Arecibo-Observatory-20220815-141501.npy,20220815,Arecibo-Observatory,14:15:01,14:30:01,200,0.25,15.0,86.625,3600,0,True,offclass_event_in_negative_window,CTM
win-Arecibo-Observatory-20220815-143001.npy,20220815,Arecibo-Observatory,14:30:01,14:45:01,200,0.25,15.0,86.625,3600,1,False,,CTM
win-Arecibo-Observatory-20220815-144501.npy,20220815,Arecibo-Observatory,14:45:01,15:00:01,200,0.25,15.0,86.625,3600,0,True,offclass_event_in_negative_window,CTM
win-Arecibo-Observatory-20220815-150001.npy,20220815,Arecibo-Observatory,15:00:01,15:15:01,200,0.25,15.0,86.625,3600,1,False,,CTM
win-Arecibo-Observatory-20220815-151501.npy,20220815,Arecibo-Observatory,15:15:01,15:30:01,200,0.25,15.0,86.625,3600,0,True,offclass_event_in_negative_window,CTM
win-Arecibo-Observatory-20220815-153001.npy,20220815,Arecibo-Observatory,15:30:01,15:45:01,200,0.25,15.0,86.625,3600,0,True,offclass_event_in_negative_window,CTM
win-Arecibo-Observatory-20220815-154501.npy,20220815,Arecibo-Observatory,15:45:01,16:00:01,200,0.25,15.0,86.625,3600,2,False,,CTM
win-Arecibo-Observatory-20220815-160001.npy,20220815,Arecibo-Observatory,16:00:01,16:15:01,200,0.25,15.0,86.625,3600,1,False,,
win-Arecibo-Observatory-20220815-161501.npy,20220815,Arecibo-Observatory,16:15:01,16:29:57,200,0.25,15.0,86.625,3586,0,False,,
win-Arecibo-Observatory-20220815-163000.npy,20220815,Arecibo-Observatory,16:30:00,16:45:00,200,0.25,15.0,86.625,3600,0,False,,
win-Arecibo-Observatory-20220815-164500.npy,20220815,Arecibo-Observatory,16:45:00,17:00:00,200,0.25,15.0,86.625,3600,1,False,,
win-Arecibo-Observatory-20220815-170000.npy,20220815,Arecibo-Observatory,17:00:00,17:15:00,200,0.25,15.0,86.625,3600,0,False,,
win-Arecibo-Observatory-20220815-171500.npy,20220815,Arecibo-Observatory,17:15:00,17:30:00,200,0.25,15.0,86.625,3600,0,False,,
win-Arecibo-Observatory-20220817-140001.npy,20220817,Arecibo-Observatory,14:00:01,14:15:01,200,0.25,15.0,86.625,3600,0,False,,
win-Arecibo-Observatory-20220817-141501.npy,20220817,Arecibo-Observatory,14:15:01,14:30:01,200,0.25,15.0,86.625,3600,0,False,,
win-Arecibo-Observatory-20220817-143001.npy,20220817,Arecibo-Observatory,14:30:01,14:45:01,200,0.25,15.0,86.625,3600,1,False,,
win-Arecibo-Observatory-20220817-144501.npy,20220817,Arecibo-Observatory,14:45:01,15:00:01,200,0.25,15.0,86.625,3600,1,False,,
win-Arecibo-Observatory-20220817-150001.npy,20220817,Arecibo-Observatory,15:00:01,15:15:01,200,0.25,15.0,86.625,3600,0,False,,
win-Arecibo-Observatory-20220817-151501.npy,20220817,Arecibo-Observatory,15:15:01,15:30:01,200,0.25,15.0,86.625,3600,0,False,,
win-Arecibo-Observatory-20220817-153001.npy,20220817,Arecibo-Observatory,15:30:01,15:45:01,200,0.25,15.0,86.625,3600,1,False,,
win-Arecibo-Observatory-20220817-154501.npy,20220817,Arecibo-Observatory,15:45:01,16:00:01,200,0.25,15.0,86.625,3600,0,False,,
win-Arecibo-Observatory-20220817-160001.npy,20220817,Arecibo-Observatory,16:00:01,16:15:01,200,0.25,15.0,86.625,3600,0,False,,
win-Arecibo-Observatory-20220818-101500.npy,20220818,Arecibo-Observatory,10:15:00,10:30:00,200,0.25,15.0,86.625,3600,0,False,,
win-Arecibo-Observatory-20220818-103000.npy,20220818,Arecibo-Observatory,10:30:00,10:45:00,200,0.25,15.0,86.625,3600,0,False,,
win-Arecibo-Observatory-20220818-104500.npy,20220818,Arecibo-Observatory,10:45:00,11:00:00,200,0.25,15.0,86.625,3600,1,False,,
win-Arecibo-Observatory-20220818-110000.npy,20220818,Arecibo-Observatory,11:00:00,11:15:00,200,0.25,15.0,86.625,3600,1,False,,
win-Arecibo-Observatory-20220818-111500.npy,20220818,Arecibo-Observatory,11:15:00,11:30:00,200,0.25,15.0,86.625,3600,0,False,,
win-Arecibo-Observatory-20220818-113000.npy,20220818,Arecibo-Observatory,11:30:00,11:45:00,200,0.25,15.0,86.625,3600,0,False,,
win-Arecibo-Observatory-20220818-114501.npy,20220818,Arecibo-Observatory,11:45:01,12:00:01,200,0.25,15.0,86.625,3600,0,False,,
win-Arecibo-Observatory-20220818-120001.npy,20220818,Arecibo-Observatory,12:00:01,12:15:01,200,0.25,15.0,86.625,3600,2,False,,VI
win-Arecibo-Observatory-20220818-121501.npy,20220818,Arecibo-Observatory,12:15:01,12:30:01,200,0.25,15.0,86.625,3600,0,True,only_edge_sliver_of_an_event,VI
win-Arecibo-Observatory-20220818-123000.npy,20220818,Arecibo-Observatory,12:30:00,12:45:00,200,0.25,15.0,86.625,3600,0,True,offclass_event_in_negative_window,VI
win-Arecibo-Observatory-20220818-150001.npy,20220818,Arecibo-Observatory,15:00:01,15:15:01,200,0.25,15.0,86.625,3600,0,False,,
win-Arecibo-Observatory-20220818-151501.npy,20220818,Arecibo-Observatory,15:15:01,15:30:01,200,0.25,15.0,86.625,3600,0,False,,
win-Arecibo-Observatory-20220818-153001.npy,20220818,Arecibo-Observatory,15:30:01,15:45:01,200,0.25,15.0,86.625,3600,1,False,,
win-Arecibo-Observatory-20220818-154501.npy,20220818,Arecibo-Observatory,15:45:01,16:00:01,200,0.25,15.0,86.625,3600,0,False,,
win-Arecibo-Observatory-20220818-160001.npy,20220818,Arecibo-Observatory,16:00:01,16:15:01,200,0.25,15.0,86.625,3600,0,False,,
win-Arecibo-Observatory-20220818-171459.npy,20220818,Arecibo-Observatory,17:14:59,17:29:59,200,0.25,15.0,86.625,3600,0,False,,
win-Arecibo-Observatory-20220818-172959.npy,20220818,Arecibo-Observatory,17:29:59,17:44:59,200,0.25,15.0,86.625,3600,0,False,,
win-Arecibo-Observatory-20220818-174459.npy,20220818,Arecibo-Observatory,17:44:59,17:59:59,200,0.25,15.0,86.625,3600,1,False,,
win-Arecibo-Observatory-20220818-175959.npy,20220818,Arecibo-Observatory,17:59:59,18:14:59,200,0.25,15.0,86.625,3600,0,True,only_edge_sliver_of_an_event,
win-Arecibo-Observatory-20220818-181459.npy,20220818,Arecibo-Observatory,18:14:59,18:29:59,200,0.25,15.0,86.625,3600,1,False,,
win-Arecibo-Observatory-20220818-182959.npy,20220818,Arecibo-Observatory,18:29:59,18:44:59,200,0.25,15.0,86.625,3600,0,False,,
win-Arecibo-Observatory-20220818-184459.npy,20220818,Arecibo-Observatory,18:44:59,18:59:59,200,0.25,15.0,86.625,3600,0,False,,
win-Arecibo-Observatory-20220819-103000.npy,20220819,Arecibo-Observatory,10:30:00,10:45:00,200,0.25,15.0,86.625,3600,0,False,,
win-Arecibo-Observatory-20220819-104500.npy,20220819,Arecibo-Observatory,10:45:00,11:00:00,200,0.25,15.0,86.625,3600,0,False,,
win-Arecibo-Observatory-20220819-110000.npy,20220819,Arecibo-Observatory,11:00:00,11:15:00,200,0.25,15.0,86.625,3600,1,False,,
win-Arecibo-Observatory-20220819-111500.npy,20220819,Arecibo-Observatory,11:15:00,11:30:00,200,0.25,15.0,86.625,3600,1,False,,
win-Arecibo-Observatory-20220819-113000.npy,20220819,Arecibo-Observatory,11:30:00,11:45:00,200,0.25,15.0,86.625,3600,0,False,,
win-Arecibo-Observatory-20220819-114500.npy,20220819,Arecibo-Observatory,11:45:00,12:00:00,200,0.25,15.0,86.625,3600,0,False,,
win-Arecibo-Observatory-20220819-140001.npy,20220819,Arecibo-Observatory,14:00:01,14:15:01,200,0.25,15.0,86.625,3600,0,False,,
win-Arecibo-Observatory-20220819-141501.npy,20220819,Arecibo-Observatory,14:15:01,14:30:01,200,0.25,15.0,86.625,3600,0,False,,
win-Arecibo-Observatory-20220819-143001.npy,20220819,Arecibo-Observatory,14:30:01,14:45:01,200,0.25,15.0,86.625,3600,1,False,,
win-Arecibo-Observatory-20220819-144501.npy,20220819,Arecibo-Observatory,14:45:01,15:00:01,200,0.25,15.0,86.625,3600,0,False,,
win-Arecibo-Observatory-20220819-150001.npy,20220819,Arecibo-Observatory,15:00:01,15:15:01,200,0.25,15.0,86.625,3600,0,False,,
win-Arecibo-Observatory-20220820-164500.npy,20220820,Arecibo-Observatory,16:45:00,17:00:00,200,0.25,15.0,86.625,3600,0,False,,
win-Arecibo-Observatory-20220820-165959.npy,20220820,Arecibo-Observatory,16:59:59,17:14:59,200,0.25,15.0,86.625,3600,0,False,,
win-Arecibo-Observatory-20220820-171459.npy,20220820,Arecibo-Observatory,17:14:59,17:29:59,200,0.25,15.0,86.625,3600,1,False,,
win-Arecibo-Observatory-20220820-172959.npy,20220820,Arecibo-Observatory,17:29:59,17:44:59,200,0.25,15.0,86.625,3600,0,False,,
win-Arecibo-Observatory-20220820-174459.npy,20220820,Arecibo-Observatory,17:44:59,17:59:59,200,0.25,15.0,86.625,3600,0,False,,
win-Arecibo-Observatory-20220823-130001.npy,20220823,Arecibo-Observatory,13:00:01,13:15:01,200,0.25,15.0,86.625,3600,0,False,,
win-Arecibo-Observatory-20220823-131501.npy,20220823,Arecibo-Observatory,13:15:01,13:30:01,200,0.25,15.0,86.625,3600,0,False,,
win-Arecibo-Observatory-20220823-133001.npy,20220823,Arecibo-Observatory,13:30:01,13:45:01,200,0.25,15.0,86.625,3600,1,False,,
win-Arecibo-Observatory-20220823-134501.npy,20220823,Arecibo-Observatory,13:45:01,14:00:01,200,0.25,15.0,86.625,3600,0,False,,
win-Arecibo-Observatory-20220823-140001.npy,20220823,Arecibo-Observatory,14:00:01,14:15:01,200,0.25,15.0,86.625,3600,0,False,,
win-Arecibo-Observatory-20220824-104500.npy,20220824,Arecibo-Observatory,10:45:00,11:00:00,200,0.25,15.0,86.625,3600,0,False,,
win-Arecibo-Observatory-20220824-110000.npy,20220824,Arecibo-Observatory,11:00:00,11:15:00,200,0.25,15.0,86.625,3600,0,False,,
win-Arecibo-Observatory-20220824-111500.npy,20220824,Arecibo-Observatory,11:15:00,11:30:00,200,0.25,15.0,86.625,3600,1,False,,
win-Arecibo-Observatory-20220824-113000.npy,20220824,Arecibo-Observatory,11:30:00,11:45:00,200,0.25,15.0,86.625,3600,1,False,,
win-Arecibo-Observatory-20220824-114500.npy,20220824,Arecibo-Observatory,11:45:00,12:00:00,200,0.25,15.0,86.625,3600,0,False,,
win-Arecibo-Observatory-20220824-120000.npy,20220824,Arecibo-Observatory,12:00:00,12:15:00,200,0.25,15.0,86.625,3600,0,False,,
win-Arecibo-Observatory-20220824-134501.npy,20220824,Arecibo-Observatory,13:45:01,14:00:01,200,0.25,15.0,86.625,3600,0,False,,
win-Arecibo-Observatory-20220824-140001.npy,20220824,Arecibo-Observatory,14:00:01,14:15:01,200,0.25,15.0,86.625,3600,0,False,,
win-Arecibo-Observatory-20220824-141501.npy,20220824,Arecibo-Observatory,14:15:01,14:30:01,200,0.25,15.0,86.625,3600,1,False,,
win-Arecibo-Observatory-20220824-143001.npy,20220824,Arecibo-Observatory,14:30:01,14:45:01,200,0.25,15.0,86.625,3600,0,True,offclass_event_in_negative_window,VI
win-Arecibo-Observatory-20220824-144501.npy,20220824,Arecibo-Observatory,14:45:01,15:00:01,200,0.25,15.0,86.625,3600,0,True,offclass_event_in_negative_window,VI
win-Arecibo-Observatory-20220824-164500.npy,20220824,Arecibo-Observatory,16:45:00,17:00:00,200,0.25,15.0,86.625,3600,0,False,,
win-Arecibo-Observatory-20220824-165959.npy,20220824,Arecibo-Observatory,16:59:59,17:14:59,200,0.25,15.0,86.625,3600,0,False,,
win-Arecibo-Observatory-20220824-171459.npy,20220824,Arecibo-Observatory,17:14:59,17:29:59,200,0.25,15.0,86.625,3600,1,False,,
win-Arecibo-Observatory-20220824-172959.npy,20220824,Arecibo-Observatory,17:29:59,17:44:59,200,0.25,15.0,86.625,3600,0,False,,
win-Arecibo-Observatory-20220824-174459.npy,20220824,Arecibo-Observatory,17:44:59,17:59:59,200,0.25,15.0,86.625,3600,0,False,,
win-Arecibo-Observatory-20220825-124501.npy,20220825,Arecibo-Observatory,12:45:01,13:00:01,200,0.25,15.0,86.625,3600,0,False,,
win-Arecibo-Observatory-20220825-130001.npy,20220825,Arecibo-Observatory,13:00:01,13:15:01,200,0.25,15.0,86.625,3600,0,False,,
win-Arecibo-Observatory-20220825-131501.npy,20220825,Arecibo-Observatory,13:15:01,13:30:01,200,0.25,15.0,86.625,3600,1,False,,
win-Arecibo-Observatory-20220825-133001.npy,20220825,Arecibo-Observatory,13:30:01,13:45:01,200,0.25,15.0,86.625,3600,0,False,,
win-Arecibo-Observatory-20220825-134501.npy,20220825,Arecibo-Observatory,13:45:01,14:00:01,200,0.25,15.0,86.625,3600,0,False,,
win-Arecibo-Observatory-20220825-143001.npy,20220825,Arecibo-Observatory,14:30:01,14:45:01,200,0.25,15.0,86.625,3600,0,False,,
win-Arecibo-Observatory-20220825-144501.npy,20220825,Arecibo-Observatory,14:45:01,15:00:01,200,0.25,15.0,86.625,3600,0,False,,
win-Arecibo-Observatory-20220825-150001.npy,20220825,Arecibo-Observatory,15:00:01,15:15:01,200,0.25,15.0,86.625,3600,1,False,,
win-Arecibo-Observatory-20220825-151501.npy,20220825,Arecibo-Observatory,15:15:01,15:30:01,200,0.25,15.0,86.625,3600,0,False,,
win-Arecibo-Observatory-20220825-153001.npy,20220825,Arecibo-Observatory,15:30:01,15:45:01,200,0.25,15.0,86.625,3600,0,False,,
win-Arecibo-Observatory-20220825-154501.npy,20220825,Arecibo-Observatory,15:45:01,16:00:01,200,0.25,15.0,86.625,3600,0,False,,
win-Arecibo-Observatory-20220825-160001.npy,20220825,Arecibo-Observatory,16:00:01,16:15:01,200,0.25,15.0,86.625,3600,0,False,,
win-Arecibo-Observatory-20220825-161501.npy,20220825,Arecibo-Observatory,16:15:01,16:29:57,200,0.25,15.0,86.625,3587,1,False,,
win-Arecibo-Observatory-20220825-163000.npy,20220825,Arecibo-Observatory,16:30:00,16:45:00,200,0.25,15.0,86.625,3600,1,False,,
win-Arecibo-Observatory-20220825-164500.npy,20220825,Arecibo-Observatory,16:45:00,17:00:00,200,0.25,15.0,86.625,3600,0,False,,
win-Arecibo-Observatory-20220825-170000.npy,20220825,Arecibo-Observatory,17:00:00,17:15:00,200,0.25,15.0,86.625,3600,0,False,,
win-Arecibo-Observatory-20220826-150001.npy,20220826,Arecibo-Observatory,15:00:01,15:15:01,200,0.25,15.0,86.625,3600,0,False,,
win-Arecibo-Observatory-20220826-151501.npy,20220826,Arecibo-Observatory,15:15:01,15:30:01,200,0.25,15.0,86.625,3600,0,False,,
win-Arecibo-Observatory-20220826-153001.npy,20220826,Arecibo-Observatory,15:30:01,15:45:01,200,0.25,15.0,86.625,3600,0,False,,
win-Arecibo-Observatory-20220826-154501.npy,20220826,Arecibo-Observatory,15:45:01,16:00:01,200,0.25,15.0,86.625,3600,1,False,,
win-Arecibo-Observatory-20220826-160001.npy,20220826,Arecibo-Observatory,16:00:01,16:15:01,200,0.25,15.0,86.625,3600,0,False,,
win-Arecibo-Observatory-20220826-181459.npy,20220826,Arecibo-Observatory,18:14:59,18:29:59,200,0.25,15.0,86.625,3600,0,False,,
win-Arecibo-Observatory-20220826-182959.npy,20220826,Arecibo-Observatory,18:29:59,18:44:59,200,0.25,15.0,86.625,3600,0,False,,
win-Arecibo-Observatory-20220826-184459.npy,20220826,Arecibo-Observatory,18:44:59,18:59:59,200,0.25,15.0,86.625,3600,1,False,,
win-Arecibo-Observatory-20220826-185959.npy,20220826,Arecibo-Observatory,18:59:59,19:14:59,200,0.25,15.0,86.625,3600,0,False,,
win-Arecibo-Observatory-20220826-191459.npy,20220826,Arecibo-Observatory,19:14:59,19:29:59,200,0.25,15.0,86.625,3600,0,False,,
win-Arecibo-Observatory-20220827-100000.npy,20220827,Arecibo-Observatory,10:00:00,10:15:00,200,0.25,15.0,86.625,3600,0,False,,
win-Arecibo-Observatory-20220827-101500.npy,20220827,Arecibo-Observatory,10:15:00,10:30:00,200,0.25,15.0,86.625,3600,1,False,,
win-Arecibo-Observatory-20220827-103000.npy,20220827,Arecibo-Observatory,10:30:00,10:45:00,200,0.25,15.0,86.625,3600,1,False,,
win-Arecibo-Observatory-20220827-104500.npy,20220827,Arecibo-Observatory,10:45:00,11:00:00,200,0.25,15.0,86.625,3600,0,False,,
win-Arecibo-Observatory-20220827-110000.npy,20220827,Arecibo-Observatory,11:00:00,11:15:00,200,0.25,15.0,86.625,3600,0,False,,
win-Arecibo-Observatory-20220827-111500.npy,20220827,Arecibo-Observatory,11:15:00,11:30:00,200,0.25,15.0,86.625,3600,1,False,,
win-Arecibo-Observatory-20220827-113000.npy,20220827,Arecibo-Observatory,11:30:00,11:45:00,200,0.25,15.0,86.625,3600,0,False,,
win-Arecibo-Observatory-20220827-114500.npy,20220827,Arecibo-Observatory,11:45:00,12:00:00,200,0.25,15.0,86.625,3600,0,False,,
win-Arecibo-Observatory-20220827-120001.npy,20220827,Arecibo-Observatory,12:00:01,12:15:01,200,0.25,15.0,86.625,3600,0,False,,
win-Arecibo-Observatory-20220827-121500.npy,20220827,Arecibo-Observatory,12:15:00,12:30:00,200,0.25,15.0,86.625,3600,0,False,,
win-Arecibo-Observatory-20220827-123000.npy,20220827,Arecibo-Observatory,12:30:00,12:45:00,200,0.25,15.0,86.625,3600,0,False,,
win-Arecibo-Observatory-20220827-124501.npy,20220827,Arecibo-Observatory,12:45:01,13:00:01,200,0.25,15.0,86.625,3600,1,False,,
win-Arecibo-Observatory-20220827-130001.npy,20220827,Arecibo-Observatory,13:00:01,13:15:01,200,0.25,15.0,86.625,3600,0,False,,
win-Arecibo-Observatory-20220827-131501.npy,20220827,Arecibo-Observatory,13:15:01,13:30:01,200,0.25,15.0,86.625,3600,0,False,,
win-Arecibo-Observatory-20220827-154501.npy,20220827,Arecibo-Observatory,15:45:01,16:00:01,200,0.25,15.0,86.625,3600,0,False,,
win-Arecibo-Observatory-20220827-160001.npy,20220827,Arecibo-Observatory,16:00:01,16:15:01,200,0.25,15.0,86.625,3600,0,False,,
win-Arecibo-Observatory-20220827-161501.npy,20220827,Arecibo-Observatory,16:15:01,16:29:57,200,0.25,15.0,86.625,3586,1,False,,
win-Arecibo-Observatory-20220827-163000.npy,20220827,Arecibo-Observatory,16:30:00,16:45:00,200,0.25,15.0,86.625,3600,0,False,,
win-Arecibo-Observatory-20220827-164500.npy,20220827,Arecibo-Observatory,16:45:00,17:00:00,200,0.25,15.0,86.625,3600,0,False,,
win-Arecibo-Observatory-20220827-181500.npy,20220827,Arecibo-Observatory,18:15:00,18:30:00,200,0.25,15.0,86.625,3600,0,False,,
win-Arecibo-Observatory-20220827-183000.npy,20220827,Arecibo-Observatory,18:30:00,18:45:00,200,0.25,15.0,86.625,3600,0,False,,
win-Arecibo-Observatory-20220827-184500.npy,20220827,Arecibo-Observatory,18:45:00,19:00:00,200,0.25,15.0,86.625,3600,1,False,,
win-Arecibo-Observatory-20220827-190000.npy,20220827,Arecibo-Observatory,19:00:00,19:15:00,200,0.25,15.0,86.625,3600,0,False,,
win-Arecibo-Observatory-20220827-191500.npy,20220827,Arecibo-Observatory,19:15:00,19:30:00,200,0.25,15.0,86.625,3600,0,False,,
win-Arecibo-Observatory-20220828-153001.npy,20220828,Arecibo-Observatory,15:30:01,15:45:01,200,0.25,15.0,86.625,3600,0,False,,
win-Arecibo-Observatory-20220828-154501.npy,20220828,Arecibo-Observatory,15:45:01,16:00:01,200,0.25,15.0,86.625,3600,0,False,,
win-Arecibo-Observatory-20220828-160001.npy,20220828,Arecibo-Observatory,16:00:01,16:15:01,200,0.25,15.0,86.625,3600,2,False,,IV
win-Arecibo-Observatory-20220828-161501.npy,20220828,Arecibo-Observatory,16:15:01,16:29:57,200,0.25,15.0,86.625,3587,0,True,offclass_event_in_negative_window,IV
win-Arecibo-Observatory-20220828-163000.npy,20220828,Arecibo-Observatory,16:30:00,16:45:00,200,0.25,15.0,86.625,3600,0,True,offclass_event_in_negative_window,IV
win-Arecibo-Observatory-20220829-151501.npy,20220829,Arecibo-Observatory,15:15:01,15:30:01,200,0.25,15.0,86.625,3600,0,False,,
win-Arecibo-Observatory-20220829-153001.npy,20220829,Arecibo-Observatory,15:30:01,15:45:01,200,0.25,15.0,86.625,3600,0,False,,
win-Arecibo-Observatory-20220829-154501.npy,20220829,Arecibo-Observatory,15:45:01,16:00:01,200,0.25,15.0,86.625,3600,1,False,,
win-Arecibo-Observatory-20220829-160001.npy,20220829,Arecibo-Observatory,16:00:01,16:15:01,200,0.25,15.0,86.625,3600,1,False,,
win-Arecibo-Observatory-20220829-161501.npy,20220829,Arecibo-Observatory,16:15:01,16:29:57,200,0.25,15.0,86.625,3586,0,False,,
win-Arecibo-Observatory-20220829-163000.npy,20220829,Arecibo-Observatory,16:30:00,16:45:00,200,0.25,15.0,86.625,3600,0,False,,
win-Arecibo-Observatory-20220829-171500.npy,20220829,Arecibo-Observatory,17:15:00,17:30:00,200,0.25,15.0,86.625,3600,0,True,offclass_event_in_negative_window,RBR
win-Arecibo-Observatory-20220829-173000.npy,20220829,Arecibo-Observatory,17:30:00,17:45:00,200,0.25,15.0,86.625,3600,0,True,offclass_event_in_negative_window,RBR
win-Arecibo-Observatory-20220829-174500.npy,20220829,Arecibo-Observatory,17:45:00,18:00:00,200,0.25,15.0,86.625,3600,1,False,,RBR
win-Arecibo-Observatory-20220829-180000.npy,20220829,Arecibo-Observatory,18:00:00,18:15:00,200,0.25,15.0,86.625,3600,0,False,,
win-Arecibo-Observatory-20220829-181500.npy,20220829,Arecibo-Observatory,18:15:00,18:30:00,200,0.25,15.0,86.625,3600,0,False,,
win-Arecibo-Observatory-20220829-184500.npy,20220829,Arecibo-Observatory,18:45:00,19:00:00,200,0.25,15.0,86.625,3600,0,False,,
win-Arecibo-Observatory-20220829-190000.npy,20220829,Arecibo-Observatory,19:00:00,19:15:00,200,0.25,15.0,86.625,3600,0,False,,
win-Arecibo-Observatory-20220829-191500.npy,20220829,Arecibo-Observatory,19:15:00,19:30:00,200,0.25,15.0,86.625,3600,1,False,,
win-Arecibo-Observatory-20220829-193000.npy,20220829,Arecibo-Observatory,19:30:00,19:45:00,200,0.25,15.0,86.625,3600,0,False,,
win-Arecibo-Observatory-20220829-194500.npy,20220829,Arecibo-Observatory,19:45:00,20:00:00,200,0.25,15.0,86.625,3600,1,False,,
win-Arecibo-Observatory-20220829-200001.npy,20220829,Arecibo-Observatory,20:00:01,20:15:01,200,0.25,15.0,86.625,3600,0,False,,
win-Arecibo-Observatory-20220829-201500.npy,20220829,Arecibo-Observatory,20:15:00,20:30:00,200,0.25,15.0,86.625,3600,0,False,,
win-Arecibo-Observatory-20220830-165959.npy,20220830,Arecibo-Observatory,16:59:59,17:14:59,200,0.25,15.0,86.625,3600,0,False,,
win-Arecibo-Observatory-20220830-171459.npy,20220830,Arecibo-Observatory,17:14:59,17:29:59,200,0.25,15.0,86.625,3600,0,False,,
win-Arecibo-Observatory-20220830-172959.npy,20220830,Arecibo-Observatory,17:29:59,17:44:59,200,0.25,15.0,86.625,3600,1,False,,
win-Arecibo-Observatory-20220830-174459.npy,20220830,Arecibo-Observatory,17:44:59,17:59:59,200,0.25,15.0,86.625,3600,0,False,,
win-Arecibo-Observatory-20220830-175959.npy,20220830,Arecibo-Observatory,17:59:59,18:14:59,200,0.25,15.0,86.625,3600,0,False,,
win-Arecibo-Observatory-20220830-181459.npy,20220830,Arecibo-Observatory,18:14:59,18:29:59,200,0.25,15.0,86.625,3600,0,False,,
win-Arecibo-Observatory-20220903-181459.npy,20220903,Arecibo-Observatory,18:14:59,18:29:59,200,0.25,15.0,86.625,3600,0,False,,
win-Arecibo-Observatory-20220903-182959.npy,20220903,Arecibo-Observatory,18:29:59,18:44:59,200,0.25,15.0,86.625,3600,0,False,,
win-Arecibo-Observatory-20220903-184459.npy,20220903,Arecibo-Observatory,18:44:59,18:59:59,200,0.25,15.0,86.625,3600,1,False,,
win-Arecibo-Observatory-20220903-185959.npy,20220903,Arecibo-Observatory,18:59:59,19:14:59,200,0.25,15.0,86.625,3600,0,False,,
win-Arecibo-Observatory-20220903-191459.npy,20220903,Arecibo-Observatory,19:14:59,19:29:59,200,0.25,15.0,86.625,3600,0,False,,
win-Arecibo-Observatory-20220905-110000.npy,20220905,Arecibo-Observatory,11:00:00,11:15:00,200,0.25,15.0,86.625,3600,0,False,,
win-Arecibo-Observatory-20220905-111500.npy,20220905,Arecibo-Observatory,11:15:00,11:30:00,200,0.25,15.0,86.625,3600,0,False,,
win-Arecibo-Observatory-20220905-113000.npy,20220905,Arecibo-Observatory,11:30:00,11:45:00,200,0.25,15.0,86.625,3600,1,False,,
win-Arecibo-Observatory-20220905-114500.npy,20220905,Arecibo-Observatory,11:45:00,12:00:00,200,0.25,15.0,86.625,3600,0,False,,
win-Arecibo-Observatory-20220905-120000.npy,20220905,Arecibo-Observatory,12:00:00,12:15:00,200,0.25,15.0,86.625,3600,0,False,,
win-Arecibo-Observatory-20220905-124501.npy,20220905,Arecibo-Observatory,12:45:01,13:00:01,200,0.25,15.0,86.625,3600,0,False,,
win-Arecibo-Observatory-20220905-130001.npy,20220905,Arecibo-Observatory,13:00:01,13:15:01,200,0.25,15.0,86.625,3600,0,False,,
win-Arecibo-Observatory-20220905-131501.npy,20220905,Arecibo-Observatory,13:15:01,13:30:01,200,0.25,15.0,86.625,3600,1,False,,
win-Arecibo-Observatory-20220905-133001.npy,20220905,Arecibo-Observatory,13:30:01,13:45:01,200,0.25,15.0,86.625,3600,0,False,,
win-Arecibo-Observatory-20220905-134501.npy,20220905,Arecibo-Observatory,13:45:01,14:00:01,200,0.25,15.0,86.625,3600,0,False,,
win-Arecibo-Observatory-20220905-154501.npy,20220905,Arecibo-Observatory,15:45:01,16:00:01,200,0.25,15.0,86.625,3600,0,False,,
win-Arecibo-Observatory-20220905-160001.npy,20220905,Arecibo-Observatory,16:00:01,16:15:01,200,0.25,15.0,86.625,3600,0,False,,
win-Arecibo-Observatory-20220905-161501.npy,20220905,Arecibo-Observatory,16:15:01,16:29:57,200,0.25,15.0,86.625,3586,1,False,,
win-Arecibo-Observatory-20220905-163000.npy,20220905,Arecibo-Observatory,16:30:00,16:45:00,200,0.25,15.0,86.625,3600,0,False,,
win-Arecibo-Observatory-20220905-164500.npy,20220905,Arecibo-Observatory,16:45:00,17:00:00,200,0.25,15.0,86.625,3600,0,False,,
win-Arecibo-Observatory-20220905-165959.npy,20220905,Arecibo-Observatory,16:59:59,17:14:59,200,0.25,15.0,86.625,3600,0,False,,
win-Arecibo-Observatory-20220905-171459.npy,20220905,Arecibo-Observatory,17:14:59,17:29:59,200,0.25,15.0,86.625,3600,0,False,,
win-Arecibo-Observatory-20220905-172959.npy,20220905,Arecibo-Observatory,17:29:59,17:44:59,200,0.25,15.0,86.625,3600,1,False,,
win-Arecibo-Observatory-20220905-174459.npy,20220905,Arecibo-Observatory,17:44:59,17:59:59,200,0.25,15.0,86.625,3600,0,False,,
win-Arecibo-Observatory-20220905-175959.npy,20220905,Arecibo-Observatory,17:59:59,18:14:59,200,0.25,15.0,86.625,3600,0,False,,
win-Arecibo-Observatory-20220906-111500.npy,20220906,Arecibo-Observatory,11:15:00,11:30:00,200,0.25,15.0,86.625,3600,0,False,,
win-Arecibo-Observatory-20220906-113000.npy,20220906,Arecibo-Observatory,11:30:00,11:45:00,200,0.25,15.0,86.625,3600,0,False,,
win-Arecibo-Observatory-20220906-114500.npy,20220906,Arecibo-Observatory,11:45:00,12:00:00,200,0.25,15.0,86.625,3600,1,False,,
win-Arecibo-Observatory-20220906-120000.npy,20220906,Arecibo-Observatory,12:00:00,12:15:00,200,0.25,15.0,86.625,3600,0,False,,
win-Arecibo-Observatory-20220906-121501.npy,20220906,Arecibo-Observatory,12:15:01,12:30:01,200,0.25,15.0,86.625,3600,0,False,,
win-Arecibo-Observatory-20220906-163000.npy,20220906,Arecibo-Observatory,16:30:00,16:45:00,200,0.25,15.0,86.625,3600,0,False,,
win-Arecibo-Observatory-20220906-164500.npy,20220906,Arecibo-Observatory,16:45:00,17:00:00,200,0.25,15.0,86.625,3600,0,False,,
win-Arecibo-Observatory-20220906-170000.npy,20220906,Arecibo-Observatory,17:00:00,17:15:00,200,0.25,15.0,86.625,3600,1,False,,
win-Arecibo-Observatory-20220906-171500.npy,20220906,Arecibo-Observatory,17:15:00,17:30:00,200,0.25,15.0,86.625,3600,0,False,,
win-Arecibo-Observatory-20220906-173000.npy,20220906,Arecibo-Observatory,17:30:00,17:45:00,200,0.25,15.0,86.625,3600,0,False,,
win-Arecibo-Observatory-20220909-144501.npy,20220909,Arecibo-Observatory,14:45:01,15:00:01,200,0.25,15.0,86.625,3600,0,False,,
win-Arecibo-Observatory-20220909-150001.npy,20220909,Arecibo-Observatory,15:00:01,15:15:01,200,0.25,15.0,86.625,3600,0,False,,
win-Arecibo-Observatory-20220909-151501.npy,20220909,Arecibo-Observatory,15:15:01,15:30:01,200,0.25,15.0,86.625,3600,1,False,,
win-Arecibo-Observatory-20220909-153001.npy,20220909,Arecibo-Observatory,15:30:01,15:45:01,200,0.25,15.0,86.625,3600,0,False,,
win-Arecibo-Observatory-20220909-154501.npy,20220909,Arecibo-Observatory,15:45:01,16:00:01,200,0.25,15.0,86.625,3600,0,False,,
win-Arecibo-Observatory-20220909-161501.npy,20220909,Arecibo-Observatory,16:15:01,16:29:57,200,0.25,15.0,86.625,3586,0,False,,
win-Arecibo-Observatory-20220909-163000.npy,20220909,Arecibo-Observatory,16:30:00,16:45:00,200,0.25,15.0,86.625,3600,0,False,,
win-Arecibo-Observatory-20220909-164500.npy,20220909,Arecibo-Observatory,16:45:00,17:00:00,200,0.25,15.0,86.625,3600,1,False,,
win-Arecibo-Observatory-20220909-165959.npy,20220909,Arecibo-Observatory,16:59:59,17:14:59,200,0.25,15.0,86.625,3600,0,False,,
win-Arecibo-Observatory-20220909-171459.npy,20220909,Arecibo-Observatory,17:14:59,17:29:59,200,0.25,15.0,86.625,3600,0,False,,
win-Arecibo-Observatory-20220911-114500.npy,20220911,Arecibo-Observatory,11:45:00,12:00:00,200,0.25,15.0,86.625,3600,0,False,,
win-Arecibo-Observatory-20220911-120000.npy,20220911,Arecibo-Observatory,12:00:00,12:15:00,200,0.25,15.0,86.625,3600,0,False,,
win-Arecibo-Observatory-20220911-121500.npy,20220911,Arecibo-Observatory,12:15:00,12:30:00,200,0.25,15.0,86.625,3600,1,False,,
win-Arecibo-Observatory-20220911-123001.npy,20220911,Arecibo-Observatory,12:30:01,12:45:01,200,0.25,15.0,86.625,3600,0,False,,
win-Arecibo-Observatory-20220911-124500.npy,20220911,Arecibo-Observatory,12:45:00,13:00:00,200,0.25,15.0,86.625,3600,0,False,,
win-Arecibo-Observatory-20220911-131500.npy,20220911,Arecibo-Observatory,13:15:00,13:30:00,200,0.25,15.0,86.625,3600,0,False,,
win-Arecibo-Observatory-20220911-133001.npy,20220911,Arecibo-Observatory,13:30:01,13:45:01,200,0.25,15.0,86.625,3600,0,False,,
win-Arecibo-Observatory-20220911-134500.npy,20220911,Arecibo-Observatory,13:45:00,14:00:00,200,0.25,15.0,86.625,3600,1,False,,
win-Arecibo-Observatory-20220911-140000.npy,20220911,Arecibo-Observatory,14:00:00,14:15:00,200,0.25,15.0,86.625,3600,0,False,,
win-Arecibo-Observatory-20220911-141500.npy,20220911,Arecibo-Observatory,14:15:00,14:30:00,200,0.25,15.0,86.625,3600,0,False,,
win-Arecibo-Observatory-20220911-143001.npy,20220911,Arecibo-Observatory,14:30:01,14:45:01,200,0.25,15.0,86.625,3600,0,False,,
win-Arecibo-Observatory-20220911-144501.npy,20220911,Arecibo-Observatory,14:45:01,15:00:01,200,0.25,15.0,86.625,3600,1,False,,
win-Arecibo-Observatory-20220911-150001.npy,20220911,Arecibo-Observatory,15:00:01,15:15:01,200,0.25,15.0,86.625,3600,0,False,,
win-Arecibo-Observatory-20220911-151501.npy,20220911,Arecibo-Observatory,15:15:01,15:30:01,200,0.25,15.0,86.625,3600,0,False,,
win-Arecibo-Observatory-20220911-153001.npy,20220911,Arecibo-Observatory,15:30:01,15:45:01,200,0.25,15.0,86.625,3600,1,False,,
win-Arecibo-Observatory-20220911-154501.npy,20220911,Arecibo-Observatory,15:45:01,16:00:01,200,0.25,15.0,86.625,3600,1,False,,
win-Arecibo-Observatory-20220911-160001.npy,20220911,Arecibo-Observatory,16:00:01,16:15:01,200,0.25,15.0,86.625,3600,0,False,,
win-Arecibo-Observatory-20220911-161501.npy,20220911,Arecibo-Observatory,16:15:01,16:29:57,200,0.25,15.0,86.625,3586,0,False,,
win-Arecibo-Observatory-20220911-163000.npy,20220911,Arecibo-Observatory,16:30:00,16:45:00,200,0.25,15.0,86.625,3600,1,False,,
win-Arecibo-Observatory-20220911-164500.npy,20220911,Arecibo-Observatory,16:45:00,17:00:00,200,0.25,15.0,86.625,3600,0,False,,
win-Arecibo-Observatory-20220911-165959.npy,20220911,Arecibo-Observatory,16:59:59,17:14:59,200,0.25,15.0,86.625,3600,0,False,,
win-Arecibo-Observatory-20220912-134501.npy,20220912,Arecibo-Observatory,13:45:01,14:00:01,200,0.25,15.0,86.625,3600,0,False,,
win-Arecibo-Observatory-20220912-140001.npy,20220912,Arecibo-Observatory,14:00:01,14:15:01,200,0.25,15.0,86.625,3600,0,False,,
win-Arecibo-Observatory-20220912-141501.npy,20220912,Arecibo-Observatory,14:15:01,14:30:01,200,0.25,15.0,86.625,3600,1,False,,
win-Arecibo-Observatory-20220912-143001.npy,20220912,Arecibo-Observatory,14:30:01,14:45:01,200,0.25,15.0,86.625,3600,0,False,,
win-Arecibo-Observatory-20220912-144501.npy,20220912,Arecibo-Observatory,14:45:01,15:00:01,200,0.25,15.0,86.625,3600,0,False,,
win-Arecibo-Observatory-20220912-174500.npy,20220912,Arecibo-Observatory,17:45:00,18:00:00,200,0.25,15.0,86.625,3600,0,False,,
win-Arecibo-Observatory-20220912-180000.npy,20220912,Arecibo-Observatory,18:00:00,18:15:00,200,0.25,15.0,86.625,3600,0,False,,
win-Arecibo-Observatory-20220912-181500.npy,20220912,Arecibo-Observatory,18:15:00,18:30:00,200,0.25,15.0,86.625,3600,1,False,,
win-Arecibo-Observatory-20220912-183000.npy,20220912,Arecibo-Observatory,18:30:00,18:45:00,200,0.25,15.0,86.625,3600,0,False,,
win-Arecibo-Observatory-20220912-184500.npy,20220912,Arecibo-Observatory,18:45:00,19:00:00,200,0.25,15.0,86.625,3600,0,True,offclass_event_in_negative_window,VI
win-Arecibo-Observatory-20220913-111500.npy,20220913,Arecibo-Observatory,11:15:00,11:30:00,200,0.25,15.0,86.625,3600,0,False,,
win-Arecibo-Observatory-20220913-113000.npy,20220913,Arecibo-Observatory,11:30:00,11:45:00,200,0.25,15.0,86.625,3600,0,False,,
win-Arecibo-Observatory-20220913-114500.npy,20220913,Arecibo-Observatory,11:45:00,12:00:00,200,0.25,15.0,86.625,3600,0,False,,
win-Arecibo-Observatory-20220913-120000.npy,20220913,Arecibo-Observatory,12:00:00,12:15:00,200,0.25,15.0,86.625,3600,2,False,,
win-Arecibo-Observatory-20220913-121500.npy,20220913,Arecibo-Observatory,12:15:00,12:30:00,200,0.25,15.0,86.625,3600,1,False,,
win-Arecibo-Observatory-20220913-123000.npy,20220913,Arecibo-Observatory,12:30:00,12:45:00,200,0.25,15.0,86.625,3600,0,False,,
win-Arecibo-Observatory-20220913-124501.npy,20220913,Arecibo-Observatory,12:45:01,13:00:01,200,0.25,15.0,86.625,3600,0,False,,
win-Arecibo-Observatory-20220913-133001.npy,20220913,Arecibo-Observatory,13:30:01,13:45:01,200,0.25,15.0,86.625,3600,0,False,,
win-Arecibo-Observatory-20220913-134501.npy,20220913,Arecibo-Observatory,13:45:01,14:00:01,200,0.25,15.0,86.625,3600,0,False,,
win-Arecibo-Observatory-20220913-140001.npy,20220913,Arecibo-Observatory,14:00:01,14:15:01,200,0.25,15.0,86.625,3600,1,False,,
win-Arecibo-Observatory-20220913-141501.npy,20220913,Arecibo-Observatory,14:15:01,14:30:01,200,0.25,15.0,86.625,3600,0,False,,
win-Arecibo-Observatory-20220913-143001.npy,20220913,Arecibo-Observatory,14:30:01,14:45:01,200,0.25,15.0,86.625,3600,0,False,,
win-Arecibo-Observatory-20220913-171459.npy,20220913,Arecibo-Observatory,17:14:59,17:29:59,200,0.25,15.0,86.625,3600,0,False,,
win-Arecibo-Observatory-20220913-172959.npy,20220913,Arecibo-Observatory,17:29:59,17:44:59,200,0.25,15.0,86.625,3600,0,False,,
win-Arecibo-Observatory-20220913-174459.npy,20220913,Arecibo-Observatory,17:44:59,17:59:59,200,0.25,15.0,86.625,3600,1,False,,
win-Arecibo-Observatory-20220913-175959.npy,20220913,Arecibo-Observatory,17:59:59,18:14:59,200,0.25,15.0,86.625,3600,0,False,,
win-Arecibo-Observatory-20220913-181459.npy,20220913,Arecibo-Observatory,18:14:59,18:29:59,200,0.25,15.0,86.625,3600,0,False,,
win-Arecibo-Observatory-20220913-182959.npy,20220913,Arecibo-Observatory,18:29:59,18:44:59,200,0.25,15.0,86.625,3600,0,False,,
win-Arecibo-Observatory-20220913-184459.npy,20220913,Arecibo-Observatory,18:44:59,18:59:59,200,0.25,15.0,86.625,3600,0,False,,
win-Arecibo-Observatory-20220913-185959.npy,20220913,Arecibo-Observatory,18:59:59,19:14:59,200,0.25,15.0,86.625,3600,1,False,,
win-Arecibo-Observatory-20220913-191459.npy,20220913,Arecibo-Observatory,19:14:59,19:29:59,200,0.25,15.0,86.625,3600,0,False,,
win-Arecibo-Observatory-20220913-192959.npy,20220913,Arecibo-Observatory,19:29:59,19:44:59,200,0.25,15.0,86.625,3600,1,False,,
win-Arecibo-Observatory-20220913-194459.npy,20220913,Arecibo-Observatory,19:44:59,19:59:59,200,0.25,15.0,86.625,3600,0,True,offclass_event_in_negative_window,III
win-Arecibo-Observatory-20220913-195959.npy,20220913,Arecibo-Observatory,19:59:59,20:14:59,200,0.25,15.0,86.625,3600,0,False,,
win-Arecibo-Observatory-20220914-125216.npy,20220914,Arecibo-Observatory,12:52:16,13:07:16,200,0.25,15.0,86.625,3600,0,False,,
win-Arecibo-Observatory-20220914-130716.npy,20220914,Arecibo-Observatory,13:07:16,13:22:16,200,0.25,15.0,86.625,3600,0,False,,
win-Arecibo-Observatory-20220914-132216.npy,20220914,Arecibo-Observatory,13:22:16,13:37:16,200,0.25,15.0,86.625,3600,1,False,,
win-Arecibo-Observatory-20220914-133716.npy,20220914,Arecibo-Observatory,13:37:16,13:52:16,200,0.25,15.0,86.625,3600,0,False,,
win-Arecibo-Observatory-20220914-135216.npy,20220914,Arecibo-Observatory,13:52:16,14:07:16,200,0.25,15.0,86.625,3600,0,False,,
win-Arecibo-Observatory-20220914-142217.npy,20220914,Arecibo-Observatory,14:22:17,14:37:17,200,0.25,15.0,86.625,3600,0,False,,
win-Arecibo-Observatory-20220914-143717.npy,20220914,Arecibo-Observatory,14:37:17,14:52:17,200,0.25,15.0,86.625,3600,0,False,,
win-Arecibo-Observatory-20220914-145217.npy,20220914,Arecibo-Observatory,14:52:17,15:07:17,200,0.25,15.0,86.625,3600,1,False,,
win-Arecibo-Observatory-20220914-150717.npy,20220914,Arecibo-Observatory,15:07:17,15:22:17,200,0.25,15.0,86.625,3600,0,False,,
win-Arecibo-Observatory-20220914-152217.npy,20220914,Arecibo-Observatory,15:22:17,15:37:17,200,0.25,15.0,86.625,3600,0,False,,
win-Arecibo-Observatory-20220914-163000.npy,20220914,Arecibo-Observatory,16:30:00,16:45:00,200,0.25,15.0,86.625,3600,0,False,,
win-Arecibo-Observatory-20220914-164459.npy,20220914,Arecibo-Observatory,16:44:59,16:59:59,200,0.25,15.0,86.625,3600,0,False,,
win-Arecibo-Observatory-20220914-165959.npy,20220914,Arecibo-Observatory,16:59:59,17:14:59,200,0.25,15.0,86.625,3600,1,False,,
win-Arecibo-Observatory-20220914-171459.npy,20220914,Arecibo-Observatory,17:14:59,17:29:59,200,0.25,15.0,86.625,3600,0,False,,
win-Arecibo-Observatory-20220914-172959.npy,20220914,Arecibo-Observatory,17:29:59,17:44:59,200,0.25,15.0,86.625,3600,0,False,,
win-Arecibo-Observatory-20220914-174459.npy,20220914,Arecibo-Observatory,17:44:59,17:59:59,200,0.25,15.0,86.625,3600,1,False,,
win-Arecibo-Observatory-20220914-175959.npy,20220914,Arecibo-Observatory,17:59:59,18:14:59,200,0.25,15.0,86.625,3600,1,False,,
win-Arecibo-Observatory-20220914-181459.npy,20220914,Arecibo-Observatory,18:14:59,18:29:59,200,0.25,15.0,86.625,3600,0,False,,
win-Arecibo-Observatory-20220914-182959.npy,20220914,Arecibo-Observatory,18:29:59,18:44:59,200,0.25,15.0,86.625,3600,0,False,,
win-Arecibo-Observatory-20220914-184459.npy,20220914,Arecibo-Observatory,18:44:59,18:59:59,200,0.25,15.0,86.625,3600,0,False,,
win-Arecibo-Observatory-20220914-185959.npy,20220914,Arecibo-Observatory,18:59:59,19:14:59,200,0.25,15.0,86.625,3600,0,False,,
win-Arecibo-Observatory-20220914-191459.npy,20220914,Arecibo-Observatory,19:14:59,19:29:59,200,0.25,15.0,86.625,3600,1,False,,
win-Arecibo-Observatory-20220914-192959.npy,20220914,Arecibo-Observatory,19:29:59,19:44:59,200,0.25,15.0,86.625,3600,0,False,,
win-Arecibo-Observatory-20220914-194459.npy,20220914,Arecibo-Observatory,19:44:59,19:59:59,200,0.25,15.0,86.625,3600,0,False,,
win-Arecibo-Observatory-20220915-131501.npy,20220915,Arecibo-Observatory,13:15:01,13:30:01,200,0.25,15.0,86.625,3600,0,False,,
win-Arecibo-Observatory-20220915-133000.npy,20220915,Arecibo-Observatory,13:30:00,13:45:00,200,0.25,15.0,86.625,3600,0,False,,
win-Arecibo-Observatory-20220915-134500.npy,20220915,Arecibo-Observatory,13:45:00,14:00:00,200,0.25,15.0,86.625,3600,1,False,,
win-Arecibo-Observatory-20220915-140001.npy,20220915,Arecibo-Observatory,14:00:01,14:15:01,200,0.25,15.0,86.625,3600,0,False,,
win-Arecibo-Observatory-20220915-141501.npy,20220915,Arecibo-Observatory,14:15:01,14:30:01,200,0.25,15.0,86.625,3600,0,False,,
win-Arecibo-Observatory-20220915-144501.npy,20220915,Arecibo-Observatory,14:45:01,15:00:01,200,0.25,15.0,86.625,3600,0,False,,
win-Arecibo-Observatory-20220915-150001.npy,20220915,Arecibo-Observatory,15:00:01,15:15:01,200,0.25,15.0,86.625,3600,0,False,,
win-Arecibo-Observatory-20220915-151501.npy,20220915,Arecibo-Observatory,15:15:01,15:30:01,200,0.25,15.0,86.625,3600,1,False,,
win-Arecibo-Observatory-20220915-153001.npy,20220915,Arecibo-Observatory,15:30:01,15:45:01,200,0.25,15.0,86.625,3600,0,True,offclass_event_in_negative_window,VI
win-Arecibo-Observatory-20220915-154501.npy,20220915,Arecibo-Observatory,15:45:01,16:00:01,200,0.25,15.0,86.625,3600,0,True,offclass_event_in_negative_window,VI
win-Arecibo-Observatory-20220915-160001.npy,20220915,Arecibo-Observatory,16:00:01,16:15:01,200,0.25,15.0,86.625,3600,0,False,,
win-Arecibo-Observatory-20220915-161501.npy,20220915,Arecibo-Observatory,16:15:01,16:29:57,200,0.25,15.0,86.625,3586,1,False,,
win-Arecibo-Observatory-20220915-163000.npy,20220915,Arecibo-Observatory,16:30:00,16:45:00,200,0.25,15.0,86.625,3600,1,False,,
win-Arecibo-Observatory-20220915-164500.npy,20220915,Arecibo-Observatory,16:45:00,17:00:00,200,0.25,15.0,86.625,3600,0,False,,
win-Arecibo-Observatory-20220915-170000.npy,20220915,Arecibo-Observatory,17:00:00,17:15:00,200,0.25,15.0,86.625,3600,0,False,,
win-Arecibo-Observatory-20220915-171500.npy,20220915,Arecibo-Observatory,17:15:00,17:30:00,200,0.25,15.0,86.625,3600,0,False,,
win-Arecibo-Observatory-20220915-173000.npy,20220915,Arecibo-Observatory,17:30:00,17:45:00,200,0.25,15.0,86.625,3600,1,False,,
win-Arecibo-Observatory-20220915-174500.npy,20220915,Arecibo-Observatory,17:45:00,18:00:00,200,0.25,15.0,86.625,3600,0,False,,
win-Arecibo-Observatory-20220915-180000.npy,20220915,Arecibo-Observatory,18:00:00,18:15:00,200,0.25,15.0,86.625,3600,0,False,,
win-Arecibo-Observatory-20220915-181500.npy,20220915,Arecibo-Observatory,18:15:00,18:30:00,200,0.25,15.0,86.625,3600,1,False,,
win-Arecibo-Observatory-20220915-183001.npy,20220915,Arecibo-Observatory,18:30:01,18:45:01,200,0.25,15.0,86.625,3600,0,False,,
win-Arecibo-Observatory-20220915-184501.npy,20220915,Arecibo-Observatory,18:45:01,19:00:01,200,0.25,15.0,86.625,3600,0,False,,
win-Arecibo-Observatory-20220915-190000.npy,20220915,Arecibo-Observatory,19:00:00,19:15:00,200,0.25,15.0,86.625,3600,1,False,,
win-Arecibo-Observatory-20220915-191501.npy,20220915,Arecibo-Observatory,19:15:01,19:30:01,200,0.25,15.0,86.625,3600,0,False,,
win-Arecibo-Observatory-20220915-193001.npy,20220915,Arecibo-Observatory,19:30:01,19:45:01,200,0.25,15.0,86.625,3600,0,False,,
win-Arecibo-Observatory-20220916-153001.npy,20220916,Arecibo-Observatory,15:30:01,15:45:01,200,0.25,15.0,86.625,3600,0,False,,
win-Arecibo-Observatory-20220916-154501.npy,20220916,Arecibo-Observatory,15:45:01,16:00:01,200,0.25,15.0,86.625,3600,0,False,,
win-Arecibo-Observatory-20220916-160001.npy,20220916,Arecibo-Observatory,16:00:01,16:15:01,200,0.25,15.0,86.625,3600,0,True,only_edge_sliver_of_an_event,
win-Arecibo-Observatory-20220916-161501.npy,20220916,Arecibo-Observatory,16:15:01,16:29:57,200,0.25,15.0,86.625,3587,1,False,,
win-Arecibo-Observatory-20220916-163000.npy,20220916,Arecibo-Observatory,16:30:00,16:45:00,200,0.25,15.0,86.625,3600,0,False,,
win-Arecibo-Observatory-20220916-164459.npy,20220916,Arecibo-Observatory,16:44:59,16:59:59,200,0.25,15.0,86.625,3600,0,False,,
win-Arecibo-Observatory-20220916-191500.npy,20220916,Arecibo-Observatory,19:15:00,19:30:00,200,0.25,15.0,86.625,3600,0,False,,
win-Arecibo-Observatory-20220916-192959.npy,20220916,Arecibo-Observatory,19:29:59,19:44:59,200,0.25,15.0,86.625,3600,0,False,,
win-Arecibo-Observatory-20220916-194459.npy,20220916,Arecibo-Observatory,19:44:59,19:59:59,200,0.25,15.0,86.625,3600,1,False,,
win-Arecibo-Observatory-20220916-195959.npy,20220916,Arecibo-Observatory,19:59:59,20:14:59,200,0.25,15.0,86.625,3600,0,False,,
win-Arecibo-Observatory-20220916-201459.npy,20220916,Arecibo-Observatory,20:14:59,20:29:59,200,0.25,15.0,86.625,3600,0,False,,
win-Arecibo-Observatory-20220917-114500.npy,20220917,Arecibo-Observatory,11:45:00,12:00:00,200,0.25,15.0,86.625,3600,0,False,,
win-Arecibo-Observatory-20220917-120000.npy,20220917,Arecibo-Observatory,12:00:00,12:15:00,200,0.25,15.0,86.625,3600,0,False,,
win-Arecibo-Observatory-20220917-121500.npy,20220917,Arecibo-Observatory,12:15:00,12:30:00,200,0.25,15.0,86.625,3600,1,False,,
win-Arecibo-Observatory-20220917-123000.npy,20220917,Arecibo-Observatory,12:30:00,12:45:00,200,0.25,15.0,86.625,3600,0,False,,
win-Arecibo-Observatory-20220917-124500.npy,20220917,Arecibo-Observatory,12:45:00,13:00:00,200,0.25,15.0,86.625,3600,0,False,,
win-Arecibo-Observatory-20220917-133001.npy,20220917,Arecibo-Observatory,13:30:01,13:45:01,200,0.25,15.0,86.625,3600,0,False,,
win-Arecibo-Observatory-20220917-134500.npy,20220917,Arecibo-Observatory,13:45:00,14:00:00,200,0.25,15.0,86.625,3600,0,False,,
win-Arecibo-Observatory-20220917-140001.npy,20220917,Arecibo-Observatory,14:00:01,14:15:01,200,0.25,15.0,86.625,3600,1,False,,
win-Arecibo-Observatory-20220917-141501.npy,20220917,Arecibo-Observatory,14:15:01,14:30:01,200,0.25,15.0,86.625,3600,0,False,,
win-Arecibo-Observatory-20220917-143001.npy,20220917,Arecibo-Observatory,14:30:01,14:45:01,200,0.25,15.0,86.625,3600,0,False,,
win-Arecibo-Observatory-20220917-150001.npy,20220917,Arecibo-Observatory,15:00:01,15:15:01,200,0.25,15.0,86.625,3600,0,False,,
win-Arecibo-Observatory-20220917-151501.npy,20220917,Arecibo-Observatory,15:15:01,15:30:01,200,0.25,15.0,86.625,3600,0,False,,
win-Arecibo-Observatory-20220917-153001.npy,20220917,Arecibo-Observatory,15:30:01,15:45:01,200,0.25,15.0,86.625,3600,1,False,,
win-Arecibo-Observatory-20220917-154501.npy,20220917,Arecibo-Observatory,15:45:01,16:00:01,200,0.25,15.0,86.625,3600,0,False,,
win-Arecibo-Observatory-20220917-160001.npy,20220917,Arecibo-Observatory,16:00:01,16:15:01,200,0.25,15.0,86.625,3600,0,False,,
win-Arecibo-Observatory-20220917-161501.npy,20220917,Arecibo-Observatory,16:15:01,16:29:57,200,0.25,15.0,86.625,3587,0,False,,
win-Arecibo-Observatory-20220917-163000.npy,20220917,Arecibo-Observatory,16:30:00,16:45:00,200,0.25,15.0,86.625,3600,1,False,,
win-Arecibo-Observatory-20220917-164500.npy,20220917,Arecibo-Observatory,16:45:00,17:00:00,200,0.25,15.0,86.625,3600,0,False,,
win-Arecibo-Observatory-20220917-170000.npy,20220917,Arecibo-Observatory,17:00:00,17:15:00,200,0.25,15.0,86.625,3600,0,False,,
win-Arecibo-Observatory-20220918-101500.npy,20220918,Arecibo-Observatory,10:15:00,10:30:00,200,0.25,15.0,86.625,3600,0,False,,
win-Arecibo-Observatory-20220918-103000.npy,20220918,Arecibo-Observatory,10:30:00,10:45:00,200,0.25,15.0,86.625,3600,0,False,,
win-Arecibo-Observatory-20220918-104500.npy,20220918,Arecibo-Observatory,10:45:00,11:00:00,200,0.25,15.0,86.625,3600,1,False,,
win-Arecibo-Observatory-20220918-110001.npy,20220918,Arecibo-Observatory,11:00:01,11:15:01,200,0.25,15.0,86.625,3600,0,False,,
win-Arecibo-Observatory-20220918-111500.npy,20220918,Arecibo-Observatory,11:15:00,11:30:00,200,0.25,15.0,86.625,3600,1,False,,
win-Arecibo-Observatory-20220918-113000.npy,20220918,Arecibo-Observatory,11:30:00,11:45:00,200,0.25,15.0,86.625,3600,0,False,,
win-Arecibo-Observatory-20220918-114501.npy,20220918,Arecibo-Observatory,11:45:01,12:00:01,200,0.25,15.0,86.625,3600,0,False,,
win-Arecibo-Observatory-20220918-120000.npy,20220918,Arecibo-Observatory,12:00:00,12:15:00,200,0.25,15.0,86.625,3600,0,False,,
win-Arecibo-Observatory-20220918-121500.npy,20220918,Arecibo-Observatory,12:15:00,12:30:00,200,0.25,15.0,86.625,3600,0,False,,
win-Arecibo-Observatory-20220918-123001.npy,20220918,Arecibo-Observatory,12:30:01,12:45:01,200,0.25,15.0,86.625,3600,1,False,,
win-Arecibo-Observatory-20220918-124500.npy,20220918,Arecibo-Observatory,12:45:00,13:00:00,200,0.25,15.0,86.625,3600,0,False,,
win-Arecibo-Observatory-20220918-150001.npy,20220918,Arecibo-Observatory,15:00:01,15:15:01,200,0.25,15.0,86.625,3600,0,False,,
win-Arecibo-Observatory-20220918-151501.npy,20220918,Arecibo-Observatory,15:15:01,15:30:01,200,0.25,15.0,86.625,3600,0,False,,
win-Arecibo-Observatory-20220918-153001.npy,20220918,Arecibo-Observatory,15:30:01,15:45:01,200,0.25,15.0,86.625,3600,1,False,,
win-Arecibo-Observatory-20220918-154501.npy,20220918,Arecibo-Observatory,15:45:01,16:00:01,200,0.25,15.0,86.625,3600,0,False,,
win-Arecibo-Observatory-20220918-160001.npy,20220918,Arecibo-Observatory,16:00:01,16:15:01,200,0.25,15.0,86.625,3600,0,False,,
win-Arecibo-Observatory-20220919-121500.npy,20220919,Arecibo-Observatory,12:15:00,12:30:00,200,0.25,15.0,86.625,3600,0,False,,
win-Arecibo-Observatory-20220919-123001.npy,20220919,Arecibo-Observatory,12:30:01,12:45:01,200,0.25,15.0,86.625,3600,0,False,,
win-Arecibo-Observatory-20220919-124500.npy,20220919,Arecibo-Observatory,12:45:00,13:00:00,200,0.25,15.0,86.625,3600,1,False,,
win-Arecibo-Observatory-20220919-130000.npy,20220919,Arecibo-Observatory,13:00:00,13:15:00,200,0.25,15.0,86.625,3600,0,True,offclass_event_in_negative_window,VI
win-Arecibo-Observatory-20220919-131500.npy,20220919,Arecibo-Observatory,13:15:00,13:30:00,200,0.25,15.0,86.625,3600,0,True,offclass_event_in_negative_window,VI
win-Arecibo-Observatory-20220919-133000.npy,20220919,Arecibo-Observatory,13:30:00,13:45:00,200,0.25,15.0,86.625,3600,0,True,offclass_event_in_negative_window,VI
win-Arecibo-Observatory-20220919-164500.npy,20220919,Arecibo-Observatory,16:45:00,17:00:00,200,0.25,15.0,86.625,3600,0,False,,
win-Arecibo-Observatory-20220919-170000.npy,20220919,Arecibo-Observatory,17:00:00,17:15:00,200,0.25,15.0,86.625,3600,0,True,offclass_event_in_negative_window,VI
win-Arecibo-Observatory-20220919-171500.npy,20220919,Arecibo-Observatory,17:15:00,17:30:00,200,0.25,15.0,86.625,3600,1,False,,
win-Arecibo-Observatory-20220919-173000.npy,20220919,Arecibo-Observatory,17:30:00,17:45:00,200,0.25,15.0,86.625,3600,0,False,,
win-Arecibo-Observatory-20220919-174500.npy,20220919,Arecibo-Observatory,17:45:00,18:00:00,200,0.25,15.0,86.625,3600,0,False,,
win-Arecibo-Observatory-20220919-180000.npy,20220919,Arecibo-Observatory,18:00:00,18:15:00,200,0.25,15.0,86.625,3600,0,False,,
win-Arecibo-Observatory-20220919-181500.npy,20220919,Arecibo-Observatory,18:15:00,18:30:00,200,0.25,15.0,86.625,3600,1,False,,
win-Arecibo-Observatory-20220919-183000.npy,20220919,Arecibo-Observatory,18:30:00,18:45:00,200,0.25,15.0,86.625,3600,0,False,,
win-Arecibo-Observatory-20220919-184501.npy,20220919,Arecibo-Observatory,18:45:01,19:00:01,200,0.25,15.0,86.625,3600,0,False,,
win-Arecibo-Observatory-20220919-190001.npy,20220919,Arecibo-Observatory,19:00:01,19:15:01,200,0.25,15.0,86.625,3600,0,False,,
win-Arecibo-Observatory-20220919-191501.npy,20220919,Arecibo-Observatory,19:15:01,19:30:01,200,0.25,15.0,86.625,3600,0,False,,
win-Arecibo-Observatory-20220919-193001.npy,20220919,Arecibo-Observatory,19:30:01,19:45:01,200,0.25,15.0,86.625,3600,1,False,,
win-Arecibo-Observatory-20220919-194501.npy,20220919,Arecibo-Observatory,19:45:01,20:00:01,200,0.25,15.0,86.625,3600,0,False,,
win-Arecibo-Observatory-20220919-200000.npy,20220919,Arecibo-Observatory,20:00:00,20:15:00,200,0.25,15.0,86.625,3600,0,False,,
win-Arecibo-Observatory-20220920-104500.npy,20220920,Arecibo-Observatory,10:45:00,11:00:00,200,0.25,15.0,86.625,3600,0,False,,
win-Arecibo-Observatory-20220920-110000.npy,20220920,Arecibo-Observatory,11:00:00,11:15:00,200,0.25,15.0,86.625,3600,0,False,,
win-Arecibo-Observatory-20220920-111500.npy,20220920,Arecibo-Observatory,11:15:00,11:30:00,200,0.25,15.0,86.625,3600,1,False,,
win-Arecibo-Observatory-20220920-113000.npy,20220920,Arecibo-Observatory,11:30:00,11:45:00,200,0.25,15.0,86.625,3600,1,False,,
win-Arecibo-Observatory-20220920-114500.npy,20220920,Arecibo-Observatory,11:45:00,12:00:00,200,0.25,15.0,86.625,3600,0,False,,
win-Arecibo-Observatory-20220920-120000.npy,20220920,Arecibo-Observatory,12:00:00,12:15:00,200,0.25,15.0,86.625,3600,0,False,,
win-Arecibo-Observatory-20220920-121501.npy,20220920,Arecibo-Observatory,12:15:01,12:30:01,200,0.25,15.0,86.625,3600,1,False,,
win-Arecibo-Observatory-20220920-123001.npy,20220920,Arecibo-Observatory,12:30:01,12:45:01,200,0.25,15.0,86.625,3600,0,False,,
win-Arecibo-Observatory-20220920-124500.npy,20220920,Arecibo-Observatory,12:45:00,13:00:00,200,0.25,15.0,86.625,3600,0,False,,
win-Arecibo-Observatory-20220920-131501.npy,20220920,Arecibo-Observatory,13:15:01,13:30:01,200,0.25,15.0,86.625,3600,0,False,,
win-Arecibo-Observatory-20220920-133001.npy,20220920,Arecibo-Observatory,13:30:01,13:45:01,200,0.25,15.0,86.625,3600,0,False,,
win-Arecibo-Observatory-20220920-134501.npy,20220920,Arecibo-Observatory,13:45:01,14:00:01,200,0.25,15.0,86.625,3600,1,False,,
win-Arecibo-Observatory-20220920-140001.npy,20220920,Arecibo-Observatory,14:00:01,14:15:01,200,0.25,15.0,86.625,3600,0,False,,
win-Arecibo-Observatory-20220920-141501.npy,20220920,Arecibo-Observatory,14:15:01,14:30:01,200,0.25,15.0,86.625,3600,0,False,,
win-Arecibo-Observatory-20220920-143001.npy,20220920,Arecibo-Observatory,14:30:01,14:45:01,200,0.25,15.0,86.625,3600,0,False,,
win-Arecibo-Observatory-20220920-144501.npy,20220920,Arecibo-Observatory,14:45:01,15:00:01,200,0.25,15.0,86.625,3600,0,False,,
win-Arecibo-Observatory-20220920-150001.npy,20220920,Arecibo-Observatory,15:00:01,15:15:01,200,0.25,15.0,86.625,3600,0,True,only_edge_sliver_of_an_event,
win-Arecibo-Observatory-20220920-151501.npy,20220920,Arecibo-Observatory,15:15:01,15:30:01,200,0.25,15.0,86.625,3600,1,False,,
win-Arecibo-Observatory-20220920-153001.npy,20220920,Arecibo-Observatory,15:30:01,15:45:01,200,0.25,15.0,86.625,3600,0,False,,
win-Arecibo-Observatory-20220920-154501.npy,20220920,Arecibo-Observatory,15:45:01,16:00:01,200,0.25,15.0,86.625,3600,1,False,,
win-Arecibo-Observatory-20220920-160001.npy,20220920,Arecibo-Observatory,16:00:01,16:15:01,200,0.25,15.0,86.625,3600,0,False,,
win-Arecibo-Observatory-20220920-161501.npy,20220920,Arecibo-Observatory,16:15:01,16:29:57,200,0.25,15.0,86.625,3586,0,False,,
win-Arecibo-Observatory-20220920-163000.npy,20220920,Arecibo-Observatory,16:30:00,16:45:00,200,0.25,15.0,86.625,3600,1,False,,
win-Arecibo-Observatory-20220920-164459.npy,20220920,Arecibo-Observatory,16:44:59,16:59:59,200,0.25,15.0,86.625,3600,0,False,,
win-Arecibo-Observatory-20220920-165959.npy,20220920,Arecibo-Observatory,16:59:59,17:14:59,200,0.25,15.0,86.625,3600,1,False,,
win-Arecibo-Observatory-20220920-171459.npy,20220920,Arecibo-Observatory,17:14:59,17:29:59,200,0.25,15.0,86.625,3600,0,False,,
win-Arecibo-Observatory-20220920-172959.npy,20220920,Arecibo-Observatory,17:29:59,17:44:59,200,0.25,15.0,86.625,3600,0,False,,
win-Arecibo-Observatory-20220920-174459.npy,20220920,Arecibo-Observatory,17:44:59,17:59:59,200,0.25,15.0,86.625,3600,1,False,,
win-Arecibo-Observatory-20220920-175959.npy,20220920,Arecibo-Observatory,17:59:59,18:14:59,200,0.25,15.0,86.625,3600,0,False,,
win-Arecibo-Observatory-20220920-181459.npy,20220920,Arecibo-Observatory,18:14:59,18:29:59,200,0.25,15.0,86.625,3600,0,False,,
win-Arecibo-Observatory-20220920-182959.npy,20220920,Arecibo-Observatory,18:29:59,18:44:59,200,0.25,15.0,86.625,3600,1,False,,
win-Arecibo-Observatory-20220920-184459.npy,20220920,Arecibo-Observatory,18:44:59,18:59:59,200,0.25,15.0,86.625,3600,1,False,,
win-Arecibo-Observatory-20220920-185959.npy,20220920,Arecibo-Observatory,18:59:59,19:14:59,200,0.25,15.0,86.625,3600,0,False,,
win-Arecibo-Observatory-20220920-191459.npy,20220920,Arecibo-Observatory,19:14:59,19:29:59,200,0.25,15.0,86.625,3600,0,False,,
win-Arecibo-Observatory-20220920-192959.npy,20220920,Arecibo-Observatory,19:29:59,19:44:59,200,0.25,15.0,86.625,3600,0,False,,
win-Arecibo-Observatory-20220920-194459.npy,20220920,Arecibo-Observatory,19:44:59,19:59:59,200,0.25,15.0,86.625,3600,1,False,,
win-Arecibo-Observatory-20220920-195959.npy,20220920,Arecibo-Observatory,19:59:59,20:14:59,200,0.25,15.0,86.625,3600,0,False,,
win-Arecibo-Observatory-20220920-201500.npy,20220920,Arecibo-Observatory,20:15:00,20:30:00,200,0.25,15.0,86.625,3600,0,False,,
win-Arecibo-Observatory-20220921-124500.npy,20220921,Arecibo-Observatory,12:45:00,13:00:00,200,0.25,15.0,86.625,3600,0,False,,
win-Arecibo-Observatory-20220921-130001.npy,20220921,Arecibo-Observatory,13:00:01,13:15:01,200,0.25,15.0,86.625,3600,0,False,,
win-Arecibo-Observatory-20220921-131501.npy,20220921,Arecibo-Observatory,13:15:01,13:30:01,200,0.25,15.0,86.625,3600,1,False,,
win-Arecibo-Observatory-20220921-133001.npy,20220921,Arecibo-Observatory,13:30:01,13:45:01,200,0.25,15.0,86.625,3600,1,False,,
win-Arecibo-Observatory-20220921-134501.npy,20220921,Arecibo-Observatory,13:45:01,14:00:01,200,0.25,15.0,86.625,3600,0,False,,
win-Arecibo-Observatory-20220921-140001.npy,20220921,Arecibo-Observatory,14:00:01,14:15:01,200,0.25,15.0,86.625,3600,0,False,,
win-Arecibo-Observatory-20220921-161501.npy,20220921,Arecibo-Observatory,16:15:01,16:29:57,200,0.25,15.0,86.625,3586,0,False,,
win-Arecibo-Observatory-20220921-163000.npy,20220921,Arecibo-Observatory,16:30:00,16:45:00,200,0.25,15.0,86.625,3600,0,False,,
win-Arecibo-Observatory-20220921-164500.npy,20220921,Arecibo-Observatory,16:45:00,17:00:00,200,0.25,15.0,86.625,3600,1,False,,
win-Arecibo-Observatory-20220921-170000.npy,20220921,Arecibo-Observatory,17:00:00,17:15:00,200,0.25,15.0,86.625,3600,0,False,,
win-Arecibo-Observatory-20220921-171500.npy,20220921,Arecibo-Observatory,17:15:00,17:30:00,200,0.25,15.0,86.625,3600,0,False,,
win-Arecibo-Observatory-20220922-140001.npy,20220922,Arecibo-Observatory,14:00:01,14:15:01,200,0.25,15.0,86.625,3600,0,False,,
win-Arecibo-Observatory-20220922-141501.npy,20220922,Arecibo-Observatory,14:15:01,14:30:01,200,0.25,15.0,86.625,3600,0,False,,
win-Arecibo-Observatory-20220922-143001.npy,20220922,Arecibo-Observatory,14:30:01,14:45:01,200,0.25,15.0,86.625,3600,1,False,,
win-Arecibo-Observatory-20220922-144501.npy,20220922,Arecibo-Observatory,14:45:01,15:00:01,200,0.25,15.0,86.625,3600,0,False,,
win-Arecibo-Observatory-20220922-150001.npy,20220922,Arecibo-Observatory,15:00:01,15:15:01,200,0.25,15.0,86.625,3600,0,False,,
win-Arecibo-Observatory-20220922-151501.npy,20220922,Arecibo-Observatory,15:15:01,15:30:01,200,0.25,15.0,86.625,3600,0,False,,
win-Arecibo-Observatory-20220922-153001.npy,20220922,Arecibo-Observatory,15:30:01,15:45:01,200,0.25,15.0,86.625,3600,1,False,,
win-Arecibo-Observatory-20220922-154501.npy,20220922,Arecibo-Observatory,15:45:01,16:00:01,200,0.25,15.0,86.625,3600,0,False,,
win-Arecibo-Observatory-20220922-160001.npy,20220922,Arecibo-Observatory,16:00:01,16:15:01,200,0.25,15.0,86.625,3600,0,False,,
win-Arecibo-Observatory-20220923-120000.npy,20220923,Arecibo-Observatory,12:00:00,12:15:00,200,0.25,15.0,86.625,3600,0,False,,
win-Arecibo-Observatory-20220923-121500.npy,20220923,Arecibo-Observatory,12:15:00,12:30:00,200,0.25,15.0,86.625,3600,0,False,,
win-Arecibo-Observatory-20220923-123000.npy,20220923,Arecibo-Observatory,12:30:00,12:45:00,200,0.25,15.0,86.625,3600,1,False,,
win-Arecibo-Observatory-20220923-124500.npy,20220923,Arecibo-Observatory,12:45:00,13:00:00,200,0.25,15.0,86.625,3600,0,True,offclass_event_in_negative_window,VI
win-Arecibo-Observatory-20220923-130001.npy,20220923,Arecibo-Observatory,13:00:01,13:15:01,200,0.25,15.0,86.625,3600,0,False,,
win-Arecibo-Observatory-20220923-131500.npy,20220923,Arecibo-Observatory,13:15:00,13:30:00,200,0.25,15.0,86.625,3600,0,True,offclass_event_in_negative_window,VI
win-Arecibo-Observatory-20220923-133000.npy,20220923,Arecibo-Observatory,13:30:00,13:45:00,200,0.25,15.0,86.625,3600,0,False,,
win-Arecibo-Observatory-20220923-134501.npy,20220923,Arecibo-Observatory,13:45:01,14:00:01,200,0.25,15.0,86.625,3600,1,False,,
win-Arecibo-Observatory-20220923-140001.npy,20220923,Arecibo-Observatory,14:00:01,14:15:01,200,0.25,15.0,86.625,3600,1,False,,
win-Arecibo-Observatory-20220923-141501.npy,20220923,Arecibo-Observatory,14:15:01,14:30:01,200,0.25,15.0,86.625,3600,0,False,,
win-Arecibo-Observatory-20220923-143001.npy,20220923,Arecibo-Observatory,14:30:01,14:45:01,200,0.25,15.0,86.625,3600,1,False,,
win-Arecibo-Observatory-20220923-144501.npy,20220923,Arecibo-Observatory,14:45:01,15:00:01,200,0.25,15.0,86.625,3600,0,True,offclass_event_in_negative_window,VI
win-Arecibo-Observatory-20220923-150001.npy,20220923,Arecibo-Observatory,15:00:01,15:15:01,200,0.25,15.0,86.625,3600,0,True,offclass_event_in_negative_window,VI
win-Arecibo-Observatory-20220923-151501.npy,20220923,Arecibo-Observatory,15:15:01,15:30:01,200,0.25,15.0,86.625,3600,0,True,offclass_event_in_negative_window,VI
win-Arecibo-Observatory-20220923-153001.npy,20220923,Arecibo-Observatory,15:30:01,15:45:01,200,0.25,15.0,86.625,3600,0,False,,
win-Arecibo-Observatory-20220923-154501.npy,20220923,Arecibo-Observatory,15:45:01,16:00:01,200,0.25,15.0,86.625,3600,1,False,,
win-Arecibo-Observatory-20220923-160001.npy,20220923,Arecibo-Observatory,16:00:01,16:15:01,200,0.25,15.0,86.625,3600,1,False,,
win-Arecibo-Observatory-20220923-161501.npy,20220923,Arecibo-Observatory,16:15:01,16:29:57,200,0.25,15.0,86.625,3587,0,False,,
win-Arecibo-Observatory-20220923-163000.npy,20220923,Arecibo-Observatory,16:30:00,16:45:00,200,0.25,15.0,86.625,3600,1,False,,
win-Arecibo-Observatory-20220923-164500.npy,20220923,Arecibo-Observatory,16:45:00,17:00:00,200,0.25,15.0,86.625,3600,0,False,,
win-Arecibo-Observatory-20220923-170000.npy,20220923,Arecibo-Observatory,17:00:00,17:15:00,200,0.25,15.0,86.625,3600,1,False,,
win-Arecibo-Observatory-20220923-171500.npy,20220923,Arecibo-Observatory,17:15:00,17:30:00,200,0.25,15.0,86.625,3600,1,False,,
win-Arecibo-Observatory-20220923-173000.npy,20220923,Arecibo-Observatory,17:30:00,17:45:00,200,0.25,15.0,86.625,3600,1,False,,
win-Arecibo-Observatory-20220923-174500.npy,20220923,Arecibo-Observatory,17:45:00,18:00:00,200,0.25,15.0,86.625,3600,0,False,,
win-Arecibo-Observatory-20220923-180001.npy,20220923,Arecibo-Observatory,18:00:01,18:15:01,200,0.25,15.0,86.625,3600,2,False,,
win-Arecibo-Observatory-20220923-181500.npy,20220923,Arecibo-Observatory,18:15:00,18:30:00,200,0.25,15.0,86.625,3600,1,False,,
win-Arecibo-Observatory-20220923-183001.npy,20220923,Arecibo-Observatory,18:30:01,18:45:01,200,0.25,15.0,86.625,3600,1,False,,
win-Arecibo-Observatory-20220923-184500.npy,20220923,Arecibo-Observatory,18:45:00,19:00:00,200,0.25,15.0,86.625,3600,1,False,,
win-Arecibo-Observatory-20220923-190000.npy,20220923,Arecibo-Observatory,19:00:00,19:15:00,200,0.25,15.0,86.625,3600,0,False,,
win-Arecibo-Observatory-20220923-191501.npy,20220923,Arecibo-Observatory,19:15:01,19:30:01,200,0.25,15.0,86.625,3600,0,False,,
win-Arecibo-Observatory-20220924-121500.npy,20220924,Arecibo-Observatory,12:15:00,12:30:00,200,0.25,15.0,86.625,3600,0,False,,
win-Arecibo-Observatory-20220924-123000.npy,20220924,Arecibo-Observatory,12:30:00,12:45:00,200,0.25,15.0,86.625,3600,0,False,,
win-Arecibo-Observatory-20220924-124500.npy,20220924,Arecibo-Observatory,12:45:00,13:00:00,200,0.25,15.0,86.625,3600,1,False,,
win-Arecibo-Observatory-20220924-130000.npy,20220924,Arecibo-Observatory,13:00:00,13:15:00,200,0.25,15.0,86.625,3600,1,False,,
win-Arecibo-Observatory-20220924-131500.npy,20220924,Arecibo-Observatory,13:15:00,13:30:00,200,0.25,15.0,86.625,3600,0,False,,
win-Arecibo-Observatory-20220924-133000.npy,20220924,Arecibo-Observatory,13:30:00,13:45:00,200,0.25,15.0,86.625,3600,0,False,,
win-Arecibo-Observatory-20220924-140001.npy,20220924,Arecibo-Observatory,14:00:01,14:15:01,200,0.25,15.0,86.625,3600,0,False,,
win-Arecibo-Observatory-20220924-141500.npy,20220924,Arecibo-Observatory,14:15:00,14:30:00,200,0.25,15.0,86.625,3600,0,False,,
win-Arecibo-Observatory-20220924-143001.npy,20220924,Arecibo-Observatory,14:30:01,14:45:01,200,0.25,15.0,86.625,3600,1,False,,
win-Arecibo-Observatory-20220924-144501.npy,20220924,Arecibo-Observatory,14:45:01,15:00:01,200,0.25,15.0,86.625,3600,0,False,,
win-Arecibo-Observatory-20220924-150001.npy,20220924,Arecibo-Observatory,15:00:01,15:15:01,200,0.25,15.0,86.625,3600,1,False,,
win-Arecibo-Observatory-20220924-151501.npy,20220924,Arecibo-Observatory,15:15:01,15:30:01,200,0.25,15.0,86.625,3600,0,False,,
win-Arecibo-Observatory-20220924-153001.npy,20220924,Arecibo-Observatory,15:30:01,15:45:01,200,0.25,15.0,86.625,3600,0,False,,
win-Arecibo-Observatory-20220924-154501.npy,20220924,Arecibo-Observatory,15:45:01,16:00:01,200,0.25,15.0,86.625,3600,1,False,,
win-Arecibo-Observatory-20220924-160001.npy,20220924,Arecibo-Observatory,16:00:01,16:15:01,200,0.25,15.0,86.625,3600,1,False,,
win-Arecibo-Observatory-20220924-161501.npy,20220924,Arecibo-Observatory,16:15:01,16:29:57,200,0.25,15.0,86.625,3587,0,False,,
win-Arecibo-Observatory-20220924-163000.npy,20220924,Arecibo-Observatory,16:30:00,16:45:00,200,0.25,15.0,86.625,3600,0,False,,
win-Arecibo-Observatory-20220924-164459.npy,20220924,Arecibo-Observatory,16:44:59,16:59:59,200,0.25,15.0,86.625,3600,0,False,,
win-Arecibo-Observatory-20220924-165959.npy,20220924,Arecibo-Observatory,16:59:59,17:14:59,200,0.25,15.0,86.625,3600,0,False,,
win-Arecibo-Observatory-20220924-171459.npy,20220924,Arecibo-Observatory,17:14:59,17:29:59,200,0.25,15.0,86.625,3600,1,False,,
win-Arecibo-Observatory-20220924-172959.npy,20220924,Arecibo-Observatory,17:29:59,17:44:59,200,0.25,15.0,86.625,3600,0,False,,
win-Arecibo-Observatory-20220924-174459.npy,20220924,Arecibo-Observatory,17:44:59,17:59:59,200,0.25,15.0,86.625,3600,0,False,,
win-Arecibo-Observatory-20220925-154501.npy,20220925,Arecibo-Observatory,15:45:01,16:00:01,200,0.25,15.0,86.625,3600,0,True,offclass_event_in_negative_window,VI
win-Arecibo-Observatory-20220925-160001.npy,20220925,Arecibo-Observatory,16:00:01,16:15:01,200,0.25,15.0,86.625,3600,0,False,,
win-Arecibo-Observatory-20220925-161501.npy,20220925,Arecibo-Observatory,16:15:01,16:29:57,200,0.25,15.0,86.625,3586,1,False,,
win-Arecibo-Observatory-20220925-163000.npy,20220925,Arecibo-Observatory,16:30:00,16:45:00,200,0.25,15.0,86.625,3600,0,False,,
win-Arecibo-Observatory-20220925-164500.npy,20220925,Arecibo-Observatory,16:45:00,17:00:00,200,0.25,15.0,86.625,3600,0,False,,
win-Arecibo-Observatory-20220926-110000.npy,20220926,Arecibo-Observatory,11:00:00,11:15:00,200,0.25,15.0,86.625,3600,0,False,,
win-Arecibo-Observatory-20220926-111500.npy,20220926,Arecibo-Observatory,11:15:00,11:30:00,200,0.25,15.0,86.625,3600,0,False,,
win-Arecibo-Observatory-20220926-113000.npy,20220926,Arecibo-Observatory,11:30:00,11:45:00,200,0.25,15.0,86.625,3600,1,False,,
win-Arecibo-Observatory-20220926-114500.npy,20220926,Arecibo-Observatory,11:45:00,12:00:00,200,0.25,15.0,86.625,3600,0,False,,
win-Arecibo-Observatory-20220926-120000.npy,20220926,Arecibo-Observatory,12:00:00,12:15:00,200,0.25,15.0,86.625,3600,1,False,,
win-Arecibo-Observatory-20220926-121500.npy,20220926,Arecibo-Observatory,12:15:00,12:30:00,200,0.25,15.0,86.625,3600,0,False,,
win-Arecibo-Observatory-20220926-123000.npy,20220926,Arecibo-Observatory,12:30:00,12:45:00,200,0.25,15.0,86.625,3600,1,False,,
win-Arecibo-Observatory-20220926-124500.npy,20220926,Arecibo-Observatory,12:45:00,13:00:00,200,0.25,15.0,86.625,3600,0,False,,
win-Arecibo-Observatory-20220926-130001.npy,20220926,Arecibo-Observatory,13:00:01,13:15:01,200,0.25,15.0,86.625,3600,0,False,,
win-Arecibo-Observatory-20220926-171459.npy,20220926,Arecibo-Observatory,17:14:59,17:29:59,200,0.25,15.0,86.625,3600,0,False,,
win-Arecibo-Observatory-20220926-172959.npy,20220926,Arecibo-Observatory,17:29:59,17:44:59,200,0.25,15.0,86.625,3600,0,False,,
win-Arecibo-Observatory-20220926-174459.npy,20220926,Arecibo-Observatory,17:44:59,17:59:59,200,0.25,15.0,86.625,3600,1,False,,
win-Arecibo-Observatory-20220926-175959.npy,20220926,Arecibo-Observatory,17:59:59,18:14:59,200,0.25,15.0,86.625,3600,0,False,,
win-Arecibo-Observatory-20220926-181459.npy,20220926,Arecibo-Observatory,18:14:59,18:29:59,200,0.25,15.0,86.625,3600,0,False,,
win-Arecibo-Observatory-20220927-153001.npy,20220927,Arecibo-Observatory,15:30:01,15:45:01,200,0.25,15.0,86.625,3600,0,False,,
win-Arecibo-Observatory-20220927-154501.npy,20220927,Arecibo-Observatory,15:45:01,16:00:01,200,0.25,15.0,86.625,3600,0,False,,
win-Arecibo-Observatory-20220927-160001.npy,20220927,Arecibo-Observatory,16:00:01,16:15:01,200,0.25,15.0,86.625,3600,1,False,,
win-Arecibo-Observatory-20220927-161501.npy,20220927,Arecibo-Observatory,16:15:01,16:29:57,200,0.25,15.0,86.625,3586,0,False,,
win-Arecibo-Observatory-20220927-163000.npy,20220927,Arecibo-Observatory,16:30:00,16:45:00,200,0.25,15.0,86.625,3600,0,False,,
win-Arecibo-Observatory-20220929-111501.npy,20220929,Arecibo-Observatory,11:15:01,11:30:01,200,0.25,15.0,86.625,3600,0,False,,
win-Arecibo-Observatory-20220929-113001.npy,20220929,Arecibo-Observatory,11:30:01,11:45:01,200,0.25,15.0,86.625,3600,0,False,,
win-Arecibo-Observatory-20220929-114500.npy,20220929,Arecibo-Observatory,11:45:00,12:00:00,200,0.25,15.0,86.625,3600,2,False,,
win-Arecibo-Observatory-20220929-120000.npy,20220929,Arecibo-Observatory,12:00:00,12:15:00,200,0.25,15.0,86.625,3600,1,False,,
win-Arecibo-Observatory-20220929-121501.npy,20220929,Arecibo-Observatory,12:15:01,12:30:01,200,0.25,15.0,86.625,3600,1,False,,
win-Arecibo-Observatory-20220929-123001.npy,20220929,Arecibo-Observatory,12:30:01,12:45:01,200,0.25,15.0,86.625,3600,0,False,,
win-Arecibo-Observatory-20220929-124501.npy,20220929,Arecibo-Observatory,12:45:01,13:00:01,200,0.25,15.0,86.625,3600,0,False,,
win-Arecibo-Observatory-20220930-113000.npy,20220930,Arecibo-Observatory,11:30:00,11:45:00,200,0.25,15.0,86.625,3600,0,False,,
win-Arecibo-Observatory-20220930-114500.npy,20220930,Arecibo-Observatory,11:45:00,12:00:00,200,0.25,15.0,86.625,3600,0,False,,
win-Arecibo-Observatory-20220930-120001.npy,20220930,Arecibo-Observatory,12:00:01,12:15:01,200,0.25,15.0,86.625,3600,1,False,,
win-Arecibo-Observatory-20220930-121501.npy,20220930,Arecibo-Observatory,12:15:01,12:30:01,200,0.25,15.0,86.625,3600,1,False,,
win-Arecibo-Observatory-20220930-123001.npy,20220930,Arecibo-Observatory,12:30:01,12:45:01,200,0.25,15.0,86.625,3600,0,False,,
win-Arecibo-Observatory-20220930-124501.npy,20220930,Arecibo-Observatory,12:45:01,13:00:01,200,0.25,15.0,86.625,3600,0,False,,
win-Arecibo-Observatory-20220930-134501.npy,20220930,Arecibo-Observatory,13:45:01,14:00:01,200,0.25,15.0,86.625,3600,0,False,,
win-Arecibo-Observatory-20220930-140001.npy,20220930,Arecibo-Observatory,14:00:01,14:15:01,200,0.25,15.0,86.625,3600,0,False,,
win-Arecibo-Observatory-20220930-141501.npy,20220930,Arecibo-Observatory,14:15:01,14:30:01,200,0.25,15.0,86.625,3600,1,False,,
win-Arecibo-Observatory-20220930-143001.npy,20220930,Arecibo-Observatory,14:30:01,14:45:01,200,0.25,15.0,86.625,3600,0,False,,
win-Arecibo-Observatory-20220930-144501.npy,20220930,Arecibo-Observatory,14:45:01,15:00:01,200,0.25,15.0,86.625,3600,0,False,,
win-Arecibo-Observatory-20220930-151501.npy,20220930,Arecibo-Observatory,15:15:01,15:30:01,200,0.25,15.0,86.625,3600,0,True,offclass_event_in_negative_window,J
win-Arecibo-Observatory-20220930-153001.npy,20220930,Arecibo-Observatory,15:30:01,15:45:01,200,0.25,15.0,86.625,3600,0,False,,
win-Arecibo-Observatory-20220930-154501.npy,20220930,Arecibo-Observatory,15:45:01,16:00:01,200,0.25,15.0,86.625,3600,0,True,only_edge_sliver_of_an_event,
win-Arecibo-Observatory-20220930-160001.npy,20220930,Arecibo-Observatory,16:00:01,16:15:01,200,0.25,15.0,86.625,3600,1,False,,
win-Arecibo-Observatory-20220930-161501.npy,20220930,Arecibo-Observatory,16:15:01,16:29:57,200,0.25,15.0,86.625,3586,1,False,,
win-Arecibo-Observatory-20220930-163000.npy,20220930,Arecibo-Observatory,16:30:00,16:45:00,200,0.25,15.0,86.625,3600,0,True,offclass_event_in_negative_window,VI
win-Arecibo-Observatory-20220930-164459.npy,20220930,Arecibo-Observatory,16:44:59,16:59:59,200,0.25,15.0,86.625,3600,0,True,offclass_event_in_negative_window,VI
win-Arecibo-Observatory-20220930-165959.npy,20220930,Arecibo-Observatory,16:59:59,17:14:59,200,0.25,15.0,86.625,3600,0,True,offclass_event_in_negative_window,VI
win-Arecibo-Observatory-20220930-171459.npy,20220930,Arecibo-Observatory,17:14:59,17:29:59,200,0.25,15.0,86.625,3600,0,False,,
win-Arecibo-Observatory-20220930-172959.npy,20220930,Arecibo-Observatory,17:29:59,17:44:59,200,0.25,15.0,86.625,3600,1,False,,
win-Arecibo-Observatory-20220930-174459.npy,20220930,Arecibo-Observatory,17:44:59,17:59:59,200,0.25,15.0,86.625,3600,0,True,offclass_event_in_negative_window,VI
win-Arecibo-Observatory-20220930-175959.npy,20220930,Arecibo-Observatory,17:59:59,18:14:59,200,0.25,15.0,86.625,3600,0,True,offclass_event_in_negative_window,VI
win-Arecibo-Observatory-20221001-113000.npy,20221001,Arecibo-Observatory,11:30:00,11:45:00,200,0.25,15.0,86.625,3600,0,False,,
win-Arecibo-Observatory-20221001-114500.npy,20221001,Arecibo-Observatory,11:45:00,12:00:00,200,0.25,15.0,86.625,3600,0,False,,
win-Arecibo-Observatory-20221001-120000.npy,20221001,Arecibo-Observatory,12:00:00,12:15:00,200,0.25,15.0,86.625,3600,1,False,,
win-Arecibo-Observatory-20221001-121500.npy,20221001,Arecibo-Observatory,12:15:00,12:30:00,200,0.25,15.0,86.625,3600,0,False,,
win-Arecibo-Observatory-20221001-123000.npy,20221001,Arecibo-Observatory,12:30:00,12:45:00,200,0.25,15.0,86.625,3600,0,False,,
win-Arecibo-Observatory-20221001-140001.npy,20221001,Arecibo-Observatory,14:00:01,14:15:01,200,0.25,15.0,86.625,3600,0,False,,
win-Arecibo-Observatory-20221001-141501.npy,20221001,Arecibo-Observatory,14:15:01,14:30:01,200,0.25,15.0,86.625,3600,0,False,,
win-Arecibo-Observatory-20221001-143001.npy,20221001,Arecibo-Observatory,14:30:01,14:45:01,200,0.25,15.0,86.625,3600,1,False,,
win-Arecibo-Observatory-20221001-144501.npy,20221001,Arecibo-Observatory,14:45:01,15:00:01,200,0.25,15.0,86.625,3600,0,False,,
win-Arecibo-Observatory-20221001-150001.npy,20221001,Arecibo-Observatory,15:00:01,15:15:01,200,0.25,15.0,86.625,3600,0,True,offclass_event_in_negative_window,VI
win-Arecibo-Observatory-20221001-151501.npy,20221001,Arecibo-Observatory,15:15:01,15:30:01,200,0.25,15.0,86.625,3600,0,False,,
win-Arecibo-Observatory-20221001-153001.npy,20221001,Arecibo-Observatory,15:30:01,15:45:01,200,0.25,15.0,86.625,3600,1,False,,
win-Arecibo-Observatory-20221001-154501.npy,20221001,Arecibo-Observatory,15:45:01,16:00:01,200,0.25,15.0,86.625,3600,0,False,,
win-Arecibo-Observatory-20221001-160001.npy,20221001,Arecibo-Observatory,16:00:01,16:15:01,200,0.25,15.0,86.625,3600,0,False,,
win-Arecibo-Observatory-20221001-164500.npy,20221001,Arecibo-Observatory,16:45:00,17:00:00,200,0.25,15.0,86.625,3600,0,False,,
win-Arecibo-Observatory-20221001-170000.npy,20221001,Arecibo-Observatory,17:00:00,17:15:00,200,0.25,15.0,86.625,3600,0,False,,
win-Arecibo-Observatory-20221001-171500.npy,20221001,Arecibo-Observatory,17:15:00,17:30:00,200,0.25,15.0,86.625,3600,1,False,,
win-Arecibo-Observatory-20221001-173000.npy,20221001,Arecibo-Observatory,17:30:00,17:45:00,200,0.25,15.0,86.625,3600,0,False,,
win-Arecibo-Observatory-20221001-174500.npy,20221001,Arecibo-Observatory,17:45:00,18:00:00,200,0.25,15.0,86.625,3600,0,False,,
win-Arecibo-Observatory-20221001-180001.npy,20221001,Arecibo-Observatory,18:00:01,18:15:01,200,0.25,15.0,86.625,3600,1,False,,
win-Arecibo-Observatory-20221001-181501.npy,20221001,Arecibo-Observatory,18:15:01,18:30:01,200,0.25,15.0,86.625,3600,0,False,,
win-Arecibo-Observatory-20221001-183000.npy,20221001,Arecibo-Observatory,18:30:00,18:45:00,200,0.25,15.0,86.625,3600,0,False,,
win-Arecibo-Observatory-20221002-133000.npy,20221002,Arecibo-Observatory,13:30:00,13:45:00,200,0.25,15.0,86.625,3600,0,False,,
win-Arecibo-Observatory-20221002-134501.npy,20221002,Arecibo-Observatory,13:45:01,14:00:01,200,0.25,15.0,86.625,3600,0,False,,
win-Arecibo-Observatory-20221002-140001.npy,20221002,Arecibo-Observatory,14:00:01,14:15:01,200,0.25,15.0,86.625,3600,1,False,,
win-Arecibo-Observatory-20221002-141501.npy,20221002,Arecibo-Observatory,14:15:01,14:30:01,200,0.25,15.0,86.625,3600,0,False,,
win-Arecibo-Observatory-20221002-143001.npy,20221002,Arecibo-Observatory,14:30:01,14:45:01,200,0.25,15.0,86.625,3600,0,False,,
win-Arecibo-Observatory-20221003-140001.npy,20221003,Arecibo-Observatory,14:00:01,14:15:01,200,0.25,15.0,86.625,3600,0,False,,
win-Arecibo-Observatory-20221003-141501.npy,20221003,Arecibo-Observatory,14:15:01,14:30:01,200,0.25,15.0,86.625,3600,0,False,,
win-Arecibo-Observatory-20221003-143001.npy,20221003,Arecibo-Observatory,14:30:01,14:45:01,200,0.25,15.0,86.625,3600,1,False,,
win-Arecibo-Observatory-20221003-144501.npy,20221003,Arecibo-Observatory,14:45:01,15:00:01,200,0.25,15.0,86.625,3600,0,False,,
win-Arecibo-Observatory-20221003-150001.npy,20221003,Arecibo-Observatory,15:00:01,15:15:01,200,0.25,15.0,86.625,3600,0,False,,
win-Arecibo-Observatory-20221005-151501.npy,20221005,Arecibo-Observatory,15:15:01,15:30:01,200,0.25,15.0,86.625,3600,0,False,,
win-Arecibo-Observatory-20221005-153001.npy,20221005,Arecibo-Observatory,15:30:01,15:45:01,200,0.25,15.0,86.625,3600,0,False,,
win-Arecibo-Observatory-20221005-154501.npy,20221005,Arecibo-Observatory,15:45:01,16:00:01,200,0.25,15.0,86.625,3600,1,False,,
win-Arecibo-Observatory-20221005-160001.npy,20221005,Arecibo-Observatory,16:00:01,16:15:01,200,0.25,15.0,86.625,3600,0,False,,
win-Arecibo-Observatory-20221005-161501.npy,20221005,Arecibo-Observatory,16:15:01,16:29:57,200,0.25,15.0,86.625,3586,0,False,,
win-Arecibo-Observatory-20221006-123000.npy,20221006,Arecibo-Observatory,12:30:00,12:45:00,200,0.25,15.0,86.625,3600,0,False,,
win-Arecibo-Observatory-20221006-124501.npy,20221006,Arecibo-Observatory,12:45:01,13:00:01,200,0.25,15.0,86.625,3600,0,False,,
win-Arecibo-Observatory-20221006-130000.npy,20221006,Arecibo-Observatory,13:00:00,13:15:00,200,0.25,15.0,86.625,3600,1,False,,
win-Arecibo-Observatory-20221006-131500.npy,20221006,Arecibo-Observatory,13:15:00,13:30:00,200,0.25,15.0,86.625,3600,1,False,,
win-Arecibo-Observatory-20221006-133001.npy,20221006,Arecibo-Observatory,13:30:01,13:45:01,200,0.25,15.0,86.625,3600,1,False,,
win-Arecibo-Observatory-20221006-134501.npy,20221006,Arecibo-Observatory,13:45:01,14:00:01,200,0.25,15.0,86.625,3600,1,False,,
win-Arecibo-Observatory-20221006-140001.npy,20221006,Arecibo-Observatory,14:00:01,14:15:01,200,0.25,15.0,86.625,3600,0,False,,
win-Arecibo-Observatory-20221006-141501.npy,20221006,Arecibo-Observatory,14:15:01,14:30:01,200,0.25,15.0,86.625,3600,0,False,,
win-Arecibo-Observatory-20221006-144501.npy,20221006,Arecibo-Observatory,14:45:01,15:00:01,200,0.25,15.0,86.625,3600,0,False,,
win-Arecibo-Observatory-20221006-150001.npy,20221006,Arecibo-Observatory,15:00:01,15:15:01,200,0.25,15.0,86.625,3600,0,False,,
win-Arecibo-Observatory-20221006-151501.npy,20221006,Arecibo-Observatory,15:15:01,15:30:01,200,0.25,15.0,86.625,3600,1,False,,
win-Arecibo-Observatory-20221006-153001.npy,20221006,Arecibo-Observatory,15:30:01,15:45:01,200,0.25,15.0,86.625,3600,0,False,,
win-Arecibo-Observatory-20221006-154501.npy,20221006,Arecibo-Observatory,15:45:01,16:00:01,200,0.25,15.0,86.625,3600,0,False,,
win-Arecibo-Observatory-20221007-124501.npy,20221007,Arecibo-Observatory,12:45:01,13:00:01,200,0.25,15.0,86.625,3600,0,False,,
win-Arecibo-Observatory-20221007-130001.npy,20221007,Arecibo-Observatory,13:00:01,13:15:01,200,0.25,15.0,86.625,3600,0,False,,
win-Arecibo-Observatory-20221007-131501.npy,20221007,Arecibo-Observatory,13:15:01,13:30:01,200,0.25,15.0,86.625,3600,1,False,,
win-Arecibo-Observatory-20221007-133001.npy,20221007,Arecibo-Observatory,13:30:01,13:45:01,200,0.25,15.0,86.625,3600,0,False,,
win-Arecibo-Observatory-20221007-134501.npy,20221007,Arecibo-Observatory,13:45:01,14:00:01,200,0.25,15.0,86.625,3600,0,False,,
win-Arecibo-Observatory-20221007-161501.npy,20221007,Arecibo-Observatory,16:15:01,16:29:57,200,0.25,15.0,86.625,3587,0,True,offclass_event_in_negative_window,VI
win-Arecibo-Observatory-20221007-163000.npy,20221007,Arecibo-Observatory,16:30:00,16:45:00,200,0.25,15.0,86.625,3600,0,True,offclass_event_in_negative_window,VI
win-Arecibo-Observatory-20221007-164500.npy,20221007,Arecibo-Observatory,16:45:00,17:00:00,200,0.25,15.0,86.625,3600,1,False,,VI
win-Arecibo-Observatory-20221007-170000.npy,20221007,Arecibo-Observatory,17:00:00,17:15:00,200,0.25,15.0,86.625,3600,0,True,offclass_event_in_negative_window,VI
win-Arecibo-Observatory-20221007-171500.npy,20221007,Arecibo-Observatory,17:15:00,17:30:00,200,0.25,15.0,86.625,3600,0,True,offclass_event_in_negative_window,VI
win-Arecibo-Observatory-20221007-181500.npy,20221007,Arecibo-Observatory,18:15:00,18:30:00,200,0.25,15.0,86.625,3600,0,False,,
win-Arecibo-Observatory-20221007-183000.npy,20221007,Arecibo-Observatory,18:30:00,18:45:00,200,0.25,15.0,86.625,3600,0,False,,
win-Arecibo-Observatory-20221007-184500.npy,20221007,Arecibo-Observatory,18:45:00,19:00:00,200,0.25,15.0,86.625,3600,1,False,,
win-Arecibo-Observatory-20221007-190000.npy,20221007,Arecibo-Observatory,19:00:00,19:15:00,200,0.25,15.0,86.625,3600,0,False,,
win-Arecibo-Observatory-20221007-191500.npy,20221007,Arecibo-Observatory,19:15:00,19:30:00,200,0.25,15.0,86.625,3600,0,False,,
win-Arecibo-Observatory-20221008-124500.npy,20221008,Arecibo-Observatory,12:45:00,13:00:00,200,0.25,15.0,86.625,3600,0,False,,
win-Arecibo-Observatory-20221008-130000.npy,20221008,Arecibo-Observatory,13:00:00,13:15:00,200,0.25,15.0,86.625,3600,0,False,,
win-Arecibo-Observatory-20221008-131500.npy,20221008,Arecibo-Observatory,13:15:00,13:30:00,200,0.25,15.0,86.625,3600,1,False,,
win-Arecibo-Observatory-20221008-133001.npy,20221008,Arecibo-Observatory,13:30:01,13:45:01,200,0.25,15.0,86.625,3600,0,False,,
win-Arecibo-Observatory-20221008-134501.npy,20221008,Arecibo-Observatory,13:45:01,14:00:01,200,0.25,15.0,86.625,3600,0,False,,
win-Arecibo-Observatory-20221010-120000.npy,20221010,Arecibo-Observatory,12:00:00,12:15:00,200,0.25,15.0,86.625,3600,0,False,,
win-Arecibo-Observatory-20221010-121501.npy,20221010,Arecibo-Observatory,12:15:01,12:30:01,200,0.25,15.0,86.625,3600,0,False,,
win-Arecibo-Observatory-20221010-123000.npy,20221010,Arecibo-Observatory,12:30:00,12:45:00,200,0.25,15.0,86.625,3600,1,False,,
win-Arecibo-Observatory-20221010-124501.npy,20221010,Arecibo-Observatory,12:45:01,13:00:01,200,0.25,15.0,86.625,3600,0,False,,
win-Arecibo-Observatory-20221010-130001.npy,20221010,Arecibo-Observatory,13:00:01,13:15:01,200,0.25,15.0,86.625,3600,0,False,,
win-Arecibo-Observatory-20221010-153001.npy,20221010,Arecibo-Observatory,15:30:01,15:45:01,200,0.25,15.0,86.625,3600,0,False,,
win-Arecibo-Observatory-20221010-154501.npy,20221010,Arecibo-Observatory,15:45:01,16:00:01,200,0.25,15.0,86.625,3600,0,False,,
win-Arecibo-Observatory-20221010-160001.npy,20221010,Arecibo-Observatory,16:00:01,16:15:01,200,0.25,15.0,86.625,3600,1,False,,
win-Arecibo-Observatory-20221010-161501.npy,20221010,Arecibo-Observatory,16:15:01,16:29:57,200,0.25,15.0,86.625,3587,0,False,,
win-Arecibo-Observatory-20221010-163000.npy,20221010,Arecibo-Observatory,16:30:00,16:45:00,200,0.25,15.0,86.625,3600,0,False,,
win-Arecibo-Observatory-20221010-164459.npy,20221010,Arecibo-Observatory,16:44:59,16:59:59,200,0.25,15.0,86.625,3600,0,False,,
win-Arecibo-Observatory-20221010-165959.npy,20221010,Arecibo-Observatory,16:59:59,17:14:59,200,0.25,15.0,86.625,3600,0,False,,
win-Arecibo-Observatory-20221010-171459.npy,20221010,Arecibo-Observatory,17:14:59,17:29:59,200,0.25,15.0,86.625,3600,1,False,,
win-Arecibo-Observatory-20221010-172959.npy,20221010,Arecibo-Observatory,17:29:59,17:44:59,200,0.25,15.0,86.625,3600,1,False,,
win-Arecibo-Observatory-20221010-174459.npy,20221010,Arecibo-Observatory,17:44:59,17:59:59,200,0.25,15.0,86.625,3600,0,False,,
win-Arecibo-Observatory-20221010-175959.npy,20221010,Arecibo-Observatory,17:59:59,18:14:59,200,0.25,15.0,86.625,3600,0,False,,
win-Arecibo-Observatory-20221010-184459.npy,20221010,Arecibo-Observatory,18:44:59,18:59:59,200,0.25,15.0,86.625,3600,0,False,,
win-Arecibo-Observatory-20221010-185959.npy,20221010,Arecibo-Observatory,18:59:59,19:14:59,200,0.25,15.0,86.625,3600,0,False,,
win-Arecibo-Observatory-20221010-191459.npy,20221010,Arecibo-Observatory,19:14:59,19:29:59,200,0.25,15.0,86.625,3600,1,False,,
win-Arecibo-Observatory-20221010-192959.npy,20221010,Arecibo-Observatory,19:29:59,19:44:59,200,0.25,15.0,86.625,3600,0,False,,
win-Arecibo-Observatory-20221010-194459.npy,20221010,Arecibo-Observatory,19:44:59,19:59:59,200,0.25,15.0,86.625,3600,0,False,,
win-Arecibo-Observatory-20221011-111500.npy,20221011,Arecibo-Observatory,11:15:00,11:30:00,200,0.25,15.0,86.625,3600,0,False,,
win-Arecibo-Observatory-20221011-113000.npy,20221011,Arecibo-Observatory,11:30:00,11:45:00,200,0.25,15.0,86.625,3600,0,False,,
win-Arecibo-Observatory-20221011-114500.npy,20221011,Arecibo-Observatory,11:45:00,12:00:00,200,0.25,15.0,86.625,3600,1,False,,
win-Arecibo-Observatory-20221011-120000.npy,20221011,Arecibo-Observatory,12:00:00,12:15:00,200,0.25,15.0,86.625,3600,0,False,,
win-Arecibo-Observatory-20221011-121500.npy,20221011,Arecibo-Observatory,12:15:00,12:30:00,200,0.25,15.0,86.625,3600,0,False,,
win-Arecibo-Observatory-20221011-123000.npy,20221011,Arecibo-Observatory,12:30:00,12:45:00,200,0.25,15.0,86.625,3600,0,False,,
win-Arecibo-Observatory-20221011-124501.npy,20221011,Arecibo-Observatory,12:45:01,13:00:01,200,0.25,15.0,86.625,3600,0,False,,
win-Arecibo-Observatory-20221011-130001.npy,20221011,Arecibo-Observatory,13:00:01,13:15:01,200,0.25,15.0,86.625,3600,1,False,,
win-Arecibo-Observatory-20221011-131500.npy,20221011,Arecibo-Observatory,13:15:00,13:30:00,200,0.25,15.0,86.625,3600,1,False,,
win-Arecibo-Observatory-20221011-133001.npy,20221011,Arecibo-Observatory,13:30:01,13:45:01,200,0.25,15.0,86.625,3600,0,False,,
win-Arecibo-Observatory-20221011-134501.npy,20221011,Arecibo-Observatory,13:45:01,14:00:01,200,0.25,15.0,86.625,3600,0,False,,
win-Arecibo-Observatory-20221011-140001.npy,20221011,Arecibo-Observatory,14:00:01,14:15:01,200,0.25,15.0,86.625,3600,0,False,,
win-Arecibo-Observatory-20221011-141501.npy,20221011,Arecibo-Observatory,14:15:01,14:30:01,200,0.25,15.0,86.625,3600,1,False,,
win-Arecibo-Observatory-20221011-143001.npy,20221011,Arecibo-Observatory,14:30:01,14:45:01,200,0.25,15.0,86.625,3600,0,False,,
win-Arecibo-Observatory-20221011-144501.npy,20221011,Arecibo-Observatory,14:45:01,15:00:01,200,0.25,15.0,86.625,3600,0,True,offclass_event_in_negative_window,VI
win-Arecibo-Observatory-20221011-164500.npy,20221011,Arecibo-Observatory,16:45:00,17:00:00,200,0.25,15.0,86.625,3600,0,False,,
win-Arecibo-Observatory-20221011-170000.npy,20221011,Arecibo-Observatory,17:00:00,17:15:00,200,0.25,15.0,86.625,3600,0,False,,
win-Arecibo-Observatory-20221011-171500.npy,20221011,Arecibo-Observatory,17:15:00,17:30:00,200,0.25,15.0,86.625,3600,1,False,,
win-Arecibo-Observatory-20221011-173000.npy,20221011,Arecibo-Observatory,17:30:00,17:45:00,200,0.25,15.0,86.625,3600,0,False,,
win-Arecibo-Observatory-20221011-174500.npy,20221011,Arecibo-Observatory,17:45:00,18:00:00,200,0.25,15.0,86.625,3600,0,False,,
win-Arecibo-Observatory-20221011-180000.npy,20221011,Arecibo-Observatory,18:00:00,18:15:00,200,0.25,15.0,86.625,3600,1,False,,
win-Arecibo-Observatory-20221011-181500.npy,20221011,Arecibo-Observatory,18:15:00,18:30:00,200,0.25,15.0,86.625,3600,1,False,,
win-Arecibo-Observatory-20221011-183000.npy,20221011,Arecibo-Observatory,18:30:00,18:45:00,200,0.25,15.0,86.625,3600,0,False,,
win-Arecibo-Observatory-20221011-184501.npy,20221011,Arecibo-Observatory,18:45:01,19:00:01,200,0.25,15.0,86.625,3600,0,True,offclass_event_in_negative_window,IIII
win-Arecibo-Observatory-20221012-134501.npy,20221012,Arecibo-Observatory,13:45:01,14:00:01,200,0.25,15.0,86.625,3600,0,False,,
win-Arecibo-Observatory-20221012-140001.npy,20221012,Arecibo-Observatory,14:00:01,14:15:01,200,0.25,15.0,86.625,3600,0,False,,
win-Arecibo-Observatory-20221012-141501.npy,20221012,Arecibo-Observatory,14:15:01,14:30:01,200,0.25,15.0,86.625,3600,1,False,,VI
win-Arecibo-Observatory-20221012-143001.npy,20221012,Arecibo-Observatory,14:30:01,14:45:01,200,0.25,15.0,86.625,3600,1,False,,VI
win-Arecibo-Observatory-20221012-144501.npy,20221012,Arecibo-Observatory,14:45:01,15:00:01,200,0.25,15.0,86.625,3600,0,True,offclass_event_in_negative_window,VI
win-Arecibo-Observatory-20221012-150001.npy,20221012,Arecibo-Observatory,15:00:01,15:15:01,200,0.25,15.0,86.625,3600,0,False,,
win-Arecibo-Observatory-20221013-145151.npy,20221013,Arecibo-Observatory,14:51:51,15:06:51,200,0.25,15.0,86.625,3600,0,False,,
win-Arecibo-Observatory-20221013-150651.npy,20221013,Arecibo-Observatory,15:06:51,15:21:51,200,0.25,15.0,86.625,3600,0,False,,
win-Arecibo-Observatory-20221013-152151.npy,20221013,Arecibo-Observatory,15:21:51,15:36:51,200,0.25,15.0,86.625,3600,1,False,,
win-Arecibo-Observatory-20221013-153652.npy,20221013,Arecibo-Observatory,15:36:52,15:51:52,200,0.25,15.0,86.625,3600,0,False,,
win-Arecibo-Observatory-20221013-155151.npy,20221013,Arecibo-Observatory,15:51:51,16:06:51,200,0.25,15.0,86.625,3600,1,False,,
win-Arecibo-Observatory-20221013-160652.npy,20221013,Arecibo-Observatory,16:06:52,16:21:52,200,0.25,15.0,86.625,3600,0,False,,
win-Arecibo-Observatory-20221013-162152.npy,20221013,Arecibo-Observatory,16:21:52,16:29:58,200,0.25,15.0,86.625,1944,0,False,,
win-Arecibo-Observatory-20221013-163000.npy,20221013,Arecibo-Observatory,16:30:00,16:45:00,200,0.25,15.0,86.625,3600,0,False,,
win-Arecibo-Observatory-20221015-123000.npy,20221015,Arecibo-Observatory,12:30:00,12:45:00,200,0.25,15.0,86.625,3600,0,False,,
win-Arecibo-Observatory-20221015-124501.npy,20221015,Arecibo-Observatory,12:45:01,13:00:01,200,0.25,15.0,86.625,3600,0,False,,
win-Arecibo-Observatory-20221015-130001.npy,20221015,Arecibo-Observatory,13:00:01,13:15:01,200,0.25,15.0,86.625,3600,1,False,,
win-Arecibo-Observatory-20221015-131501.npy,20221015,Arecibo-Observatory,13:15:01,13:30:01,200,0.25,15.0,86.625,3600,0,False,,
win-Arecibo-Observatory-20221015-133000.npy,20221015,Arecibo-Observatory,13:30:00,13:45:00,200,0.25,15.0,86.625,3600,0,False,,
win-Arecibo-Observatory-20221016-130001.npy,20221016,Arecibo-Observatory,13:00:01,13:15:01,200,0.25,15.0,86.625,3600,0,False,,
win-Arecibo-Observatory-20221016-131501.npy,20221016,Arecibo-Observatory,13:15:01,13:30:01,200,0.25,15.0,86.625,3600,0,False,,
win-Arecibo-Observatory-20221016-133001.npy,20221016,Arecibo-Observatory,13:30:01,13:45:01,200,0.25,15.0,86.625,3600,1,False,,
win-Arecibo-Observatory-20221016-134501.npy,20221016,Arecibo-Observatory,13:45:01,14:00:01,200,0.25,15.0,86.625,3600,0,False,,
win-Arecibo-Observatory-20221016-140001.npy,20221016,Arecibo-Observatory,14:00:01,14:15:01,200,0.25,15.0,86.625,3600,0,False,,
win-Arecibo-Observatory-20221016-153001.npy,20221016,Arecibo-Observatory,15:30:01,15:45:01,200,0.25,15.0,86.625,3600,0,False,,
win-Arecibo-Observatory-20221016-154501.npy,20221016,Arecibo-Observatory,15:45:01,16:00:01,200,0.25,15.0,86.625,3600,0,False,,
win-Arecibo-Observatory-20221016-160001.npy,20221016,Arecibo-Observatory,16:00:01,16:15:01,200,0.25,15.0,86.625,3600,1,False,,
win-Arecibo-Observatory-20221016-161501.npy,20221016,Arecibo-Observatory,16:15:01,16:29:57,200,0.25,15.0,86.625,3586,0,False,,
win-Arecibo-Observatory-20221016-163000.npy,20221016,Arecibo-Observatory,16:30:00,16:45:00,200,0.25,15.0,86.625,3600,0,False,,
win-Arecibo-Observatory-20221017-121501.npy,20221017,Arecibo-Observatory,12:15:01,12:30:01,200,0.25,15.0,86.625,3600,0,False,,
win-Arecibo-Observatory-20221017-123000.npy,20221017,Arecibo-Observatory,12:30:00,12:45:00,200,0.25,15.0,86.625,3600,0,False,,
win-Arecibo-Observatory-20221017-124501.npy,20221017,Arecibo-Observatory,12:45:01,13:00:01,200,0.25,15.0,86.625,3600,1,False,,
win-Arecibo-Observatory-20221017-130001.npy,20221017,Arecibo-Observatory,13:00:01,13:15:01,200,0.25,15.0,86.625,3600,0,False,,
win-Arecibo-Observatory-20221017-131501.npy,20221017,Arecibo-Observatory,13:15:01,13:30:01,200,0.25,15.0,86.625,3600,0,False,,
win-Arecibo-Observatory-20221019-114500.npy,20221019,Arecibo-Observatory,11:45:00,12:00:00,200,0.25,15.0,86.625,3600,0,False,,
win-Arecibo-Observatory-20221019-120000.npy,20221019,Arecibo-Observatory,12:00:00,12:15:00,200,0.25,15.0,86.625,3600,0,False,,
win-Arecibo-Observatory-20221019-121500.npy,20221019,Arecibo-Observatory,12:15:00,12:30:00,200,0.25,15.0,86.625,3600,1,False,,
win-Arecibo-Observatory-20221019-123000.npy,20221019,Arecibo-Observatory,12:30:00,12:45:00,200,0.25,15.0,86.625,3600,0,False,,
win-Arecibo-Observatory-20221019-124501.npy,20221019,Arecibo-Observatory,12:45:01,13:00:01,200,0.25,15.0,86.625,3600,0,False,,
win-Arecibo-Observatory-20221022-140001.npy,20221022,Arecibo-Observatory,14:00:01,14:15:01,200,0.25,15.0,86.625,3600,0,False,,
win-Arecibo-Observatory-20221022-141501.npy,20221022,Arecibo-Observatory,14:15:01,14:30:01,200,0.25,15.0,86.625,3600,0,False,,
win-Arecibo-Observatory-20221022-143001.npy,20221022,Arecibo-Observatory,14:30:01,14:45:01,200,0.25,15.0,86.625,3600,1,False,,
win-Arecibo-Observatory-20221022-144501.npy,20221022,Arecibo-Observatory,14:45:01,15:00:01,200,0.25,15.0,86.625,3600,0,False,,
win-Arecibo-Observatory-20221022-150001.npy,20221022,Arecibo-Observatory,15:00:01,15:15:01,200,0.25,15.0,86.625,3600,0,False,,
win-Arecibo-Observatory-20221022-160001.npy,20221022,Arecibo-Observatory,16:00:01,16:15:01,200,0.25,15.0,86.625,3600,0,False,,
win-Arecibo-Observatory-20221022-161501.npy,20221022,Arecibo-Observatory,16:15:01,16:29:57,200,0.25,15.0,86.625,3586,0,False,,
win-Arecibo-Observatory-20221022-163000.npy,20221022,Arecibo-Observatory,16:30:00,16:45:00,200,0.25,15.0,86.625,3600,1,False,,
win-Arecibo-Observatory-20221022-164459.npy,20221022,Arecibo-Observatory,16:44:59,16:59:59,200,0.25,15.0,86.625,3600,0,False,,
win-Arecibo-Observatory-20221022-165959.npy,20221022,Arecibo-Observatory,16:59:59,17:14:59,200,0.25,15.0,86.625,3600,0,False,,
win-Arecibo-Observatory-20221024-174500.npy,20221024,Arecibo-Observatory,17:45:00,18:00:00,200,0.25,15.0,86.625,3600,0,False,,
win-Arecibo-Observatory-20221024-180000.npy,20221024,Arecibo-Observatory,18:00:00,18:15:00,200,0.25,15.0,86.625,3600,0,False,,
win-Arecibo-Observatory-20221024-181500.npy,20221024,Arecibo-Observatory,18:15:00,18:30:00,200,0.25,15.0,86.625,3600,1,False,,
win-Arecibo-Observatory-20221024-183001.npy,20221024,Arecibo-Observatory,18:30:01,18:45:01,200,0.25,15.0,86.625,3600,0,False,,
win-Arecibo-Observatory-20221024-184501.npy,20221024,Arecibo-Observatory,18:45:01,19:00:01,200,0.25,15.0,86.625,3600,0,False,,
win-Arecibo-Observatory-20221025-124500.npy,20221025,Arecibo-Observatory,12:45:00,13:00:00,200,0.25,15.0,86.625,3600,0,False,,
win-Arecibo-Observatory-20221025-130001.npy,20221025,Arecibo-Observatory,13:00:01,13:15:01,200,0.25,15.0,86.625,3600,0,False,,
win-Arecibo-Observatory-20221025-131500.npy,20221025,Arecibo-Observatory,13:15:00,13:30:00,200,0.25,15.0,86.625,3600,1,False,,
win-Arecibo-Observatory-20221025-133001.npy,20221025,Arecibo-Observatory,13:30:01,13:45:01,200,0.25,15.0,86.625,3600,0,False,,
win-Arecibo-Observatory-20221025-134501.npy,20221025,Arecibo-Observatory,13:45:01,14:00:01,200,0.25,15.0,86.625,3600,1,False,,VI
win-Arecibo-Observatory-20221025-140001.npy,20221025,Arecibo-Observatory,14:00:01,14:15:01,200,0.25,15.0,86.625,3600,0,True,offclass_event_in_negative_window,VI
win-Arecibo-Observatory-20221025-141500.npy,20221025,Arecibo-Observatory,14:15:00,14:30:00,200,0.25,15.0,86.625,3600,0,True,offclass_event_in_negative_window,VI
win-Arecibo-Observatory-20221025-143001.npy,20221025,Arecibo-Observatory,14:30:01,14:45:01,200,0.25,15.0,86.625,3600,1,False,,VI
win-Arecibo-Observatory-20221025-144501.npy,20221025,Arecibo-Observatory,14:45:01,15:00:01,200,0.25,15.0,86.625,3600,0,True,offclass_event_in_negative_window,VI
win-Arecibo-Observatory-20221025-150001.npy,20221025,Arecibo-Observatory,15:00:01,15:15:01,200,0.25,15.0,86.625,3600,0,True,offclass_event_in_negative_window,VI
win-Arecibo-Observatory-20221025-181459.npy,20221025,Arecibo-Observatory,18:14:59,18:29:59,200,0.25,15.0,86.625,3600,0,False,,
win-Arecibo-Observatory-20221025-182959.npy,20221025,Arecibo-Observatory,18:29:59,18:44:59,200,0.25,15.0,86.625,3600,0,False,,
win-Arecibo-Observatory-20221025-184459.npy,20221025,Arecibo-Observatory,18:44:59,18:59:59,200,0.25,15.0,86.625,3600,0,True,only_edge_sliver_of_an_event,
win-Arecibo-Observatory-20221025-185959.npy,20221025,Arecibo-Observatory,18:59:59,19:14:59,200,0.25,15.0,86.625,3600,1,False,,
win-Arecibo-Observatory-20221025-191459.npy,20221025,Arecibo-Observatory,19:14:59,19:29:59,200,0.25,15.0,86.625,3600,0,False,,
win-Arecibo-Observatory-20221025-192959.npy,20221025,Arecibo-Observatory,19:29:59,19:44:59,200,0.25,15.0,86.625,3600,0,False,,
win-Arecibo-Observatory-20221026-120000.npy,20221026,Arecibo-Observatory,12:00:00,12:15:00,200,0.25,15.0,86.625,3600,0,False,,
win-Arecibo-Observatory-20221026-121500.npy,20221026,Arecibo-Observatory,12:15:00,12:30:00,200,0.25,15.0,86.625,3600,0,False,,
win-Arecibo-Observatory-20221026-123001.npy,20221026,Arecibo-Observatory,12:30:01,12:45:01,200,0.25,15.0,86.625,3600,1,False,,
win-Arecibo-Observatory-20221026-124500.npy,20221026,Arecibo-Observatory,12:45:00,13:00:00,200,0.25,15.0,86.625,3600,0,False,,
win-Arecibo-Observatory-20221026-130001.npy,20221026,Arecibo-Observatory,13:00:01,13:15:01,200,0.25,15.0,86.625,3600,0,False,,
win-Arecibo-Observatory-20221027-100000.npy,20221027,Arecibo-Observatory,10:00:00,10:15:00,200,0.25,15.0,86.625,3600,1,False,,
win-Arecibo-Observatory-20221027-101500.npy,20221027,Arecibo-Observatory,10:15:00,10:30:00,200,0.25,15.0,86.625,3600,0,False,,
win-Arecibo-Observatory-20221027-103000.npy,20221027,Arecibo-Observatory,10:30:00,10:45:00,200,0.25,15.0,86.625,3600,0,False,,
win-Arecibo-Observatory-20221027-141501.npy,20221027,Arecibo-Observatory,14:15:01,14:30:01,200,0.25,15.0,86.625,3600,0,False,,
win-Arecibo-Observatory-20221027-143001.npy,20221027,Arecibo-Observatory,14:30:01,14:45:01,200,0.25,15.0,86.625,3600,0,False,,
win-Arecibo-Observatory-20221027-144501.npy,20221027,Arecibo-Observatory,14:45:01,15:00:01,200,0.25,15.0,86.625,3600,1,False,,
win-Arecibo-Observatory-20221027-150001.npy,20221027,Arecibo-Observatory,15:00:01,15:15:01,200,0.25,15.0,86.625,3600,0,False,,
win-Arecibo-Observatory-20221027-151501.npy,20221027,Arecibo-Observatory,15:15:01,15:30:01,200,0.25,15.0,86.625,3600,0,False,,
win-Arecibo-Observatory-20221027-174500.npy,20221027,Arecibo-Observatory,17:45:00,18:00:00,200,0.25,15.0,86.625,3600,0,False,,
win-Arecibo-Observatory-20221027-180000.npy,20221027,Arecibo-Observatory,18:00:00,18:15:00,200,0.25,15.0,86.625,3600,0,False,,
win-Arecibo-Observatory-20221027-181500.npy,20221027,Arecibo-Observatory,18:15:00,18:30:00,200,0.25,15.0,86.625,3600,1,False,,
win-Arecibo-Observatory-20221027-183000.npy,20221027,Arecibo-Observatory,18:30:00,18:45:00,200,0.25,15.0,86.625,3600,0,False,,
win-Arecibo-Observatory-20221027-184500.npy,20221027,Arecibo-Observatory,18:45:00,19:00:00,200,0.25,15.0,86.625,3600,0,False,,
win-Arecibo-Observatory-20221028-121500.npy,20221028,Arecibo-Observatory,12:15:00,12:30:00,200,0.25,15.0,86.625,3600,0,False,,
win-Arecibo-Observatory-20221028-123000.npy,20221028,Arecibo-Observatory,12:30:00,12:45:00,200,0.25,15.0,86.625,3600,0,False,,
win-Arecibo-Observatory-20221028-124500.npy,20221028,Arecibo-Observatory,12:45:00,13:00:00,200,0.25,15.0,86.625,3600,1,False,,
win-Arecibo-Observatory-20221028-130001.npy,20221028,Arecibo-Observatory,13:00:01,13:15:01,200,0.25,15.0,86.625,3600,0,False,,
win-Arecibo-Observatory-20221028-131500.npy,20221028,Arecibo-Observatory,13:15:00,13:30:00,200,0.25,15.0,86.625,3600,0,True,offclass_event_in_negative_window,VI
win-Arecibo-Observatory-20221028-181459.npy,20221028,Arecibo-Observatory,18:14:59,18:29:59,200,0.25,15.0,86.625,3600,0,False,,
win-Arecibo-Observatory-20221028-182959.npy,20221028,Arecibo-Observatory,18:29:59,18:44:59,200,0.25,15.0,86.625,3600,0,False,,
win-Arecibo-Observatory-20221028-184459.npy,20221028,Arecibo-Observatory,18:44:59,18:59:59,200,0.25,15.0,86.625,3600,1,False,,
win-Arecibo-Observatory-20221028-185959.npy,20221028,Arecibo-Observatory,18:59:59,19:14:59,200,0.25,15.0,86.625,3600,0,False,,
win-Arecibo-Observatory-20221028-191459.npy,20221028,Arecibo-Observatory,19:14:59,19:29:59,200,0.25,15.0,86.625,3600,0,False,,
win-Arecibo-Observatory-20221029-160001.npy,20221029,Arecibo-Observatory,16:00:01,16:15:01,200,0.25,15.0,86.625,3600,0,False,,
win-Arecibo-Observatory-20221029-161501.npy,20221029,Arecibo-Observatory,16:15:01,16:29:57,200,0.25,15.0,86.625,3587,0,False,,
win-Arecibo-Observatory-20221029-163000.npy,20221029,Arecibo-Observatory,16:30:00,16:45:00,200,0.25,15.0,86.625,3600,1,False,,
win-Arecibo-Observatory-20221029-164500.npy,20221029,Arecibo-Observatory,16:45:00,17:00:00,200,0.25,15.0,86.625,3600,0,False,,
win-Arecibo-Observatory-20221029-170000.npy,20221029,Arecibo-Observatory,17:00:00,17:15:00,200,0.25,15.0,86.625,3600,0,False,,
win-Arecibo-Observatory-20221030-154501.npy,20221030,Arecibo-Observatory,15:45:01,16:00:01,200,0.25,15.0,86.625,3600,0,False,,
win-Arecibo-Observatory-20221030-160001.npy,20221030,Arecibo-Observatory,16:00:01,16:15:01,200,0.25,15.0,86.625,3600,0,False,,
win-Arecibo-Observatory-20221030-161501.npy,20221030,Arecibo-Observatory,16:15:01,16:29:57,200,0.25,15.0,86.625,3586,1,False,,
win-Arecibo-Observatory-20221030-163000.npy,20221030,Arecibo-Observatory,16:30:00,16:45:00,200,0.25,15.0,86.625,3600,1,False,,
win-Arecibo-Observatory-20221030-164500.npy,20221030,Arecibo-Observatory,16:45:00,17:00:00,200,0.25,15.0,86.625,3600,0,False,,
win-Arecibo-Observatory-20221030-170000.npy,20221030,Arecibo-Observatory,17:00:00,17:15:00,200,0.25,15.0,86.625,3600,0,False,,
win-Arecibo-Observatory-20221030-174500.npy,20221030,Arecibo-Observatory,17:45:00,18:00:00,200,0.25,15.0,86.625,3600,0,False,,
win-Arecibo-Observatory-20221030-180000.npy,20221030,Arecibo-Observatory,18:00:00,18:15:00,200,0.25,15.0,86.625,3600,0,False,,
win-Arecibo-Observatory-20221030-181500.npy,20221030,Arecibo-Observatory,18:15:00,18:30:00,200,0.25,15.0,86.625,3600,1,False,,
win-Arecibo-Observatory-20221030-183000.npy,20221030,Arecibo-Observatory,18:30:00,18:45:00,200,0.25,15.0,86.625,3600,0,False,,
win-Arecibo-Observatory-20221030-184501.npy,20221030,Arecibo-Observatory,18:45:01,19:00:01,200,0.25,15.0,86.625,3600,0,False,,
win-Arecibo-Observatory-20221103-150001.npy,20221103,Arecibo-Observatory,15:00:01,15:15:01,200,0.25,15.0,86.625,3600,0,False,,
win-Arecibo-Observatory-20221103-151501.npy,20221103,Arecibo-Observatory,15:15:01,15:30:01,200,0.25,15.0,86.625,3600,0,False,,
win-Arecibo-Observatory-20221103-153001.npy,20221103,Arecibo-Observatory,15:30:01,15:45:01,200,0.25,15.0,86.625,3600,1,False,,
win-Arecibo-Observatory-20221103-154501.npy,20221103,Arecibo-Observatory,15:45:01,16:00:01,200,0.25,15.0,86.625,3600,0,False,,
win-Arecibo-Observatory-20221103-160001.npy,20221103,Arecibo-Observatory,16:00:01,16:15:01,200,0.25,15.0,86.625,3600,0,False,,
win-Arecibo-Observatory-20221103-161501.npy,20221103,Arecibo-Observatory,16:15:01,16:29:57,200,0.25,15.0,86.625,3586,1,False,,
win-Arecibo-Observatory-20221103-163000.npy,20221103,Arecibo-Observatory,16:30:00,16:45:00,200,0.25,15.0,86.625,3600,0,False,,
win-Arecibo-Observatory-20221103-164459.npy,20221103,Arecibo-Observatory,16:44:59,16:59:59,200,0.25,15.0,86.625,3600,0,False,,
win-Arecibo-Observatory-20221103-165959.npy,20221103,Arecibo-Observatory,16:59:59,17:14:59,200,0.25,15.0,86.625,3600,0,False,,
win-Arecibo-Observatory-20221103-171459.npy,20221103,Arecibo-Observatory,17:14:59,17:29:59,200,0.25,15.0,86.625,3600,1,False,,
win-Arecibo-Observatory-20221103-172959.npy,20221103,Arecibo-Observatory,17:29:59,17:44:59,200,0.25,15.0,86.625,3600,0,False,,
win-Arecibo-Observatory-20221103-174459.npy,20221103,Arecibo-Observatory,17:44:59,17:59:59,200,0.25,15.0,86.625,3600,0,False,,
win-Arecibo-Observatory-20221104-140000.npy,20221104,Arecibo-Observatory,14:00:00,14:15:00,200,0.25,15.0,86.625,3600,0,False,,
win-Arecibo-Observatory-20221104-141501.npy,20221104,Arecibo-Observatory,14:15:01,14:30:01,200,0.25,15.0,86.625,3600,0,False,,
win-Arecibo-Observatory-20221104-143001.npy,20221104,Arecibo-Observatory,14:30:01,14:45:01,200,0.25,15.0,86.625,3600,1,False,,
win-Arecibo-Observatory-20221104-144501.npy,20221104,Arecibo-Observatory,14:45:01,15:00:01,200,0.25,15.0,86.625,3600,0,False,,
win-Arecibo-Observatory-20221104-150001.npy,20221104,Arecibo-Observatory,15:00:01,15:15:01,200,0.25,15.0,86.625,3600,0,False,,
win-Arecibo-Observatory-20221104-164500.npy,20221104,Arecibo-Observatory,16:45:00,17:00:00,200,0.25,15.0,86.625,3600,0,False,,
win-Arecibo-Observatory-20221104-170000.npy,20221104,Arecibo-Observatory,17:00:00,17:15:00,200,0.25,15.0,86.625,3600,0,False,,
win-Arecibo-Observatory-20221104-171500.npy,20221104,Arecibo-Observatory,17:15:00,17:30:00,200,0.25,15.0,86.625,3600,1,False,,
win-Arecibo-Observatory-20221104-173000.npy,20221104,Arecibo-Observatory,17:30:00,17:45:00,200,0.25,15.0,86.625,3600,0,False,,
win-Arecibo-Observatory-20221104-174500.npy,20221104,Arecibo-Observatory,17:45:00,18:00:00,200,0.25,15.0,86.625,3600,0,False,,
win-Arecibo-Observatory-20221105-135826.npy,20221105,Arecibo-Observatory,13:58:26,14:13:26,200,0.25,15.0,86.625,3600,0,False,,
win-Arecibo-Observatory-20221105-141326.npy,20221105,Arecibo-Observatory,14:13:26,14:28:26,200,0.25,15.0,86.625,3600,0,False,,
win-Arecibo-Observatory-20221105-142826.npy,20221105,Arecibo-Observatory,14:28:26,14:43:26,200,0.25,15.0,86.625,3600,1,False,,
win-Arecibo-Observatory-20221105-144326.npy,20221105,Arecibo-Observatory,14:43:26,14:58:26,200,0.25,15.0,86.625,3600,0,False,,
win-Arecibo-Observatory-20221105-145826.npy,20221105,Arecibo-Observatory,14:58:26,15:13:26,200,0.25,15.0,86.625,3600,0,False,,
win-Arecibo-Observatory-20221105-152826.npy,20221105,Arecibo-Observatory,15:28:26,15:43:26,200,0.25,15.0,86.625,3600,0,False,,
win-Arecibo-Observatory-20221105-154326.npy,20221105,Arecibo-Observatory,15:43:26,15:58:26,200,0.25,15.0,86.625,3600,0,False,,
win-Arecibo-Observatory-20221105-155826.npy,20221105,Arecibo-Observatory,15:58:26,16:13:26,200,0.25,15.0,86.625,3600,1,False,,
win-Arecibo-Observatory-20221105-161326.npy,20221105,Arecibo-Observatory,16:13:26,16:28:26,200,0.25,15.0,86.625,3600,0,False,,
win-Arecibo-Observatory-20221105-162818.npy,20221105,Arecibo-Observatory,16:28:18,16:29:57,200,0.25,15.0,86.625,399,0,False,,
win-Arecibo-Observatory-20221105-163000.npy,20221105,Arecibo-Observatory,16:30:00,16:45:00,200,0.25,15.0,86.625,3600,0,False,,
win-Arecibo-Observatory-20221105-183000.npy,20221105,Arecibo-Observatory,18:30:00,18:45:00,200,0.25,15.0,86.625,3600,0,False,,
win-Arecibo-Observatory-20221105-184500.npy,20221105,Arecibo-Observatory,18:45:00,19:00:00,200,0.25,15.0,86.625,3600,0,False,,
win-Arecibo-Observatory-20221105-190000.npy,20221105,Arecibo-Observatory,19:00:00,19:15:00,200,0.25,15.0,86.625,3600,0,False,,
win-Arecibo-Observatory-20221105-191500.npy,20221105,Arecibo-Observatory,19:15:00,19:30:00,200,0.25,15.0,86.625,3600,1,False,,
win-Arecibo-Observatory-20221105-193001.npy,20221105,Arecibo-Observatory,19:30:01,19:45:01,200,0.25,15.0,86.625,3600,0,False,,
win-Arecibo-Observatory-20221105-194500.npy,20221105,Arecibo-Observatory,19:45:00,20:00:00,200,0.25,15.0,86.625,3600,0,False,,
win-Arecibo-Observatory-20221107-141501.npy,20221107,Arecibo-Observatory,14:15:01,14:30:01,200,0.25,15.0,86.625,3600,0,False,,
win-Arecibo-Observatory-20221107-143001.npy,20221107,Arecibo-Observatory,14:30:01,14:45:01,200,0.25,15.0,86.625,3600,0,False,,
win-Arecibo-Observatory-20221107-144501.npy,20221107,Arecibo-Observatory,14:45:01,15:00:01,200,0.25,15.0,86.625,3600,1,False,,
win-Arecibo-Observatory-20221107-150001.npy,20221107,Arecibo-Observatory,15:00:01,15:15:01,200,0.25,15.0,86.625,3600,0,False,,
win-Arecibo-Observatory-20221107-151501.npy,20221107,Arecibo-Observatory,15:15:01,15:30:01,200,0.25,15.0,86.625,3600,0,False,,
win-Arecibo-Observatory-20221107-154501.npy,20221107,Arecibo-Observatory,15:45:01,16:00:01,200,0.25,15.0,86.625,3600,0,False,,
win-Arecibo-Observatory-20221107-160001.npy,20221107,Arecibo-Observatory,16:00:01,16:15:01,200,0.25,15.0,86.625,3600,0,False,,
win-Arecibo-Observatory-20221107-161501.npy,20221107,Arecibo-Observatory,16:15:01,16:29:58,200,0.25,15.0,86.625,3591,1,False,,
win-Arecibo-Observatory-20221107-163000.npy,20221107,Arecibo-Observatory,16:30:00,16:45:00,200,0.25,15.0,86.625,3600,1,False,,
win-Arecibo-Observatory-20221107-164500.npy,20221107,Arecibo-Observatory,16:45:00,17:00:00,200,0.25,15.0,86.625,3600,0,False,,
win-Arecibo-Observatory-20221107-170001.npy,20221107,Arecibo-Observatory,17:00:01,17:15:01,200,0.25,15.0,86.625,3600,0,False,,
win-Arecibo-Observatory-20221108-170000.npy,20221108,Arecibo-Observatory,17:00:00,17:15:00,200,0.25,15.0,86.625,3600,0,False,,
win-Arecibo-Observatory-20221108-171500.npy,20221108,Arecibo-Observatory,17:15:00,17:30:00,200,0.25,15.0,86.625,3600,0,False,,
win-Arecibo-Observatory-20221108-173000.npy,20221108,Arecibo-Observatory,17:30:00,17:45:00,200,0.25,15.0,86.625,3600,1,False,,
win-Arecibo-Observatory-20221108-174500.npy,20221108,Arecibo-Observatory,17:45:00,18:00:00,200,0.25,15.0,86.625,3600,0,False,,
win-Arecibo-Observatory-20221108-180000.npy,20221108,Arecibo-Observatory,18:00:00,18:15:00,200,0.25,15.0,86.625,3600,0,False,,
win-Arecibo-Observatory-20221109-101500.npy,20221109,Arecibo-Observatory,10:15:00,10:30:00,200,0.25,15.0,86.625,3600,0,False,,
win-Arecibo-Observatory-20221109-103000.npy,20221109,Arecibo-Observatory,10:30:00,10:45:00,200,0.25,15.0,86.625,3600,0,False,,
win-Arecibo-Observatory-20221109-104500.npy,20221109,Arecibo-Observatory,10:45:00,11:00:00,200,0.25,15.0,86.625,3600,1,False,,
win-Arecibo-Observatory-20221109-110000.npy,20221109,Arecibo-Observatory,11:00:00,11:15:00,200,0.25,15.0,86.625,3600,0,False,,
win-Arecibo-Observatory-20221109-111500.npy,20221109,Arecibo-Observatory,11:15:00,11:30:00,200,0.25,15.0,86.625,3600,0,False,,
win-Arecibo-Observatory-20221109-173000.npy,20221109,Arecibo-Observatory,17:30:00,17:45:00,200,0.25,15.0,86.625,3600,0,False,,
win-Arecibo-Observatory-20221109-174501.npy,20221109,Arecibo-Observatory,17:45:01,18:00:01,200,0.25,15.0,86.625,3600,0,False,,
win-Arecibo-Observatory-20221109-180000.npy,20221109,Arecibo-Observatory,18:00:00,18:15:00,200,0.25,15.0,86.625,3600,1,False,,
win-Arecibo-Observatory-20221109-181501.npy,20221109,Arecibo-Observatory,18:15:01,18:30:01,200,0.25,15.0,86.625,3600,0,False,,
win-Arecibo-Observatory-20221109-183001.npy,20221109,Arecibo-Observatory,18:30:01,18:45:01,200,0.25,15.0,86.625,3600,0,False,,
win-Arecibo-Observatory-20221110-110000.npy,20221110,Arecibo-Observatory,11:00:00,11:15:00,200,0.25,15.0,86.625,3600,0,False,,
win-Arecibo-Observatory-20221110-111500.npy,20221110,Arecibo-Observatory,11:15:00,11:30:00,200,0.25,15.0,86.625,3600,0,False,,
win-Arecibo-Observatory-20221110-113000.npy,20221110,Arecibo-Observatory,11:30:00,11:45:00,200,0.25,15.0,86.625,3600,1,False,,
win-Arecibo-Observatory-20221110-114500.npy,20221110,Arecibo-Observatory,11:45:00,12:00:00,200,0.25,15.0,86.625,3600,0,False,,
win-Arecibo-Observatory-20221110-120000.npy,20221110,Arecibo-Observatory,12:00:00,12:15:00,200,0.25,15.0,86.625,3600,0,False,,
win-Arecibo-Observatory-20221110-131500.npy,20221110,Arecibo-Observatory,13:15:00,13:30:00,200,0.25,15.0,86.625,3600,0,False,,
win-Arecibo-Observatory-20221110-133000.npy,20221110,Arecibo-Observatory,13:30:00,13:45:00,200,0.25,15.0,86.625,3600,0,False,,
win-Arecibo-Observatory-20221110-134500.npy,20221110,Arecibo-Observatory,13:45:00,14:00:00,200,0.25,15.0,86.625,3600,1,False,,
win-Arecibo-Observatory-20221110-140000.npy,20221110,Arecibo-Observatory,14:00:00,14:15:00,200,0.25,15.0,86.625,3600,0,False,,
win-Arecibo-Observatory-20221110-141500.npy,20221110,Arecibo-Observatory,14:15:00,14:30:00,200,0.25,15.0,86.625,3600,0,False,,
win-Arecibo-Observatory-20221110-150000.npy,20221110,Arecibo-Observatory,15:00:00,15:15:00,200,0.25,15.0,86.625,3600,0,False,,
win-Arecibo-Observatory-20221110-151501.npy,20221110,Arecibo-Observatory,15:15:01,15:30:01,200,0.25,15.0,86.625,3600,0,False,,
win-Arecibo-Observatory-20221110-153001.npy,20221110,Arecibo-Observatory,15:30:01,15:45:01,200,0.25,15.0,86.625,3600,1,False,,
win-Arecibo-Observatory-20221110-154501.npy,20221110,Arecibo-Observatory,15:45:01,16:00:01,200,0.25,15.0,86.625,3600,0,False,,
win-Arecibo-Observatory-20221110-160001.npy,20221110,Arecibo-Observatory,16:00:01,16:15:01,200,0.25,15.0,86.625,3600,0,False,,
win-Arecibo-Observatory-20221110-163000.npy,20221110,Arecibo-Observatory,16:30:00,16:45:00,200,0.25,15.0,86.625,3600,0,False,,
win-Arecibo-Observatory-20221110-164500.npy,20221110,Arecibo-Observatory,16:45:00,17:00:00,200,0.25,15.0,86.625,3600,0,False,,
win-Arecibo-Observatory-20221110-165959.npy,20221110,Arecibo-Observatory,16:59:59,17:14:59,200,0.25,15.0,86.625,3600,2,False,,
win-Arecibo-Observatory-20221110-171459.npy,20221110,Arecibo-Observatory,17:14:59,17:29:59,200,0.25,15.0,86.625,3600,1,False,,
win-Arecibo-Observatory-20221110-172959.npy,20221110,Arecibo-Observatory,17:29:59,17:44:59,200,0.25,15.0,86.625,3600,0,False,,
win-Arecibo-Observatory-20221110-174459.npy,20221110,Arecibo-Observatory,17:44:59,17:59:59,200,0.25,15.0,86.625,3600,0,False,,
win-Arecibo-Observatory-20221110-175959.npy,20221110,Arecibo-Observatory,17:59:59,18:14:59,200,0.25,15.0,86.625,3600,1,False,,
win-Arecibo-Observatory-20221110-181459.npy,20221110,Arecibo-Observatory,18:14:59,18:29:59,200,0.25,15.0,86.625,3600,0,True,only_edge_sliver_of_an_event,
win-Arecibo-Observatory-20221110-182959.npy,20221110,Arecibo-Observatory,18:29:59,18:44:59,200,0.25,15.0,86.625,3600,0,False,,
win-Arecibo-Observatory-20221110-184459.npy,20221110,Arecibo-Observatory,18:44:59,18:59:59,200,0.25,15.0,86.625,3600,0,False,,
win-Arecibo-Observatory-20221111-113000.npy,20221111,Arecibo-Observatory,11:30:00,11:45:00,200,0.25,15.0,86.625,3600,0,True,offclass_event_in_negative_window,VI
win-Arecibo-Observatory-20221111-114500.npy,20221111,Arecibo-Observatory,11:45:00,12:00:00,200,0.25,15.0,86.625,3600,0,False,,
win-Arecibo-Observatory-20221111-120000.npy,20221111,Arecibo-Observatory,12:00:00,12:15:00,200,0.25,15.0,86.625,3600,1,False,,
win-Arecibo-Observatory-20221111-121500.npy,20221111,Arecibo-Observatory,12:15:00,12:30:00,200,0.25,15.0,86.625,3600,1,False,,
win-Arecibo-Observatory-20221111-123000.npy,20221111,Arecibo-Observatory,12:30:00,12:45:00,200,0.25,15.0,86.625,3600,1,False,,
win-Arecibo-Observatory-20221111-124500.npy,20221111,Arecibo-Observatory,12:45:00,13:00:00,200,0.25,15.0,86.625,3600,0,False,,
win-Arecibo-Observatory-20221111-130001.npy,20221111,Arecibo-Observatory,13:00:01,13:15:01,200,0.25,15.0,86.625,3600,0,False,,
win-Arecibo-Observatory-20221111-131501.npy,20221111,Arecibo-Observatory,13:15:01,13:30:01,200,0.25,15.0,86.625,3600,1,False,,
win-Arecibo-Observatory-20221111-133001.npy,20221111,Arecibo-Observatory,13:30:01,13:45:01,200,0.25,15.0,86.625,3600,1,False,,
win-Arecibo-Observatory-20221111-134501.npy,20221111,Arecibo-Observatory,13:45:01,14:00:01,200,0.25,15.0,86.625,3600,1,False,,
win-Arecibo-Observatory-20221111-140001.npy,20221111,Arecibo-Observatory,14:00:01,14:15:01,200,0.25,15.0,86.625,3600,0,False,,
win-Arecibo-Observatory-20221111-141501.npy,20221111,Arecibo-Observatory,14:15:01,14:30:01,200,0.25,15.0,86.625,3600,0,False,,
win-Arecibo-Observatory-20221111-171500.npy,20221111,Arecibo-Observatory,17:15:00,17:30:00,200,0.25,15.0,86.625,3600,0,False,,
win-Arecibo-Observatory-20221111-173000.npy,20221111,Arecibo-Observatory,17:30:00,17:45:00,200,0.25,15.0,86.625,3600,0,False,,
win-Arecibo-Observatory-20221111-174500.npy,20221111,Arecibo-Observatory,17:45:00,18:00:00,200,0.25,15.0,86.625,3600,1,False,,
win-Arecibo-Observatory-20221111-180000.npy,20221111,Arecibo-Observatory,18:00:00,18:15:00,200,0.25,15.0,86.625,3600,0,True,offclass_event_in_negative_window,VI
win-Arecibo-Observatory-20221111-181500.npy,20221111,Arecibo-Observatory,18:15:00,18:30:00,200,0.25,15.0,86.625,3600,0,True,offclass_event_in_negative_window,III
win-Arecibo-Observatory-20221111-183000.npy,20221111,Arecibo-Observatory,18:30:00,18:45:00,200,0.25,15.0,86.625,3600,1,False,,III
win-Arecibo-Observatory-20221111-184500.npy,20221111,Arecibo-Observatory,18:45:00,19:00:00,200,0.25,15.0,86.625,3600,0,True,offclass_event_in_negative_window,III
win-Arecibo-Observatory-20221111-190000.npy,20221111,Arecibo-Observatory,19:00:00,19:15:00,200,0.25,15.0,86.625,3600,0,True,offclass_event_in_negative_window,III
win-Arecibo-Observatory-20221112-121500.npy,20221112,Arecibo-Observatory,12:15:00,12:30:00,200,0.25,15.0,86.625,3600,0,False,,
win-Arecibo-Observatory-20221112-123000.npy,20221112,Arecibo-Observatory,12:30:00,12:45:00,200,0.25,15.0,86.625,3600,0,False,,
win-Arecibo-Observatory-20221112-124501.npy,20221112,Arecibo-Observatory,12:45:01,13:00:01,200,0.25,15.0,86.625,3600,1,False,,
win-Arecibo-Observatory-20221112-130001.npy,20221112,Arecibo-Observatory,13:00:01,13:15:01,200,0.25,15.0,86.625,3600,0,False,,
win-Arecibo-Observatory-20221112-131501.npy,20221112,Arecibo-Observatory,13:15:01,13:30:01,200,0.25,15.0,86.625,3600,0,False,,
win-Arecibo-Observatory-20221112-134501.npy,20221112,Arecibo-Observatory,13:45:01,14:00:01,200,0.25,15.0,86.625,3600,0,False,,
win-Arecibo-Observatory-20221112-140001.npy,20221112,Arecibo-Observatory,14:00:01,14:15:01,200,0.25,15.0,86.625,3600,0,False,,
win-Arecibo-Observatory-20221112-141501.npy,20221112,Arecibo-Observatory,14:15:01,14:30:01,200,0.25,15.0,86.625,3600,1,False,,
win-Arecibo-Observatory-20221112-143001.npy,20221112,Arecibo-Observatory,14:30:01,14:45:01,200,0.25,15.0,86.625,3600,1,False,,
win-Arecibo-Observatory-20221112-144501.npy,20221112,Arecibo-Observatory,14:45:01,15:00:01,200,0.25,15.0,86.625,3600,0,False,,
win-Arecibo-Observatory-20221112-150001.npy,20221112,Arecibo-Observatory,15:00:01,15:15:01,200,0.25,15.0,86.625,3600,1,False,,
win-Arecibo-Observatory-20221112-151501.npy,20221112,Arecibo-Observatory,15:15:01,15:30:01,200,0.25,15.0,86.625,3600,0,True,offclass_event_in_negative_window,VI
win-Arecibo-Observatory-20221112-153001.npy,20221112,Arecibo-Observatory,15:30:01,15:45:01,200,0.25,15.0,86.625,3600,0,True,offclass_event_in_negative_window,VI
win-Arecibo-Observatory-20221112-165959.npy,20221112,Arecibo-Observatory,16:59:59,17:14:59,200,0.25,15.0,86.625,3600,0,False,,
win-Arecibo-Observatory-20221112-171459.npy,20221112,Arecibo-Observatory,17:14:59,17:29:59,200,0.25,15.0,86.625,3600,0,False,,
win-Arecibo-Observatory-20221112-172959.npy,20221112,Arecibo-Observatory,17:29:59,17:44:59,200,0.25,15.0,86.625,3600,1,False,,
win-Arecibo-Observatory-20221112-174459.npy,20221112,Arecibo-Observatory,17:44:59,17:59:59,200,0.25,15.0,86.625,3600,0,False,,
win-Arecibo-Observatory-20221112-175959.npy,20221112,Arecibo-Observatory,17:59:59,18:14:59,200,0.25,15.0,86.625,3600,1,False,,
win-Arecibo-Observatory-20221112-181459.npy,20221112,Arecibo-Observatory,18:14:59,18:29:59,200,0.25,15.0,86.625,3600,1,False,,
win-Arecibo-Observatory-20221112-182959.npy,20221112,Arecibo-Observatory,18:29:59,18:44:59,200,0.25,15.0,86.625,3600,0,False,,
win-Arecibo-Observatory-20221112-184459.npy,20221112,Arecibo-Observatory,18:44:59,18:59:59,200,0.25,15.0,86.625,3600,0,False,,
win-Arecibo-Observatory-20221113-121500.npy,20221113,Arecibo-Observatory,12:15:00,12:30:00,200,0.25,15.0,86.625,3600,0,False,,
win-Arecibo-Observatory-20221113-123000.npy,20221113,Arecibo-Observatory,12:30:00,12:45:00,200,0.25,15.0,86.625,3600,0,False,,
win-Arecibo-Observatory-20221113-124500.npy,20221113,Arecibo-Observatory,12:45:00,13:00:00,200,0.25,15.0,86.625,3600,1,False,,
win-Arecibo-Observatory-20221113-130000.npy,20221113,Arecibo-Observatory,13:00:00,13:15:00,200,0.25,15.0,86.625,3600,0,False,,
win-Arecibo-Observatory-20221113-131500.npy,20221113,Arecibo-Observatory,13:15:00,13:30:00,200,0.25,15.0,86.625,3600,0,False,,
win-Arecibo-Observatory-20221113-133001.npy,20221113,Arecibo-Observatory,13:30:01,13:45:01,200,0.25,15.0,86.625,3600,0,False,,
win-Arecibo-Observatory-20221113-134501.npy,20221113,Arecibo-Observatory,13:45:01,14:00:01,200,0.25,15.0,86.625,3600,1,False,,
win-Arecibo-Observatory-20221113-140001.npy,20221113,Arecibo-Observatory,14:00:01,14:15:01,200,0.25,15.0,86.625,3600,0,False,,
win-Arecibo-Observatory-20221113-141501.npy,20221113,Arecibo-Observatory,14:15:01,14:30:01,200,0.25,15.0,86.625,3600,0,False,,
win-Arecibo-Observatory-20221114-133001.npy,20221114,Arecibo-Observatory,13:30:01,13:45:01,200,0.25,15.0,86.625,3600,0,False,,
win-Arecibo-Observatory-20221114-134501.npy,20221114,Arecibo-Observatory,13:45:01,14:00:01,200,0.25,15.0,86.625,3600,0,False,,
win-Arecibo-Observatory-20221114-140001.npy,20221114,Arecibo-Observatory,14:00:01,14:15:01,200,0.25,15.0,86.625,3600,1,False,,
win-Arecibo-Observatory-20221114-141501.npy,20221114,Arecibo-Observatory,14:15:01,14:30:01,200,0.25,15.0,86.625,3600,0,False,,
win-Arecibo-Observatory-20221114-143001.npy,20221114,Arecibo-Observatory,14:30:01,14:45:01,200,0.25,15.0,86.625,3600,0,False,,
win-Arecibo-Observatory-20221114-165959.npy,20221114,Arecibo-Observatory,16:59:59,17:14:59,200,0.25,15.0,86.625,3600,0,False,,
win-Arecibo-Observatory-20221114-171459.npy,20221114,Arecibo-Observatory,17:14:59,17:29:59,200,0.25,15.0,86.625,3600,0,False,,
win-Arecibo-Observatory-20221114-172959.npy,20221114,Arecibo-Observatory,17:29:59,17:44:59,200,0.25,15.0,86.625,3600,1,False,,
win-Arecibo-Observatory-20221114-174459.npy,20221114,Arecibo-Observatory,17:44:59,17:59:59,200,0.25,15.0,86.625,3600,1,False,,
win-Arecibo-Observatory-20221114-175959.npy,20221114,Arecibo-Observatory,17:59:59,18:14:59,200,0.25,15.0,86.625,3600,0,False,,
win-Arecibo-Observatory-20221114-181459.npy,20221114,Arecibo-Observatory,18:14:59,18:29:59,200,0.25,15.0,86.625,3600,0,False,,
win-Arecibo-Observatory-20221115-131500.npy,20221115,Arecibo-Observatory,13:15:00,13:30:00,200,0.25,15.0,86.625,3600,0,False,,
win-Arecibo-Observatory-20221115-133001.npy,20221115,Arecibo-Observatory,13:30:01,13:45:01,200,0.25,15.0,86.625,3600,0,False,,
win-Arecibo-Observatory-20221115-134501.npy,20221115,Arecibo-Observatory,13:45:01,14:00:01,200,0.25,15.0,86.625,3600,1,False,,
win-Arecibo-Observatory-20221115-140001.npy,20221115,Arecibo-Observatory,14:00:01,14:15:01,200,0.25,15.0,86.625,3600,0,False,,
win-Arecibo-Observatory-20221115-141501.npy,20221115,Arecibo-Observatory,14:15:01,14:30:01,200,0.25,15.0,86.625,3600,0,False,,
win-Arecibo-Observatory-20221119-121500.npy,20221119,Arecibo-Observatory,12:15:00,12:30:00,200,0.25,15.0,86.625,3600,0,False,,
win-Arecibo-Observatory-20221119-123000.npy,20221119,Arecibo-Observatory,12:30:00,12:45:00,200,0.25,15.0,86.625,3600,0,False,,
win-Arecibo-Observatory-20221119-124500.npy,20221119,Arecibo-Observatory,12:45:00,13:00:00,200,0.25,15.0,86.625,3600,2,False,,
win-Arecibo-Observatory-20221119-130000.npy,20221119,Arecibo-Observatory,13:00:00,13:15:00,200,0.25,15.0,86.625,3600,1,False,,
win-Arecibo-Observatory-20221119-131501.npy,20221119,Arecibo-Observatory,13:15:01,13:30:01,200,0.25,15.0,86.625,3600,0,False,,
win-Arecibo-Observatory-20221119-133001.npy,20221119,Arecibo-Observatory,13:30:01,13:45:01,200,0.25,15.0,86.625,3600,0,False,,
win-Arecibo-Observatory-20221119-134500.npy,20221119,Arecibo-Observatory,13:45:00,14:00:00,200,0.25,15.0,86.625,3600,0,False,,
win-Arecibo-Observatory-20221119-140000.npy,20221119,Arecibo-Observatory,14:00:00,14:15:00,200,0.25,15.0,86.625,3600,1,False,,
win-Arecibo-Observatory-20221119-141501.npy,20221119,Arecibo-Observatory,14:15:01,14:30:01,200,0.25,15.0,86.625,3600,0,False,,
win-Arecibo-Observatory-20221119-143001.npy,20221119,Arecibo-Observatory,14:30:01,14:45:01,200,0.25,15.0,86.625,3600,0,False,,
win-Arecibo-Observatory-20221119-151501.npy,20221119,Arecibo-Observatory,15:15:01,15:30:01,200,0.25,15.0,86.625,3600,0,False,,
win-Arecibo-Observatory-20221119-153001.npy,20221119,Arecibo-Observatory,15:30:01,15:45:01,200,0.25,15.0,86.625,3600,0,False,,
win-Arecibo-Observatory-20221119-154501.npy,20221119,Arecibo-Observatory,15:45:01,16:00:01,200,0.25,15.0,86.625,3600,1,False,,
win-Arecibo-Observatory-20221119-160001.npy,20221119,Arecibo-Observatory,16:00:01,16:15:01,200,0.25,15.0,86.625,3600,0,False,,
win-Arecibo-Observatory-20221119-161501.npy,20221119,Arecibo-Observatory,16:15:01,16:29:57,200,0.25,15.0,86.625,3586,0,False,,
win-Arecibo-Observatory-20221122-124500.npy,20221122,Arecibo-Observatory,12:45:00,13:00:00,200,0.25,15.0,86.625,3600,0,True,offclass_event_in_negative_window,VI
win-Arecibo-Observatory-20221122-130000.npy,20221122,Arecibo-Observatory,13:00:00,13:15:00,200,0.25,15.0,86.625,3600,0,False,,
win-Arecibo-Observatory-20221122-131501.npy,20221122,Arecibo-Observatory,13:15:01,13:30:01,200,0.25,15.0,86.625,3600,1,False,,
win-Arecibo-Observatory-20221122-133001.npy,20221122,Arecibo-Observatory,13:30:01,13:45:01,200,0.25,15.0,86.625,3600,0,False,,
win-Arecibo-Observatory-20221122-134501.npy,20221122,Arecibo-Observatory,13:45:01,14:00:01,200,0.25,15.0,86.625,3600,1,False,,
win-Arecibo-Observatory-20221122-140001.npy,20221122,Arecibo-Observatory,14:00:01,14:15:01,200,0.25,15.0,86.625,3600,0,True,only_edge_sliver_of_an_event,
win-Arecibo-Observatory-20221122-141501.npy,20221122,Arecibo-Observatory,14:15:01,14:30:01,200,0.25,15.0,86.625,3600,1,False,,
win-Arecibo-Observatory-20221122-143001.npy,20221122,Arecibo-Observatory,14:30:01,14:45:01,200,0.25,15.0,86.625,3600,0,False,,
win-Arecibo-Observatory-20221122-144501.npy,20221122,Arecibo-Observatory,14:45:01,15:00:01,200,0.25,15.0,86.625,3600,1,False,,
win-Arecibo-Observatory-20221122-150001.npy,20221122,Arecibo-Observatory,15:00:01,15:15:01,200,0.25,15.0,86.625,3600,1,False,,
win-Arecibo-Observatory-20221122-151501.npy,20221122,Arecibo-Observatory,15:15:01,15:30:01,200,0.25,15.0,86.625,3600,0,False,,
win-Arecibo-Observatory-20221122-153001.npy,20221122,Arecibo-Observatory,15:30:01,15:45:01,200,0.25,15.0,86.625,3600,1,False,,
win-Arecibo-Observatory-20221122-154501.npy,20221122,Arecibo-Observatory,15:45:01,16:00:01,200,0.25,15.0,86.625,3600,0,False,,
win-Arecibo-Observatory-20221122-160001.npy,20221122,Arecibo-Observatory,16:00:01,16:15:01,200,0.25,15.0,86.625,3600,0,False,,
win-Arecibo-Observatory-20221122-161501.npy,20221122,Arecibo-Observatory,16:15:01,16:29:57,200,0.25,15.0,86.625,3587,0,False,,
win-Arecibo-Observatory-20221122-163000.npy,20221122,Arecibo-Observatory,16:30:00,16:45:00,200,0.25,15.0,86.625,3600,0,False,,
win-Arecibo-Observatory-20221122-164500.npy,20221122,Arecibo-Observatory,16:45:00,17:00:00,200,0.25,15.0,86.625,3600,1,False,,
win-Arecibo-Observatory-20221122-170000.npy,20221122,Arecibo-Observatory,17:00:00,17:15:00,200,0.25,15.0,86.625,3600,0,False,,
win-Arecibo-Observatory-20221122-171500.npy,20221122,Arecibo-Observatory,17:15:00,17:30:00,200,0.25,15.0,86.625,3600,0,False,,
win-Arecibo-Observatory-20221122-173000.npy,20221122,Arecibo-Observatory,17:30:00,17:45:00,200,0.25,15.0,86.625,3600,0,False,,
win-Arecibo-Observatory-20221122-174500.npy,20221122,Arecibo-Observatory,17:45:00,18:00:00,200,0.25,15.0,86.625,3600,0,False,,
win-Arecibo-Observatory-20221122-180001.npy,20221122,Arecibo-Observatory,18:00:01,18:15:01,200,0.25,15.0,86.625,3600,1,False,,
win-Arecibo-Observatory-20221122-181500.npy,20221122,Arecibo-Observatory,18:15:00,18:30:00,200,0.25,15.0,86.625,3600,0,False,,
win-Arecibo-Observatory-20221122-183000.npy,20221122,Arecibo-Observatory,18:30:00,18:45:00,200,0.25,15.0,86.625,3600,0,False,,
win-Arecibo-Observatory-20221123-160001.npy,20221123,Arecibo-Observatory,16:00:01,16:15:01,200,0.25,15.0,86.625,3600,0,False,,
win-Arecibo-Observatory-20221123-161501.npy,20221123,Arecibo-Observatory,16:15:01,16:29:57,200,0.25,15.0,86.625,3587,0,False,,
win-Arecibo-Observatory-20221123-163000.npy,20221123,Arecibo-Observatory,16:30:00,16:45:00,200,0.25,15.0,86.625,3600,1,False,,
win-Arecibo-Observatory-20221123-164500.npy,20221123,Arecibo-Observatory,16:45:00,17:00:00,200,0.25,15.0,86.625,3600,1,False,,
win-Arecibo-Observatory-20221123-165959.npy,20221123,Arecibo-Observatory,16:59:59,17:14:59,200,0.25,15.0,86.625,3600,0,False,,
win-Arecibo-Observatory-20221123-171459.npy,20221123,Arecibo-Observatory,17:14:59,17:29:59,200,0.25,15.0,86.625,3600,0,False,,
win-Arecibo-Observatory-20221127-160001.npy,20221127,Arecibo-Observatory,16:00:01,16:15:01,200,0.25,15.0,86.625,3600,0,False,,
win-Arecibo-Observatory-20221127-161501.npy,20221127,Arecibo-Observatory,16:15:01,16:29:57,200,0.25,15.0,86.625,3587,0,False,,
win-Arecibo-Observatory-20221127-163000.npy,20221127,Arecibo-Observatory,16:30:00,16:45:00,200,0.25,15.0,86.625,3600,1,False,,
win-Arecibo-Observatory-20221127-164500.npy,20221127,Arecibo-Observatory,16:45:00,17:00:00,200,0.25,15.0,86.625,3600,0,False,,
win-Arecibo-Observatory-20221127-165959.npy,20221127,Arecibo-Observatory,16:59:59,17:14:59,200,0.25,15.0,86.625,3600,0,False,,
win-Arecibo-Observatory-20221128-163000.npy,20221128,Arecibo-Observatory,16:30:00,16:45:00,200,0.25,15.0,86.625,3600,0,False,,
win-Arecibo-Observatory-20221128-164500.npy,20221128,Arecibo-Observatory,16:45:00,17:00:00,200,0.25,15.0,86.625,3600,0,False,,
win-Arecibo-Observatory-20221128-170000.npy,20221128,Arecibo-Observatory,17:00:00,17:15:00,200,0.25,15.0,86.625,3600,0,False,,
win-Arecibo-Observatory-20221128-171500.npy,20221128,Arecibo-Observatory,17:15:00,17:30:00,200,0.25,15.0,86.625,3600,1,False,,
win-Arecibo-Observatory-20221128-173000.npy,20221128,Arecibo-Observatory,17:30:00,17:45:00,200,0.25,15.0,86.625,3600,0,False,,
win-Arecibo-Observatory-20221128-174500.npy,20221128,Arecibo-Observatory,17:45:00,18:00:00,200,0.25,15.0,86.625,3600,0,False,,
win-Arecibo-Observatory-20221130-163000.npy,20221130,Arecibo-Observatory,16:30:00,16:45:00,200,0.25,15.0,86.625,3600,0,False,,
win-Arecibo-Observatory-20221130-164500.npy,20221130,Arecibo-Observatory,16:45:00,17:00:00,200,0.25,15.0,86.625,3600,0,False,,
win-Arecibo-Observatory-20221130-170000.npy,20221130,Arecibo-Observatory,17:00:00,17:15:00,200,0.25,15.0,86.625,3600,1,False,,
win-Arecibo-Observatory-20221130-171500.npy,20221130,Arecibo-Observatory,17:15:00,17:30:00,200,0.25,15.0,86.625,3600,0,False,,
win-Arecibo-Observatory-20221130-173000.npy,20221130,Arecibo-Observatory,17:30:00,17:45:00,200,0.25,15.0,86.625,3600,0,False,,
win-Arecibo-Observatory-20221202-151501.npy,20221202,Arecibo-Observatory,15:15:01,15:30:01,200,0.25,15.0,86.625,3600,0,False,,
win-Arecibo-Observatory-20221202-153001.npy,20221202,Arecibo-Observatory,15:30:01,15:45:01,200,0.25,15.0,86.625,3600,0,False,,
win-Arecibo-Observatory-20221202-154501.npy,20221202,Arecibo-Observatory,15:45:01,16:00:01,200,0.25,15.0,86.625,3600,1,False,,
win-Arecibo-Observatory-20221202-160001.npy,20221202,Arecibo-Observatory,16:00:01,16:15:01,200,0.25,15.0,86.625,3600,0,False,,
win-Arecibo-Observatory-20221202-161501.npy,20221202,Arecibo-Observatory,16:15:01,16:29:57,200,0.25,15.0,86.625,3587,0,False,,
win-Arecibo-Observatory-20221203-144501.npy,20221203,Arecibo-Observatory,14:45:01,15:00:01,200,0.25,15.0,86.625,3600,0,False,,
win-Arecibo-Observatory-20221203-150001.npy,20221203,Arecibo-Observatory,15:00:01,15:15:01,200,0.25,15.0,86.625,3600,0,False,,
win-Arecibo-Observatory-20221203-151501.npy,20221203,Arecibo-Observatory,15:15:01,15:30:01,200,0.25,15.0,86.625,3600,1,False,,
win-Arecibo-Observatory-20221203-153001.npy,20221203,Arecibo-Observatory,15:30:01,15:45:01,200,0.25,15.0,86.625,3600,0,False,,
win-Arecibo-Observatory-20221203-154501.npy,20221203,Arecibo-Observatory,15:45:01,16:00:01,200,0.25,15.0,86.625,3600,1,False,,
win-Arecibo-Observatory-20221203-160001.npy,20221203,Arecibo-Observatory,16:00:01,16:15:01,200,0.25,15.0,86.625,3600,0,False,,
win-Arecibo-Observatory-20221203-161501.npy,20221203,Arecibo-Observatory,16:15:01,16:29:57,200,0.25,15.0,86.625,3586,0,False,,
win-Arecibo-Observatory-20221203-163000.npy,20221203,Arecibo-Observatory,16:30:00,16:45:00,200,0.25,15.0,86.625,3600,0,False,,
win-Arecibo-Observatory-20221203-164500.npy,20221203,Arecibo-Observatory,16:45:00,17:00:00,200,0.25,15.0,86.625,3600,1,False,,
win-Arecibo-Observatory-20221203-170000.npy,20221203,Arecibo-Observatory,17:00:00,17:15:00,200,0.25,15.0,86.625,3600,0,False,,
win-Arecibo-Observatory-20221203-171500.npy,20221203,Arecibo-Observatory,17:15:00,17:30:00,200,0.25,15.0,86.625,3600,0,False,,
win-Arecibo-Observatory-20221203-173000.npy,20221203,Arecibo-Observatory,17:30:00,17:45:00,200,0.25,15.0,86.625,3600,2,False,,
win-Arecibo-Observatory-20221203-174500.npy,20221203,Arecibo-Observatory,17:45:00,18:00:00,200,0.25,15.0,86.625,3600,1,False,,
win-Arecibo-Observatory-20221203-180000.npy,20221203,Arecibo-Observatory,18:00:00,18:15:00,200,0.25,15.0,86.625,3600,0,False,,
win-Arecibo-Observatory-20221203-181500.npy,20221203,Arecibo-Observatory,18:15:00,18:30:00,200,0.25,15.0,86.625,3600,0,False,,
win-Arecibo-Observatory-20221205-144501.npy,20221205,Arecibo-Observatory,14:45:01,15:00:01,200,0.25,15.0,86.625,3600,0,False,,
win-Arecibo-Observatory-20221205-150001.npy,20221205,Arecibo-Observatory,15:00:01,15:15:01,200,0.25,15.0,86.625,3600,0,False,,
win-Arecibo-Observatory-20221205-151501.npy,20221205,Arecibo-Observatory,15:15:01,15:30:01,200,0.25,15.0,86.625,3600,1,False,,
win-Arecibo-Observatory-20221205-153001.npy,20221205,Arecibo-Observatory,15:30:01,15:45:01,200,0.25,15.0,86.625,3600,0,False,,
win-Arecibo-Observatory-20221205-154501.npy,20221205,Arecibo-Observatory,15:45:01,16:00:01,200,0.25,15.0,86.625,3600,0,False,,
win-Arecibo-Observatory-20221205-180000.npy,20221205,Arecibo-Observatory,18:00:00,18:15:00,200,0.25,15.0,86.625,3600,0,False,,
win-Arecibo-Observatory-20221205-181500.npy,20221205,Arecibo-Observatory,18:15:00,18:30:00,200,0.25,15.0,86.625,3600,0,False,,
win-Arecibo-Observatory-20221205-183000.npy,20221205,Arecibo-Observatory,18:30:00,18:45:00,200,0.25,15.0,86.625,3600,1,False,,
win-Arecibo-Observatory-20221205-184500.npy,20221205,Arecibo-Observatory,18:45:00,19:00:00,200,0.25,15.0,86.625,3600,0,False,,
win-Arecibo-Observatory-20221205-190001.npy,20221205,Arecibo-Observatory,19:00:01,19:15:01,200,0.25,15.0,86.625,3600,0,False,,
win-Arecibo-Observatory-20221206-134500.npy,20221206,Arecibo-Observatory,13:45:00,14:00:00,200,0.25,15.0,86.625,3600,0,False,,
win-Arecibo-Observatory-20221206-140001.npy,20221206,Arecibo-Observatory,14:00:01,14:15:01,200,0.25,15.0,86.625,3600,0,False,,
win-Arecibo-Observatory-20221206-141501.npy,20221206,Arecibo-Observatory,14:15:01,14:30:01,200,0.25,15.0,86.625,3600,1,False,,
win-Arecibo-Observatory-20221206-143001.npy,20221206,Arecibo-Observatory,14:30:01,14:45:01,200,0.25,15.0,86.625,3600,0,False,,
win-Arecibo-Observatory-20221206-144501.npy,20221206,Arecibo-Observatory,14:45:01,15:00:01,200,0.25,15.0,86.625,3600,1,False,,
win-Arecibo-Observatory-20221206-150001.npy,20221206,Arecibo-Observatory,15:00:01,15:15:01,200,0.25,15.0,86.625,3600,0,False,,
win-Arecibo-Observatory-20221206-151501.npy,20221206,Arecibo-Observatory,15:15:01,15:30:01,200,0.25,15.0,86.625,3600,0,False,,
win-Arecibo-Observatory-20221206-153001.npy,20221206,Arecibo-Observatory,15:30:01,15:45:01,200,0.25,15.0,86.625,3600,1,False,,
win-Arecibo-Observatory-20221206-154501.npy,20221206,Arecibo-Observatory,15:45:01,16:00:01,200,0.25,15.0,86.625,3600,0,False,,
win-Arecibo-Observatory-20221206-160001.npy,20221206,Arecibo-Observatory,16:00:01,16:15:01,200,0.25,15.0,86.625,3600,1,False,,
win-Arecibo-Observatory-20221206-161501.npy,20221206,Arecibo-Observatory,16:15:01,16:29:57,200,0.25,15.0,86.625,3587,0,False,,
win-Arecibo-Observatory-20221206-163000.npy,20221206,Arecibo-Observatory,16:30:00,16:45:00,200,0.25,15.0,86.625,3600,0,True,offclass_event_in_negative_window,V?
win-Arecibo-Observatory-20221206-164500.npy,20221206,Arecibo-Observatory,16:45:00,17:00:00,200,0.25,15.0,86.625,3600,0,False,,
win-Arecibo-Observatory-20221206-170000.npy,20221206,Arecibo-Observatory,17:00:00,17:15:00,200,0.25,15.0,86.625,3600,1,False,,
win-Arecibo-Observatory-20221206-171500.npy,20221206,Arecibo-Observatory,17:15:00,17:30:00,200,0.25,15.0,86.625,3600,0,False,,
win-Arecibo-Observatory-20221206-173000.npy,20221206,Arecibo-Observatory,17:30:00,17:45:00,200,0.25,15.0,86.625,3600,1,False,,
win-Arecibo-Observatory-20221206-174500.npy,20221206,Arecibo-Observatory,17:45:00,18:00:00,200,0.25,15.0,86.625,3600,0,False,,
win-Arecibo-Observatory-20221206-180000.npy,20221206,Arecibo-Observatory,18:00:00,18:15:00,200,0.25,15.0,86.625,3600,0,False,,
win-Arecibo-Observatory-20221207-104500.npy,20221207,Arecibo-Observatory,10:45:00,11:00:00,200,0.25,15.0,86.625,3600,0,False,,
win-Arecibo-Observatory-20221207-110000.npy,20221207,Arecibo-Observatory,11:00:00,11:15:00,200,0.25,15.0,86.625,3600,0,False,,
win-Arecibo-Observatory-20221207-111500.npy,20221207,Arecibo-Observatory,11:15:00,11:30:00,200,0.25,15.0,86.625,3600,1,False,,
win-Arecibo-Observatory-20221207-113000.npy,20221207,Arecibo-Observatory,11:30:00,11:45:00,200,0.25,15.0,86.625,3600,0,False,,
win-Arecibo-Observatory-20221207-114500.npy,20221207,Arecibo-Observatory,11:45:00,12:00:00,200,0.25,15.0,86.625,3600,0,False,,
win-Arecibo-Observatory-20221207-121500.npy,20221207,Arecibo-Observatory,12:15:00,12:30:00,200,0.25,15.0,86.625,3600,0,False,,
win-Arecibo-Observatory-20221207-123000.npy,20221207,Arecibo-Observatory,12:30:00,12:45:00,200,0.25,15.0,86.625,3600,0,False,,
win-Arecibo-Observatory-20221207-124500.npy,20221207,Arecibo-Observatory,12:45:00,13:00:00,200,0.25,15.0,86.625,3600,1,False,,
win-Arecibo-Observatory-20221207-130000.npy,20221207,Arecibo-Observatory,13:00:00,13:15:00,200,0.25,15.0,86.625,3600,0,False,,
win-Arecibo-Observatory-20221207-131500.npy,20221207,Arecibo-Observatory,13:15:00,13:30:00,200,0.25,15.0,86.625,3600,0,False,,
win-Arecibo-Observatory-20221207-133000.npy,20221207,Arecibo-Observatory,13:30:00,13:45:00,200,0.25,15.0,86.625,3600,1,False,,
win-Arecibo-Observatory-20221207-134500.npy,20221207,Arecibo-Observatory,13:45:00,14:00:00,200,0.25,15.0,86.625,3600,0,False,,
win-Arecibo-Observatory-20221207-140000.npy,20221207,Arecibo-Observatory,14:00:00,14:15:00,200,0.25,15.0,86.625,3600,1,False,,
win-Arecibo-Observatory-20221207-141501.npy,20221207,Arecibo-Observatory,14:15:01,14:30:01,200,0.25,15.0,86.625,3600,1,False,,
win-Arecibo-Observatory-20221207-143000.npy,20221207,Arecibo-Observatory,14:30:00,14:45:00,200,0.25,15.0,86.625,3600,0,False,,
win-Arecibo-Observatory-20221207-144501.npy,20221207,Arecibo-Observatory,14:45:01,15:00:01,200,0.25,15.0,86.625,3600,0,False,,
win-Arecibo-Observatory-20221207-160001.npy,20221207,Arecibo-Observatory,16:00:01,16:15:01,200,0.25,15.0,86.625,3600,0,True,offclass_event_in_negative_window,VI
win-Arecibo-Observatory-20221207-161501.npy,20221207,Arecibo-Observatory,16:15:01,16:29:57,200,0.25,15.0,86.625,3587,0,False,,
win-Arecibo-Observatory-20221207-163000.npy,20221207,Arecibo-Observatory,16:30:00,16:45:00,200,0.25,15.0,86.625,3600,1,False,,
win-Arecibo-Observatory-20221207-164500.npy,20221207,Arecibo-Observatory,16:45:00,17:00:00,200,0.25,15.0,86.625,3600,1,False,,
win-Arecibo-Observatory-20221207-170000.npy,20221207,Arecibo-Observatory,17:00:00,17:15:00,200,0.25,15.0,86.625,3600,0,False,,
win-Arecibo-Observatory-20221207-171500.npy,20221207,Arecibo-Observatory,17:15:00,17:30:00,200,0.25,15.0,86.625,3600,0,False,,
win-Arecibo-Observatory-20221207-173000.npy,20221207,Arecibo-Observatory,17:30:00,17:45:00,200,0.25,15.0,86.625,3600,1,False,,
win-Arecibo-Observatory-20221207-174500.npy,20221207,Arecibo-Observatory,17:45:00,18:00:00,200,0.25,15.0,86.625,3600,0,False,,
win-Arecibo-Observatory-20221207-180000.npy,20221207,Arecibo-Observatory,18:00:00,18:15:00,200,0.25,15.0,86.625,3600,0,False,,
win-Arecibo-Observatory-20221207-193000.npy,20221207,Arecibo-Observatory,19:30:00,19:45:00,200,0.25,15.0,86.625,3600,0,False,,
win-Arecibo-Observatory-20221207-194500.npy,20221207,Arecibo-Observatory,19:45:00,20:00:00,200,0.25,15.0,86.625,3600,0,False,,
win-Arecibo-Observatory-20221207-200000.npy,20221207,Arecibo-Observatory,20:00:00,20:15:00,200,0.25,15.0,86.625,3600,1,False,,
win-Arecibo-Observatory-20221207-201501.npy,20221207,Arecibo-Observatory,20:15:01,20:30:01,200,0.25,15.0,86.625,3600,0,True,offclass_event_in_negative_window,III
win-Arecibo-Observatory-20221207-203001.npy,20221207,Arecibo-Observatory,20:30:01,20:45:01,200,0.25,15.0,86.625,3600,0,False,,
win-Arecibo-Observatory-20221208-144501.npy,20221208,Arecibo-Observatory,14:45:01,15:00:01,200,0.25,15.0,86.625,3600,0,False,,
win-Arecibo-Observatory-20221208-150001.npy,20221208,Arecibo-Observatory,15:00:01,15:15:01,200,0.25,15.0,86.625,3600,0,False,,
win-Arecibo-Observatory-20221208-151501.npy,20221208,Arecibo-Observatory,15:15:01,15:30:01,200,0.25,15.0,86.625,3600,1,False,,
win-Arecibo-Observatory-20221208-153001.npy,20221208,Arecibo-Observatory,15:30:01,15:45:01,200,0.25,15.0,86.625,3600,0,False,,
win-Arecibo-Observatory-20221208-154501.npy,20221208,Arecibo-Observatory,15:45:01,16:00:01,200,0.25,15.0,86.625,3600,0,False,,
win-Arecibo-Observatory-20221208-160001.npy,20221208,Arecibo-Observatory,16:00:01,16:15:01,200,0.25,15.0,86.625,3600,0,False,,
win-Arecibo-Observatory-20221208-161501.npy,20221208,Arecibo-Observatory,16:15:01,16:29:57,200,0.25,15.0,86.625,3587,1,False,,
win-Arecibo-Observatory-20221208-163000.npy,20221208,Arecibo-Observatory,16:30:00,16:45:00,200,0.25,15.0,86.625,3600,0,False,,
win-Arecibo-Observatory-20221208-164500.npy,20221208,Arecibo-Observatory,16:45:00,17:00:00,200,0.25,15.0,86.625,3600,0,False,,
win-Arecibo-Observatory-20221210-133001.npy,20221210,Arecibo-Observatory,13:30:01,13:45:01,200,0.25,15.0,86.625,3600,0,False,,
win-Arecibo-Observatory-20221210-134501.npy,20221210,Arecibo-Observatory,13:45:01,14:00:01,200,0.25,15.0,86.625,3600,0,False,,
win-Arecibo-Observatory-20221210-140001.npy,20221210,Arecibo-Observatory,14:00:01,14:15:01,200,0.25,15.0,86.625,3600,1,False,,
win-Arecibo-Observatory-20221210-141501.npy,20221210,Arecibo-Observatory,14:15:01,14:30:01,200,0.25,15.0,86.625,3600,0,False,,
win-Arecibo-Observatory-20221210-143001.npy,20221210,Arecibo-Observatory,14:30:01,14:45:01,200,0.25,15.0,86.625,3600,1,False,,
win-Arecibo-Observatory-20221210-144501.npy,20221210,Arecibo-Observatory,14:45:01,15:00:01,200,0.25,15.0,86.625,3600,1,False,,
win-Arecibo-Observatory-20221210-150001.npy,20221210,Arecibo-Observatory,15:00:01,15:15:01,200,0.25,15.0,86.625,3600,0,False,,
win-Arecibo-Observatory-20221210-151501.npy,20221210,Arecibo-Observatory,15:15:01,15:30:01,200,0.25,15.0,86.625,3600,0,False,,
win-Arecibo-Observatory-20221210-153001.npy,20221210,Arecibo-Observatory,15:30:01,15:45:01,200,0.25,15.0,86.625,3600,1,False,,
win-Arecibo-Observatory-20221210-154501.npy,20221210,Arecibo-Observatory,15:45:01,16:00:01,200,0.25,15.0,86.625,3600,1,False,,
win-Arecibo-Observatory-20221210-160001.npy,20221210,Arecibo-Observatory,16:00:01,16:15:01,200,0.25,15.0,86.625,3600,0,False,,
win-Arecibo-Observatory-20221210-161501.npy,20221210,Arecibo-Observatory,16:15:01,16:29:57,200,0.25,15.0,86.625,3586,0,False,,
win-Arecibo-Observatory-20221210-173000.npy,20221210,Arecibo-Observatory,17:30:00,17:45:00,200,0.25,15.0,86.625,3600,0,False,,
win-Arecibo-Observatory-20221210-174500.npy,20221210,Arecibo-Observatory,17:45:00,18:00:00,200,0.25,15.0,86.625,3600,0,False,,
win-Arecibo-Observatory-20221210-180000.npy,20221210,Arecibo-Observatory,18:00:00,18:15:00,200,0.25,15.0,86.625,3600,1,False,,
win-Arecibo-Observatory-20221210-181500.npy,20221210,Arecibo-Observatory,18:15:00,18:30:00,200,0.25,15.0,86.625,3600,0,False,,
win-Arecibo-Observatory-20221210-183000.npy,20221210,Arecibo-Observatory,18:30:00,18:45:00,200,0.25,15.0,86.625,3600,0,False,,
win-Arecibo-Observatory-20221211-130001.npy,20221211,Arecibo-Observatory,13:00:01,13:15:01,200,0.25,15.0,86.625,3600,0,False,,
win-Arecibo-Observatory-20221211-131500.npy,20221211,Arecibo-Observatory,13:15:00,13:30:00,200,0.25,15.0,86.625,3600,0,False,,
win-Arecibo-Observatory-20221211-133001.npy,20221211,Arecibo-Observatory,13:30:01,13:45:01,200,0.25,15.0,86.625,3600,1,False,,
win-Arecibo-Observatory-20221211-134501.npy,20221211,Arecibo-Observatory,13:45:01,14:00:01,200,0.25,15.0,86.625,3600,0,False,,
win-Arecibo-Observatory-20221211-140001.npy,20221211,Arecibo-Observatory,14:00:01,14:15:01,200,0.25,15.0,86.625,3600,0,False,,
win-Arecibo-Observatory-20221211-141501.npy,20221211,Arecibo-Observatory,14:15:01,14:30:01,200,0.25,15.0,86.625,3600,1,False,,
win-Arecibo-Observatory-20221211-143001.npy,20221211,Arecibo-Observatory,14:30:01,14:45:01,200,0.25,15.0,86.625,3600,0,False,,
win-Arecibo-Observatory-20221211-144501.npy,20221211,Arecibo-Observatory,14:45:01,15:00:01,200,0.25,15.0,86.625,3600,0,False,,
win-Arecibo-Observatory-20221211-150001.npy,20221211,Arecibo-Observatory,15:00:01,15:15:01,200,0.25,15.0,86.625,3600,1,False,,
win-Arecibo-Observatory-20221211-151501.npy,20221211,Arecibo-Observatory,15:15:01,15:30:01,200,0.25,15.0,86.625,3600,0,False,,
win-Arecibo-Observatory-20221211-161501.npy,20221211,Arecibo-Observatory,16:15:01,16:29:57,200,0.25,15.0,86.625,3587,0,False,,
win-Arecibo-Observatory-20221211-163000.npy,20221211,Arecibo-Observatory,16:30:00,16:45:00,200,0.25,15.0,86.625,3600,0,False,,
win-Arecibo-Observatory-20221211-164500.npy,20221211,Arecibo-Observatory,16:45:00,17:00:00,200,0.25,15.0,86.625,3600,1,False,,
win-Arecibo-Observatory-20221211-165959.npy,20221211,Arecibo-Observatory,16:59:59,17:14:59,200,0.25,15.0,86.625,3600,0,False,,
win-Arecibo-Observatory-20221211-171459.npy,20221211,Arecibo-Observatory,17:14:59,17:29:59,200,0.25,15.0,86.625,3600,0,False,,
win-Arecibo-Observatory-20221211-181459.npy,20221211,Arecibo-Observatory,18:14:59,18:29:59,200,0.25,15.0,86.625,3600,0,False,,
win-Arecibo-Observatory-20221211-182959.npy,20221211,Arecibo-Observatory,18:29:59,18:44:59,200,0.25,15.0,86.625,3600,0,False,,
win-Arecibo-Observatory-20221211-184459.npy,20221211,Arecibo-Observatory,18:44:59,18:59:59,200,0.25,15.0,86.625,3600,1,False,,
win-Arecibo-Observatory-20221211-185959.npy,20221211,Arecibo-Observatory,18:59:59,19:14:59,200,0.25,15.0,86.625,3600,0,False,,
win-Arecibo-Observatory-20221211-191459.npy,20221211,Arecibo-Observatory,19:14:59,19:29:59,200,0.25,15.0,86.625,3600,0,False,,
win-Arecibo-Observatory-20221212-121500.npy,20221212,Arecibo-Observatory,12:15:00,12:30:00,200,0.25,15.0,86.625,3600,0,False,,
win-Arecibo-Observatory-20221212-123001.npy,20221212,Arecibo-Observatory,12:30:01,12:45:01,200,0.25,15.0,86.625,3600,0,False,,
win-Arecibo-Observatory-20221212-124500.npy,20221212,Arecibo-Observatory,12:45:00,13:00:00,200,0.25,15.0,86.625,3600,1,False,,
win-Arecibo-Observatory-20221212-130001.npy,20221212,Arecibo-Observatory,13:00:01,13:15:01,200,0.25,15.0,86.625,3600,0,False,,
win-Arecibo-Observatory-20221212-131501.npy,20221212,Arecibo-Observatory,13:15:01,13:30:01,200,0.25,15.0,86.625,3600,0,False,,
win-Arecibo-Observatory-20221212-133001.npy,20221212,Arecibo-Observatory,13:30:01,13:45:01,200,0.25,15.0,86.625,3600,0,False,,
win-Arecibo-Observatory-20221212-134501.npy,20221212,Arecibo-Observatory,13:45:01,14:00:01,200,0.25,15.0,86.625,3600,0,False,,
win-Arecibo-Observatory-20221212-140001.npy,20221212,Arecibo-Observatory,14:00:01,14:15:01,200,0.25,15.0,86.625,3600,1,False,,
win-Arecibo-Observatory-20221212-141501.npy,20221212,Arecibo-Observatory,14:15:01,14:30:01,200,0.25,15.0,86.625,3600,0,False,,
win-Arecibo-Observatory-20221212-143001.npy,20221212,Arecibo-Observatory,14:30:01,14:45:01,200,0.25,15.0,86.625,3600,0,False,,
win-Arecibo-Observatory-20221212-144501.npy,20221212,Arecibo-Observatory,14:45:01,15:00:01,200,0.25,15.0,86.625,3600,1,False,,
win-Arecibo-Observatory-20221212-150001.npy,20221212,Arecibo-Observatory,15:00:01,15:15:01,200,0.25,15.0,86.625,3600,0,False,,
win-Arecibo-Observatory-20221212-151501.npy,20221212,Arecibo-Observatory,15:15:01,15:30:01,200,0.25,15.0,86.625,3600,0,False,,
win-Arecibo-Observatory-20221213-113000.npy,20221213,Arecibo-Observatory,11:30:00,11:45:00,200,0.25,15.0,86.625,3600,0,False,,
win-Arecibo-Observatory-20221213-114500.npy,20221213,Arecibo-Observatory,11:45:00,12:00:00,200,0.25,15.0,86.625,3600,0,False,,
win-Arecibo-Observatory-20221213-120000.npy,20221213,Arecibo-Observatory,12:00:00,12:15:00,200,0.25,15.0,86.625,3600,1,False,,
win-Arecibo-Observatory-20221213-121500.npy,20221213,Arecibo-Observatory,12:15:00,12:30:00,200,0.25,15.0,86.625,3600,0,False,,
win-Arecibo-Observatory-20221213-123000.npy,20221213,Arecibo-Observatory,12:30:00,12:45:00,200,0.25,15.0,86.625,3600,0,False,,
win-Arecibo-Observatory-20221213-130000.npy,20221213,Arecibo-Observatory,13:00:00,13:15:00,200,0.25,15.0,86.625,3600,0,False,,
win-Arecibo-Observatory-20221213-131500.npy,20221213,Arecibo-Observatory,13:15:00,13:30:00,200,0.25,15.0,86.625,3600,0,False,,
win-Arecibo-Observatory-20221213-133001.npy,20221213,Arecibo-Observatory,13:30:01,13:45:01,200,0.25,15.0,86.625,3600,1,False,,
win-Arecibo-Observatory-20221213-134501.npy,20221213,Arecibo-Observatory,13:45:01,14:00:01,200,0.25,15.0,86.625,3600,0,False,,
win-Arecibo-Observatory-20221213-140001.npy,20221213,Arecibo-Observatory,14:00:01,14:15:01,200,0.25,15.0,86.625,3600,0,False,,
win-Arecibo-Observatory-20221213-141501.npy,20221213,Arecibo-Observatory,14:15:01,14:30:01,200,0.25,15.0,86.625,3600,0,False,,
win-Arecibo-Observatory-20221213-143001.npy,20221213,Arecibo-Observatory,14:30:01,14:45:01,200,0.25,15.0,86.625,3600,0,False,,
win-Arecibo-Observatory-20221213-144501.npy,20221213,Arecibo-Observatory,14:45:01,15:00:01,200,0.25,15.0,86.625,3600,1,False,,
win-Arecibo-Observatory-20221213-150001.npy,20221213,Arecibo-Observatory,15:00:01,15:15:01,200,0.25,15.0,86.625,3600,0,False,,
win-Arecibo-Observatory-20221213-151501.npy,20221213,Arecibo-Observatory,15:15:01,15:30:01,200,0.25,15.0,86.625,3600,1,False,,
win-Arecibo-Observatory-20221213-153001.npy,20221213,Arecibo-Observatory,15:30:01,15:45:01,200,0.25,15.0,86.625,3600,0,False,,
win-Arecibo-Observatory-20221213-154501.npy,20221213,Arecibo-Observatory,15:45:01,16:00:01,200,0.25,15.0,86.625,3600,1,False,,
win-Arecibo-Observatory-20221213-160001.npy,20221213,Arecibo-Observatory,16:00:01,16:15:01,200,0.25,15.0,86.625,3600,0,False,,
win-Arecibo-Observatory-20221213-161501.npy,20221213,Arecibo-Observatory,16:15:01,16:29:57,200,0.25,15.0,86.625,3587,0,False,,
win-Arecibo-Observatory-20221214-121501.npy,20221214,Arecibo-Observatory,12:15:01,12:30:01,200,0.25,15.0,86.625,3600,0,False,,
win-Arecibo-Observatory-20221214-123001.npy,20221214,Arecibo-Observatory,12:30:01,12:45:01,200,0.25,15.0,86.625,3600,0,False,,
win-Arecibo-Observatory-20221214-124501.npy,20221214,Arecibo-Observatory,12:45:01,13:00:01,200,0.25,15.0,86.625,3600,1,False,,
win-Arecibo-Observatory-20221214-130001.npy,20221214,Arecibo-Observatory,13:00:01,13:15:01,200,0.25,15.0,86.625,3600,0,False,,
win-Arecibo-Observatory-20221214-131501.npy,20221214,Arecibo-Observatory,13:15:01,13:30:01,200,0.25,15.0,86.625,3600,0,False,,
win-Arecibo-Observatory-20221214-141501.npy,20221214,Arecibo-Observatory,14:15:01,14:30:01,200,0.25,15.0,86.625,3600,0,False,,
win-Arecibo-Observatory-20221214-143001.npy,20221214,Arecibo-Observatory,14:30:01,14:45:01,200,0.25,15.0,86.625,3600,0,False,,
win-Arecibo-Observatory-20221214-144501.npy,20221214,Arecibo-Observatory,14:45:01,15:00:01,200,0.25,15.0,86.625,3600,1,False,,
win-Arecibo-Observatory-20221214-150001.npy,20221214,Arecibo-Observatory,15:00:01,15:15:01,200,0.25,15.0,86.625,3600,0,True,offclass_event_in_negative_window,III/R
win-Arecibo-Observatory-20221214-151501.npy,20221214,Arecibo-Observatory,15:15:01,15:30:01,200,0.25,15.0,86.625,3600,1,False,,
win-Arecibo-Observatory-20221214-153001.npy,20221214,Arecibo-Observatory,15:30:01,15:45:01,200,0.25,15.0,86.625,3600,0,False,,
win-Arecibo-Observatory-20221214-154501.npy,20221214,Arecibo-Observatory,15:45:01,16:00:01,200,0.25,15.0,86.625,3600,0,False,,
win-Arecibo-Observatory-20221215-131752.npy,20221215,Arecibo-Observatory,13:17:52,13:32:52,200,0.25,15.0,86.625,3600,0,False,,
win-Arecibo-Observatory-20221215-133252.npy,20221215,Arecibo-Observatory,13:32:52,13:47:52,200,0.25,15.0,86.625,3600,0,False,,
win-Arecibo-Observatory-20221215-134752.npy,20221215,Arecibo-Observatory,13:47:52,14:02:52,200,0.25,15.0,86.625,3600,1,False,,
win-Arecibo-Observatory-20221215-140252.npy,20221215,Arecibo-Observatory,14:02:52,14:17:52,200,0.25,15.0,86.625,3600,0,False,,
win-Arecibo-Observatory-20221215-141752.npy,20221215,Arecibo-Observatory,14:17:52,14:32:52,200,0.25,15.0,86.625,3600,0,False,,
win-Arecibo-Observatory-20221215-150253.npy,20221215,Arecibo-Observatory,15:02:53,15:17:53,200,0.25,15.0,86.625,3600,0,False,,
win-Arecibo-Observatory-20221215-151753.npy,20221215,Arecibo-Observatory,15:17:53,15:32:53,200,0.25,15.0,86.625,3600,0,False,,
win-Arecibo-Observatory-20221215-153253.npy,20221215,Arecibo-Observatory,15:32:53,15:47:53,200,0.25,15.0,86.625,3600,1,False,,
win-Arecibo-Observatory-20221215-154753.npy,20221215,Arecibo-Observatory,15:47:53,16:02:53,200,0.25,15.0,86.625,3600,1,False,,
win-Arecibo-Observatory-20221215-160253.npy,20221215,Arecibo-Observatory,16:02:53,16:17:53,200,0.25,15.0,86.625,3600,1,False,,
win-Arecibo-Observatory-20221215-161753.npy,20221215,Arecibo-Observatory,16:17:53,16:29:57,200,0.25,15.0,86.625,2899,0,True,offclass_event_in_negative_window,CTM
win-Arecibo-Observatory-20221215-163000.npy,20221215,Arecibo-Observatory,16:30:00,16:45:00,200,0.25,15.0,86.625,3600,0,True,offclass_event_in_negative_window,CTM
win-Arecibo-Observatory-20221215-175956.npy,20221215,Arecibo-Observatory,17:59:56,18:14:56,200,0.25,15.0,86.625,3600,0,False,,
win-Arecibo-Observatory-20221215-181456.npy,20221215,Arecibo-Observatory,18:14:56,18:29:56,200,0.25,15.0,86.625,3600,0,False,,
win-Arecibo-Observatory-20221215-182956.npy,20221215,Arecibo-Observatory,18:29:56,18:44:56,200,0.25,15.0,86.625,3600,1,False,,
win-Arecibo-Observatory-20221215-184456.npy,20221215,Arecibo-Observatory,18:44:56,18:59:56,200,0.25,15.0,86.625,3600,0,False,,
win-Arecibo-Observatory-20221215-185956.npy,20221215,Arecibo-Observatory,18:59:56,19:14:56,200,0.25,15.0,86.625,3600,0,False,,
win-Arecibo-Observatory-20221215-194456.npy,20221215,Arecibo-Observatory,19:44:56,19:59:56,200,0.25,15.0,86.625,3600,0,False,,
win-Arecibo-Observatory-20221215-195956.npy,20221215,Arecibo-Observatory,19:59:56,20:14:56,200,0.25,15.0,86.625,3600,0,False,,
win-Arecibo-Observatory-20221215-201456.npy,20221215,Arecibo-Observatory,20:14:56,20:29:56,200,0.25,15.0,86.625,3600,1,False,,
win-Arecibo-Observatory-20221215-202956.npy,20221215,Arecibo-Observatory,20:29:56,20:44:56,200,0.25,15.0,86.625,3600,0,False,,
win-Arecibo-Observatory-20221215-204456.npy,20221215,Arecibo-Observatory,20:44:56,20:59:56,200,0.25,15.0,86.625,3600,0,False,,
win-Arecibo-Observatory-20221216-124500.npy,20221216,Arecibo-Observatory,12:45:00,13:00:00,200,0.25,15.0,86.625,3600,0,False,,
win-Arecibo-Observatory-20221216-130000.npy,20221216,Arecibo-Observatory,13:00:00,13:15:00,200,0.25,15.0,86.625,3600,0,False,,
win-Arecibo-Observatory-20221216-131501.npy,20221216,Arecibo-Observatory,13:15:01,13:30:01,200,0.25,15.0,86.625,3600,1,False,,
win-Arecibo-Observatory-20221216-133001.npy,20221216,Arecibo-Observatory,13:30:01,13:45:01,200,0.25,15.0,86.625,3600,0,True,offclass_event_in_negative_window,III
win-Arecibo-Observatory-20221216-134501.npy,20221216,Arecibo-Observatory,13:45:01,14:00:01,200,0.25,15.0,86.625,3600,0,True,offclass_event_in_negative_window,U?
win-Arecibo-Observatory-20221216-143001.npy,20221216,Arecibo-Observatory,14:30:01,14:45:01,200,0.25,15.0,86.625,3600,0,False,,
win-Arecibo-Observatory-20221216-144501.npy,20221216,Arecibo-Observatory,14:45:01,15:00:01,200,0.25,15.0,86.625,3600,0,False,,
win-Arecibo-Observatory-20221216-150001.npy,20221216,Arecibo-Observatory,15:00:01,15:15:01,200,0.25,15.0,86.625,3600,1,False,,
win-Arecibo-Observatory-20221216-151501.npy,20221216,Arecibo-Observatory,15:15:01,15:30:01,200,0.25,15.0,86.625,3600,0,False,,
win-Arecibo-Observatory-20221216-153001.npy,20221216,Arecibo-Observatory,15:30:01,15:45:01,200,0.25,15.0,86.625,3600,0,False,,
win-Arecibo-Observatory-20221216-164500.npy,20221216,Arecibo-Observatory,16:45:00,17:00:00,200,0.25,15.0,86.625,3600,0,False,,
win-Arecibo-Observatory-20221216-170000.npy,20221216,Arecibo-Observatory,17:00:00,17:15:00,200,0.25,15.0,86.625,3600,0,False,,
win-Arecibo-Observatory-20221216-171500.npy,20221216,Arecibo-Observatory,17:15:00,17:30:00,200,0.25,15.0,86.625,3600,1,False,,
win-Arecibo-Observatory-20221216-173000.npy,20221216,Arecibo-Observatory,17:30:00,17:45:00,200,0.25,15.0,86.625,3600,0,False,,
win-Arecibo-Observatory-20221216-174500.npy,20221216,Arecibo-Observatory,17:45:00,18:00:00,200,0.25,15.0,86.625,3600,0,False,,
win-Arecibo-Observatory-20221216-184500.npy,20221216,Arecibo-Observatory,18:45:00,19:00:00,200,0.25,15.0,86.625,3600,0,False,,
win-Arecibo-Observatory-20221216-190000.npy,20221216,Arecibo-Observatory,19:00:00,19:15:00,200,0.25,15.0,86.625,3600,0,False,,
win-Arecibo-Observatory-20221216-191500.npy,20221216,Arecibo-Observatory,19:15:00,19:30:00,200,0.25,15.0,86.625,3600,1,False,,
win-Arecibo-Observatory-20221216-193001.npy,20221216,Arecibo-Observatory,19:30:01,19:45:01,200,0.25,15.0,86.625,3600,0,False,,
win-Arecibo-Observatory-20221216-194501.npy,20221216,Arecibo-Observatory,19:45:01,20:00:01,200,0.25,15.0,86.625,3600,0,False,,
win-Arecibo-Observatory-20221217-185959.npy,20221217,Arecibo-Observatory,18:59:59,19:14:59,200,0.25,15.0,86.625,3600,0,False,,
win-Arecibo-Observatory-20221217-191459.npy,20221217,Arecibo-Observatory,19:14:59,19:29:59,200,0.25,15.0,86.625,3600,0,False,,
win-Arecibo-Observatory-20221217-192959.npy,20221217,Arecibo-Observatory,19:29:59,19:44:59,200,0.25,15.0,86.625,3600,1,False,,
win-Arecibo-Observatory-20221217-194459.npy,20221217,Arecibo-Observatory,19:44:59,19:59:59,200,0.25,15.0,86.625,3600,0,False,,
win-Arecibo-Observatory-20221217-195959.npy,20221217,Arecibo-Observatory,19:59:59,20:14:59,200,0.25,15.0,86.625,3600,0,False,,
win-Arecibo-Observatory-20221218-124501.npy,20221218,Arecibo-Observatory,12:45:01,13:00:01,200,0.25,15.0,86.625,3600,0,False,,
win-Arecibo-Observatory-20221218-130001.npy,20221218,Arecibo-Observatory,13:00:01,13:15:01,200,0.25,15.0,86.625,3600,0,False,,
win-Arecibo-Observatory-20221218-131501.npy,20221218,Arecibo-Observatory,13:15:01,13:30:01,200,0.25,15.0,86.625,3600,1,False,,
win-Arecibo-Observatory-20221218-133001.npy,20221218,Arecibo-Observatory,13:30:01,13:45:01,200,0.25,15.0,86.625,3600,0,False,,
win-Arecibo-Observatory-20221218-134501.npy,20221218,Arecibo-Observatory,13:45:01,14:00:01,200,0.25,15.0,86.625,3600,0,False,,
win-Arecibo-Observatory-20221218-140001.npy,20221218,Arecibo-Observatory,14:00:01,14:15:01,200,0.25,15.0,86.625,3600,0,False,,
win-Arecibo-Observatory-20221218-141501.npy,20221218,Arecibo-Observatory,14:15:01,14:30:01,200,0.25,15.0,86.625,3600,1,False,,
win-Arecibo-Observatory-20221218-143001.npy,20221218,Arecibo-Observatory,14:30:01,14:45:01,200,0.25,15.0,86.625,3600,1,False,,
win-Arecibo-Observatory-20221218-144501.npy,20221218,Arecibo-Observatory,14:45:01,15:00:01,200,0.25,15.0,86.625,3600,0,False,,
win-Arecibo-Observatory-20221218-150001.npy,20221218,Arecibo-Observatory,15:00:01,15:15:01,200,0.25,15.0,86.625,3600,0,False,,
win-Arecibo-Observatory-20221218-160001.npy,20221218,Arecibo-Observatory,16:00:01,16:15:01,200,0.25,15.0,86.625,3600,0,False,,
win-Arecibo-Observatory-20221218-161501.npy,20221218,Arecibo-Observatory,16:15:01,16:29:57,200,0.25,15.0,86.625,3586,0,False,,
win-Arecibo-Observatory-20221218-163000.npy,20221218,Arecibo-Observatory,16:30:00,16:45:00,200,0.25,15.0,86.625,3600,1,False,,
win-Arecibo-Observatory-20221218-164500.npy,20221218,Arecibo-Observatory,16:45:00,17:00:00,200,0.25,15.0,86.625,3600,0,False,,
win-Arecibo-Observatory-20221218-170000.npy,20221218,Arecibo-Observatory,17:00:00,17:15:00,200,0.25,15.0,86.625,3600,0,False,,
win-Arecibo-Observatory-20221218-171500.npy,20221218,Arecibo-Observatory,17:15:00,17:30:00,200,0.25,15.0,86.625,3600,0,False,,
win-Arecibo-Observatory-20221219-121500.npy,20221219,Arecibo-Observatory,12:15:00,12:30:00,200,0.25,15.0,86.625,3600,0,False,,
win-Arecibo-Observatory-20221219-123001.npy,20221219,Arecibo-Observatory,12:30:01,12:45:01,200,0.25,15.0,86.625,3600,0,False,,
win-Arecibo-Observatory-20221219-124501.npy,20221219,Arecibo-Observatory,12:45:01,13:00:01,200,0.25,15.0,86.625,3600,1,False,,
win-Arecibo-Observatory-20221219-130001.npy,20221219,Arecibo-Observatory,13:00:01,13:15:01,200,0.25,15.0,86.625,3600,0,False,,
win-Arecibo-Observatory-20221219-131501.npy,20221219,Arecibo-Observatory,13:15:01,13:30:01,200,0.25,15.0,86.625,3600,0,False,,
win-Arecibo-Observatory-20221220-111500.npy,20221220,Arecibo-Observatory,11:15:00,11:30:00,200,0.25,15.0,86.625,3600,0,False,,
win-Arecibo-Observatory-20221220-113000.npy,20221220,Arecibo-Observatory,11:30:00,11:45:00,200,0.25,15.0,86.625,3600,0,False,,
win-Arecibo-Observatory-20221220-114500.npy,20221220,Arecibo-Observatory,11:45:00,12:00:00,200,0.25,15.0,86.625,3600,1,False,,
win-Arecibo-Observatory-20221220-120000.npy,20221220,Arecibo-Observatory,12:00:00,12:15:00,200,0.25,15.0,86.625,3600,0,False,,
win-Arecibo-Observatory-20221220-121500.npy,20221220,Arecibo-Observatory,12:15:00,12:30:00,200,0.25,15.0,86.625,3600,0,False,,
win-Arecibo-Observatory-20221220-133001.npy,20221220,Arecibo-Observatory,13:30:01,13:45:01,200,0.25,15.0,86.625,3600,0,False,,
win-Arecibo-Observatory-20221220-134501.npy,20221220,Arecibo-Observatory,13:45:01,14:00:01,200,0.25,15.0,86.625,3600,0,False,,
win-Arecibo-Observatory-20221220-140001.npy,20221220,Arecibo-Observatory,14:00:01,14:15:01,200,0.25,15.0,86.625,3600,1,False,,
win-Arecibo-Observatory-20221220-141501.npy,20221220,Arecibo-Observatory,14:15:01,14:30:01,200,0.25,15.0,86.625,3600,0,False,,
win-Arecibo-Observatory-20221220-143001.npy,20221220,Arecibo-Observatory,14:30:01,14:45:01,200,0.25,15.0,86.625,3600,0,False,,
win-Arecibo-Observatory-20221220-144501.npy,20221220,Arecibo-Observatory,14:45:01,15:00:01,200,0.25,15.0,86.625,3600,1,False,,
win-Arecibo-Observatory-20221220-150001.npy,20221220,Arecibo-Observatory,15:00:01,15:15:01,200,0.25,15.0,86.625,3600,0,False,,
win-Arecibo-Observatory-20221220-151501.npy,20221220,Arecibo-Observatory,15:15:01,15:30:01,200,0.25,15.0,86.625,3600,0,False,,
win-Arecibo-Observatory-20221220-153001.npy,20221220,Arecibo-Observatory,15:30:01,15:45:01,200,0.25,15.0,86.625,3600,0,False,,
win-Arecibo-Observatory-20221220-154501.npy,20221220,Arecibo-Observatory,15:45:01,16:00:01,200,0.25,15.0,86.625,3600,1,False,,
win-Arecibo-Observatory-20221220-160001.npy,20221220,Arecibo-Observatory,16:00:01,16:15:01,200,0.25,15.0,86.625,3600,1,False,,
win-Arecibo-Observatory-20221220-161501.npy,20221220,Arecibo-Observatory,16:15:01,16:29:57,200,0.25,15.0,86.625,3587,0,False,,
win-Arecibo-Observatory-20221220-163000.npy,20221220,Arecibo-Observatory,16:30:00,16:45:00,200,0.25,15.0,86.625,3600,0,False,,
win-Arecibo-Observatory-20221220-174500.npy,20221220,Arecibo-Observatory,17:45:00,18:00:00,200,0.25,15.0,86.625,3600,0,False,,
win-Arecibo-Observatory-20221220-180000.npy,20221220,Arecibo-Observatory,18:00:00,18:15:00,200,0.25,15.0,86.625,3600,0,False,,
win-Arecibo-Observatory-20221220-181500.npy,20221220,Arecibo-Observatory,18:15:00,18:30:00,200,0.25,15.0,86.625,3600,1,False,,
win-Arecibo-Observatory-20221220-183000.npy,20221220,Arecibo-Observatory,18:30:00,18:45:00,200,0.25,15.0,86.625,3600,0,False,,
win-Arecibo-Observatory-20221220-184500.npy,20221220,Arecibo-Observatory,18:45:00,19:00:00,200,0.25,15.0,86.625,3600,0,False,,
win-Arecibo-Observatory-20221221-143001.npy,20221221,Arecibo-Observatory,14:30:01,14:45:01,200,0.25,15.0,86.625,3600,0,False,,
win-Arecibo-Observatory-20221221-144501.npy,20221221,Arecibo-Observatory,14:45:01,15:00:01,200,0.25,15.0,86.625,3600,0,False,,
win-Arecibo-Observatory-20221221-150001.npy,20221221,Arecibo-Observatory,15:00:01,15:15:01,200,0.25,15.0,86.625,3600,1,False,,
win-Arecibo-Observatory-20221221-151501.npy,20221221,Arecibo-Observatory,15:15:01,15:30:01,200,0.25,15.0,86.625,3600,0,False,,
win-Arecibo-Observatory-20221221-153001.npy,20221221,Arecibo-Observatory,15:30:01,15:45:01,200,0.25,15.0,86.625,3600,0,False,,
win-Arecibo-Observatory-20221221-161501.npy,20221221,Arecibo-Observatory,16:15:01,16:29:57,200,0.25,15.0,86.625,3586,0,False,,
win-Arecibo-Observatory-20221221-163000.npy,20221221,Arecibo-Observatory,16:30:00,16:45:00,200,0.25,15.0,86.625,3600,0,False,,
win-Arecibo-Observatory-20221221-164500.npy,20221221,Arecibo-Observatory,16:45:00,17:00:00,200,0.25,15.0,86.625,3600,1,False,,
win-Arecibo-Observatory-20221221-170000.npy,20221221,Arecibo-Observatory,17:00:00,17:15:00,200,0.25,15.0,86.625,3600,0,False,,
win-Arecibo-Observatory-20221221-171500.npy,20221221,Arecibo-Observatory,17:15:00,17:30:00,200,0.25,15.0,86.625,3600,0,False,,
win-Arecibo-Observatory-20221221-173000.npy,20221221,Arecibo-Observatory,17:30:00,17:45:00,200,0.25,15.0,86.625,3600,0,False,,
win-Arecibo-Observatory-20221221-180000.npy,20221221,Arecibo-Observatory,18:00:00,18:15:00,200,0.25,15.0,86.625,3600,0,False,,
win-Arecibo-Observatory-20221221-181500.npy,20221221,Arecibo-Observatory,18:15:00,18:30:00,200,0.25,15.0,86.625,3600,0,False,,
win-Arecibo-Observatory-20221221-183000.npy,20221221,Arecibo-Observatory,18:30:00,18:45:00,200,0.25,15.0,86.625,3600,1,False,,
win-Arecibo-Observatory-20221221-184500.npy,20221221,Arecibo-Observatory,18:45:00,19:00:00,200,0.25,15.0,86.625,3600,0,False,,
win-Arecibo-Observatory-20221221-190000.npy,20221221,Arecibo-Observatory,19:00:00,19:15:00,200,0.25,15.0,86.625,3600,0,False,,
win-Arecibo-Observatory-20221222-121500.npy,20221222,Arecibo-Observatory,12:15:00,12:30:00,200,0.25,15.0,86.625,3600,0,False,,
win-Arecibo-Observatory-20221222-123000.npy,20221222,Arecibo-Observatory,12:30:00,12:45:00,200,0.25,15.0,86.625,3600,0,False,,
win-Arecibo-Observatory-20221222-124501.npy,20221222,Arecibo-Observatory,12:45:01,13:00:01,200,0.25,15.0,86.625,3600,1,False,,
win-Arecibo-Observatory-20221222-130001.npy,20221222,Arecibo-Observatory,13:00:01,13:15:01,200,0.25,15.0,86.625,3600,0,False,,
win-Arecibo-Observatory-20221222-131501.npy,20221222,Arecibo-Observatory,13:15:01,13:30:01,200,0.25,15.0,86.625,3600,1,False,,
win-Arecibo-Observatory-20221222-133001.npy,20221222,Arecibo-Observatory,13:30:01,13:45:01,200,0.25,15.0,86.625,3600,0,False,,
win-Arecibo-Observatory-20221222-134501.npy,20221222,Arecibo-Observatory,13:45:01,14:00:01,200,0.25,15.0,86.625,3600,0,False,,
win-Arecibo-Observatory-20221222-173000.npy,20221222,Arecibo-Observatory,17:30:00,17:45:00,200,0.25,15.0,86.625,3600,0,False,,
win-Arecibo-Observatory-20221222-174500.npy,20221222,Arecibo-Observatory,17:45:00,18:00:00,200,0.25,15.0,86.625,3600,0,False,,
win-Arecibo-Observatory-20221222-180000.npy,20221222,Arecibo-Observatory,18:00:00,18:15:00,200,0.25,15.0,86.625,3600,0,False,,
win-Arecibo-Observatory-20221222-181500.npy,20221222,Arecibo-Observatory,18:15:00,18:30:00,200,0.25,15.0,86.625,3600,1,False,,
win-Arecibo-Observatory-20221222-183000.npy,20221222,Arecibo-Observatory,18:30:00,18:45:00,200,0.25,15.0,86.625,3600,1,False,,
win-Arecibo-Observatory-20221222-184500.npy,20221222,Arecibo-Observatory,18:45:00,19:00:00,200,0.25,15.0,86.625,3600,0,False,,
win-Arecibo-Observatory-20221222-190000.npy,20221222,Arecibo-Observatory,19:00:00,19:15:00,200,0.25,15.0,86.625,3600,0,False,,
win-Arecibo-Observatory-20221222-191500.npy,20221222,Arecibo-Observatory,19:15:00,19:30:00,200,0.25,15.0,86.625,3600,0,False,,
win-Arecibo-Observatory-20221222-193001.npy,20221222,Arecibo-Observatory,19:30:01,19:45:01,200,0.25,15.0,86.625,3600,0,False,,
win-Arecibo-Observatory-20221222-194500.npy,20221222,Arecibo-Observatory,19:45:00,20:00:00,200,0.25,15.0,86.625,3600,1,False,,
win-Arecibo-Observatory-20221222-200001.npy,20221222,Arecibo-Observatory,20:00:01,20:15:01,200,0.25,15.0,86.625,3600,0,False,,
win-Arecibo-Observatory-20221222-201501.npy,20221222,Arecibo-Observatory,20:15:01,20:30:01,200,0.25,15.0,86.625,3600,0,False,,
win-Arecibo-Observatory-20221223-124500.npy,20221223,Arecibo-Observatory,12:45:00,13:00:00,200,0.25,15.0,86.625,3600,0,False,,
win-Arecibo-Observatory-20221223-130000.npy,20221223,Arecibo-Observatory,13:00:00,13:15:00,200,0.25,15.0,86.625,3600,0,False,,
win-Arecibo-Observatory-20221223-131500.npy,20221223,Arecibo-Observatory,13:15:00,13:30:00,200,0.25,15.0,86.625,3600,1,False,,
win-Arecibo-Observatory-20221223-133000.npy,20221223,Arecibo-Observatory,13:30:00,13:45:00,200,0.25,15.0,86.625,3600,1,False,,
win-Arecibo-Observatory-20221223-134501.npy,20221223,Arecibo-Observatory,13:45:01,14:00:01,200,0.25,15.0,86.625,3600,0,False,,
win-Arecibo-Observatory-20221223-140001.npy,20221223,Arecibo-Observatory,14:00:01,14:15:01,200,0.25,15.0,86.625,3600,0,False,,
win-Arecibo-Observatory-20221223-184619.npy,20221223,Arecibo-Observatory,18:46:19,19:01:19,200,0.25,15.0,86.625,3600,0,False,,
win-Arecibo-Observatory-20221223-190119.npy,20221223,Arecibo-Observatory,19:01:19,19:16:19,200,0.25,15.0,86.625,3600,0,False,,
win-Arecibo-Observatory-20221223-191619.npy,20221223,Arecibo-Observatory,19:16:19,19:31:19,200,0.25,15.0,86.625,3600,1,False,,
win-Arecibo-Observatory-20221223-193119.npy,20221223,Arecibo-Observatory,19:31:19,19:46:19,200,0.25,15.0,86.625,3600,0,False,,
win-Arecibo-Observatory-20221223-194619.npy,20221223,Arecibo-Observatory,19:46:19,20:01:19,200,0.25,15.0,86.625,3600,0,False,,
win-Arecibo-Observatory-20221224-123000.npy,20221224,Arecibo-Observatory,12:30:00,12:45:00,200,0.25,15.0,86.625,3600,0,True,offclass_event_in_negative_window,III
win-Arecibo-Observatory-20221224-124500.npy,20221224,Arecibo-Observatory,12:45:00,13:00:00,200,0.25,15.0,86.625,3600,0,True,offclass_event_in_negative_window,III
win-Arecibo-Observatory-20221224-130000.npy,20221224,Arecibo-Observatory,13:00:00,13:15:00,200,0.25,15.0,86.625,3600,1,False,,
win-Arecibo-Observatory-20221224-131500.npy,20221224,Arecibo-Observatory,13:15:00,13:30:00,200,0.25,15.0,86.625,3600,0,False,,
win-Arecibo-Observatory-20221224-133000.npy,20221224,Arecibo-Observatory,13:30:00,13:45:00,200,0.25,15.0,86.625,3600,0,False,,
win-Arecibo-Observatory-20221224-134500.npy,20221224,Arecibo-Observatory,13:45:00,14:00:00,200,0.25,15.0,86.625,3600,1,False,,
win-Arecibo-Observatory-20221224-140000.npy,20221224,Arecibo-Observatory,14:00:00,14:15:00,200,0.25,15.0,86.625,3600,0,True,offclass_event_in_negative_window,VI
win-Arecibo-Observatory-20221224-141500.npy,20221224,Arecibo-Observatory,14:15:00,14:30:00,200,0.25,15.0,86.625,3600,0,True,offclass_event_in_negative_window,VI
win-Arecibo-Observatory-20221224-143000.npy,20221224,Arecibo-Observatory,14:30:00,14:45:00,200,0.25,15.0,86.625,3600,0,False,,
win-Arecibo-Observatory-20221224-144500.npy,20221224,Arecibo-Observatory,14:45:00,15:00:00,200,0.25,15.0,86.625,3600,0,False,,
win-Arecibo-Observatory-20221224-150000.npy,20221224,Arecibo-Observatory,15:00:00,15:15:00,200,0.25,15.0,86.625,3600,1,False,,
win-Arecibo-Observatory-20221224-151500.npy,20221224,Arecibo-Observatory,15:15:00,15:30:00,200,0.25,15.0,86.625,3600,1,False,,
win-Arecibo-Observatory-20221224-153001.npy,20221224,Arecibo-Observatory,15:30:01,15:45:01,200,0.25,15.0,86.625,3600,1,False,,
win-Arecibo-Observatory-20221224-154501.npy,20221224,Arecibo-Observatory,15:45:01,16:00:01,200,0.25,15.0,86.625,3600,1,False,,
win-Arecibo-Observatory-20221224-160000.npy,20221224,Arecibo-Observatory,16:00:00,16:15:00,200,0.25,15.0,86.625,3600,1,False,,
win-Arecibo-Observatory-20221224-161501.npy,20221224,Arecibo-Observatory,16:15:01,16:29:57,200,0.25,15.0,86.625,3587,0,False,,
win-Arecibo-Observatory-20221224-163000.npy,20221224,Arecibo-Observatory,16:30:00,16:45:00,200,0.25,15.0,86.625,3600,0,False,,
win-Arecibo-Observatory-20221224-164500.npy,20221224,Arecibo-Observatory,16:45:00,17:00:00,200,0.25,15.0,86.625,3600,0,False,,
win-Arecibo-Observatory-20221224-165959.npy,20221224,Arecibo-Observatory,16:59:59,17:14:59,200,0.25,15.0,86.625,3600,1,False,,
win-Arecibo-Observatory-20221224-171459.npy,20221224,Arecibo-Observatory,17:14:59,17:29:59,200,0.25,15.0,86.625,3600,1,False,,
win-Arecibo-Observatory-20221224-172959.npy,20221224,Arecibo-Observatory,17:29:59,17:44:59,200,0.25,15.0,86.625,3600,0,False,,
win-Arecibo-Observatory-20221224-174459.npy,20221224,Arecibo-Observatory,17:44:59,17:59:59,200,0.25,15.0,86.625,3600,0,True,offclass_event_in_negative_window,VI
win-Arecibo-Observatory-20221225-163000.npy,20221225,Arecibo-Observatory,16:30:00,16:45:00,200,0.25,15.0,86.625,3600,0,False,,
win-Arecibo-Observatory-20221225-164500.npy,20221225,Arecibo-Observatory,16:45:00,17:00:00,200,0.25,15.0,86.625,3600,0,False,,
win-Arecibo-Observatory-20221225-170000.npy,20221225,Arecibo-Observatory,17:00:00,17:15:00,200,0.25,15.0,86.625,3600,1,False,,
win-Arecibo-Observatory-20221225-171500.npy,20221225,Arecibo-Observatory,17:15:00,17:30:00,200,0.25,15.0,86.625,3600,0,False,,
win-Arecibo-Observatory-20221225-173000.npy,20221225,Arecibo-Observatory,17:30:00,17:45:00,200,0.25,15.0,86.625,3600,0,False,,
win-Arecibo-Observatory-20221226-130000.npy,20221226,Arecibo-Observatory,13:00:00,13:15:00,200,0.25,15.0,86.625,3600,0,False,,
win-Arecibo-Observatory-20221226-131500.npy,20221226,Arecibo-Observatory,13:15:00,13:30:00,200,0.25,15.0,86.625,3600,0,False,,
win-Arecibo-Observatory-20221226-133000.npy,20221226,Arecibo-Observatory,13:30:00,13:45:00,200,0.25,15.0,86.625,3600,1,False,,
win-Arecibo-Observatory-20221226-134501.npy,20221226,Arecibo-Observatory,13:45:01,14:00:01,200,0.25,15.0,86.625,3600,0,False,,
win-Arecibo-Observatory-20221226-140001.npy,20221226,Arecibo-Observatory,14:00:01,14:15:01,200,0.25,15.0,86.625,3600,0,False,,
win-Arecibo-Observatory-20221226-143001.npy,20221226,Arecibo-Observatory,14:30:01,14:45:01,200,0.25,15.0,86.625,3600,0,False,,
win-Arecibo-Observatory-20221226-144501.npy,20221226,Arecibo-Observatory,14:45:01,15:00:01,200,0.25,15.0,86.625,3600,0,False,,
win-Arecibo-Observatory-20221226-150001.npy,20221226,Arecibo-Observatory,15:00:01,15:15:01,200,0.25,15.0,86.625,3600,2,False,,
win-Arecibo-Observatory-20221226-151501.npy,20221226,Arecibo-Observatory,15:15:01,15:30:01,200,0.25,15.0,86.625,3600,1,False,,
win-Arecibo-Observatory-20221226-153001.npy,20221226,Arecibo-Observatory,15:30:01,15:45:01,200,0.25,15.0,86.625,3600,0,False,,
win-Arecibo-Observatory-20221226-154501.npy,20221226,Arecibo-Observatory,15:45:01,16:00:01,200,0.25,15.0,86.625,3600,0,False,,
win-Arecibo-Observatory-20221226-160001.npy,20221226,Arecibo-Observatory,16:00:01,16:15:01,200,0.25,15.0,86.625,3600,0,False,,
win-Arecibo-Observatory-20221226-161501.npy,20221226,Arecibo-Observatory,16:15:01,16:29:57,200,0.25,15.0,86.625,3587,1,False,,
win-Arecibo-Observatory-20221226-163000.npy,20221226,Arecibo-Observatory,16:30:00,16:45:00,200,0.25,15.0,86.625,3600,1,False,,
win-Arecibo-Observatory-20221226-164500.npy,20221226,Arecibo-Observatory,16:45:00,17:00:00,200,0.25,15.0,86.625,3600,1,False,,
win-Arecibo-Observatory-20221226-165959.npy,20221226,Arecibo-Observatory,16:59:59,17:14:59,200,0.25,15.0,86.625,3600,0,False,,
win-Arecibo-Observatory-20221226-171459.npy,20221226,Arecibo-Observatory,17:14:59,17:29:59,200,0.25,15.0,86.625,3600,0,False,,
win-Arecibo-Observatory-20221226-174459.npy,20221226,Arecibo-Observatory,17:44:59,17:59:59,200,0.25,15.0,86.625,3600,0,False,,
win-Arecibo-Observatory-20221226-175959.npy,20221226,Arecibo-Observatory,17:59:59,18:14:59,200,0.25,15.0,86.625,3600,0,False,,
win-Arecibo-Observatory-20221226-181459.npy,20221226,Arecibo-Observatory,18:14:59,18:29:59,200,0.25,15.0,86.625,3600,1,False,,
win-Arecibo-Observatory-20221226-182959.npy,20221226,Arecibo-Observatory,18:29:59,18:44:59,200,0.25,15.0,86.625,3600,0,False,,
win-Arecibo-Observatory-20221226-184500.npy,20221226,Arecibo-Observatory,18:45:00,19:00:00,200,0.25,15.0,86.625,3600,0,False,,
win-Arecibo-Observatory-20221226-193000.npy,20221226,Arecibo-Observatory,19:30:00,19:45:00,200,0.25,15.0,86.625,3600,0,False,,
win-Arecibo-Observatory-20221226-194459.npy,20221226,Arecibo-Observatory,19:44:59,19:59:59,200,0.25,15.0,86.625,3600,0,False,,
win-Arecibo-Observatory-20221226-200000.npy,20221226,Arecibo-Observatory,20:00:00,20:15:00,200,0.25,15.0,86.625,3600,1,False,,
win-Arecibo-Observatory-20221226-201500.npy,20221226,Arecibo-Observatory,20:15:00,20:30:00,200,0.25,15.0,86.625,3600,0,False,,
win-Arecibo-Observatory-20221226-203000.npy,20221226,Arecibo-Observatory,20:30:00,20:45:00,200,0.25,15.0,86.625,3600,0,False,,
win-Arecibo-Observatory-20221226-210000.npy,20221226,Arecibo-Observatory,21:00:00,21:15:00,200,0.25,15.0,86.625,3600,0,False,,
win-Arecibo-Observatory-20221226-211500.npy,20221226,Arecibo-Observatory,21:15:00,21:30:00,200,0.25,15.0,86.625,3600,0,False,,
win-Arecibo-Observatory-20221226-213000.npy,20221226,Arecibo-Observatory,21:30:00,21:45:00,200,0.25,15.0,86.625,3600,1,False,,
win-Arecibo-Observatory-20221226-214500.npy,20221226,Arecibo-Observatory,21:45:00,22:00:00,200,0.25,15.0,86.625,3600,0,False,,
win-Arecibo-Observatory-20221226-220000.npy,20221226,Arecibo-Observatory,22:00:00,22:14:57,200,0.25,15.0,86.625,3591,1,False,,
win-Arecibo-Observatory-20221227-164500.npy,20221227,Arecibo-Observatory,16:45:00,17:00:00,200,0.25,15.0,86.625,3600,0,False,,
win-Arecibo-Observatory-20221227-170000.npy,20221227,Arecibo-Observatory,17:00:00,17:15:00,200,0.25,15.0,86.625,3600,0,False,,
win-Arecibo-Observatory-20221227-171500.npy,20221227,Arecibo-Observatory,17:15:00,17:30:00,200,0.25,15.0,86.625,3600,1,False,,
win-Arecibo-Observatory-20221227-173000.npy,20221227,Arecibo-Observatory,17:30:00,17:45:00,200,0.25,15.0,86.625,3600,0,False,,
win-Arecibo-Observatory-20221227-174500.npy,20221227,Arecibo-Observatory,17:45:00,18:00:00,200,0.25,15.0,86.625,3600,0,False,,
win-Arecibo-Observatory-20221229-170000.npy,20221229,Arecibo-Observatory,17:00:00,17:15:00,200,0.25,15.0,86.625,3600,0,False,,
win-Arecibo-Observatory-20221229-171500.npy,20221229,Arecibo-Observatory,17:15:00,17:30:00,200,0.25,15.0,86.625,3600,0,False,,
win-Arecibo-Observatory-20221229-173000.npy,20221229,Arecibo-Observatory,17:30:00,17:45:00,200,0.25,15.0,86.625,3600,1,False,,
win-Arecibo-Observatory-20221229-174500.npy,20221229,Arecibo-Observatory,17:45:00,18:00:00,200,0.25,15.0,86.625,3600,0,False,,
win-Arecibo-Observatory-20221229-180000.npy,20221229,Arecibo-Observatory,18:00:00,18:15:00,200,0.25,15.0,86.625,3600,0,False,,
win-Arecibo-Observatory-20221230-144501.npy,20221230,Arecibo-Observatory,14:45:01,15:00:01,200,0.25,15.0,86.625,3600,0,False,,
win-Arecibo-Observatory-20221230-150001.npy,20221230,Arecibo-Observatory,15:00:01,15:15:01,200,0.25,15.0,86.625,3600,0,False,,
win-Arecibo-Observatory-20221230-151501.npy,20221230,Arecibo-Observatory,15:15:01,15:30:01,200,0.25,15.0,86.625,3600,1,False,,
win-Arecibo-Observatory-20221230-153001.npy,20221230,Arecibo-Observatory,15:30:01,15:45:01,200,0.25,15.0,86.625,3600,0,False,,
win-Arecibo-Observatory-20221230-154501.npy,20221230,Arecibo-Observatory,15:45:01,16:00:01,200,0.25,15.0,86.625,3600,0,False,,
win-Arecibo-Observatory-20221231-150001.npy,20221231,Arecibo-Observatory,15:00:01,15:15:01,200,0.25,15.0,86.625,3600,0,False,,
win-Arecibo-Observatory-20221231-151501.npy,20221231,Arecibo-Observatory,15:15:01,15:30:01,200,0.25,15.0,86.625,3600,0,False,,
win-Arecibo-Observatory-20221231-153001.npy,20221231,Arecibo-Observatory,15:30:01,15:45:01,200,0.25,15.0,86.625,3600,1,False,,
win-Arecibo-Observatory-20221231-154501.npy,20221231,Arecibo-Observatory,15:45:01,16:00:01,200,0.25,15.0,86.625,3600,0,False,,
win-Arecibo-Observatory-20221231-160001.npy,20221231,Arecibo-Observatory,16:00:01,16:15:01,200,0.25,15.0,86.625,3600,0,False,,
win-Arecibo-Observatory-20221231-163000.npy,20221231,Arecibo-Observatory,16:30:00,16:45:00,200,0.25,15.0,86.625,3600,0,False,,
win-Arecibo-Observatory-20221231-164500.npy,20221231,Arecibo-Observatory,16:45:00,17:00:00,200,0.25,15.0,86.625,3600,0,False,,
win-Arecibo-Observatory-20221231-170000.npy,20221231,Arecibo-Observatory,17:00:00,17:15:00,200,0.25,15.0,86.625,3600,1,False,,
win-Arecibo-Observatory-20221231-171500.npy,20221231,Arecibo-Observatory,17:15:00,17:30:00,200,0.25,15.0,86.625,3600,0,False,,
win-Arecibo-Observatory-20221231-173000.npy,20221231,Arecibo-Observatory,17:30:00,17:45:00,200,0.25,15.0,86.625,3600,0,False,,
win-Arecibo-Observatory-20221231-174500.npy,20221231,Arecibo-Observatory,17:45:00,18:00:00,200,0.25,15.0,86.625,3600,0,False,,
win-Arecibo-Observatory-20221231-180000.npy,20221231,Arecibo-Observatory,18:00:00,18:15:00,200,0.25,15.0,86.625,3600,1,False,,
win-Arecibo-Observatory-20221231-181500.npy,20221231,Arecibo-Observatory,18:15:00,18:30:00,200,0.25,15.0,86.625,3600,0,False,,
win-Arecibo-Observatory-20221231-183000.npy,20221231,Arecibo-Observatory,18:30:00,18:45:00,200,0.25,15.0,86.625,3600,0,False,,
win-Arecibo-Observatory-20221231-190001.npy,20221231,Arecibo-Observatory,19:00:01,19:15:01,200,0.25,15.0,86.625,3600,0,False,,
win-Arecibo-Observatory-20221231-191501.npy,20221231,Arecibo-Observatory,19:15:01,19:30:01,200,0.25,15.0,86.625,3600,0,False,,
win-Arecibo-Observatory-20221231-193001.npy,20221231,Arecibo-Observatory,19:30:01,19:45:01,200,0.25,15.0,86.625,3600,1,False,,
win-Arecibo-Observatory-20221231-194501.npy,20221231,Arecibo-Observatory,19:45:01,20:00:01,200,0.25,15.0,86.625,3600,0,False,,
win-Arecibo-Observatory-20221231-200001.npy,20221231,Arecibo-Observatory,20:00:01,20:15:01,200,0.25,15.0,86.625,3600,0,False,,
win-Arecibo-Observatory-20230101-163000.npy,20230101,Arecibo-Observatory,16:30:00,16:45:00,200,0.25,15.0,86.625,3600,0,False,,
win-Arecibo-Observatory-20230101-164500.npy,20230101,Arecibo-Observatory,16:45:00,17:00:00,200,0.25,15.0,86.625,3600,0,False,,
win-Arecibo-Observatory-20230101-165959.npy,20230101,Arecibo-Observatory,16:59:59,17:14:59,200,0.25,15.0,86.625,3600,1,False,,
win-Arecibo-Observatory-20230101-171459.npy,20230101,Arecibo-Observatory,17:14:59,17:29:59,200,0.25,15.0,86.625,3600,1,False,,
win-Arecibo-Observatory-20230101-172959.npy,20230101,Arecibo-Observatory,17:29:59,17:44:59,200,0.25,15.0,86.625,3600,0,False,,
win-Arecibo-Observatory-20230101-174459.npy,20230101,Arecibo-Observatory,17:44:59,17:59:59,200,0.25,15.0,86.625,3600,0,False,,
win-Arecibo-Observatory-20230101-175959.npy,20230101,Arecibo-Observatory,17:59:59,18:14:59,200,0.25,15.0,86.625,3600,1,False,,
win-Arecibo-Observatory-20230101-181459.npy,20230101,Arecibo-Observatory,18:14:59,18:29:59,200,0.25,15.0,86.625,3600,1,False,,
win-Arecibo-Observatory-20230101-182959.npy,20230101,Arecibo-Observatory,18:29:59,18:44:59,200,0.25,15.0,86.625,3600,0,False,,
win-Arecibo-Observatory-20230101-184459.npy,20230101,Arecibo-Observatory,18:44:59,18:59:59,200,0.25,15.0,86.625,3600,0,False,,
win-Arecibo-Observatory-20230102-160001.npy,20230102,Arecibo-Observatory,16:00:01,16:15:01,200,0.25,15.0,86.625,3600,0,False,,
win-Arecibo-Observatory-20230102-161501.npy,20230102,Arecibo-Observatory,16:15:01,16:29:57,200,0.25,15.0,86.625,3586,0,False,,
win-Arecibo-Observatory-20230102-163000.npy,20230102,Arecibo-Observatory,16:30:00,16:45:00,200,0.25,15.0,86.625,3600,1,False,,
win-Arecibo-Observatory-20230102-164500.npy,20230102,Arecibo-Observatory,16:45:00,17:00:00,200,0.25,15.0,86.625,3600,0,False,,
win-Arecibo-Observatory-20230102-170000.npy,20230102,Arecibo-Observatory,17:00:00,17:15:00,200,0.25,15.0,86.625,3600,0,False,,
win-Arecibo-Observatory-20230102-173000.npy,20230102,Arecibo-Observatory,17:30:00,17:45:00,200,0.25,15.0,86.625,3600,0,False,,
win-Arecibo-Observatory-20230102-174500.npy,20230102,Arecibo-Observatory,17:45:00,18:00:00,200,0.25,15.0,86.625,3600,0,False,,
win-Arecibo-Observatory-20230102-180000.npy,20230102,Arecibo-Observatory,18:00:00,18:15:00,200,0.25,15.0,86.625,3600,1,False,,
win-Arecibo-Observatory-20230102-181501.npy,20230102,Arecibo-Observatory,18:15:01,18:30:01,200,0.25,15.0,86.625,3600,0,False,,
win-Arecibo-Observatory-20230102-183000.npy,20230102,Arecibo-Observatory,18:30:00,18:45:00,200,0.25,15.0,86.625,3600,1,False,,
win-Arecibo-Observatory-20230102-184500.npy,20230102,Arecibo-Observatory,18:45:00,19:00:00,200,0.25,15.0,86.625,3600,0,False,,
win-Arecibo-Observatory-20230102-190001.npy,20230102,Arecibo-Observatory,19:00:01,19:15:01,200,0.25,15.0,86.625,3600,0,False,,
win-Arecibo-Observatory-20230103-133000.npy,20230103,Arecibo-Observatory,13:30:00,13:45:00,200,0.25,15.0,86.625,3600,0,False,,
win-Arecibo-Observatory-20230103-134501.npy,20230103,Arecibo-Observatory,13:45:01,14:00:01,200,0.25,15.0,86.625,3600,0,False,,
win-Arecibo-Observatory-20230103-140000.npy,20230103,Arecibo-Observatory,14:00:00,14:15:00,200,0.25,15.0,86.625,3600,1,False,,
win-Arecibo-Observatory-20230103-141501.npy,20230103,Arecibo-Observatory,14:15:01,14:30:01,200,0.25,15.0,86.625,3600,0,False,,
win-Arecibo-Observatory-20230103-143001.npy,20230103,Arecibo-Observatory,14:30:01,14:45:01,200,0.25,15.0,86.625,3600,0,False,,
win-Arecibo-Observatory-20230103-184459.npy,20230103,Arecibo-Observatory,18:44:59,18:59:59,200,0.25,15.0,86.625,3600,0,False,,
win-Arecibo-Observatory-20230103-185959.npy,20230103,Arecibo-Observatory,18:59:59,19:14:59,200,0.25,15.0,86.625,3600,0,False,,
win-Arecibo-Observatory-20230103-191459.npy,20230103,Arecibo-Observatory,19:14:59,19:29:59,200,0.25,15.0,86.625,3600,1,False,,
win-Arecibo-Observatory-20230103-192959.npy,20230103,Arecibo-Observatory,19:29:59,19:44:59,200,0.25,15.0,86.625,3600,0,False,,
win-Arecibo-Observatory-20230103-194459.npy,20230103,Arecibo-Observatory,19:44:59,19:59:59,200,0.25,15.0,86.625,3600,0,False,,
win-Arecibo-Observatory-20230104-150001.npy,20230104,Arecibo-Observatory,15:00:01,15:15:01,200,0.25,15.0,86.625,3600,0,False,,
win-Arecibo-Observatory-20230104-151501.npy,20230104,Arecibo-Observatory,15:15:01,15:30:01,200,0.25,15.0,86.625,3600,0,False,,
win-Arecibo-Observatory-20230104-153001.npy,20230104,Arecibo-Observatory,15:30:01,15:45:01,200,0.25,15.0,86.625,3600,1,False,,
win-Arecibo-Observatory-20230104-154501.npy,20230104,Arecibo-Observatory,15:45:01,16:00:01,200,0.25,15.0,86.625,3600,0,False,,
win-Arecibo-Observatory-20230104-160001.npy,20230104,Arecibo-Observatory,16:00:01,16:15:01,200,0.25,15.0,86.625,3600,0,False,,
win-Arecibo-Observatory-20230104-161501.npy,20230104,Arecibo-Observatory,16:15:01,16:29:57,200,0.25,15.0,86.625,3587,0,False,,
win-Arecibo-Observatory-20230104-163000.npy,20230104,Arecibo-Observatory,16:30:00,16:45:00,200,0.25,15.0,86.625,3600,0,False,,
win-Arecibo-Observatory-20230104-164500.npy,20230104,Arecibo-Observatory,16:45:00,17:00:00,200,0.25,15.0,86.625,3600,1,False,,
win-Arecibo-Observatory-20230104-170000.npy,20230104,Arecibo-Observatory,17:00:00,17:15:00,200,0.25,15.0,86.625,3600,0,False,,
win-Arecibo-Observatory-20230104-171500.npy,20230104,Arecibo-Observatory,17:15:00,17:30:00,200,0.25,15.0,86.625,3600,0,False,,
win-Arecibo-Observatory-20230104-180000.npy,20230104,Arecibo-Observatory,18:00:00,18:15:00,200,0.25,15.0,86.625,3600,0,False,,
win-Arecibo-Observatory-20230104-181500.npy,20230104,Arecibo-Observatory,18:15:00,18:30:00,200,0.25,15.0,86.625,3600,0,False,,
win-Arecibo-Observatory-20230104-183000.npy,20230104,Arecibo-Observatory,18:30:00,18:45:00,200,0.25,15.0,86.625,3600,1,False,,
win-Arecibo-Observatory-20230104-184500.npy,20230104,Arecibo-Observatory,18:45:00,19:00:00,200,0.25,15.0,86.625,3600,0,False,,
win-Arecibo-Observatory-20230104-190000.npy,20230104,Arecibo-Observatory,19:00:00,19:15:00,200,0.25,15.0,86.625,3600,0,False,,
win-Arecibo-Observatory-20230105-165959.npy,20230105,Arecibo-Observatory,16:59:59,17:14:59,200,0.25,15.0,86.625,3600,0,False,,
win-Arecibo-Observatory-20230105-171459.npy,20230105,Arecibo-Observatory,17:14:59,17:29:59,200,0.25,15.0,86.625,3600,0,False,,
win-Arecibo-Observatory-20230105-172959.npy,20230105,Arecibo-Observatory,17:29:59,17:44:59,200,0.25,15.0,86.625,3600,1,False,,
win-Arecibo-Observatory-20230105-174459.npy,20230105,Arecibo-Observatory,17:44:59,17:59:59,200,0.25,15.0,86.625,3600,0,False,,
win-Arecibo-Observatory-20230105-175959.npy,20230105,Arecibo-Observatory,17:59:59,18:14:59,200,0.25,15.0,86.625,3600,0,False,,
win-Arecibo-Observatory-20230105-181459.npy,20230105,Arecibo-Observatory,18:14:59,18:29:59,200,0.25,15.0,86.625,3600,0,False,,
win-Arecibo-Observatory-20230105-182959.npy,20230105,Arecibo-Observatory,18:29:59,18:44:59,200,0.25,15.0,86.625,3600,1,False,,
win-Arecibo-Observatory-20230105-184459.npy,20230105,Arecibo-Observatory,18:44:59,18:59:59,200,0.25,15.0,86.625,3600,0,False,,
win-Arecibo-Observatory-20230105-185959.npy,20230105,Arecibo-Observatory,18:59:59,19:14:59,200,0.25,15.0,86.625,3600,0,False,,
win-Arecibo-Observatory-20230106-150001.npy,20230106,Arecibo-Observatory,15:00:01,15:15:01,200,0.25,15.0,86.625,3600,0,False,,
win-Arecibo-Observatory-20230106-151501.npy,20230106,Arecibo-Observatory,15:15:01,15:30:01,200,0.25,15.0,86.625,3600,0,False,,
win-Arecibo-Observatory-20230106-153001.npy,20230106,Arecibo-Observatory,15:30:01,15:45:01,200,0.25,15.0,86.625,3600,1,False,,
win-Arecibo-Observatory-20230106-154501.npy,20230106,Arecibo-Observatory,15:45:01,16:00:01,200,0.25,15.0,86.625,3600,0,False,,
win-Arecibo-Observatory-20230106-160001.npy,20230106,Arecibo-Observatory,16:00:01,16:15:01,200,0.25,15.0,86.625,3600,0,False,,
win-Arecibo-Observatory-20230106-193000.npy,20230106,Arecibo-Observatory,19:30:00,19:45:00,200,0.25,15.0,86.625,3600,0,False,,
win-Arecibo-Observatory-20230106-194500.npy,20230106,Arecibo-Observatory,19:45:00,20:00:00,200,0.25,15.0,86.625,3600,0,False,,
win-Arecibo-Observatory-20230106-200001.npy,20230106,Arecibo-Observatory,20:00:01,20:15:01,200,0.25,15.0,86.625,3600,0,False,,
win-Arecibo-Observatory-20230106-201501.npy,20230106,Arecibo-Observatory,20:15:01,20:30:01,200,0.25,15.0,86.625,3600,1,False,,
win-Arecibo-Observatory-20230106-203001.npy,20230106,Arecibo-Observatory,20:30:01,20:45:01,200,0.25,15.0,86.625,3600,0,False,,
win-Arecibo-Observatory-20230108-111500.npy,20230108,Arecibo-Observatory,11:15:00,11:30:00,200,0.25,15.0,86.625,3600,0,False,,
win-Arecibo-Observatory-20230108-113000.npy,20230108,Arecibo-Observatory,11:30:00,11:45:00,200,0.25,15.0,86.625,3600,0,False,,
win-Arecibo-Observatory-20230108-114500.npy,20230108,Arecibo-Observatory,11:45:00,12:00:00,200,0.25,15.0,86.625,3600,1,False,,
win-Arecibo-Observatory-20230108-120000.npy,20230108,Arecibo-Observatory,12:00:00,12:15:00,200,0.25,15.0,86.625,3600,0,True,offclass_event_in_negative_window,III
win-Arecibo-Observatory-20230108-121500.npy,20230108,Arecibo-Observatory,12:15:00,12:30:00,200,0.25,15.0,86.625,3600,1,False,,
win-Arecibo-Observatory-20230108-123000.npy,20230108,Arecibo-Observatory,12:30:00,12:45:00,200,0.25,15.0,86.625,3600,0,False,,
win-Arecibo-Observatory-20230108-124500.npy,20230108,Arecibo-Observatory,12:45:00,13:00:00,200,0.25,15.0,86.625,3600,1,False,,
win-Arecibo-Observatory-20230108-130000.npy,20230108,Arecibo-Observatory,13:00:00,13:15:00,200,0.25,15.0,86.625,3600,0,False,,
win-Arecibo-Observatory-20230108-131501.npy,20230108,Arecibo-Observatory,13:15:01,13:30:01,200,0.25,15.0,86.625,3600,1,False,,
win-Arecibo-Observatory-20230108-133000.npy,20230108,Arecibo-Observatory,13:30:00,13:45:00,200,0.25,15.0,86.625,3600,0,False,,
win-Arecibo-Observatory-20230108-134501.npy,20230108,Arecibo-Observatory,13:45:01,14:00:01,200,0.25,15.0,86.625,3600,1,False,,
win-Arecibo-Observatory-20230108-140001.npy,20230108,Arecibo-Observatory,14:00:01,14:15:01,200,0.25,15.0,86.625,3600,0,False,,
win-Arecibo-Observatory-20230108-141501.npy,20230108,Arecibo-Observatory,14:15:01,14:30:01,200,0.25,15.0,86.625,3600,0,False,,
win-Arecibo-Observatory-20230108-143001.npy,20230108,Arecibo-Observatory,14:30:01,14:45:01,200,0.25,15.0,86.625,3600,1,False,,
win-Arecibo-Observatory-20230108-144501.npy,20230108,Arecibo-Observatory,14:45:01,15:00:01,200,0.25,15.0,86.625,3600,1,False,,
win-Arecibo-Observatory-20230108-150001.npy,20230108,Arecibo-Observatory,15:00:01,15:15:01,200,0.25,15.0,86.625,3600,0,False,,
win-Arecibo-Observatory-20230108-151501.npy,20230108,Arecibo-Observatory,15:15:01,15:30:01,200,0.25,15.0,86.625,3600,0,False,,
win-Arecibo-Observatory-20230108-153001.npy,20230108,Arecibo-Observatory,15:30:01,15:45:01,200,0.25,15.0,86.625,3600,0,False,,
win-Arecibo-Observatory-20230108-154501.npy,20230108,Arecibo-Observatory,15:45:01,16:00:01,200,0.25,15.0,86.625,3600,1,False,,
win-Arecibo-Observatory-20230108-160001.npy,20230108,Arecibo-Observatory,16:00:01,16:15:01,200,0.25,15.0,86.625,3600,2,False,,
win-Arecibo-Observatory-20230108-161501.npy,20230108,Arecibo-Observatory,16:15:01,16:29:57,200,0.25,15.0,86.625,3586,0,True,offclass_event_in_negative_window,VII
win-Arecibo-Observatory-20230108-163000.npy,20230108,Arecibo-Observatory,16:30:00,16:45:00,200,0.25,15.0,86.625,3600,0,False,,
win-Arecibo-Observatory-20230108-164500.npy,20230108,Arecibo-Observatory,16:45:00,17:00:00,200,0.25,15.0,86.625,3600,0,False,,
win-Arecibo-Observatory-20230108-170000.npy,20230108,Arecibo-Observatory,17:00:00,17:15:00,200,0.25,15.0,86.625,3600,0,False,,
win-Arecibo-Observatory-20230108-171500.npy,20230108,Arecibo-Observatory,17:15:00,17:30:00,200,0.25,15.0,86.625,3600,1,False,,
win-Arecibo-Observatory-20230108-173000.npy,20230108,Arecibo-Observatory,17:30:00,17:45:00,200,0.25,15.0,86.625,3600,0,False,,
win-Arecibo-Observatory-20230108-174500.npy,20230108,Arecibo-Observatory,17:45:00,18:00:00,200,0.25,15.0,86.625,3600,1,False,,
win-Arecibo-Observatory-20230108-180000.npy,20230108,Arecibo-Observatory,18:00:00,18:15:00,200,0.25,15.0,86.625,3600,0,False,,
win-Arecibo-Observatory-20230108-181500.npy,20230108,Arecibo-Observatory,18:15:00,18:30:00,200,0.25,15.0,86.625,3600,1,False,,
win-Arecibo-Observatory-20230108-183000.npy,20230108,Arecibo-Observatory,18:30:00,18:45:00,200,0.25,15.0,86.625,3600,0,True,offclass_event_in_negative_window,???
win-Arecibo-Observatory-20230108-184500.npy,20230108,Arecibo-Observatory,18:45:00,19:00:00,200,0.25,15.0,86.625,3600,0,True,offclass_event_in_negative_window,???
win-Arecibo-Observatory-20230108-190000.npy,20230108,Arecibo-Observatory,19:00:00,19:15:00,200,0.25,15.0,86.625,3600,1,False,,
win-Arecibo-Observatory-20230108-191500.npy,20230108,Arecibo-Observatory,19:15:00,19:30:00,200,0.25,15.0,86.625,3600,0,False,,
win-Arecibo-Observatory-20230108-193001.npy,20230108,Arecibo-Observatory,19:30:01,19:45:01,200,0.25,15.0,86.625,3600,1,False,,
win-Arecibo-Observatory-20230108-194500.npy,20230108,Arecibo-Observatory,19:45:00,20:00:00,200,0.25,15.0,86.625,3600,0,False,,
win-Arecibo-Observatory-20230108-200001.npy,20230108,Arecibo-Observatory,20:00:01,20:15:01,200,0.25,15.0,86.625,3600,0,False,,
win-Arecibo-Observatory-20230109-134501.npy,20230109,Arecibo-Observatory,13:45:01,14:00:01,200,0.25,15.0,86.625,3600,0,False,,
win-Arecibo-Observatory-20230109-140001.npy,20230109,Arecibo-Observatory,14:00:01,14:15:01,200,0.25,15.0,86.625,3600,0,False,,
win-Arecibo-Observatory-20230109-141501.npy,20230109,Arecibo-Observatory,14:15:01,14:30:01,200,0.25,15.0,86.625,3600,1,False,,
win-Arecibo-Observatory-20230109-143001.npy,20230109,Arecibo-Observatory,14:30:01,14:45:01,200,0.25,15.0,86.625,3600,0,False,,
win-Arecibo-Observatory-20230109-144501.npy,20230109,Arecibo-Observatory,14:45:01,15:00:01,200,0.25,15.0,86.625,3600,0,False,,
win-Arecibo-Observatory-20230109-150001.npy,20230109,Arecibo-Observatory,15:00:01,15:15:01,200,0.25,15.0,86.625,3600,0,False,,
win-Arecibo-Observatory-20230109-151501.npy,20230109,Arecibo-Observatory,15:15:01,15:30:01,200,0.25,15.0,86.625,3600,0,False,,
win-Arecibo-Observatory-20230109-153001.npy,20230109,Arecibo-Observatory,15:30:01,15:45:01,200,0.25,15.0,86.625,3600,1,False,,
win-Arecibo-Observatory-20230109-154501.npy,20230109,Arecibo-Observatory,15:45:01,16:00:01,200,0.25,15.0,86.625,3600,1,False,,
win-Arecibo-Observatory-20230109-160001.npy,20230109,Arecibo-Observatory,16:00:01,16:15:01,200,0.25,15.0,86.625,3600,1,False,,
win-Arecibo-Observatory-20230109-161501.npy,20230109,Arecibo-Observatory,16:15:01,16:29:57,200,0.25,15.0,86.625,3586,0,False,,
win-Arecibo-Observatory-20230109-163000.npy,20230109,Arecibo-Observatory,16:30:00,16:45:00,200,0.25,15.0,86.625,3600,1,False,,
win-Arecibo-Observatory-20230109-164500.npy,20230109,Arecibo-Observatory,16:45:00,17:00:00,200,0.25,15.0,86.625,3600,0,False,,
win-Arecibo-Observatory-20230109-165959.npy,20230109,Arecibo-Observatory,16:59:59,17:14:59,200,0.25,15.0,86.625,3600,0,False,,
win-Arecibo-Observatory-20230109-174459.npy,20230109,Arecibo-Observatory,17:44:59,17:59:59,200,0.25,15.0,86.625,3600,0,True,offclass_event_in_negative_window,VI
win-Arecibo-Observatory-20230109-175959.npy,20230109,Arecibo-Observatory,17:59:59,18:14:59,200,0.25,15.0,86.625,3600,0,True,offclass_event_in_negative_window,VI
win-Arecibo-Observatory-20230109-181459.npy,20230109,Arecibo-Observatory,18:14:59,18:29:59,200,0.25,15.0,86.625,3600,2,False,,
win-Arecibo-Observatory-20230109-182959.npy,20230109,Arecibo-Observatory,18:29:59,18:44:59,200,0.25,15.0,86.625,3600,1,False,,
win-Arecibo-Observatory-20230109-184459.npy,20230109,Arecibo-Observatory,18:44:59,18:59:59,200,0.25,15.0,86.625,3600,0,True,offclass_event_in_negative_window,VI
win-Arecibo-Observatory-20230109-185959.npy,20230109,Arecibo-Observatory,18:59:59,19:14:59,200,0.25,15.0,86.625,3600,0,True,offclass_event_in_negative_window,VI
win-Arecibo-Observatory-20230109-194500.npy,20230109,Arecibo-Observatory,19:45:00,20:00:00,200,0.25,15.0,86.625,3600,0,False,,
win-Arecibo-Observatory-20230109-200000.npy,20230109,Arecibo-Observatory,20:00:00,20:15:00,200,0.25,15.0,86.625,3600,0,False,,
win-Arecibo-Observatory-20230109-201500.npy,20230109,Arecibo-Observatory,20:15:00,20:30:00,200,0.25,15.0,86.625,3600,1,False,,
win-Arecibo-Observatory-20230109-203000.npy,20230109,Arecibo-Observatory,20:30:00,20:45:00,200,0.25,15.0,86.625,3600,0,False,,
win-Arecibo-Observatory-20230109-204500.npy,20230109,Arecibo-Observatory,20:45:00,21:00:00,200,0.25,15.0,86.625,3600,0,False,,
win-Arecibo-Observatory-20230110-120000.npy,20230110,Arecibo-Observatory,12:00:00,12:15:00,200,0.25,15.0,86.625,3600,0,False,,
win-Arecibo-Observatory-20230110-121500.npy,20230110,Arecibo-Observatory,12:15:00,12:30:00,200,0.25,15.0,86.625,3600,0,False,,
win-Arecibo-Observatory-20230110-123000.npy,20230110,Arecibo-Observatory,12:30:00,12:45:00,200,0.25,15.0,86.625,3600,1,False,,
win-Arecibo-Observatory-20230110-124501.npy,20230110,Arecibo-Observatory,12:45:01,13:00:01,200,0.25,15.0,86.625,3600,0,False,,
win-Arecibo-Observatory-20230110-130001.npy,20230110,Arecibo-Observatory,13:00:01,13:15:01,200,0.25,15.0,86.625,3600,0,True,offclass_event_in_negative_window,III
win-Arecibo-Observatory-20230110-140001.npy,20230110,Arecibo-Observatory,14:00:01,14:15:01,200,0.25,15.0,86.625,3600,0,False,,
win-Arecibo-Observatory-20230110-141501.npy,20230110,Arecibo-Observatory,14:15:01,14:30:01,200,0.25,15.0,86.625,3600,0,False,,
win-Arecibo-Observatory-20230110-143001.npy,20230110,Arecibo-Observatory,14:30:01,14:45:01,200,0.25,15.0,86.625,3600,1,False,,
win-Arecibo-Observatory-20230110-144501.npy,20230110,Arecibo-Observatory,14:45:01,15:00:01,200,0.25,15.0,86.625,3600,0,True,only_edge_sliver_of_an_event,
win-Arecibo-Observatory-20230110-150001.npy,20230110,Arecibo-Observatory,15:00:01,15:15:01,200,0.25,15.0,86.625,3600,1,False,,
win-Arecibo-Observatory-20230110-151501.npy,20230110,Arecibo-Observatory,15:15:01,15:30:01,200,0.25,15.0,86.625,3600,1,False,,
win-Arecibo-Observatory-20230110-153001.npy,20230110,Arecibo-Observatory,15:30:01,15:45:01,200,0.25,15.0,86.625,3600,0,True,only_edge_sliver_of_an_event,
win-Arecibo-Observatory-20230110-154501.npy,20230110,Arecibo-Observatory,15:45:01,16:00:01,200,0.25,15.0,86.625,3600,1,False,,VI
win-Arecibo-Observatory-20230110-160001.npy,20230110,Arecibo-Observatory,16:00:01,16:15:01,200,0.25,15.0,86.625,3600,0,True,offclass_event_in_negative_window,VI
win-Arecibo-Observatory-20230110-161501.npy,20230110,Arecibo-Observatory,16:15:01,16:29:57,200,0.25,15.0,86.625,3586,0,True,offclass_event_in_negative_window,VI
win-Arecibo-Observatory-20230110-163000.npy,20230110,Arecibo-Observatory,16:30:00,16:45:00,200,0.25,15.0,86.625,3600,0,True,offclass_event_in_negative_window,VI
win-Arecibo-Observatory-20230110-164500.npy,20230110,Arecibo-Observatory,16:45:00,17:00:00,200,0.25,15.0,86.625,3600,0,True,offclass_event_in_negative_window,VI
win-Arecibo-Observatory-20230110-170000.npy,20230110,Arecibo-Observatory,17:00:00,17:15:00,200,0.25,15.0,86.625,3600,1,False,,
win-Arecibo-Observatory-20230110-171500.npy,20230110,Arecibo-Observatory,17:15:00,17:30:00,200,0.25,15.0,86.625,3600,0,True,offclass_event_in_negative_window,VI
win-Arecibo-Observatory-20230110-173000.npy,20230110,Arecibo-Observatory,17:30:00,17:45:00,200,0.25,15.0,86.625,3600,0,True,offclass_event_in_negative_window,VI
win-Arecibo-Observatory-20230110-174500.npy,20230110,Arecibo-Observatory,17:45:00,18:00:00,200,0.25,15.0,86.625,3600,0,False,,
win-Arecibo-Observatory-20230110-180000.npy,20230110,Arecibo-Observatory,18:00:00,18:15:00,200,0.25,15.0,86.625,3600,1,False,,
win-Arecibo-Observatory-20230110-181500.npy,20230110,Arecibo-Observatory,18:15:00,18:30:00,200,0.25,15.0,86.625,3600,1,False,,
win-Arecibo-Observatory-20230110-183000.npy,20230110,Arecibo-Observatory,18:30:00,18:45:00,200,0.25,15.0,86.625,3600,0,False,,
win-Arecibo-Observatory-20230110-184500.npy,20230110,Arecibo-Observatory,18:45:00,19:00:00,200,0.25,15.0,86.625,3600,0,False,,
win-Arecibo-Observatory-20230111-114618.npy,20230111,Arecibo-Observatory,11:46:18,12:01:18,200,0.25,15.0,86.625,3600,1,False,,
win-Arecibo-Observatory-20230111-120118.npy,20230111,Arecibo-Observatory,12:01:18,12:16:18,200,0.25,15.0,86.625,3600,0,False,,
win-Arecibo-Observatory-20230111-121618.npy,20230111,Arecibo-Observatory,12:16:18,12:31:18,200,0.25,15.0,86.625,3600,0,False,,
win-Arecibo-Observatory-20230111-130119.npy,20230111,Arecibo-Observatory,13:01:19,13:16:19,200,0.25,15.0,86.625,3600,0,False,,
win-Arecibo-Observatory-20230111-131618.npy,20230111,Arecibo-Observatory,13:16:18,13:31:18,200,0.25,15.0,86.625,3600,0,False,,
win-Arecibo-Observatory-20230111-133119.npy,20230111,Arecibo-Observatory,13:31:19,13:46:19,200,0.25,15.0,86.625,3600,1,False,,
win-Arecibo-Observatory-20230111-134619.npy,20230111,Arecibo-Observatory,13:46:19,14:01:19,200,0.25,15.0,86.625,3600,0,False,,
win-Arecibo-Observatory-20230111-140119.npy,20230111,Arecibo-Observatory,14:01:19,14:16:19,200,0.25,15.0,86.625,3600,0,False,,
win-Arecibo-Observatory-20230111-143119.npy,20230111,Arecibo-Observatory,14:31:19,14:46:19,200,0.25,15.0,86.625,3600,0,False,,
win-Arecibo-Observatory-20230111-144619.npy,20230111,Arecibo-Observatory,14:46:19,15:01:19,200,0.25,15.0,86.625,3600,0,False,,
win-Arecibo-Observatory-20230111-150119.npy,20230111,Arecibo-Observatory,15:01:19,15:16:19,200,0.25,15.0,86.625,3600,1,False,,
win-Arecibo-Observatory-20230111-151619.npy,20230111,Arecibo-Observatory,15:16:19,15:31:19,200,0.25,15.0,86.625,3600,0,False,,
win-Arecibo-Observatory-20230111-153119.npy,20230111,Arecibo-Observatory,15:31:19,15:46:19,200,0.25,15.0,86.625,3600,0,False,,
win-Arecibo-Observatory-20230111-175958.npy,20230111,Arecibo-Observatory,17:59:58,18:14:58,200,0.25,15.0,86.625,3600,0,False,,
win-Arecibo-Observatory-20230111-181458.npy,20230111,Arecibo-Observatory,18:14:58,18:29:58,200,0.25,15.0,86.625,3600,0,False,,
win-Arecibo-Observatory-20230111-182958.npy,20230111,Arecibo-Observatory,18:29:58,18:44:58,200,0.25,15.0,86.625,3600,1,False,,
win-Arecibo-Observatory-20230111-184458.npy,20230111,Arecibo-Observatory,18:44:58,18:59:58,200,0.25,15.0,86.625,3600,0,False,,
win-Arecibo-Observatory-20230111-185958.npy,20230111,Arecibo-Observatory,18:59:58,19:14:58,200,0.25,15.0,86.625,3600,1,False,,
win-Arecibo-Observatory-20230111-191458.npy,20230111,Arecibo-Observatory,19:14:58,19:29:58,200,0.25,15.0,86.625,3600,0,False,,
win-Arecibo-Observatory-20230111-192958.npy,20230111,Arecibo-Observatory,19:29:58,19:44:58,200,0.25,15.0,86.625,3600,0,False,,
win-Arecibo-Observatory-20230112-124500.npy,20230112,Arecibo-Observatory,12:45:00,13:00:00,200,0.25,15.0,86.625,3600,0,False,,
win-Arecibo-Observatory-20230112-130001.npy,20230112,Arecibo-Observatory,13:00:01,13:15:01,200,0.25,15.0,86.625,3600,0,False,,
win-Arecibo-Observatory-20230112-131501.npy,20230112,Arecibo-Observatory,13:15:01,13:30:01,200,0.25,15.0,86.625,3600,1,False,,
win-Arecibo-Observatory-20230112-133001.npy,20230112,Arecibo-Observatory,13:30:01,13:45:01,200,0.25,15.0,86.625,3600,1,False,,
win-Arecibo-Observatory-20230112-134501.npy,20230112,Arecibo-Observatory,13:45:01,14:00:01,200,0.25,15.0,86.625,3600,0,False,,
win-Arecibo-Observatory-20230112-140001.npy,20230112,Arecibo-Observatory,14:00:01,14:15:01,200,0.25,15.0,86.625,3600,0,False,,
win-Arecibo-Observatory-20230113-163000.npy,20230113,Arecibo-Observatory,16:30:00,16:45:00,200,0.25,15.0,86.625,3600,0,True,offclass_event_in_negative_window,VI
win-Arecibo-Observatory-20230113-164459.npy,20230113,Arecibo-Observatory,16:44:59,16:59:59,200,0.25,15.0,86.625,3600,0,True,offclass_event_in_negative_window,"II?,VI"
win-Arecibo-Observatory-20230113-165959.npy,20230113,Arecibo-Observatory,16:59:59,17:14:59,200,0.25,15.0,86.625,3600,1,False,,VI
win-Arecibo-Observatory-20230113-171459.npy,20230113,Arecibo-Observatory,17:14:59,17:29:59,200,0.25,15.0,86.625,3600,0,True,offclass_event_in_negative_window,VI
win-Arecibo-Observatory-20230113-172959.npy,20230113,Arecibo-Observatory,17:29:59,17:44:59,200,0.25,15.0,86.625,3600,0,True,offclass_event_in_negative_window,VI
win-Arecibo-Observatory-20230116-121500.npy,20230116,Arecibo-Observatory,12:15:00,12:30:00,200,0.25,15.0,86.625,3600,0,False,,
win-Arecibo-Observatory-20230116-123000.npy,20230116,Arecibo-Observatory,12:30:00,12:45:00,200,0.25,15.0,86.625,3600,0,False,,
win-Arecibo-Observatory-20230116-124500.npy,20230116,Arecibo-Observatory,12:45:00,13:00:00,200,0.25,15.0,86.625,3600,1,False,,
win-Arecibo-Observatory-20230116-130000.npy,20230116,Arecibo-Observatory,13:00:00,13:15:00,200,0.25,15.0,86.625,3600,0,False,,
win-Arecibo-Observatory-20230116-131501.npy,20230116,Arecibo-Observatory,13:15:01,13:30:01,200,0.25,15.0,86.625,3600,0,False,,
win-Arecibo-Observatory-20230116-134501.npy,20230116,Arecibo-Observatory,13:45:01,14:00:01,200,0.25,15.0,86.625,3600,0,False,,
win-Arecibo-Observatory-20230116-140001.npy,20230116,Arecibo-Observatory,14:00:01,14:15:01,200,0.25,15.0,86.625,3600,0,False,,
win-Arecibo-Observatory-20230116-141501.npy,20230116,Arecibo-Observatory,14:15:01,14:30:01,200,0.25,15.0,86.625,3600,1,False,,
win-Arecibo-Observatory-20230116-143001.npy,20230116,Arecibo-Observatory,14:30:01,14:45:01,200,0.25,15.0,86.625,3600,0,False,,
win-Arecibo-Observatory-20230116-144501.npy,20230116,Arecibo-Observatory,14:45:01,15:00:01,200,0.25,15.0,86.625,3600,0,False,,
win-Arecibo-Observatory-20230116-150001.npy,20230116,Arecibo-Observatory,15:00:01,15:15:01,200,0.25,15.0,86.625,3600,0,False,,
win-Arecibo-Observatory-20230116-151501.npy,20230116,Arecibo-Observatory,15:15:01,15:30:01,200,0.25,15.0,86.625,3600,1,False,,
win-Arecibo-Observatory-20230116-153001.npy,20230116,Arecibo-Observatory,15:30:01,15:45:01,200,0.25,15.0,86.625,3600,1,False,,
win-Arecibo-Observatory-20230116-154501.npy,20230116,Arecibo-Observatory,15:45:01,16:00:01,200,0.25,15.0,86.625,3600,1,False,,
win-Arecibo-Observatory-20230116-160001.npy,20230116,Arecibo-Observatory,16:00:01,16:15:01,200,0.25,15.0,86.625,3600,0,False,,
win-Arecibo-Observatory-20230116-161501.npy,20230116,Arecibo-Observatory,16:15:01,16:29:57,200,0.25,15.0,86.625,3586,0,False,,
win-Arecibo-Observatory-20230117-123000.npy,20230117,Arecibo-Observatory,12:30:00,12:45:00,200,0.25,15.0,86.625,3600,0,False,,
win-Arecibo-Observatory-20230117-124500.npy,20230117,Arecibo-Observatory,12:45:00,13:00:00,200,0.25,15.0,86.625,3600,0,False,,
win-Arecibo-Observatory-20230117-130000.npy,20230117,Arecibo-Observatory,13:00:00,13:15:00,200,0.25,15.0,86.625,3600,1,False,,
win-Arecibo-Observatory-20230117-131501.npy,20230117,Arecibo-Observatory,13:15:01,13:30:01,200,0.25,15.0,86.625,3600,0,False,,
win-Arecibo-Observatory-20230117-133000.npy,20230117,Arecibo-Observatory,13:30:00,13:45:00,200,0.25,15.0,86.625,3600,0,False,,
win-Arecibo-Observatory-20230117-153001.npy,20230117,Arecibo-Observatory,15:30:01,15:45:01,200,0.25,15.0,86.625,3600,0,False,,
win-Arecibo-Observatory-20230117-154501.npy,20230117,Arecibo-Observatory,15:45:01,16:00:01,200,0.25,15.0,86.625,3600,0,False,,
win-Arecibo-Observatory-20230117-160001.npy,20230117,Arecibo-Observatory,16:00:01,16:15:01,200,0.25,15.0,86.625,3600,1,False,,
win-Arecibo-Observatory-20230117-161501.npy,20230117,Arecibo-Observatory,16:15:01,16:29:57,200,0.25,15.0,86.625,3587,0,False,,
win-Arecibo-Observatory-20230117-163000.npy,20230117,Arecibo-Observatory,16:30:00,16:45:00,200,0.25,15.0,86.625,3600,0,False,,
win-Arecibo-Observatory-20230117-171459.npy,20230117,Arecibo-Observatory,17:14:59,17:29:59,200,0.25,15.0,86.625,3600,0,False,,
win-Arecibo-Observatory-20230117-172959.npy,20230117,Arecibo-Observatory,17:29:59,17:44:59,200,0.25,15.0,86.625,3600,0,False,,
win-Arecibo-Observatory-20230117-174459.npy,20230117,Arecibo-Observatory,17:44:59,17:59:59,200,0.25,15.0,86.625,3600,1,False,,
win-Arecibo-Observatory-20230117-175959.npy,20230117,Arecibo-Observatory,17:59:59,18:14:59,200,0.25,15.0,86.625,3600,0,False,,
win-Arecibo-Observatory-20230117-181459.npy,20230117,Arecibo-Observatory,18:14:59,18:29:59,200,0.25,15.0,86.625,3600,0,False,,
win-Arecibo-Observatory-20230119-134501.npy,20230119,Arecibo-Observatory,13:45:01,14:00:01,200,0.25,15.0,86.625,3600,0,False,,
win-Arecibo-Observatory-20230119-140001.npy,20230119,Arecibo-Observatory,14:00:01,14:15:01,200,0.25,15.0,86.625,3600,0,False,,
win-Arecibo-Observatory-20230119-141501.npy,20230119,Arecibo-Observatory,14:15:01,14:30:01,200,0.25,15.0,86.625,3600,1,False,,
win-Arecibo-Observatory-20230119-143001.npy,20230119,Arecibo-Observatory,14:30:01,14:45:01,200,0.25,15.0,86.625,3600,0,False,,
win-Arecibo-Observatory-20230119-144501.npy,20230119,Arecibo-Observatory,14:45:01,15:00:01,200,0.25,15.0,86.625,3600,0,False,,
win-Arecibo-Observatory-20230119-163000.npy,20230119,Arecibo-Observatory,16:30:00,16:45:00,200,0.25,15.0,86.625,3600,0,False,,
win-Arecibo-Observatory-20230119-164500.npy,20230119,Arecibo-Observatory,16:45:00,17:00:00,200,0.25,15.0,86.625,3600,0,False,,
win-Arecibo-Observatory-20230119-170000.npy,20230119,Arecibo-Observatory,17:00:00,17:15:00,200,0.25,15.0,86.625,3600,1,False,,
win-Arecibo-Observatory-20230119-171500.npy,20230119,Arecibo-Observatory,17:15:00,17:30:00,200,0.25,15.0,86.625,3600,0,False,,
win-Arecibo-Observatory-20230119-173000.npy,20230119,Arecibo-Observatory,17:30:00,17:45:00,200,0.25,15.0,86.625,3600,0,False,,
win-Arecibo-Observatory-20230119-190000.npy,20230119,Arecibo-Observatory,19:00:00,19:15:00,200,0.25,15.0,86.625,3600,0,False,,
win-Arecibo-Observatory-20230119-191501.npy,20230119,Arecibo-Observatory,19:15:01,19:30:01,200,0.25,15.0,86.625,3600,0,False,,
win-Arecibo-Observatory-20230119-193001.npy,20230119,Arecibo-Observatory,19:30:01,19:45:01,200,0.25,15.0,86.625,3600,1,False,,
win-Arecibo-Observatory-20230119-194501.npy,20230119,Arecibo-Observatory,19:45:01,20:00:01,200,0.25,15.0,86.625,3600,0,False,,
win-Arecibo-Observatory-20230119-200001.npy,20230119,Arecibo-Observatory,20:00:01,20:15:01,200,0.25,15.0,86.625,3600,0,False,,
win-Arecibo-Observatory-20230120-133001.npy,20230120,Arecibo-Observatory,13:30:01,13:45:01,200,0.25,15.0,86.625,3600,0,False,,
win-Arecibo-Observatory-20230120-134500.npy,20230120,Arecibo-Observatory,13:45:00,14:00:00,200,0.25,15.0,86.625,3600,0,False,,
win-Arecibo-Observatory-20230120-140001.npy,20230120,Arecibo-Observatory,14:00:01,14:15:01,200,0.25,15.0,86.625,3600,1,False,,
win-Arecibo-Observatory-20230120-141501.npy,20230120,Arecibo-Observatory,14:15:01,14:30:01,200,0.25,15.0,86.625,3600,0,False,,
win-Arecibo-Observatory-20230120-143001.npy,20230120,Arecibo-Observatory,14:30:01,14:45:01,200,0.25,15.0,86.625,3600,0,False,,
win-Arecibo-Observatory-20230120-144501.npy,20230120,Arecibo-Observatory,14:45:01,15:00:01,200,0.25,15.0,86.625,3600,0,False,,
win-Arecibo-Observatory-20230120-150001.npy,20230120,Arecibo-Observatory,15:00:01,15:15:01,200,0.25,15.0,86.625,3600,1,False,,
win-Arecibo-Observatory-20230120-151501.npy,20230120,Arecibo-Observatory,15:15:01,15:30:01,200,0.25,15.0,86.625,3600,0,False,,
win-Arecibo-Observatory-20230120-153001.npy,20230120,Arecibo-Observatory,15:30:01,15:45:01,200,0.25,15.0,86.625,3600,0,False,,
win-Arecibo-Observatory-20230123-140203.npy,20230123,Arecibo-Observatory,14:02:03,14:17:03,200,0.25,15.0,86.625,3600,0,False,,
win-Arecibo-Observatory-20230123-141703.npy,20230123,Arecibo-Observatory,14:17:03,14:32:03,200,0.25,15.0,86.625,3600,0,False,,
win-Arecibo-Observatory-20230123-143203.npy,20230123,Arecibo-Observatory,14:32:03,14:47:03,200,0.25,15.0,86.625,3600,1,False,,
win-Arecibo-Observatory-20230123-144703.npy,20230123,Arecibo-Observatory,14:47:03,15:02:03,200,0.25,15.0,86.625,3600,0,False,,
win-Arecibo-Observatory-20230123-150203.npy,20230123,Arecibo-Observatory,15:02:03,15:17:03,200,0.25,15.0,86.625,3600,0,False,,
win-Arecibo-Observatory-20230123-153203.npy,20230123,Arecibo-Observatory,15:32:03,15:47:03,200,0.25,15.0,86.625,3600,0,False,,
win-Arecibo-Observatory-20230123-154703.npy,20230123,Arecibo-Observatory,15:47:03,16:02:03,200,0.25,15.0,86.625,3600,0,False,,
win-Arecibo-Observatory-20230123-160203.npy,20230123,Arecibo-Observatory,16:02:03,16:17:03,200,0.25,15.0,86.625,3600,1,False,,
win-Arecibo-Observatory-20230123-161703.npy,20230123,Arecibo-Observatory,16:17:03,16:29:57,200,0.25,15.0,86.625,3098,0,False,,
win-Arecibo-Observatory-20230123-163000.npy,20230123,Arecibo-Observatory,16:30:00,16:45:00,200,0.25,15.0,86.625,3600,0,False,,
win-Arecibo-Observatory-20230123-182959.npy,20230123,Arecibo-Observatory,18:29:59,18:44:59,200,0.25,15.0,86.625,3600,0,False,,
win-Arecibo-Observatory-20230123-184459.npy,20230123,Arecibo-Observatory,18:44:59,18:59:59,200,0.25,15.0,86.625,3600,0,False,,
win-Arecibo-Observatory-20230123-185959.npy,20230123,Arecibo-Observatory,18:59:59,19:14:59,200,0.25,15.0,86.625,3600,1,False,,
win-Arecibo-Observatory-20230123-191459.npy,20230123,Arecibo-Observatory,19:14:59,19:29:59,200,0.25,15.0,86.625,3600,0,False,,
win-Arecibo-Observatory-20230123-192959.npy,20230123,Arecibo-Observatory,19:29:59,19:44:59,200,0.25,15.0,86.625,3600,0,False,,
win-Arecibo-Observatory-20230124-120000.npy,20230124,Arecibo-Observatory,12:00:00,12:15:00,200,0.25,15.0,86.625,3600,0,False,,
win-Arecibo-Observatory-20230124-121500.npy,20230124,Arecibo-Observatory,12:15:00,12:30:00,200,0.25,15.0,86.625,3600,0,False,,
win-Arecibo-Observatory-20230124-123000.npy,20230124,Arecibo-Observatory,12:30:00,12:45:00,200,0.25,15.0,86.625,3600,1,False,,
win-Arecibo-Observatory-20230124-124501.npy,20230124,Arecibo-Observatory,12:45:01,13:00:01,200,0.25,15.0,86.625,3600,0,False,,
win-Arecibo-Observatory-20230124-130000.npy,20230124,Arecibo-Observatory,13:00:00,13:15:00,200,0.25,15.0,86.625,3600,0,False,,
win-Arecibo-Observatory-20230124-131501.npy,20230124,Arecibo-Observatory,13:15:01,13:30:01,200,0.25,15.0,86.625,3600,0,False,,
win-Arecibo-Observatory-20230124-133001.npy,20230124,Arecibo-Observatory,13:30:01,13:45:01,200,0.25,15.0,86.625,3600,0,False,,
win-Arecibo-Observatory-20230124-134501.npy,20230124,Arecibo-Observatory,13:45:01,14:00:01,200,0.25,15.0,86.625,3600,1,False,,
win-Arecibo-Observatory-20230124-140001.npy,20230124,Arecibo-Observatory,14:00:01,14:15:01,200,0.25,15.0,86.625,3600,0,False,,
win-Arecibo-Observatory-20230124-154501.npy,20230124,Arecibo-Observatory,15:45:01,16:00:01,200,0.25,15.0,86.625,3600,0,False,,
win-Arecibo-Observatory-20230124-160001.npy,20230124,Arecibo-Observatory,16:00:01,16:15:01,200,0.25,15.0,86.625,3600,0,False,,
win-Arecibo-Observatory-20230124-161501.npy,20230124,Arecibo-Observatory,16:15:01,16:29:57,200,0.25,15.0,86.625,3587,1,False,,
win-Arecibo-Observatory-20230124-163000.npy,20230124,Arecibo-Observatory,16:30:00,16:45:00,200,0.25,15.0,86.625,3600,0,False,,
win-Arecibo-Observatory-20230124-164500.npy,20230124,Arecibo-Observatory,16:45:00,17:00:00,200,0.25,15.0,86.625,3600,0,False,,
win-Arecibo-Observatory-20230125-114500.npy,20230125,Arecibo-Observatory,11:45:00,12:00:00,200,0.25,15.0,86.625,3600,0,False,,
win-Arecibo-Observatory-20230125-120000.npy,20230125,Arecibo-Observatory,12:00:00,12:15:00,200,0.25,15.0,86.625,3600,0,False,,
win-Arecibo-Observatory-20230125-121500.npy,20230125,Arecibo-Observatory,12:15:00,12:30:00,200,0.25,15.0,86.625,3600,1,False,,
win-Arecibo-Observatory-20230125-123000.npy,20230125,Arecibo-Observatory,12:30:00,12:45:00,200,0.25,15.0,86.625,3600,0,False,,
win-Arecibo-Observatory-20230125-124500.npy,20230125,Arecibo-Observatory,12:45:00,13:00:00,200,0.25,15.0,86.625,3600,0,False,,
win-Arecibo-Observatory-20230125-153001.npy,20230125,Arecibo-Observatory,15:30:01,15:45:01,200,0.25,15.0,86.625,3600,0,False,,
win-Arecibo-Observatory-20230125-154501.npy,20230125,Arecibo-Observatory,15:45:01,16:00:01,200,0.25,15.0,86.625,3600,0,False,,
win-Arecibo-Observatory-20230125-160001.npy,20230125,Arecibo-Observatory,16:00:01,16:15:01,200,0.25,15.0,86.625,3600,1,False,,
win-Arecibo-Observatory-20230125-161501.npy,20230125,Arecibo-Observatory,16:15:01,16:29:57,200,0.25,15.0,86.625,3586,0,False,,
win-Arecibo-Observatory-20230125-163000.npy,20230125,Arecibo-Observatory,16:30:00,16:45:00,200,0.25,15.0,86.625,3600,0,False,,
win-Arecibo-Observatory-20230125-174459.npy,20230125,Arecibo-Observatory,17:44:59,17:59:59,200,0.25,15.0,86.625,3600,0,False,,
win-Arecibo-Observatory-20230125-175959.npy,20230125,Arecibo-Observatory,17:59:59,18:14:59,200,0.25,15.0,86.625,3600,0,False,,
win-Arecibo-Observatory-20230125-181459.npy,20230125,Arecibo-Observatory,18:14:59,18:29:59,200,0.25,15.0,86.625,3600,1,False,,
win-Arecibo-Observatory-20230125-182959.npy,20230125,Arecibo-Observatory,18:29:59,18:44:59,200,0.25,15.0,86.625,3600,0,False,,
win-Arecibo-Observatory-20230125-184459.npy,20230125,Arecibo-Observatory,18:44:59,18:59:59,200,0.25,15.0,86.625,3600,0,False,,
win-Arecibo-Observatory-20230127-165959.npy,20230127,Arecibo-Observatory,16:59:59,17:14:59,200,0.25,15.0,86.625,3600,0,False,,
win-Arecibo-Observatory-20230127-171459.npy,20230127,Arecibo-Observatory,17:14:59,17:29:59,200,0.25,15.0,86.625,3600,0,False,,
win-Arecibo-Observatory-20230127-172959.npy,20230127,Arecibo-Observatory,17:29:59,17:44:59,200,0.25,15.0,86.625,3600,1,False,,
win-Arecibo-Observatory-20230127-174459.npy,20230127,Arecibo-Observatory,17:44:59,17:59:59,200,0.25,15.0,86.625,3600,0,False,,
win-Arecibo-Observatory-20230127-175959.npy,20230127,Arecibo-Observatory,17:59:59,18:14:59,200,0.25,15.0,86.625,3600,0,False,,
win-Arecibo-Observatory-20230127-181459.npy,20230127,Arecibo-Observatory,18:14:59,18:29:59,200,0.25,15.0,86.625,3600,0,False,,
win-Arecibo-Observatory-20230127-182959.npy,20230127,Arecibo-Observatory,18:29:59,18:44:59,200,0.25,15.0,86.625,3600,1,False,,
win-Arecibo-Observatory-20230127-184459.npy,20230127,Arecibo-Observatory,18:44:59,18:59:59,200,0.25,15.0,86.625,3600,0,False,,
win-Arecibo-Observatory-20230127-185959.npy,20230127,Arecibo-Observatory,18:59:59,19:14:59,200,0.25,15.0,86.625,3600,0,False,,
win-Arecibo-Observatory-20230129-130001.npy,20230129,Arecibo-Observatory,13:00:01,13:15:01,200,0.25,15.0,86.625,3600,0,False,,
win-Arecibo-Observatory-20230129-131501.npy,20230129,Arecibo-Observatory,13:15:01,13:30:01,200,0.25,15.0,86.625,3600,0,False,,
win-Arecibo-Observatory-20230129-133001.npy,20230129,Arecibo-Observatory,13:30:01,13:45:01,200,0.25,15.0,86.625,3600,1,False,,
win-Arecibo-Observatory-20230129-134501.npy,20230129,Arecibo-Observatory,13:45:01,14:00:01,200,0.25,15.0,86.625,3600,0,False,,
win-Arecibo-Observatory-20230129-140001.npy,20230129,Arecibo-Observatory,14:00:01,14:15:01,200,0.25,15.0,86.625,3600,1,False,,
win-Arecibo-Observatory-20230129-141501.npy,20230129,Arecibo-Observatory,14:15:01,14:30:01,200,0.25,15.0,86.625,3600,0,False,,
win-Arecibo-Observatory-20230129-143001.npy,20230129,Arecibo-Observatory,14:30:01,14:45:01,200,0.25,15.0,86.625,3600,0,False,,
win-Arecibo-Observatory-20230129-144501.npy,20230129,Arecibo-Observatory,14:45:01,15:00:01,200,0.25,15.0,86.625,3600,1,False,,
win-Arecibo-Observatory-20230129-150001.npy,20230129,Arecibo-Observatory,15:00:01,15:15:01,200,0.25,15.0,86.625,3600,0,False,,
win-Arecibo-Observatory-20230129-151501.npy,20230129,Arecibo-Observatory,15:15:01,15:30:01,200,0.25,15.0,86.625,3600,0,False,,
win-Arecibo-Observatory-20230129-165959.npy,20230129,Arecibo-Observatory,16:59:59,17:14:59,200,0.25,15.0,86.625,3600,0,False,,
win-Arecibo-Observatory-20230129-171459.npy,20230129,Arecibo-Observatory,17:14:59,17:29:59,200,0.25,15.0,86.625,3600,0,False,,
win-Arecibo-Observatory-20230129-172959.npy,20230129,Arecibo-Observatory,17:29:59,17:44:59,200,0.25,15.0,86.625,3600,1,False,,
win-Arecibo-Observatory-20230129-174459.npy,20230129,Arecibo-Observatory,17:44:59,17:59:59,200,0.25,15.0,86.625,3600,0,False,,
win-Arecibo-Observatory-20230129-175959.npy,20230129,Arecibo-Observatory,17:59:59,18:14:59,200,0.25,15.0,86.625,3600,0,False,,
win-Arecibo-Observatory-20230129-184459.npy,20230129,Arecibo-Observatory,18:44:59,18:59:59,200,0.25,15.0,86.625,3600,0,False,,
win-Arecibo-Observatory-20230129-185959.npy,20230129,Arecibo-Observatory,18:59:59,19:14:59,200,0.25,15.0,86.625,3600,0,False,,
win-Arecibo-Observatory-20230129-191459.npy,20230129,Arecibo-Observatory,19:14:59,19:29:59,200,0.25,15.0,86.625,3600,1,False,,
win-Arecibo-Observatory-20230129-192959.npy,20230129,Arecibo-Observatory,19:29:59,19:44:59,200,0.25,15.0,86.625,3600,1,False,,
win-Arecibo-Observatory-20230129-194459.npy,20230129,Arecibo-Observatory,19:44:59,19:59:59,200,0.25,15.0,86.625,3600,0,False,,
win-Arecibo-Observatory-20230129-195959.npy,20230129,Arecibo-Observatory,19:59:59,20:14:59,200,0.25,15.0,86.625,3600,0,False,,
win-Arecibo-Observatory-20230130-121500.npy,20230130,Arecibo-Observatory,12:15:00,12:30:00,200,0.25,15.0,86.625,3600,0,False,,
win-Arecibo-Observatory-20230130-123001.npy,20230130,Arecibo-Observatory,12:30:01,12:45:01,200,0.25,15.0,86.625,3600,0,False,,
win-Arecibo-Observatory-20230130-124500.npy,20230130,Arecibo-Observatory,12:45:00,13:00:00,200,0.25,15.0,86.625,3600,1,False,,
win-Arecibo-Observatory-20230130-130001.npy,20230130,Arecibo-Observatory,13:00:01,13:15:01,200,0.25,15.0,86.625,3600,0,False,,
win-Arecibo-Observatory-20230130-131501.npy,20230130,Arecibo-Observatory,13:15:01,13:30:01,200,0.25,15.0,86.625,3600,0,False,,
win-Arecibo-Observatory-20230130-133000.npy,20230130,Arecibo-Observatory,13:30:00,13:45:00,200,0.25,15.0,86.625,3600,0,False,,
win-Arecibo-Observatory-20230130-134501.npy,20230130,Arecibo-Observatory,13:45:01,14:00:01,200,0.25,15.0,86.625,3600,1,False,,
win-Arecibo-Observatory-20230130-140001.npy,20230130,Arecibo-Observatory,14:00:01,14:15:01,200,0.25,15.0,86.625,3600,0,False,,
win-Arecibo-Observatory-20230130-141501.npy,20230130,Arecibo-Observatory,14:15:01,14:30:01,200,0.25,15.0,86.625,3600,1,False,,
win-Arecibo-Observatory-20230130-143001.npy,20230130,Arecibo-Observatory,14:30:01,14:45:01,200,0.25,15.0,86.625,3600,0,False,,
win-Arecibo-Observatory-20230130-144501.npy,20230130,Arecibo-Observatory,14:45:01,15:00:01,200,0.25,15.0,86.625,3600,0,False,,
win-Arecibo-Observatory-20230130-171500.npy,20230130,Arecibo-Observatory,17:15:00,17:30:00,200,0.25,15.0,86.625,3600,0,False,,
win-Arecibo-Observatory-20230130-173000.npy,20230130,Arecibo-Observatory,17:30:00,17:45:00,200,0.25,15.0,86.625,3600,0,False,,
win-Arecibo-Observatory-20230130-174500.npy,20230130,Arecibo-Observatory,17:45:00,18:00:00,200,0.25,15.0,86.625,3600,1,False,,
win-Arecibo-Observatory-20230130-180000.npy,20230130,Arecibo-Observatory,18:00:00,18:15:00,200,0.25,15.0,86.625,3600,0,False,,
win-Arecibo-Observatory-20230130-181500.npy,20230130,Arecibo-Observatory,18:15:00,18:30:00,200,0.25,15.0,86.625,3600,0,False,,
win-Arecibo-Observatory-20230131-163000.npy,20230131,Arecibo-Observatory,16:30:00,16:45:00,200,0.25,15.0,86.625,3600,0,False,,
win-Arecibo-Observatory-20230131-164459.npy,20230131,Arecibo-Observatory,16:44:59,16:59:59,200,0.25,15.0,86.625,3600,0,False,,
win-Arecibo-Observatory-20230131-165959.npy,20230131,Arecibo-Observatory,16:59:59,17:14:59,200,0.25,15.0,86.625,3600,1,False,,
win-Arecibo-Observatory-20230131-171459.npy,20230131,Arecibo-Observatory,17:14:59,17:29:59,200,0.25,15.0,86.625,3600,0,False,,
win-Arecibo-Observatory-20230131-172959.npy,20230131,Arecibo-Observatory,17:29:59,17:44:59,200,0.25,15.0,86.625,3600,0,False,,
win-Arecibo-Observatory-20230202-154501.npy,20230202,Arecibo-Observatory,15:45:01,16:00:01,200,0.25,15.0,86.625,3600,0,False,,
win-Arecibo-Observatory-20230202-160001.npy,20230202,Arecibo-Observatory,16:00:01,16:15:01,200,0.25,15.0,86.625,3600,0,False,,
win-Arecibo-Observatory-20230202-161501.npy,20230202,Arecibo-Observatory,16:15:01,16:29:57,200,0.25,15.0,86.625,3587,1,False,,
win-Arecibo-Observatory-20230202-163000.npy,20230202,Arecibo-Observatory,16:30:00,16:45:00,200,0.25,15.0,86.625,3600,0,False,,
win-Arecibo-Observatory-20230202-164459.npy,20230202,Arecibo-Observatory,16:44:59,16:59:59,200,0.25,15.0,86.625,3600,0,False,,
win-Arecibo-Observatory-20230203-120000.npy,20230203,Arecibo-Observatory,12:00:00,12:15:00,200,0.25,15.0,86.625,3600,0,False,,
win-Arecibo-Observatory-20230203-121500.npy,20230203,Arecibo-Observatory,12:15:00,12:30:00,200,0.25,15.0,86.625,3600,0,False,,
win-Arecibo-Observatory-20230203-123000.npy,20230203,Arecibo-Observatory,12:30:00,12:45:00,200,0.25,15.0,86.625,3600,1,False,,
win-Arecibo-Observatory-20230203-124500.npy,20230203,Arecibo-Observatory,12:45:00,13:00:00,200,0.25,15.0,86.625,3600,0,False,,
win-Arecibo-Observatory-20230203-130001.npy,20230203,Arecibo-Observatory,13:00:01,13:15:01,200,0.25,15.0,86.625,3600,0,False,,
win-Arecibo-Observatory-20230203-140001.npy,20230203,Arecibo-Observatory,14:00:01,14:15:01,200,0.25,15.0,86.625,3600,0,False,,
win-Arecibo-Observatory-20230203-141501.npy,20230203,Arecibo-Observatory,14:15:01,14:30:01,200,0.25,15.0,86.625,3600,0,False,,
win-Arecibo-Observatory-20230203-143001.npy,20230203,Arecibo-Observatory,14:30:01,14:45:01,200,0.25,15.0,86.625,3600,1,False,,V?
win-Arecibo-Observatory-20230203-144501.npy,20230203,Arecibo-Observatory,14:45:01,15:00:01,200,0.25,15.0,86.625,3600,1,False,,V?
win-Arecibo-Observatory-20230203-150001.npy,20230203,Arecibo-Observatory,15:00:01,15:15:01,200,0.25,15.0,86.625,3600,0,True,offclass_event_in_negative_window,V?
win-Arecibo-Observatory-20230203-151501.npy,20230203,Arecibo-Observatory,15:15:01,15:30:01,200,0.25,15.0,86.625,3600,0,True,offclass_event_in_negative_window,V?
win-Arecibo-Observatory-20230203-153001.npy,20230203,Arecibo-Observatory,15:30:01,15:45:01,200,0.25,15.0,86.625,3600,1,False,,V?
win-Arecibo-Observatory-20230203-154501.npy,20230203,Arecibo-Observatory,15:45:01,16:00:01,200,0.25,15.0,86.625,3600,0,False,,
win-Arecibo-Observatory-20230203-160001.npy,20230203,Arecibo-Observatory,16:00:01,16:15:01,200,0.25,15.0,86.625,3600,1,False,,
win-Arecibo-Observatory-20230203-161501.npy,20230203,Arecibo-Observatory,16:15:01,16:29:57,200,0.25,15.0,86.625,3587,0,False,,
win-Arecibo-Observatory-20230203-163000.npy,20230203,Arecibo-Observatory,16:30:00,16:45:00,200,0.25,15.0,86.625,3600,0,False,,
win-Arecibo-Observatory-20230203-170000.npy,20230203,Arecibo-Observatory,17:00:00,17:15:00,200,0.25,15.0,86.625,3600,0,False,,
win-Arecibo-Observatory-20230203-171500.npy,20230203,Arecibo-Observatory,17:15:00,17:30:00,200,0.25,15.0,86.625,3600,0,False,,
win-Arecibo-Observatory-20230203-173000.npy,20230203,Arecibo-Observatory,17:30:00,17:45:00,200,0.25,15.0,86.625,3600,1,False,,
win-Arecibo-Observatory-20230203-174500.npy,20230203,Arecibo-Observatory,17:45:00,18:00:00,200,0.25,15.0,86.625,3600,0,False,,
win-Arecibo-Observatory-20230203-180000.npy,20230203,Arecibo-Observatory,18:00:00,18:15:00,200,0.25,15.0,86.625,3600,0,False,,
win-Arecibo-Observatory-20230203-181500.npy,20230203,Arecibo-Observatory,18:15:00,18:30:00,200,0.25,15.0,86.625,3600,0,False,,
win-Arecibo-Observatory-20230203-183000.npy,20230203,Arecibo-Observatory,18:30:00,18:45:00,200,0.25,15.0,86.625,3600,1,False,,
win-Arecibo-Observatory-20230203-184500.npy,20230203,Arecibo-Observatory,18:45:00,19:00:00,200,0.25,15.0,86.625,3600,0,False,,
win-Arecibo-Observatory-20230203-190000.npy,20230203,Arecibo-Observatory,19:00:00,19:15:00,200,0.25,15.0,86.625,3600,0,False,,
win-Arecibo-Observatory-20230204-124500.npy,20230204,Arecibo-Observatory,12:45:00,13:00:00,200,0.25,15.0,86.625,3600,0,False,,
win-Arecibo-Observatory-20230204-130001.npy,20230204,Arecibo-Observatory,13:00:01,13:15:01,200,0.25,15.0,86.625,3600,0,False,,
win-Arecibo-Observatory-20230204-131500.npy,20230204,Arecibo-Observatory,13:15:00,13:30:00,200,0.25,15.0,86.625,3600,1,False,,
win-Arecibo-Observatory-20230204-133000.npy,20230204,Arecibo-Observatory,13:30:00,13:45:00,200,0.25,15.0,86.625,3600,0,False,,
win-Arecibo-Observatory-20230204-134500.npy,20230204,Arecibo-Observatory,13:45:00,14:00:00,200,0.25,15.0,86.625,3600,0,False,,
win-Arecibo-Observatory-20230204-141501.npy,20230204,Arecibo-Observatory,14:15:01,14:30:01,200,0.25,15.0,86.625,3600,0,False,,
win-Arecibo-Observatory-20230204-143001.npy,20230204,Arecibo-Observatory,14:30:01,14:45:01,200,0.25,15.0,86.625,3600,0,False,,
win-Arecibo-Observatory-20230204-144501.npy,20230204,Arecibo-Observatory,14:45:01,15:00:01,200,0.25,15.0,86.625,3600,0,True,only_edge_sliver_of_an_event,
win-Arecibo-Observatory-20230204-150001.npy,20230204,Arecibo-Observatory,15:00:01,15:15:01,200,0.25,15.0,86.625,3600,1,False,,
win-Arecibo-Observatory-20230204-151501.npy,20230204,Arecibo-Observatory,15:15:01,15:30:01,200,0.25,15.0,86.625,3600,0,False,,
win-Arecibo-Observatory-20230204-153001.npy,20230204,Arecibo-Observatory,15:30:01,15:45:01,200,0.25,15.0,86.625,3600,0,False,,
win-Arecibo-Observatory-20230204-160001.npy,20230204,Arecibo-Observatory,16:00:01,16:15:01,200,0.25,15.0,86.625,3600,0,False,,
win-Arecibo-Observatory-20230204-161501.npy,20230204,Arecibo-Observatory,16:15:01,16:29:57,200,0.25,15.0,86.625,3586,0,False,,
win-Arecibo-Observatory-20230204-163000.npy,20230204,Arecibo-Observatory,16:30:00,16:45:00,200,0.25,15.0,86.625,3600,1,False,,
win-Arecibo-Observatory-20230204-164459.npy,20230204,Arecibo-Observatory,16:44:59,16:59:59,200,0.25,15.0,86.625,3600,0,False,,
win-Arecibo-Observatory-20230204-165959.npy,20230204,Arecibo-Observatory,16:59:59,17:14:59,200,0.25,15.0,86.625,3600,0,False,,
win-Arecibo-Observatory-20230204-171459.npy,20230204,Arecibo-Observatory,17:14:59,17:29:59,200,0.25,15.0,86.625,3600,0,False,,
win-Arecibo-Observatory-20230204-172959.npy,20230204,Arecibo-Observatory,17:29:59,17:44:59,200,0.25,15.0,86.625,3600,0,False,,
win-Arecibo-Observatory-20230204-174459.npy,20230204,Arecibo-Observatory,17:44:59,17:59:59,200,0.25,15.0,86.625,3600,1,False,,
win-Arecibo-Observatory-20230204-175959.npy,20230204,Arecibo-Observatory,17:59:59,18:14:59,200,0.25,15.0,86.625,3600,0,False,,
win-Arecibo-Observatory-20230204-181459.npy,20230204,Arecibo-Observatory,18:14:59,18:29:59,200,0.25,15.0,86.625,3600,0,False,,
win-Arecibo-Observatory-20230205-123001.npy,20230205,Arecibo-Observatory,12:30:01,12:45:01,200,0.25,15.0,86.625,3600,0,False,,
win-Arecibo-Observatory-20230205-124501.npy,20230205,Arecibo-Observatory,12:45:01,13:00:01,200,0.25,15.0,86.625,3600,0,False,,
win-Arecibo-Observatory-20230205-130000.npy,20230205,Arecibo-Observatory,13:00:00,13:15:00,200,0.25,15.0,86.625,3600,1,False,,
win-Arecibo-Observatory-20230205-131500.npy,20230205,Arecibo-Observatory,13:15:00,13:30:00,200,0.25,15.0,86.625,3600,0,False,,
win-Arecibo-Observatory-20230205-133001.npy,20230205,Arecibo-Observatory,13:30:01,13:45:01,200,0.25,15.0,86.625,3600,0,False,,
win-Arecibo-Observatory-20230205-140001.npy,20230205,Arecibo-Observatory,14:00:01,14:15:01,200,0.25,15.0,86.625,3600,0,False,,
win-Arecibo-Observatory-20230205-141501.npy,20230205,Arecibo-Observatory,14:15:01,14:30:01,200,0.25,15.0,86.625,3600,0,False,,
win-Arecibo-Observatory-20230205-143001.npy,20230205,Arecibo-Observatory,14:30:01,14:45:01,200,0.25,15.0,86.625,3600,1,False,,
win-Arecibo-Observatory-20230205-144501.npy,20230205,Arecibo-Observatory,14:45:01,15:00:01,200,0.25,15.0,86.625,3600,0,False,,
win-Arecibo-Observatory-20230205-150001.npy,20230205,Arecibo-Observatory,15:00:01,15:15:01,200,0.25,15.0,86.625,3600,0,False,,
win-Arecibo-Observatory-20230205-171500.npy,20230205,Arecibo-Observatory,17:15:00,17:30:00,200,0.25,15.0,86.625,3600,0,False,,
win-Arecibo-Observatory-20230205-173000.npy,20230205,Arecibo-Observatory,17:30:00,17:45:00,200,0.25,15.0,86.625,3600,0,False,,
win-Arecibo-Observatory-20230205-174500.npy,20230205,Arecibo-Observatory,17:45:00,18:00:00,200,0.25,15.0,86.625,3600,1,False,,
win-Arecibo-Observatory-20230205-180000.npy,20230205,Arecibo-Observatory,18:00:00,18:15:00,200,0.25,15.0,86.625,3600,0,False,,
win-Arecibo-Observatory-20230205-181500.npy,20230205,Arecibo-Observatory,18:15:00,18:30:00,200,0.25,15.0,86.625,3600,0,False,,
win-Arecibo-Observatory-20230206-141501.npy,20230206,Arecibo-Observatory,14:15:01,14:30:01,200,0.25,15.0,86.625,3600,0,False,,
win-Arecibo-Observatory-20230206-143001.npy,20230206,Arecibo-Observatory,14:30:01,14:45:01,200,0.25,15.0,86.625,3600,0,False,,
win-Arecibo-Observatory-20230206-144501.npy,20230206,Arecibo-Observatory,14:45:01,15:00:01,200,0.25,15.0,86.625,3600,1,False,,
win-Arecibo-Observatory-20230206-150001.npy,20230206,Arecibo-Observatory,15:00:01,15:15:01,200,0.25,15.0,86.625,3600,0,False,,
win-Arecibo-Observatory-20230206-151501.npy,20230206,Arecibo-Observatory,15:15:01,15:30:01,200,0.25,15.0,86.625,3600,0,False,,
win-Arecibo-Observatory-20230207-133001.npy,20230207,Arecibo-Observatory,13:30:01,13:45:01,200,0.25,15.0,86.625,3600,0,False,,
win-Arecibo-Observatory-20230207-134501.npy,20230207,Arecibo-Observatory,13:45:01,14:00:01,200,0.25,15.0,86.625,3600,0,False,,
win-Arecibo-Observatory-20230207-140001.npy,20230207,Arecibo-Observatory,14:00:01,14:15:01,200,0.25,15.0,86.625,3600,1,False,,
win-Arecibo-Observatory-20230207-141501.npy,20230207,Arecibo-Observatory,14:15:01,14:30:01,200,0.25,15.0,86.625,3600,0,False,,
win-Arecibo-Observatory-20230207-143001.npy,20230207,Arecibo-Observatory,14:30:01,14:45:01,200,0.25,15.0,86.625,3600,0,False,,
win-Arecibo-Observatory-20230207-144501.npy,20230207,Arecibo-Observatory,14:45:01,15:00:01,200,0.25,15.0,86.625,3600,1,False,,
win-Arecibo-Observatory-20230207-150001.npy,20230207,Arecibo-Observatory,15:00:01,15:15:01,200,0.25,15.0,86.625,3600,1,False,,
win-Arecibo-Observatory-20230207-151501.npy,20230207,Arecibo-Observatory,15:15:01,15:30:01,200,0.25,15.0,86.625,3600,0,False,,
win-Arecibo-Observatory-20230207-153001.npy,20230207,Arecibo-Observatory,15:30:01,15:45:01,200,0.25,15.0,86.625,3600,0,False,,
win-Arecibo-Observatory-20230207-154501.npy,20230207,Arecibo-Observatory,15:45:01,16:00:01,200,0.25,15.0,86.625,3600,0,False,,
win-Arecibo-Observatory-20230207-160001.npy,20230207,Arecibo-Observatory,16:00:01,16:15:01,200,0.25,15.0,86.625,3600,0,False,,
win-Arecibo-Observatory-20230207-161501.npy,20230207,Arecibo-Observatory,16:15:01,16:29:57,200,0.25,15.0,86.625,3587,1,False,,
win-Arecibo-Observatory-20230207-163000.npy,20230207,Arecibo-Observatory,16:30:00,16:45:00,200,0.25,15.0,86.625,3600,0,False,,
win-Arecibo-Observatory-20230207-164500.npy,20230207,Arecibo-Observatory,16:45:00,17:00:00,200,0.25,15.0,86.625,3600,0,False,,
win-Arecibo-Observatory-20230207-170000.npy,20230207,Arecibo-Observatory,17:00:00,17:15:00,200,0.25,15.0,86.625,3600,0,False,,
win-Arecibo-Observatory-20230207-171500.npy,20230207,Arecibo-Observatory,17:15:00,17:30:00,200,0.25,15.0,86.625,3600,1,False,,
win-Arecibo-Observatory-20230207-173000.npy,20230207,Arecibo-Observatory,17:30:00,17:45:00,200,0.25,15.0,86.625,3600,0,False,,
win-Arecibo-Observatory-20230207-174500.npy,20230207,Arecibo-Observatory,17:45:00,18:00:00,200,0.25,15.0,86.625,3600,0,False,,
win-Arecibo-Observatory-20230207-180000.npy,20230207,Arecibo-Observatory,18:00:00,18:15:00,200,0.25,15.0,86.625,3600,1,False,,
win-Arecibo-Observatory-20230207-181500.npy,20230207,Arecibo-Observatory,18:15:00,18:30:00,200,0.25,15.0,86.625,3600,0,False,,
win-Arecibo-Observatory-20230207-183001.npy,20230207,Arecibo-Observatory,18:30:01,18:45:01,200,0.25,15.0,86.625,3600,0,False,,
win-Arecibo-Observatory-20230208-154501.npy,20230208,Arecibo-Observatory,15:45:01,16:00:01,200,0.25,15.0,86.625,3600,0,True,offclass_event_in_negative_window,VI
win-Arecibo-Observatory-20230208-160001.npy,20230208,Arecibo-Observatory,16:00:01,16:15:01,200,0.25,15.0,86.625,3600,0,True,offclass_event_in_negative_window,VI
win-Arecibo-Observatory-20230208-161501.npy,20230208,Arecibo-Observatory,16:15:01,16:29:57,200,0.25,15.0,86.625,3586,1,False,,
win-Arecibo-Observatory-20230208-163000.npy,20230208,Arecibo-Observatory,16:30:00,16:45:00,200,0.25,15.0,86.625,3600,0,False,,
win-Arecibo-Observatory-20230208-164459.npy,20230208,Arecibo-Observatory,16:44:59,16:59:59,200,0.25,15.0,86.625,3600,0,False,,
win-Arecibo-Observatory-20230209-114500.npy,20230209,Arecibo-Observatory,11:45:00,12:00:00,200,0.25,15.0,86.625,3600,0,False,,
win-Arecibo-Observatory-20230209-120000.npy,20230209,Arecibo-Observatory,12:00:00,12:15:00,200,0.25,15.0,86.625,3600,0,False,,
win-Arecibo-Observatory-20230209-121501.npy,20230209,Arecibo-Observatory,12:15:01,12:30:01,200,0.25,15.0,86.625,3600,1,False,,
win-Arecibo-Observatory-20230209-123001.npy,20230209,Arecibo-Observatory,12:30:01,12:45:01,200,0.25,15.0,86.625,3600,0,False,,
win-Arecibo-Observatory-20230209-124501.npy,20230209,Arecibo-Observatory,12:45:01,13:00:01,200,0.25,15.0,86.625,3600,0,False,,
win-Arecibo-Observatory-20230209-130001.npy,20230209,Arecibo-Observatory,13:00:01,13:15:01,200,0.25,15.0,86.625,3600,0,False,,
win-Arecibo-Observatory-20230209-131501.npy,20230209,Arecibo-Observatory,13:15:01,13:30:01,200,0.25,15.0,86.625,3600,1,False,,
win-Arecibo-Observatory-20230209-133001.npy,20230209,Arecibo-Observatory,13:30:01,13:45:01,200,0.25,15.0,86.625,3600,1,False,,
win-Arecibo-Observatory-20230209-134501.npy,20230209,Arecibo-Observatory,13:45:01,14:00:01,200,0.25,15.0,86.625,3600,0,False,,
win-Arecibo-Observatory-20230209-140001.npy,20230209,Arecibo-Observatory,14:00:01,14:15:01,200,0.25,15.0,86.625,3600,0,False,,
win-Arecibo-Observatory-20230209-141501.npy,20230209,Arecibo-Observatory,14:15:01,14:30:01,200,0.25,15.0,86.625,3600,0,False,,
win-Arecibo-Observatory-20230209-143001.npy,20230209,Arecibo-Observatory,14:30:01,14:45:01,200,0.25,15.0,86.625,3600,0,False,,
win-Arecibo-Observatory-20230209-144501.npy,20230209,Arecibo-Observatory,14:45:01,15:00:01,200,0.25,15.0,86.625,3600,1,False,,
win-Arecibo-Observatory-20230209-150001.npy,20230209,Arecibo-Observatory,15:00:01,15:15:01,200,0.25,15.0,86.625,3600,2,False,,
win-Arecibo-Observatory-20230209-151501.npy,20230209,Arecibo-Observatory,15:15:01,15:30:01,200,0.25,15.0,86.625,3600,0,False,,
win-Arecibo-Observatory-20230209-153001.npy,20230209,Arecibo-Observatory,15:30:01,15:45:01,200,0.25,15.0,86.625,3600,0,False,,
win-Arecibo-Observatory-20230209-184500.npy,20230209,Arecibo-Observatory,18:45:00,19:00:00,200,0.25,15.0,86.625,3600,0,False,,
win-Arecibo-Observatory-20230209-190000.npy,20230209,Arecibo-Observatory,19:00:00,19:15:00,200,0.25,15.0,86.625,3600,0,False,,
win-Arecibo-Observatory-20230209-191500.npy,20230209,Arecibo-Observatory,19:15:00,19:30:00,200,0.25,15.0,86.625,3600,1,False,,
win-Arecibo-Observatory-20230209-193000.npy,20230209,Arecibo-Observatory,19:30:00,19:45:00,200,0.25,15.0,86.625,3600,0,False,,
win-Arecibo-Observatory-20230209-194500.npy,20230209,Arecibo-Observatory,19:45:00,20:00:00,200,0.25,15.0,86.625,3600,0,False,,
win-Arecibo-Observatory-20230210-143001.npy,20230210,Arecibo-Observatory,14:30:01,14:45:01,200,0.25,15.0,86.625,3600,0,False,,
win-Arecibo-Observatory-20230210-144501.npy,20230210,Arecibo-Observatory,14:45:01,15:00:01,200,0.25,15.0,86.625,3600,0,False,,
win-Arecibo-Observatory-20230210-150001.npy,20230210,Arecibo-Observatory,15:00:01,15:15:01,200,0.25,15.0,86.625,3600,1,False,,
win-Arecibo-Observatory-20230210-151501.npy,20230210,Arecibo-Observatory,15:15:01,15:30:01,200,0.25,15.0,86.625,3600,0,False,,
win-Arecibo-Observatory-20230210-153001.npy,20230210,Arecibo-Observatory,15:30:01,15:45:01,200,0.25,15.0,86.625,3600,0,False,,
win-Arecibo-Observatory-20230210-164459.npy,20230210,Arecibo-Observatory,16:44:59,16:59:59,200,0.25,15.0,86.625,3600,0,False,,
win-Arecibo-Observatory-20230210-165959.npy,20230210,Arecibo-Observatory,16:59:59,17:14:59,200,0.25,15.0,86.625,3600,0,False,,
win-Arecibo-Observatory-20230210-171459.npy,20230210,Arecibo-Observatory,17:14:59,17:29:59,200,0.25,15.0,86.625,3600,1,False,,
win-Arecibo-Observatory-20230210-172959.npy,20230210,Arecibo-Observatory,17:29:59,17:44:59,200,0.25,15.0,86.625,3600,0,False,,
win-Arecibo-Observatory-20230210-174459.npy,20230210,Arecibo-Observatory,17:44:59,17:59:59,200,0.25,15.0,86.625,3600,0,True,offclass_event_in_negative_window,III/R
win-Arecibo-Observatory-20230210-175959.npy,20230210,Arecibo-Observatory,17:59:59,18:14:59,200,0.25,15.0,86.625,3600,1,False,,
win-Arecibo-Observatory-20230210-181459.npy,20230210,Arecibo-Observatory,18:14:59,18:29:59,200,0.25,15.0,86.625,3600,0,False,,
win-Arecibo-Observatory-20230210-182959.npy,20230210,Arecibo-Observatory,18:29:59,18:44:59,200,0.25,15.0,86.625,3600,0,False,,
win-Arecibo-Observatory-20230210-194459.npy,20230210,Arecibo-Observatory,19:44:59,19:59:59,200,0.25,15.0,86.625,3600,0,False,,
win-Arecibo-Observatory-20230210-195959.npy,20230210,Arecibo-Observatory,19:59:59,20:14:59,200,0.25,15.0,86.625,3600,0,False,,
win-Arecibo-Observatory-20230210-201459.npy,20230210,Arecibo-Observatory,20:14:59,20:29:59,200,0.25,15.0,86.625,3600,1,False,,
win-Arecibo-Observatory-20230210-202959.npy,20230210,Arecibo-Observatory,20:29:59,20:44:59,200,0.25,15.0,86.625,3600,0,False,,
win-Arecibo-Observatory-20230210-204459.npy,20230210,Arecibo-Observatory,20:44:59,20:59:59,200,0.25,15.0,86.625,3600,0,False,,
win-Arecibo-Observatory-20230211-134510.npy,20230211,Arecibo-Observatory,13:45:10,14:00:10,200,0.25,15.0,86.625,3600,0,False,,
win-Arecibo-Observatory-20230211-140010.npy,20230211,Arecibo-Observatory,14:00:10,14:15:10,200,0.25,15.0,86.625,3600,0,False,,
win-Arecibo-Observatory-20230211-141510.npy,20230211,Arecibo-Observatory,14:15:10,14:30:10,200,0.25,15.0,86.625,3600,1,False,,
win-Arecibo-Observatory-20230211-143010.npy,20230211,Arecibo-Observatory,14:30:10,14:45:10,200,0.25,15.0,86.625,3600,0,False,,
win-Arecibo-Observatory-20230211-144510.npy,20230211,Arecibo-Observatory,14:45:10,15:00:10,200,0.25,15.0,86.625,3600,1,False,,
win-Arecibo-Observatory-20230211-150010.npy,20230211,Arecibo-Observatory,15:00:10,15:15:10,200,0.25,15.0,86.625,3600,0,False,,
win-Arecibo-Observatory-20230211-151510.npy,20230211,Arecibo-Observatory,15:15:10,15:30:10,200,0.25,15.0,86.625,3600,0,False,,
win-Arecibo-Observatory-20230211-163000.npy,20230211,Arecibo-Observatory,16:30:00,16:45:00,200,0.25,15.0,86.625,3600,0,False,,
win-Arecibo-Observatory-20230211-164500.npy,20230211,Arecibo-Observatory,16:45:00,17:00:00,200,0.25,15.0,86.625,3600,0,False,,
win-Arecibo-Observatory-20230211-170000.npy,20230211,Arecibo-Observatory,17:00:00,17:15:00,200,0.25,15.0,86.625,3600,1,False,,
win-Arecibo-Observatory-20230211-171500.npy,20230211,Arecibo-Observatory,17:15:00,17:30:00,200,0.25,15.0,86.625,3600,1,False,,
win-Arecibo-Observatory-20230211-173000.npy,20230211,Arecibo-Observatory,17:30:00,17:45:00,200,0.25,15.0,86.625,3600,0,False,,
win-Arecibo-Observatory-20230211-174500.npy,20230211,Arecibo-Observatory,17:45:00,18:00:00,200,0.25,15.0,86.625,3600,0,False,,
win-Arecibo-Observatory-20230211-193000.npy,20230211,Arecibo-Observatory,19:30:00,19:45:00,200,0.25,15.0,86.625,3600,0,False,,
win-Arecibo-Observatory-20230211-194500.npy,20230211,Arecibo-Observatory,19:45:00,20:00:00,200,0.25,15.0,86.625,3600,0,False,,
win-Arecibo-Observatory-20230211-200001.npy,20230211,Arecibo-Observatory,20:00:01,20:15:01,200,0.25,15.0,86.625,3600,1,False,,
win-Arecibo-Observatory-20230211-201500.npy,20230211,Arecibo-Observatory,20:15:00,20:30:00,200,0.25,15.0,86.625,3600,0,False,,
win-Arecibo-Observatory-20230211-203000.npy,20230211,Arecibo-Observatory,20:30:00,20:45:00,200,0.25,15.0,86.625,3600,0,False,,
win-Arecibo-Observatory-20230212-145626.npy,20230212,Arecibo-Observatory,14:56:26,15:11:26,200,0.25,15.0,86.625,3600,0,False,,
win-Arecibo-Observatory-20230212-151126.npy,20230212,Arecibo-Observatory,15:11:26,15:26:26,200,0.25,15.0,86.625,3600,0,False,,
win-Arecibo-Observatory-20230212-152626.npy,20230212,Arecibo-Observatory,15:26:26,15:41:26,200,0.25,15.0,86.625,3600,1,False,,
win-Arecibo-Observatory-20230212-154126.npy,20230212,Arecibo-Observatory,15:41:26,15:56:26,200,0.25,15.0,86.625,3600,0,False,,
win-Arecibo-Observatory-20230212-155626.npy,20230212,Arecibo-Observatory,15:56:26,16:11:26,200,0.25,15.0,86.625,3600,0,False,,
win-Arecibo-Observatory-20230212-170000.npy,20230212,Arecibo-Observatory,17:00:00,17:15:00,200,0.25,15.0,86.625,3600,0,False,,
win-Arecibo-Observatory-20230212-171500.npy,20230212,Arecibo-Observatory,17:15:00,17:30:00,200,0.25,15.0,86.625,3600,0,False,,
win-Arecibo-Observatory-20230212-173000.npy,20230212,Arecibo-Observatory,17:30:00,17:45:00,200,0.25,15.0,86.625,3600,0,False,,
win-Arecibo-Observatory-20230212-174500.npy,20230212,Arecibo-Observatory,17:45:00,18:00:00,200,0.25,15.0,86.625,3600,1,False,,
win-Arecibo-Observatory-20230212-180000.npy,20230212,Arecibo-Observatory,18:00:00,18:15:00,200,0.25,15.0,86.625,3600,0,False,,
win-Arecibo-Observatory-20230212-181500.npy,20230212,Arecibo-Observatory,18:15:00,18:30:00,200,0.25,15.0,86.625,3600,0,False,,
win-Arecibo-Observatory-20230212-183000.npy,20230212,Arecibo-Observatory,18:30:00,18:45:00,200,0.25,15.0,86.625,3600,1,False,,
win-Arecibo-Observatory-20230212-184500.npy,20230212,Arecibo-Observatory,18:45:00,19:00:00,200,0.25,15.0,86.625,3600,0,False,,
win-Arecibo-Observatory-20230212-190000.npy,20230212,Arecibo-Observatory,19:00:00,19:15:00,200,0.25,15.0,86.625,3600,0,False,,
win-Arecibo-Observatory-20230213-120001.npy,20230213,Arecibo-Observatory,12:00:01,12:15:01,200,0.25,15.0,86.625,3600,0,False,,
win-Arecibo-Observatory-20230213-121501.npy,20230213,Arecibo-Observatory,12:15:01,12:30:01,200,0.25,15.0,86.625,3600,0,False,,
win-Arecibo-Observatory-20230213-123001.npy,20230213,Arecibo-Observatory,12:30:01,12:45:01,200,0.25,15.0,86.625,3600,1,False,,
win-Arecibo-Observatory-20230213-124501.npy,20230213,Arecibo-Observatory,12:45:01,13:00:01,200,0.25,15.0,86.625,3600,0,False,,
win-Arecibo-Observatory-20230213-130001.npy,20230213,Arecibo-Observatory,13:00:01,13:15:01,200,0.25,15.0,86.625,3600,0,False,,
win-Arecibo-Observatory-20230213-144501.npy,20230213,Arecibo-Observatory,14:45:01,15:00:01,200,0.25,15.0,86.625,3600,0,False,,
win-Arecibo-Observatory-20230213-150001.npy,20230213,Arecibo-Observatory,15:00:01,15:15:01,200,0.25,15.0,86.625,3600,0,False,,
win-Arecibo-Observatory-20230213-151501.npy,20230213,Arecibo-Observatory,15:15:01,15:30:01,200,0.25,15.0,86.625,3600,1,False,,
win-Arecibo-Observatory-20230213-153001.npy,20230213,Arecibo-Observatory,15:30:01,15:45:01,200,0.25,15.0,86.625,3600,0,False,,
win-Arecibo-Observatory-20230213-154501.npy,20230213,Arecibo-Observatory,15:45:01,16:00:01,200,0.25,15.0,86.625,3600,0,False,,
win-Arecibo-Observatory-20230213-171500.npy,20230213,Arecibo-Observatory,17:15:00,17:30:00,200,0.25,15.0,86.625,3600,0,False,,
win-Arecibo-Observatory-20230213-173000.npy,20230213,Arecibo-Observatory,17:30:00,17:45:00,200,0.25,15.0,86.625,3600,0,False,,
win-Arecibo-Observatory-20230213-174500.npy,20230213,Arecibo-Observatory,17:45:00,18:00:00,200,0.25,15.0,86.625,3600,1,False,,
win-Arecibo-Observatory-20230213-180000.npy,20230213,Arecibo-Observatory,18:00:00,18:15:00,200,0.25,15.0,86.625,3600,0,False,,
win-Arecibo-Observatory-20230213-181500.npy,20230213,Arecibo-Observatory,18:15:00,18:30:00,200,0.25,15.0,86.625,3600,0,False,,
win-Arecibo-Observatory-20230214-163000.npy,20230214,Arecibo-Observatory,16:30:00,16:45:00,200,0.25,15.0,86.625,3600,0,False,,
win-Arecibo-Observatory-20230214-164500.npy,20230214,Arecibo-Observatory,16:45:00,17:00:00,200,0.25,15.0,86.625,3600,0,False,,
win-Arecibo-Observatory-20230214-170000.npy,20230214,Arecibo-Observatory,17:00:00,17:15:00,200,0.25,15.0,86.625,3600,1,False,,
win-Arecibo-Observatory-20230214-171500.npy,20230214,Arecibo-Observatory,17:15:00,17:30:00,200,0.25,15.0,86.625,3600,0,False,,
win-Arecibo-Observatory-20230214-173000.npy,20230214,Arecibo-Observatory,17:30:00,17:45:00,200,0.25,15.0,86.625,3600,0,False,,
win-Arecibo-Observatory-20230215-134501.npy,20230215,Arecibo-Observatory,13:45:01,14:00:01,200,0.25,15.0,86.625,3600,0,False,,
win-Arecibo-Observatory-20230215-140001.npy,20230215,Arecibo-Observatory,14:00:01,14:15:01,200,0.25,15.0,86.625,3600,0,False,,
win-Arecibo-Observatory-20230215-141501.npy,20230215,Arecibo-Observatory,14:15:01,14:30:01,200,0.25,15.0,86.625,3600,1,False,,
win-Arecibo-Observatory-20230215-143001.npy,20230215,Arecibo-Observatory,14:30:01,14:45:01,200,0.25,15.0,86.625,3600,0,False,,
win-Arecibo-Observatory-20230215-144501.npy,20230215,Arecibo-Observatory,14:45:01,15:00:01,200,0.25,15.0,86.625,3600,0,False,,
win-Arecibo-Observatory-20230215-150001.npy,20230215,Arecibo-Observatory,15:00:01,15:15:01,200,0.25,15.0,86.625,3600,1,False,,
win-Arecibo-Observatory-20230215-151501.npy,20230215,Arecibo-Observatory,15:15:01,15:30:01,200,0.25,15.0,86.625,3600,0,False,,
win-Arecibo-Observatory-20230215-153001.npy,20230215,Arecibo-Observatory,15:30:01,15:45:01,200,0.25,15.0,86.625,3600,1,False,,
win-Arecibo-Observatory-20230215-154501.npy,20230215,Arecibo-Observatory,15:45:01,16:00:01,200,0.25,15.0,86.625,3600,0,False,,
win-Arecibo-Observatory-20230215-160001.npy,20230215,Arecibo-Observatory,16:00:01,16:15:01,200,0.25,15.0,86.625,3600,0,False,,
win-Arecibo-Observatory-20230215-183000.npy,20230215,Arecibo-Observatory,18:30:00,18:45:00,200,0.25,15.0,86.625,3600,0,False,,
win-Arecibo-Observatory-20230215-184500.npy,20230215,Arecibo-Observatory,18:45:00,19:00:00,200,0.25,15.0,86.625,3600,0,False,,
win-Arecibo-Observatory-20230215-190000.npy,20230215,Arecibo-Observatory,19:00:00,19:15:00,200,0.25,15.0,86.625,3600,1,False,,
win-Arecibo-Observatory-20230215-191500.npy,20230215,Arecibo-Observatory,19:15:00,19:30:00,200,0.25,15.0,86.625,3600,1,False,,
win-Arecibo-Observatory-20230215-193000.npy,20230215,Arecibo-Observatory,19:30:00,19:45:00,200,0.25,15.0,86.625,3600,0,False,,
win-Arecibo-Observatory-20230215-194500.npy,20230215,Arecibo-Observatory,19:45:00,20:00:00,200,0.25,15.0,86.625,3600,0,False,,
win-Arecibo-Observatory-20230216-153611.npy,20230216,Arecibo-Observatory,15:36:11,15:51:11,200,0.25,15.0,86.625,3600,0,False,,
win-Arecibo-Observatory-20230216-155111.npy,20230216,Arecibo-Observatory,15:51:11,16:06:11,200,0.25,15.0,86.625,3600,0,False,,
win-Arecibo-Observatory-20230216-160611.npy,20230216,Arecibo-Observatory,16:06:11,16:21:11,200,0.25,15.0,86.625,3600,1,False,,
win-Arecibo-Observatory-20230216-162111.npy,20230216,Arecibo-Observatory,16:21:11,16:29:57,200,0.25,15.0,86.625,2106,0,False,,
win-Arecibo-Observatory-20230216-163000.npy,20230216,Arecibo-Observatory,16:30:00,16:45:00,200,0.25,15.0,86.625,3600,0,False,,
win-Arecibo-Observatory-20230216-164457.npy,20230216,Arecibo-Observatory,16:44:57,16:59:57,200,0.25,15.0,86.625,3600,1,False,,
win-Arecibo-Observatory-20230216-165957.npy,20230216,Arecibo-Observatory,16:59:57,17:14:57,200,0.25,15.0,86.625,3600,0,False,,
win-Arecibo-Observatory-20230216-171457.npy,20230216,Arecibo-Observatory,17:14:57,17:29:57,200,0.25,15.0,86.625,3600,0,False,,
win-Arecibo-Observatory-20230216-181457.npy,20230216,Arecibo-Observatory,18:14:57,18:29:57,200,0.25,15.0,86.625,3600,0,False,,
win-Arecibo-Observatory-20230216-182957.npy,20230216,Arecibo-Observatory,18:29:57,18:44:57,200,0.25,15.0,86.625,3600,0,False,,
win-Arecibo-Observatory-20230216-184457.npy,20230216,Arecibo-Observatory,18:44:57,18:59:57,200,0.25,15.0,86.625,3600,1,False,,
win-Arecibo-Observatory-20230216-185957.npy,20230216,Arecibo-Observatory,18:59:57,19:14:57,200,0.25,15.0,86.625,3600,0,False,,
win-Arecibo-Observatory-20230216-191457.npy,20230216,Arecibo-Observatory,19:14:57,19:29:57,200,0.25,15.0,86.625,3600,0,False,,
win-Arecibo-Observatory-20230217-130001.npy,20230217,Arecibo-Observatory,13:00:01,13:15:01,200,0.25,15.0,86.625,3600,0,False,,
win-Arecibo-Observatory-20230217-131501.npy,20230217,Arecibo-Observatory,13:15:01,13:30:01,200,0.25,15.0,86.625,3600,0,False,,
win-Arecibo-Observatory-20230217-133001.npy,20230217,Arecibo-Observatory,13:30:01,13:45:01,200,0.25,15.0,86.625,3600,1,False,,
win-Arecibo-Observatory-20230217-134501.npy,20230217,Arecibo-Observatory,13:45:01,14:00:01,200,0.25,15.0,86.625,3600,0,False,,
win-Arecibo-Observatory-20230217-140001.npy,20230217,Arecibo-Observatory,14:00:01,14:15:01,200,0.25,15.0,86.625,3600,0,False,,
win-Arecibo-Observatory-20230217-141501.npy,20230217,Arecibo-Observatory,14:15:01,14:30:01,200,0.25,15.0,86.625,3600,1,False,,
win-Arecibo-Observatory-20230217-143001.npy,20230217,Arecibo-Observatory,14:30:01,14:45:01,200,0.25,15.0,86.625,3600,0,False,,
win-Arecibo-Observatory-20230217-144501.npy,20230217,Arecibo-Observatory,14:45:01,15:00:01,200,0.25,15.0,86.625,3600,0,False,,
win-Arecibo-Observatory-20230217-150001.npy,20230217,Arecibo-Observatory,15:00:01,15:15:01,200,0.25,15.0,86.625,3600,0,True,offclass_event_in_negative_window,VI
win-Arecibo-Observatory-20230217-151501.npy,20230217,Arecibo-Observatory,15:15:01,15:30:01,200,0.25,15.0,86.625,3600,1,False,,VI
win-Arecibo-Observatory-20230217-153001.npy,20230217,Arecibo-Observatory,15:30:01,15:45:01,200,0.25,15.0,86.625,3600,1,False,,
win-Arecibo-Observatory-20230217-154501.npy,20230217,Arecibo-Observatory,15:45:01,16:00:01,200,0.25,15.0,86.625,3600,0,True,offclass_event_in_negative_window,VI
win-Arecibo-Observatory-20230217-160001.npy,20230217,Arecibo-Observatory,16:00:01,16:15:01,200,0.25,15.0,86.625,3600,0,True,offclass_event_in_negative_window,VI
win-Arecibo-Observatory-20230217-191501.npy,20230217,Arecibo-Observatory,19:15:01,19:30:01,200,0.25,15.0,86.625,3600,0,True,offclass_event_in_negative_window,VI
win-Arecibo-Observatory-20230217-193001.npy,20230217,Arecibo-Observatory,19:30:01,19:45:01,200,0.25,15.0,86.625,3600,0,True,offclass_event_in_negative_window,VI
win-Arecibo-Observatory-20230217-194501.npy,20230217,Arecibo-Observatory,19:45:01,20:00:01,200,0.25,15.0,86.625,3600,2,False,,
win-Arecibo-Observatory-20230217-200001.npy,20230217,Arecibo-Observatory,20:00:01,20:15:01,200,0.25,15.0,86.625,3600,1,False,,
win-Arecibo-Observatory-20230217-201501.npy,20230217,Arecibo-Observatory,20:15:01,20:30:01,200,0.25,15.0,86.625,3600,1,False,,
win-Arecibo-Observatory-20230217-203001.npy,20230217,Arecibo-Observatory,20:30:01,20:45:01,200,0.25,15.0,86.625,3600,0,False,,
win-Arecibo-Observatory-20230217-204501.npy,20230217,Arecibo-Observatory,20:45:01,21:00:01,200,0.25,15.0,86.625,3600,0,False,,
win-Arecibo-Observatory-20230217-210001.npy,20230217,Arecibo-Observatory,21:00:01,21:15:01,200,0.25,15.0,86.625,3600,0,False,,
win-Arecibo-Observatory-20230218-160001.npy,20230218,Arecibo-Observatory,16:00:01,16:15:01,200,0.25,15.0,86.625,3600,0,False,,
win-Arecibo-Observatory-20230218-161501.npy,20230218,Arecibo-Observatory,16:15:01,16:29:57,200,0.25,15.0,86.625,3586,0,False,,
win-Arecibo-Observatory-20230218-163000.npy,20230218,Arecibo-Observatory,16:30:00,16:45:00,200,0.25,15.0,86.625,3600,1,False,,
win-Arecibo-Observatory-20230218-164459.npy,20230218,Arecibo-Observatory,16:44:59,16:59:59,200,0.25,15.0,86.625,3600,0,False,,
win-Arecibo-Observatory-20230218-165959.npy,20230218,Arecibo-Observatory,16:59:59,17:14:59,200,0.25,15.0,86.625,3600,0,False,,
win-Arecibo-Observatory-20230218-175959.npy,20230218,Arecibo-Observatory,17:59:59,18:14:59,200,0.25,15.0,86.625,3600,0,False,,
win-Arecibo-Observatory-20230218-181459.npy,20230218,Arecibo-Observatory,18:14:59,18:29:59,200,0.25,15.0,86.625,3600,0,False,,
win-Arecibo-Observatory-20230218-182959.npy,20230218,Arecibo-Observatory,18:29:59,18:44:59,200,0.25,15.0,86.625,3600,1,False,,
win-Arecibo-Observatory-20230218-184459.npy,20230218,Arecibo-Observatory,18:44:59,18:59:59,200,0.25,15.0,86.625,3600,0,False,,
win-Arecibo-Observatory-20230218-185959.npy,20230218,Arecibo-Observatory,18:59:59,19:14:59,200,0.25,15.0,86.625,3600,0,False,,
win-Arecibo-Observatory-20230219-123000.npy,20230219,Arecibo-Observatory,12:30:00,12:45:00,200,0.25,15.0,86.625,3600,0,False,,
win-Arecibo-Observatory-20230219-124501.npy,20230219,Arecibo-Observatory,12:45:01,13:00:01,200,0.25,15.0,86.625,3600,0,False,,
win-Arecibo-Observatory-20230219-130000.npy,20230219,Arecibo-Observatory,13:00:00,13:15:00,200,0.25,15.0,86.625,3600,1,False,,
win-Arecibo-Observatory-20230219-131501.npy,20230219,Arecibo-Observatory,13:15:01,13:30:01,200,0.25,15.0,86.625,3600,0,False,,
win-Arecibo-Observatory-20230219-133001.npy,20230219,Arecibo-Observatory,13:30:01,13:45:01,200,0.25,15.0,86.625,3600,0,False,,
win-Arecibo-Observatory-20230219-134501.npy,20230219,Arecibo-Observatory,13:45:01,14:00:01,200,0.25,15.0,86.625,3600,0,False,,
win-Arecibo-Observatory-20230219-140001.npy,20230219,Arecibo-Observatory,14:00:01,14:15:01,200,0.25,15.0,86.625,3600,0,False,,
win-Arecibo-Observatory-20230219-141501.npy,20230219,Arecibo-Observatory,14:15:01,14:30:01,200,0.25,15.0,86.625,3600,1,False,,
win-Arecibo-Observatory-20230219-143001.npy,20230219,Arecibo-Observatory,14:30:01,14:45:01,200,0.25,15.0,86.625,3600,0,False,,
win-Arecibo-Observatory-20230219-144501.npy,20230219,Arecibo-Observatory,14:45:01,15:00:01,200,0.25,15.0,86.625,3600,0,False,,
win-Arecibo-Observatory-20230219-151501.npy,20230219,Arecibo-Observatory,15:15:01,15:30:01,200,0.25,15.0,86.625,3600,0,False,,
win-Arecibo-Observatory-20230219-153001.npy,20230219,Arecibo-Observatory,15:30:01,15:45:01,200,0.25,15.0,86.625,3600,0,False,,
win-Arecibo-Observatory-20230219-154501.npy,20230219,Arecibo-Observatory,15:45:01,16:00:01,200,0.25,15.0,86.625,3600,1,False,,
win-Arecibo-Observatory-20230219-160001.npy,20230219,Arecibo-Observatory,16:00:01,16:15:01,200,0.25,15.0,86.625,3600,0,False,,
win-Arecibo-Observatory-20230219-161501.npy,20230219,Arecibo-Observatory,16:15:01,16:29:57,200,0.25,15.0,86.625,3586,0,False,,
win-Arecibo-Observatory-20230219-163000.npy,20230219,Arecibo-Observatory,16:30:00,16:45:00,200,0.25,15.0,86.625,3600,0,False,,
win-Arecibo-Observatory-20230219-164500.npy,20230219,Arecibo-Observatory,16:45:00,17:00:00,200,0.25,15.0,86.625,3600,1,False,,
win-Arecibo-Observatory-20230219-170000.npy,20230219,Arecibo-Observatory,17:00:00,17:15:00,200,0.25,15.0,86.625,3600,0,False,,
win-Arecibo-Observatory-20230219-171500.npy,20230219,Arecibo-Observatory,17:15:00,17:30:00,200,0.25,15.0,86.625,3600,0,False,,
win-Arecibo-Observatory-20230219-173000.npy,20230219,Arecibo-Observatory,17:30:00,17:45:00,200,0.25,15.0,86.625,3600,1,False,,
win-Arecibo-Observatory-20230219-174500.npy,20230219,Arecibo-Observatory,17:45:00,18:00:00,200,0.25,15.0,86.625,3600,1,False,,
win-Arecibo-Observatory-20230219-180000.npy,20230219,Arecibo-Observatory,18:00:00,18:15:00,200,0.25,15.0,86.625,3600,0,False,,
win-Arecibo-Observatory-20230219-181500.npy,20230219,Arecibo-Observatory,18:15:00,18:30:00,200,0.25,15.0,86.625,3600,0,False,,
win-Arecibo-Observatory-20230219-184500.npy,20230219,Arecibo-Observatory,18:45:00,19:00:00,200,0.25,15.0,86.625,3600,0,False,,
win-Arecibo-Observatory-20230219-190000.npy,20230219,Arecibo-Observatory,19:00:00,19:15:00,200,0.25,15.0,86.625,3600,0,False,,
win-Arecibo-Observatory-20230219-191501.npy,20230219,Arecibo-Observatory,19:15:01,19:30:01,200,0.25,15.0,86.625,3600,1,False,,
win-Arecibo-Observatory-20230219-193001.npy,20230219,Arecibo-Observatory,19:30:01,19:45:01,200,0.25,15.0,86.625,3600,0,False,,
win-Arecibo-Observatory-20230219-194501.npy,20230219,Arecibo-Observatory,19:45:01,20:00:01,200,0.25,15.0,86.625,3600,0,False,,
win-Arecibo-Observatory-20230220-141501.npy,20230220,Arecibo-Observatory,14:15:01,14:30:01,200,0.25,15.0,86.625,3600,0,False,,
win-Arecibo-Observatory-20230220-143001.npy,20230220,Arecibo-Observatory,14:30:01,14:45:01,200,0.25,15.0,86.625,3600,0,False,,
win-Arecibo-Observatory-20230220-144501.npy,20230220,Arecibo-Observatory,14:45:01,15:00:01,200,0.25,15.0,86.625,3600,1,False,,
win-Arecibo-Observatory-20230220-150001.npy,20230220,Arecibo-Observatory,15:00:01,15:15:01,200,0.25,15.0,86.625,3600,1,False,,
win-Arecibo-Observatory-20230220-151501.npy,20230220,Arecibo-Observatory,15:15:01,15:30:01,200,0.25,15.0,86.625,3600,0,False,,
win-Arecibo-Observatory-20230220-153001.npy,20230220,Arecibo-Observatory,15:30:01,15:45:01,200,0.25,15.0,86.625,3600,0,False,,
win-Arecibo-Observatory-20230221-104500.npy,20230221,Arecibo-Observatory,10:45:00,11:00:00,200,0.25,15.0,86.625,3600,0,False,,
win-Arecibo-Observatory-20230221-110000.npy,20230221,Arecibo-Observatory,11:00:00,11:15:00,200,0.25,15.0,86.625,3600,0,False,,
win-Arecibo-Observatory-20230221-111500.npy,20230221,Arecibo-Observatory,11:15:00,11:30:00,200,0.25,15.0,86.625,3600,1,False,,
win-Arecibo-Observatory-20230221-113000.npy,20230221,Arecibo-Observatory,11:30:00,11:45:00,200,0.25,15.0,86.625,3600,1,False,,
win-Arecibo-Observatory-20230221-114501.npy,20230221,Arecibo-Observatory,11:45:01,12:00:01,200,0.25,15.0,86.625,3600,0,False,,
win-Arecibo-Observatory-20230221-120000.npy,20230221,Arecibo-Observatory,12:00:00,12:15:00,200,0.25,15.0,86.625,3600,0,False,,
win-Arecibo-Observatory-20230221-121501.npy,20230221,Arecibo-Observatory,12:15:01,12:30:01,200,0.25,15.0,86.625,3600,0,False,,
win-Arecibo-Observatory-20230221-123000.npy,20230221,Arecibo-Observatory,12:30:00,12:45:00,200,0.25,15.0,86.625,3600,0,False,,
win-Arecibo-Observatory-20230221-124501.npy,20230221,Arecibo-Observatory,12:45:01,13:00:01,200,0.25,15.0,86.625,3600,0,True,only_edge_sliver_of_an_event,
win-Arecibo-Observatory-20230221-130000.npy,20230221,Arecibo-Observatory,13:00:00,13:15:00,200,0.25,15.0,86.625,3600,1,False,,
win-Arecibo-Observatory-20230221-131501.npy,20230221,Arecibo-Observatory,13:15:01,13:30:01,200,0.25,15.0,86.625,3600,1,False,,
win-Arecibo-Observatory-20230221-133000.npy,20230221,Arecibo-Observatory,13:30:00,13:45:00,200,0.25,15.0,86.625,3600,1,False,,
win-Arecibo-Observatory-20230221-134501.npy,20230221,Arecibo-Observatory,13:45:01,14:00:01,200,0.25,15.0,86.625,3600,0,False,,
win-Arecibo-Observatory-20230221-140001.npy,20230221,Arecibo-Observatory,14:00:01,14:15:01,200,0.25,15.0,86.625,3600,0,False,,
win-Arecibo-Observatory-20230221-141501.npy,20230221,Arecibo-Observatory,14:15:01,14:30:01,200,0.25,15.0,86.625,3600,0,False,,
win-Arecibo-Observatory-20230221-143001.npy,20230221,Arecibo-Observatory,14:30:01,14:45:01,200,0.25,15.0,86.625,3600,1,False,,
win-Arecibo-Observatory-20230221-144501.npy,20230221,Arecibo-Observatory,14:45:01,15:00:01,200,0.25,15.0,86.625,3600,0,False,,
win-Arecibo-Observatory-20230221-150001.npy,20230221,Arecibo-Observatory,15:00:01,15:15:01,200,0.25,15.0,86.625,3600,0,False,,
win-Arecibo-Observatory-20230221-151501.npy,20230221,Arecibo-Observatory,15:15:01,15:30:01,200,0.25,15.0,86.625,3600,1,False,,
win-Arecibo-Observatory-20230221-153001.npy,20230221,Arecibo-Observatory,15:30:01,15:45:01,200,0.25,15.0,86.625,3600,1,False,,
win-Arecibo-Observatory-20230221-154501.npy,20230221,Arecibo-Observatory,15:45:01,16:00:01,200,0.25,15.0,86.625,3600,0,False,,
win-Arecibo-Observatory-20230221-160001.npy,20230221,Arecibo-Observatory,16:00:01,16:15:01,200,0.25,15.0,86.625,3600,0,True,offclass_event_in_negative_window,VI
win-Arecibo-Observatory-20230221-173000.npy,20230221,Arecibo-Observatory,17:30:00,17:45:00,200,0.25,15.0,86.625,3600,0,True,offclass_event_in_negative_window,VI
win-Arecibo-Observatory-20230221-174500.npy,20230221,Arecibo-Observatory,17:45:00,18:00:00,200,0.25,15.0,86.625,3600,0,True,offclass_event_in_negative_window,VI
win-Arecibo-Observatory-20230221-180000.npy,20230221,Arecibo-Observatory,18:00:00,18:15:00,200,0.25,15.0,86.625,3600,1,False,,
win-Arecibo-Observatory-20230221-181500.npy,20230221,Arecibo-Observatory,18:15:00,18:30:00,200,0.25,15.0,86.625,3600,0,False,,
win-Arecibo-Observatory-20230221-183000.npy,20230221,Arecibo-Observatory,18:30:00,18:45:00,200,0.25,15.0,86.625,3600,0,True,offclass_event_in_negative_window,VI
win-Arecibo-Observatory-20230221-194501.npy,20230221,Arecibo-Observatory,19:45:01,20:00:01,200,0.25,15.0,86.625,3600,0,False,,
win-Arecibo-Observatory-20230221-200001.npy,20230221,Arecibo-Observatory,20:00:01,20:15:01,200,0.25,15.0,86.625,3600,0,True,offclass_event_in_negative_window,III
win-Arecibo-Observatory-20230221-201501.npy,20230221,Arecibo-Observatory,20:15:01,20:30:01,200,0.25,15.0,86.625,3600,1,True,all_boxes_review_discard,
win-Arecibo-Observatory-20230221-203001.npy,20230221,Arecibo-Observatory,20:30:01,20:45:01,200,0.25,15.0,86.625,3600,0,False,,
win-Arecibo-Observatory-20230221-204501.npy,20230221,Arecibo-Observatory,20:45:01,21:00:01,200,0.25,15.0,86.625,3600,0,False,,
win-Arecibo-Observatory-20230222-124500.npy,20230222,Arecibo-Observatory,12:45:00,13:00:00,200,0.25,15.0,86.625,3600,0,False,,
win-Arecibo-Observatory-20230222-130001.npy,20230222,Arecibo-Observatory,13:00:01,13:15:01,200,0.25,15.0,86.625,3600,0,False,,
win-Arecibo-Observatory-20230222-131501.npy,20230222,Arecibo-Observatory,13:15:01,13:30:01,200,0.25,15.0,86.625,3600,1,False,,
win-Arecibo-Observatory-20230222-133001.npy,20230222,Arecibo-Observatory,13:30:01,13:45:01,200,0.25,15.0,86.625,3600,0,False,,
win-Arecibo-Observatory-20230222-134501.npy,20230222,Arecibo-Observatory,13:45:01,14:00:01,200,0.25,15.0,86.625,3600,0,False,,
win-Arecibo-Observatory-20230222-140001.npy,20230222,Arecibo-Observatory,14:00:01,14:15:01,200,0.25,15.0,86.625,3600,0,False,,
win-Arecibo-Observatory-20230222-141501.npy,20230222,Arecibo-Observatory,14:15:01,14:30:01,200,0.25,15.0,86.625,3600,1,False,,
win-Arecibo-Observatory-20230222-143001.npy,20230222,Arecibo-Observatory,14:30:01,14:45:01,200,0.25,15.0,86.625,3600,0,False,,
win-Arecibo-Observatory-20230222-144501.npy,20230222,Arecibo-Observatory,14:45:01,15:00:01,200,0.25,15.0,86.625,3600,0,False,,
win-Arecibo-Observatory-20230222-181459.npy,20230222,Arecibo-Observatory,18:14:59,18:29:59,200,0.25,15.0,86.625,3600,0,False,,
win-Arecibo-Observatory-20230222-182959.npy,20230222,Arecibo-Observatory,18:29:59,18:44:59,200,0.25,15.0,86.625,3600,0,False,,
win-Arecibo-Observatory-20230222-184459.npy,20230222,Arecibo-Observatory,18:44:59,18:59:59,200,0.25,15.0,86.625,3600,1,False,,
win-Arecibo-Observatory-20230222-185959.npy,20230222,Arecibo-Observatory,18:59:59,19:14:59,200,0.25,15.0,86.625,3600,0,False,,
win-Arecibo-Observatory-20230222-191459.npy,20230222,Arecibo-Observatory,19:14:59,19:29:59,200,0.25,15.0,86.625,3600,0,False,,
win-Arecibo-Observatory-20230223-114500.npy,20230223,Arecibo-Observatory,11:45:00,12:00:00,200,0.25,15.0,86.625,3600,0,False,,
win-Arecibo-Observatory-20230223-120000.npy,20230223,Arecibo-Observatory,12:00:00,12:15:00,200,0.25,15.0,86.625,3600,0,False,,
win-Arecibo-Observatory-20230223-121500.npy,20230223,Arecibo-Observatory,12:15:00,12:30:00,200,0.25,15.0,86.625,3600,1,False,,
win-Arecibo-Observatory-20230223-123001.npy,20230223,Arecibo-Observatory,12:30:01,12:45:01,200,0.25,15.0,86.625,3600,1,False,,
win-Arecibo-Observatory-20230223-124501.npy,20230223,Arecibo-Observatory,12:45:01,13:00:01,200,0.25,15.0,86.625,3600,0,False,,
win-Arecibo-Observatory-20230223-130000.npy,20230223,Arecibo-Observatory,13:00:00,13:15:00,200,0.25,15.0,86.625,3600,0,False,,
win-Arecibo-Observatory-20230223-131501.npy,20230223,Arecibo-Observatory,13:15:01,13:30:01,200,0.25,15.0,86.625,3600,1,False,,
win-Arecibo-Observatory-20230223-133001.npy,20230223,Arecibo-Observatory,13:30:01,13:45:01,200,0.25,15.0,86.625,3600,0,False,,
win-Arecibo-Observatory-20230223-134501.npy,20230223,Arecibo-Observatory,13:45:01,14:00:01,200,0.25,15.0,86.625,3600,0,False,,
win-Arecibo-Observatory-20230224-121500.npy,20230224,Arecibo-Observatory,12:15:00,12:30:00,200,0.25,15.0,86.625,3600,0,False,,
win-Arecibo-Observatory-20230224-123000.npy,20230224,Arecibo-Observatory,12:30:00,12:45:00,200,0.25,15.0,86.625,3600,0,False,,
win-Arecibo-Observatory-20230224-124500.npy,20230224,Arecibo-Observatory,12:45:00,13:00:00,200,0.25,15.0,86.625,3600,1,False,,
win-Arecibo-Observatory-20230224-130001.npy,20230224,Arecibo-Observatory,13:00:01,13:15:01,200,0.25,15.0,86.625,3600,0,True,only_edge_sliver_of_an_event,
win-Arecibo-Observatory-20230224-131500.npy,20230224,Arecibo-Observatory,13:15:00,13:30:00,200,0.25,15.0,86.625,3600,1,False,,
win-Arecibo-Observatory-20230224-133001.npy,20230224,Arecibo-Observatory,13:30:01,13:45:01,200,0.25,15.0,86.625,3600,0,False,,
win-Arecibo-Observatory-20230224-134501.npy,20230224,Arecibo-Observatory,13:45:01,14:00:01,200,0.25,15.0,86.625,3600,1,False,,
win-Arecibo-Observatory-20230224-140001.npy,20230224,Arecibo-Observatory,14:00:01,14:15:01,200,0.25,15.0,86.625,3600,1,False,,
win-Arecibo-Observatory-20230224-141501.npy,20230224,Arecibo-Observatory,14:15:01,14:30:01,200,0.25,15.0,86.625,3600,0,False,,
win-Arecibo-Observatory-20230224-143001.npy,20230224,Arecibo-Observatory,14:30:01,14:45:01,200,0.25,15.0,86.625,3600,1,False,,
win-Arecibo-Observatory-20230224-144501.npy,20230224,Arecibo-Observatory,14:45:01,15:00:01,200,0.25,15.0,86.625,3600,1,False,,
win-Arecibo-Observatory-20230224-150001.npy,20230224,Arecibo-Observatory,15:00:01,15:15:01,200,0.25,15.0,86.625,3600,0,False,,
win-Arecibo-Observatory-20230224-151501.npy,20230224,Arecibo-Observatory,15:15:01,15:30:01,200,0.25,15.0,86.625,3600,1,False,,
win-Arecibo-Observatory-20230224-153001.npy,20230224,Arecibo-Observatory,15:30:01,15:45:01,200,0.25,15.0,86.625,3600,0,False,,
win-Arecibo-Observatory-20230224-154501.npy,20230224,Arecibo-Observatory,15:45:01,16:00:01,200,0.25,15.0,86.625,3600,1,False,,
win-Arecibo-Observatory-20230224-160001.npy,20230224,Arecibo-Observatory,16:00:01,16:15:01,200,0.25,15.0,86.625,3600,1,False,,
win-Arecibo-Observatory-20230224-161501.npy,20230224,Arecibo-Observatory,16:15:01,16:29:57,200,0.25,15.0,86.625,3587,0,False,,
win-Arecibo-Observatory-20230224-163000.npy,20230224,Arecibo-Observatory,16:30:00,16:45:00,200,0.25,15.0,86.625,3600,0,False,,
win-Arecibo-Observatory-20230224-172959.npy,20230224,Arecibo-Observatory,17:29:59,17:44:59,200,0.25,15.0,86.625,3600,0,False,,
win-Arecibo-Observatory-20230224-174459.npy,20230224,Arecibo-Observatory,17:44:59,17:59:59,200,0.25,15.0,86.625,3600,0,False,,
win-Arecibo-Observatory-20230224-175959.npy,20230224,Arecibo-Observatory,17:59:59,18:14:59,200,0.25,15.0,86.625,3600,1,False,,
win-Arecibo-Observatory-20230224-181459.npy,20230224,Arecibo-Observatory,18:14:59,18:29:59,200,0.25,15.0,86.625,3600,0,False,,
win-Arecibo-Observatory-20230224-182959.npy,20230224,Arecibo-Observatory,18:29:59,18:44:59,200,0.25,15.0,86.625,3600,0,False,,
win-Arecibo-Observatory-20230224-184459.npy,20230224,Arecibo-Observatory,18:44:59,18:59:59,200,0.25,15.0,86.625,3600,1,False,,
win-Arecibo-Observatory-20230224-185959.npy,20230224,Arecibo-Observatory,18:59:59,19:14:59,200,0.25,15.0,86.625,3600,1,False,,
win-Arecibo-Observatory-20230224-191459.npy,20230224,Arecibo-Observatory,19:14:59,19:29:59,200,0.25,15.0,86.625,3600,0,False,,
win-Arecibo-Observatory-20230224-192959.npy,20230224,Arecibo-Observatory,19:29:59,19:44:59,200,0.25,15.0,86.625,3600,0,False,,
win-Arecibo-Observatory-20230224-194459.npy,20230224,Arecibo-Observatory,19:44:59,19:59:59,200,0.25,15.0,86.625,3600,0,False,,
win-Arecibo-Observatory-20230224-195959.npy,20230224,Arecibo-Observatory,19:59:59,20:14:59,200,0.25,15.0,86.625,3600,0,False,,
win-Arecibo-Observatory-20230224-201459.npy,20230224,Arecibo-Observatory,20:14:59,20:29:59,200,0.25,15.0,86.625,3600,1,False,,
win-Arecibo-Observatory-20230224-202959.npy,20230224,Arecibo-Observatory,20:29:59,20:44:59,200,0.25,15.0,86.625,3600,0,False,,
win-Arecibo-Observatory-20230224-204459.npy,20230224,Arecibo-Observatory,20:44:59,20:59:59,200,0.25,15.0,86.625,3600,0,False,,
win-Arecibo-Observatory-20230224-205959.npy,20230224,Arecibo-Observatory,20:59:59,21:14:59,200,0.25,15.0,86.625,3600,0,False,,
win-Arecibo-Observatory-20230225-124500.npy,20230225,Arecibo-Observatory,12:45:00,13:00:00,200,0.25,15.0,86.625,3600,0,False,,
win-Arecibo-Observatory-20230225-130001.npy,20230225,Arecibo-Observatory,13:00:01,13:15:01,200,0.25,15.0,86.625,3600,0,False,,
win-Arecibo-Observatory-20230225-131501.npy,20230225,Arecibo-Observatory,13:15:01,13:30:01,200,0.25,15.0,86.625,3600,1,False,,
win-Arecibo-Observatory-20230225-133000.npy,20230225,Arecibo-Observatory,13:30:00,13:45:00,200,0.25,15.0,86.625,3600,0,False,,
win-Arecibo-Observatory-20230225-134501.npy,20230225,Arecibo-Observatory,13:45:01,14:00:01,200,0.25,15.0,86.625,3600,0,False,,
win-Arecibo-Observatory-20230225-143001.npy,20230225,Arecibo-Observatory,14:30:01,14:45:01,200,0.25,15.0,86.625,3600,0,False,,
win-Arecibo-Observatory-20230225-144501.npy,20230225,Arecibo-Observatory,14:45:01,15:00:01,200,0.25,15.0,86.625,3600,0,False,,
win-Arecibo-Observatory-20230225-150001.npy,20230225,Arecibo-Observatory,15:00:01,15:15:01,200,0.25,15.0,86.625,3600,1,False,,
win-Arecibo-Observatory-20230225-151501.npy,20230225,Arecibo-Observatory,15:15:01,15:30:01,200,0.25,15.0,86.625,3600,1,False,,
win-Arecibo-Observatory-20230225-153001.npy,20230225,Arecibo-Observatory,15:30:01,15:45:01,200,0.25,15.0,86.625,3600,0,False,,
win-Arecibo-Observatory-20230225-154501.npy,20230225,Arecibo-Observatory,15:45:01,16:00:01,200,0.25,15.0,86.625,3600,0,False,,
win-Arecibo-Observatory-20230225-160001.npy,20230225,Arecibo-Observatory,16:00:01,16:15:01,200,0.25,15.0,86.625,3600,0,False,,
win-Arecibo-Observatory-20230225-161501.npy,20230225,Arecibo-Observatory,16:15:01,16:29:57,200,0.25,15.0,86.625,3586,0,False,,
win-Arecibo-Observatory-20230225-163000.npy,20230225,Arecibo-Observatory,16:30:00,16:45:00,200,0.25,15.0,86.625,3600,1,False,,
win-Arecibo-Observatory-20230225-164500.npy,20230225,Arecibo-Observatory,16:45:00,17:00:00,200,0.25,15.0,86.625,3600,1,False,,
win-Arecibo-Observatory-20230225-170000.npy,20230225,Arecibo-Observatory,17:00:00,17:15:00,200,0.25,15.0,86.625,3600,0,False,,
win-Arecibo-Observatory-20230225-171500.npy,20230225,Arecibo-Observatory,17:15:00,17:30:00,200,0.25,15.0,86.625,3600,0,False,,
win-Arecibo-Observatory-20230225-173000.npy,20230225,Arecibo-Observatory,17:30:00,17:45:00,200,0.25,15.0,86.625,3600,1,False,,
win-Arecibo-Observatory-20230225-174500.npy,20230225,Arecibo-Observatory,17:45:00,18:00:00,200,0.25,15.0,86.625,3600,0,False,,
win-Arecibo-Observatory-20230225-180000.npy,20230225,Arecibo-Observatory,18:00:00,18:15:00,200,0.25,15.0,86.625,3600,0,False,,
win-Arecibo-Observatory-20230225-181500.npy,20230225,Arecibo-Observatory,18:15:00,18:30:00,200,0.25,15.0,86.625,3600,0,False,,
win-Arecibo-Observatory-20230225-183000.npy,20230225,Arecibo-Observatory,18:30:00,18:45:00,200,0.25,15.0,86.625,3600,1,False,,
win-Arecibo-Observatory-20230225-184500.npy,20230225,Arecibo-Observatory,18:45:00,19:00:00,200,0.25,15.0,86.625,3600,0,False,,
win-Arecibo-Observatory-20230225-190000.npy,20230225,Arecibo-Observatory,19:00:00,19:15:00,200,0.25,15.0,86.625,3600,1,False,,
win-Arecibo-Observatory-20230225-191500.npy,20230225,Arecibo-Observatory,19:15:00,19:30:00,200,0.25,15.0,86.625,3600,2,False,,
win-Arecibo-Observatory-20230225-193000.npy,20230225,Arecibo-Observatory,19:30:00,19:45:00,200,0.25,15.0,86.625,3600,1,False,,
win-Arecibo-Observatory-20230225-194501.npy,20230225,Arecibo-Observatory,19:45:01,20:00:01,200,0.25,15.0,86.625,3600,0,False,,
win-Arecibo-Observatory-20230225-200001.npy,20230225,Arecibo-Observatory,20:00:01,20:15:01,200,0.25,15.0,86.625,3600,0,False,,
win-Arecibo-Observatory-20230226-133000.npy,20230226,Arecibo-Observatory,13:30:00,13:45:00,200,0.25,15.0,86.625,3600,0,False,,
win-Arecibo-Observatory-20230226-134501.npy,20230226,Arecibo-Observatory,13:45:01,14:00:01,200,0.25,15.0,86.625,3600,0,False,,
win-Arecibo-Observatory-20230226-140001.npy,20230226,Arecibo-Observatory,14:00:01,14:15:01,200,0.25,15.0,86.625,3600,1,False,,
win-Arecibo-Observatory-20230226-141501.npy,20230226,Arecibo-Observatory,14:15:01,14:30:01,200,0.25,15.0,86.625,3600,0,False,,
win-Arecibo-Observatory-20230226-143001.npy,20230226,Arecibo-Observatory,14:30:01,14:45:01,200,0.25,15.0,86.625,3600,0,False,,
win-Arecibo-Observatory-20230226-144501.npy,20230226,Arecibo-Observatory,14:45:01,15:00:01,200,0.25,15.0,86.625,3600,1,False,,
win-Arecibo-Observatory-20230226-150001.npy,20230226,Arecibo-Observatory,15:00:01,15:15:01,200,0.25,15.0,86.625,3600,0,False,,
win-Arecibo-Observatory-20230226-151501.npy,20230226,Arecibo-Observatory,15:15:01,15:30:01,200,0.25,15.0,86.625,3600,0,False,,
win-Arecibo-Observatory-20230226-154501.npy,20230226,Arecibo-Observatory,15:45:01,16:00:01,200,0.25,15.0,86.625,3600,0,False,,
win-Arecibo-Observatory-20230226-160001.npy,20230226,Arecibo-Observatory,16:00:01,16:15:01,200,0.25,15.0,86.625,3600,0,False,,
win-Arecibo-Observatory-20230226-161501.npy,20230226,Arecibo-Observatory,16:15:01,16:29:57,200,0.25,15.0,86.625,3587,1,False,,
win-Arecibo-Observatory-20230226-163000.npy,20230226,Arecibo-Observatory,16:30:00,16:45:00,200,0.25,15.0,86.625,3600,0,True,offclass_event_in_negative_window,VI
win-Arecibo-Observatory-20230226-164459.npy,20230226,Arecibo-Observatory,16:44:59,16:59:59,200,0.25,15.0,86.625,3600,0,True,offclass_event_in_negative_window,VI
win-Arecibo-Observatory-20230226-165959.npy,20230226,Arecibo-Observatory,16:59:59,17:14:59,200,0.25,15.0,86.625,3600,1,False,,
win-Arecibo-Observatory-20230226-171459.npy,20230226,Arecibo-Observatory,17:14:59,17:29:59,200,0.25,15.0,86.625,3600,0,True,only_edge_sliver_of_an_event,
win-Arecibo-Observatory-20230226-172959.npy,20230226,Arecibo-Observatory,17:29:59,17:44:59,200,0.25,15.0,86.625,3600,1,False,,
win-Arecibo-Observatory-20230226-174459.npy,20230226,Arecibo-Observatory,17:44:59,17:59:59,200,0.25,15.0,86.625,3600,0,False,,
win-Arecibo-Observatory-20230226-175959.npy,20230226,Arecibo-Observatory,17:59:59,18:14:59,200,0.25,15.0,86.625,3600,0,True,offclass_event_in_negative_window,VI
win-Arecibo-Observatory-20230226-182959.npy,20230226,Arecibo-Observatory,18:29:59,18:44:59,200,0.25,15.0,86.625,3600,0,True,offclass_event_in_negative_window,VI
win-Arecibo-Observatory-20230226-184459.npy,20230226,Arecibo-Observatory,18:44:59,18:59:59,200,0.25,15.0,86.625,3600,0,True,offclass_event_in_negative_window,VI
win-Arecibo-Observatory-20230226-185959.npy,20230226,Arecibo-Observatory,18:59:59,19:14:59,200,0.25,15.0,86.625,3600,1,False,,
win-Arecibo-Observatory-20230226-191459.npy,20230226,Arecibo-Observatory,19:14:59,19:29:59,200,0.25,15.0,86.625,3600,0,False,,
win-Arecibo-Observatory-20230226-192959.npy,20230226,Arecibo-Observatory,19:29:59,19:44:59,200,0.25,15.0,86.625,3600,0,False,,
win-Arecibo-Observatory-20230227-141501.npy,20230227,Arecibo-Observatory,14:15:01,14:30:01,200,0.25,15.0,86.625,3600,0,False,,
win-Arecibo-Observatory-20230227-143001.npy,20230227,Arecibo-Observatory,14:30:01,14:45:01,200,0.25,15.0,86.625,3600,0,False,,
win-Arecibo-Observatory-20230227-144501.npy,20230227,Arecibo-Observatory,14:45:01,15:00:01,200,0.25,15.0,86.625,3600,1,False,,
win-Arecibo-Observatory-20230227-150001.npy,20230227,Arecibo-Observatory,15:00:01,15:15:01,200,0.25,15.0,86.625,3600,0,False,,
win-Arecibo-Observatory-20230227-151501.npy,20230227,Arecibo-Observatory,15:15:01,15:30:01,200,0.25,15.0,86.625,3600,1,False,,
win-Arecibo-Observatory-20230227-153001.npy,20230227,Arecibo-Observatory,15:30:01,15:45:01,200,0.25,15.0,86.625,3600,0,False,,
win-Arecibo-Observatory-20230227-154501.npy,20230227,Arecibo-Observatory,15:45:01,16:00:01,200,0.25,15.0,86.625,3600,1,False,,
win-Arecibo-Observatory-20230227-160001.npy,20230227,Arecibo-Observatory,16:00:01,16:08:57,200,0.25,15.0,86.625,2145,0,False,,
win-Arecibo-Observatory-20230227-190430.npy,20230227,Arecibo-Observatory,19:04:30,19:19:30,200,0.25,15.0,86.625,3600,0,False,,
win-Arecibo-Observatory-20230227-191930.npy,20230227,Arecibo-Observatory,19:19:30,19:34:30,200,0.25,15.0,86.625,3600,0,False,,
win-Arecibo-Observatory-20230227-193430.npy,20230227,Arecibo-Observatory,19:34:30,19:49:30,200,0.25,15.0,86.625,3600,1,False,,
win-Arecibo-Observatory-20230227-194930.npy,20230227,Arecibo-Observatory,19:49:30,20:04:30,200,0.25,15.0,86.625,3600,0,False,,
win-Arecibo-Observatory-20230227-200430.npy,20230227,Arecibo-Observatory,20:04:30,20:19:30,200,0.25,15.0,86.625,3600,0,False,,
win-Arecibo-Observatory-20230301-144501.npy,20230301,Arecibo-Observatory,14:45:01,15:00:01,200,0.25,15.0,86.625,3600,0,True,offclass_event_in_negative_window,CTM
win-Arecibo-Observatory-20230301-150001.npy,20230301,Arecibo-Observatory,15:00:01,15:15:01,200,0.25,15.0,86.625,3600,0,True,offclass_event_in_negative_window,CTM
win-Arecibo-Observatory-20230301-151501.npy,20230301,Arecibo-Observatory,15:15:01,15:30:01,200,0.25,15.0,86.625,3600,1,False,,CTM
win-Arecibo-Observatory-20230301-153001.npy,20230301,Arecibo-Observatory,15:30:01,15:45:01,200,0.25,15.0,86.625,3600,1,False,,CTM
win-Arecibo-Observatory-20230301-154501.npy,20230301,Arecibo-Observatory,15:45:01,16:00:01,200,0.25,15.0,86.625,3600,0,True,offclass_event_in_negative_window,CTM
win-Arecibo-Observatory-20230301-160001.npy,20230301,Arecibo-Observatory,16:00:01,16:15:01,200,0.25,15.0,86.625,3600,0,False,,
win-Arecibo-Observatory-20230301-173000.npy,20230301,Arecibo-Observatory,17:30:00,17:45:00,200,0.25,15.0,86.625,3600,0,False,,
win-Arecibo-Observatory-20230301-174500.npy,20230301,Arecibo-Observatory,17:45:00,18:00:00,200,0.25,15.0,86.625,3600,0,False,,
win-Arecibo-Observatory-20230301-180000.npy,20230301,Arecibo-Observatory,18:00:00,18:15:00,200,0.25,15.0,86.625,3600,1,False,,
win-Arecibo-Observatory-20230301-181500.npy,20230301,Arecibo-Observatory,18:15:00,18:30:00,200,0.25,15.0,86.625,3600,1,False,,
win-Arecibo-Observatory-20230301-183000.npy,20230301,Arecibo-Observatory,18:30:00,18:45:00,200,0.25,15.0,86.625,3600,0,False,,
win-Arecibo-Observatory-20230301-184500.npy,20230301,Arecibo-Observatory,18:45:00,19:00:00,200,0.25,15.0,86.625,3600,0,False,,
win-Arecibo-Observatory-20230301-190000.npy,20230301,Arecibo-Observatory,19:00:00,19:15:00,200,0.25,15.0,86.625,3600,1,False,,
win-Arecibo-Observatory-20230301-191500.npy,20230301,Arecibo-Observatory,19:15:00,19:30:00,200,0.25,15.0,86.625,3600,1,False,,
win-Arecibo-Observatory-20230301-193000.npy,20230301,Arecibo-Observatory,19:30:00,19:45:00,200,0.25,15.0,86.625,3600,0,False,,
win-Arecibo-Observatory-20230301-194501.npy,20230301,Arecibo-Observatory,19:45:01,20:00:01,200,0.25,15.0,86.625,3600,0,False,,
win-Arecibo-Observatory-20230302-165959.npy,20230302,Arecibo-Observatory,16:59:59,17:14:59,200,0.25,15.0,86.625,3600,0,False,,
win-Arecibo-Observatory-20230302-171459.npy,20230302,Arecibo-Observatory,17:14:59,17:29:59,200,0.25,15.0,86.625,3600,0,False,,
win-Arecibo-Observatory-20230302-172959.npy,20230302,Arecibo-Observatory,17:29:59,17:44:59,200,0.25,15.0,86.625,3600,1,False,,
win-Arecibo-Observatory-20230302-174459.npy,20230302,Arecibo-Observatory,17:44:59,17:59:59,200,0.25,15.0,86.625,3600,0,False,,
win-Arecibo-Observatory-20230302-175959.npy,20230302,Arecibo-Observatory,17:59:59,18:14:59,200,0.25,15.0,86.625,3600,0,False,,
win-Arecibo-Observatory-20230302-184459.npy,20230302,Arecibo-Observatory,18:44:59,18:59:59,200,0.25,15.0,86.625,3600,0,False,,
win-Arecibo-Observatory-20230302-185959.npy,20230302,Arecibo-Observatory,18:59:59,19:14:59,200,0.25,15.0,86.625,3600,0,False,,
win-Arecibo-Observatory-20230302-191459.npy,20230302,Arecibo-Observatory,19:14:59,19:29:59,200,0.25,15.0,86.625,3600,1,False,,
win-Arecibo-Observatory-20230302-192959.npy,20230302,Arecibo-Observatory,19:29:59,19:44:59,200,0.25,15.0,86.625,3600,0,False,,
win-Arecibo-Observatory-20230302-194459.npy,20230302,Arecibo-Observatory,19:44:59,19:59:59,200,0.25,15.0,86.625,3600,0,False,,
win-Arecibo-Observatory-20230303-113000.npy,20230303,Arecibo-Observatory,11:30:00,11:45:00,200,0.25,15.0,86.625,3600,0,False,,
win-Arecibo-Observatory-20230303-114500.npy,20230303,Arecibo-Observatory,11:45:00,12:00:00,200,0.25,15.0,86.625,3600,0,False,,
win-Arecibo-Observatory-20230303-120001.npy,20230303,Arecibo-Observatory,12:00:01,12:15:01,200,0.25,15.0,86.625,3600,1,False,,
win-Arecibo-Observatory-20230303-121501.npy,20230303,Arecibo-Observatory,12:15:01,12:30:01,200,0.25,15.0,86.625,3600,0,False,,
win-Arecibo-Observatory-20230303-123001.npy,20230303,Arecibo-Observatory,12:30:01,12:45:01,200,0.25,15.0,86.625,3600,0,False,,
win-Arecibo-Observatory-20230303-171500.npy,20230303,Arecibo-Observatory,17:15:00,17:30:00,200,0.25,15.0,86.625,3600,0,False,,
win-Arecibo-Observatory-20230303-173000.npy,20230303,Arecibo-Observatory,17:30:00,17:45:00,200,0.25,15.0,86.625,3600,0,False,,
win-Arecibo-Observatory-20230303-174500.npy,20230303,Arecibo-Observatory,17:45:00,18:00:00,200,0.25,15.0,86.625,3600,1,False,,
win-Arecibo-Observatory-20230303-180000.npy,20230303,Arecibo-Observatory,18:00:00,18:15:00,200,0.25,15.0,86.625,3600,1,False,,IV
win-Arecibo-Observatory-20230303-181500.npy,20230303,Arecibo-Observatory,18:15:00,18:30:00,200,0.25,15.0,86.625,3600,1,False,,IV
win-Arecibo-Observatory-20230303-183000.npy,20230303,Arecibo-Observatory,18:30:00,18:45:00,200,0.25,15.0,86.625,3600,0,True,offclass_event_in_negative_window,IV
win-Arecibo-Observatory-20230303-184500.npy,20230303,Arecibo-Observatory,18:45:00,19:00:00,200,0.25,15.0,86.625,3600,0,True,offclass_event_in_negative_window,IV
win-Arecibo-Observatory-20230303-191500.npy,20230303,Arecibo-Observatory,19:15:00,19:30:00,200,0.25,15.0,86.625,3600,0,False,,
win-Arecibo-Observatory-20230303-193001.npy,20230303,Arecibo-Observatory,19:30:01,19:45:01,200,0.25,15.0,86.625,3600,0,False,,
win-Arecibo-Observatory-20230303-194501.npy,20230303,Arecibo-Observatory,19:45:01,20:00:01,200,0.25,15.0,86.625,3600,1,False,,
win-Arecibo-Observatory-20230303-200001.npy,20230303,Arecibo-Observatory,20:00:01,20:15:01,200,0.25,15.0,86.625,3600,0,False,,
win-Arecibo-Observatory-20230303-201501.npy,20230303,Arecibo-Observatory,20:15:01,20:30:01,200,0.25,15.0,86.625,3600,0,False,,
win-Arecibo-Observatory-20230304-123000.npy,20230304,Arecibo-Observatory,12:30:00,12:45:00,200,0.25,15.0,86.625,3600,0,False,,
win-Arecibo-Observatory-20230304-124501.npy,20230304,Arecibo-Observatory,12:45:01,13:00:01,200,0.25,15.0,86.625,3600,0,False,,
win-Arecibo-Observatory-20230304-130000.npy,20230304,Arecibo-Observatory,13:00:00,13:15:00,200,0.25,15.0,86.625,3600,1,False,,
win-Arecibo-Observatory-20230304-131501.npy,20230304,Arecibo-Observatory,13:15:01,13:30:01,200,0.25,15.0,86.625,3600,0,False,,
win-Arecibo-Observatory-20230304-133001.npy,20230304,Arecibo-Observatory,13:30:01,13:45:01,200,0.25,15.0,86.625,3600,0,False,,
win-Arecibo-Observatory-20230304-140001.npy,20230304,Arecibo-Observatory,14:00:01,14:15:01,200,0.25,15.0,86.625,3600,0,False,,
win-Arecibo-Observatory-20230304-141500.npy,20230304,Arecibo-Observatory,14:15:00,14:30:00,200,0.25,15.0,86.625,3600,0,False,,
win-Arecibo-Observatory-20230304-143001.npy,20230304,Arecibo-Observatory,14:30:01,14:45:01,200,0.25,15.0,86.625,3600,1,False,,
win-Arecibo-Observatory-20230304-144501.npy,20230304,Arecibo-Observatory,14:45:01,15:00:01,200,0.25,15.0,86.625,3600,0,False,,
win-Arecibo-Observatory-20230304-150001.npy,20230304,Arecibo-Observatory,15:00:01,15:15:01,200,0.25,15.0,86.625,3600,0,False,,
win-Arecibo-Observatory-20230304-151501.npy,20230304,Arecibo-Observatory,15:15:01,15:30:01,200,0.25,15.0,86.625,3600,0,False,,
win-Arecibo-Observatory-20230304-153001.npy,20230304,Arecibo-Observatory,15:30:01,15:45:01,200,0.25,15.0,86.625,3600,1,False,,IV
win-Arecibo-Observatory-20230304-154501.npy,20230304,Arecibo-Observatory,15:45:01,16:00:01,200,0.25,15.0,86.625,3600,0,True,offclass_event_in_negative_window,IV
win-Arecibo-Observatory-20230304-160001.npy,20230304,Arecibo-Observatory,16:00:01,16:15:01,200,0.25,15.0,86.625,3600,0,True,offclass_event_in_negative_window,IV
win-Arecibo-Observatory-20230304-175959.npy,20230304,Arecibo-Observatory,17:59:59,18:14:59,200,0.25,15.0,86.625,3600,0,False,,
win-Arecibo-Observatory-20230304-181459.npy,20230304,Arecibo-Observatory,18:14:59,18:29:59,200,0.25,15.0,86.625,3600,0,False,,
win-Arecibo-Observatory-20230304-182959.npy,20230304,Arecibo-Observatory,18:29:59,18:44:59,200,0.25,15.0,86.625,3600,1,False,,
win-Arecibo-Observatory-20230304-184459.npy,20230304,Arecibo-Observatory,18:44:59,18:59:59,200,0.25,15.0,86.625,3600,0,False,,
win-Arecibo-Observatory-20230304-185959.npy,20230304,Arecibo-Observatory,18:59:59,19:14:59,200,0.25,15.0,86.625,3600,0,False,,
win-Arecibo-Observatory-20230305-151501.npy,20230305,Arecibo-Observatory,15:15:01,15:30:01,200,0.25,15.0,86.625,3600,0,False,,
win-Arecibo-Observatory-20230305-153001.npy,20230305,Arecibo-Observatory,15:30:01,15:45:01,200,0.25,15.0,86.625,3600,0,False,,
win-Arecibo-Observatory-20230305-154501.npy,20230305,Arecibo-Observatory,15:45:01,16:00:01,200,0.25,15.0,86.625,3600,1,False,,
win-Arecibo-Observatory-20230305-160001.npy,20230305,Arecibo-Observatory,16:00:01,16:15:01,200,0.25,15.0,86.625,3600,0,False,,
win-Arecibo-Observatory-20230305-161501.npy,20230305,Arecibo-Observatory,16:15:01,16:29:57,200,0.25,15.0,86.625,3587,0,False,,
win-Arecibo-Observatory-20230305-163000.npy,20230305,Arecibo-Observatory,16:30:00,16:45:00,200,0.25,15.0,86.625,3600,1,False,,
win-Arecibo-Observatory-20230305-164500.npy,20230305,Arecibo-Observatory,16:45:00,17:00:00,200,0.25,15.0,86.625,3600,0,False,,
win-Arecibo-Observatory-20230305-170000.npy,20230305,Arecibo-Observatory,17:00:00,17:15:00,200,0.25,15.0,86.625,3600,0,False,,
win-Arecibo-Observatory-20230308-154501.npy,20230308,Arecibo-Observatory,15:45:01,16:00:01,200,0.25,15.0,86.625,3600,0,False,,
win-Arecibo-Observatory-20230308-160001.npy,20230308,Arecibo-Observatory,16:00:01,16:15:01,200,0.25,15.0,86.625,3600,0,False,,
win-Arecibo-Observatory-20230308-161501.npy,20230308,Arecibo-Observatory,16:15:01,16:29:57,200,0.25,15.0,86.625,3587,1,False,,
win-Arecibo-Observatory-20230308-163000.npy,20230308,Arecibo-Observatory,16:30:00,16:45:00,200,0.25,15.0,86.625,3600,0,False,,
win-Arecibo-Observatory-20230308-164459.npy,20230308,Arecibo-Observatory,16:44:59,16:59:59,200,0.25,15.0,86.625,3600,0,False,,
win-Arecibo-Observatory-20230310-124501.npy,20230310,Arecibo-Observatory,12:45:01,13:00:01,200,0.25,15.0,86.625,3600,0,False,,
win-Arecibo-Observatory-20230310-130001.npy,20230310,Arecibo-Observatory,13:00:01,13:15:01,200,0.25,15.0,86.625,3600,0,False,,
win-Arecibo-Observatory-20230310-131500.npy,20230310,Arecibo-Observatory,13:15:00,13:30:00,200,0.25,15.0,86.625,3600,1,False,,
win-Arecibo-Observatory-20230310-133001.npy,20230310,Arecibo-Observatory,13:30:01,13:45:01,200,0.25,15.0,86.625,3600,0,False,,
win-Arecibo-Observatory-20230310-134501.npy,20230310,Arecibo-Observatory,13:45:01,14:00:01,200,0.25,15.0,86.625,3600,0,False,,
win-Arecibo-Observatory-20230311-151501.npy,20230311,Arecibo-Observatory,15:15:01,15:30:01,200,0.25,15.0,86.625,3600,0,False,,
win-Arecibo-Observatory-20230311-153001.npy,20230311,Arecibo-Observatory,15:30:01,15:45:01,200,0.25,15.0,86.625,3600,0,False,,
win-Arecibo-Observatory-20230311-154501.npy,20230311,Arecibo-Observatory,15:45:01,16:00:01,200,0.25,15.0,86.625,3600,1,False,,
win-Arecibo-Observatory-20230311-160001.npy,20230311,Arecibo-Observatory,16:00:01,16:15:01,200,0.25,15.0,86.625,3600,0,False,,
win-Arecibo-Observatory-20230311-161501.npy,20230311,Arecibo-Observatory,16:15:01,16:29:57,200,0.25,15.0,86.625,3586,0,False,,
win-Arecibo-Observatory-20230312-151501.npy,20230312,Arecibo-Observatory,15:15:01,15:30:01,200,0.25,15.0,86.625,3600,0,False,,
win-Arecibo-Observatory-20230312-153001.npy,20230312,Arecibo-Observatory,15:30:01,15:45:01,200,0.25,15.0,86.625,3600,0,False,,
win-Arecibo-Observatory-20230312-154501.npy,20230312,Arecibo-Observatory,15:45:01,16:00:01,200,0.25,15.0,86.625,3600,0,True,only_edge_sliver_of_an_event,
win-Arecibo-Observatory-20230312-160001.npy,20230312,Arecibo-Observatory,16:00:01,16:15:01,200,0.25,15.0,86.625,3600,1,False,,
win-Arecibo-Observatory-20230312-161501.npy,20230312,Arecibo-Observatory,16:15:01,16:29:57,200,0.25,15.0,86.625,3587,0,False,,
win-Arecibo-Observatory-20230312-163000.npy,20230312,Arecibo-Observatory,16:30:00,16:45:00,200,0.25,15.0,86.625,3600,0,False,,
win-Arecibo-Observatory-20230312-184459.npy,20230312,Arecibo-Observatory,18:44:59,18:59:59,200,0.25,15.0,86.625,3600,0,False,,
win-Arecibo-Observatory-20230312-185959.npy,20230312,Arecibo-Observatory,18:59:59,19:14:59,200,0.25,15.0,86.625,3600,0,False,,
win-Arecibo-Observatory-20230312-191459.npy,20230312,Arecibo-Observatory,19:14:59,19:29:59,200,0.25,15.0,86.625,3600,1,False,,
win-Arecibo-Observatory-20230312-192959.npy,20230312,Arecibo-Observatory,19:29:59,19:44:59,200,0.25,15.0,86.625,3600,1,False,,
win-Arecibo-Observatory-20230312-194459.npy,20230312,Arecibo-Observatory,19:44:59,19:59:59,200,0.25,15.0,86.625,3600,0,False,,
win-Arecibo-Observatory-20230312-195959.npy,20230312,Arecibo-Observatory,19:59:59,20:14:59,200,0.25,15.0,86.625,3600,0,False,,
win-Arecibo-Observatory-20230313-144501.npy,20230313,Arecibo-Observatory,14:45:01,15:00:01,200,0.25,15.0,86.625,3600,0,False,,
win-Arecibo-Observatory-20230313-150001.npy,20230313,Arecibo-Observatory,15:00:01,15:15:01,200,0.25,15.0,86.625,3600,0,False,,
win-Arecibo-Observatory-20230313-151501.npy,20230313,Arecibo-Observatory,15:15:01,15:30:01,200,0.25,15.0,86.625,3600,1,False,,
win-Arecibo-Observatory-20230313-153001.npy,20230313,Arecibo-Observatory,15:30:01,15:45:01,200,0.25,15.0,86.625,3600,1,False,,
win-Arecibo-Observatory-20230313-154501.npy,20230313,Arecibo-Observatory,15:45:01,16:00:01,200,0.25,15.0,86.625,3600,0,False,,
win-Arecibo-Observatory-20230313-160001.npy,20230313,Arecibo-Observatory,16:00:01,16:15:01,200,0.25,15.0,86.625,3600,0,False,,
win-Arecibo-Observatory-20230314-143001.npy,20230314,Arecibo-Observatory,14:30:01,14:45:01,200,0.25,15.0,86.625,3600,0,False,,
win-Arecibo-Observatory-20230314-144501.npy,20230314,Arecibo-Observatory,14:45:01,15:00:01,200,0.25,15.0,86.625,3600,0,False,,
win-Arecibo-Observatory-20230314-150001.npy,20230314,Arecibo-Observatory,15:00:01,15:15:01,200,0.25,15.0,86.625,3600,1,False,,
win-Arecibo-Observatory-20230314-151501.npy,20230314,Arecibo-Observatory,15:15:01,15:30:01,200,0.25,15.0,86.625,3600,0,False,,
win-Arecibo-Observatory-20230314-153001.npy,20230314,Arecibo-Observatory,15:30:01,15:45:01,200,0.25,15.0,86.625,3600,0,False,,
win-Arecibo-Observatory-20230314-154501.npy,20230314,Arecibo-Observatory,15:45:01,16:00:01,200,0.25,15.0,86.625,3600,0,False,,
win-Arecibo-Observatory-20230314-160001.npy,20230314,Arecibo-Observatory,16:00:01,16:15:01,200,0.25,15.0,86.625,3600,0,False,,
win-Arecibo-Observatory-20230314-161501.npy,20230314,Arecibo-Observatory,16:15:01,16:29:57,200,0.25,15.0,86.625,3587,1,False,,
win-Arecibo-Observatory-20230314-163000.npy,20230314,Arecibo-Observatory,16:30:00,16:45:00,200,0.25,15.0,86.625,3600,0,False,,
win-Arecibo-Observatory-20230314-164459.npy,20230314,Arecibo-Observatory,16:44:59,16:59:59,200,0.25,15.0,86.625,3600,0,False,,
win-Arecibo-Observatory-20230315-133001.npy,20230315,Arecibo-Observatory,13:30:01,13:45:01,200,0.25,15.0,86.625,3600,0,False,,
win-Arecibo-Observatory-20230315-134501.npy,20230315,Arecibo-Observatory,13:45:01,14:00:01,200,0.25,15.0,86.625,3600,0,False,,
win-Arecibo-Observatory-20230315-140001.npy,20230315,Arecibo-Observatory,14:00:01,14:15:01,200,0.25,15.0,86.625,3600,1,False,,
win-Arecibo-Observatory-20230315-141501.npy,20230315,Arecibo-Observatory,14:15:01,14:30:01,200,0.25,15.0,86.625,3600,1,False,,
win-Arecibo-Observatory-20230315-143001.npy,20230315,Arecibo-Observatory,14:30:01,14:45:01,200,0.25,15.0,86.625,3600,0,False,,
win-Arecibo-Observatory-20230315-144501.npy,20230315,Arecibo-Observatory,14:45:01,15:00:01,200,0.25,15.0,86.625,3600,0,False,,
win-Arecibo-Observatory-20230315-153001.npy,20230315,Arecibo-Observatory,15:30:01,15:45:01,200,0.25,15.0,86.625,3600,0,False,,
win-Arecibo-Observatory-20230315-154501.npy,20230315,Arecibo-Observatory,15:45:01,16:00:01,200,0.25,15.0,86.625,3600,0,False,,
win-Arecibo-Observatory-20230315-160001.npy,20230315,Arecibo-Observatory,16:00:01,16:15:01,200,0.25,15.0,86.625,3600,1,False,,
win-Arecibo-Observatory-20230315-161501.npy,20230315,Arecibo-Observatory,16:15:01,16:29:57,200,0.25,15.0,86.625,3586,0,False,,
win-Arecibo-Observatory-20230315-163000.npy,20230315,Arecibo-Observatory,16:30:00,16:45:00,200,0.25,15.0,86.625,3600,0,False,,
win-Arecibo-Observatory-20230315-180000.npy,20230315,Arecibo-Observatory,18:00:00,18:15:00,200,0.25,15.0,86.625,3600,0,False,,
win-Arecibo-Observatory-20230315-181500.npy,20230315,Arecibo-Observatory,18:15:00,18:30:00,200,0.25,15.0,86.625,3600,0,False,,
win-Arecibo-Observatory-20230315-183000.npy,20230315,Arecibo-Observatory,18:30:00,18:45:00,200,0.25,15.0,86.625,3600,1,False,,
win-Arecibo-Observatory-20230315-184500.npy,20230315,Arecibo-Observatory,18:45:00,19:00:00,200,0.25,15.0,86.625,3600,0,False,,
win-Arecibo-Observatory-20230315-190000.npy,20230315,Arecibo-Observatory,19:00:00,19:15:00,200,0.25,15.0,86.625,3600,0,False,,
win-Arecibo-Observatory-20230317-163000.npy,20230317,Arecibo-Observatory,16:30:00,16:45:00,200,0.25,15.0,86.625,3600,0,True,offclass_event_in_negative_window,VI
win-Arecibo-Observatory-20230317-164500.npy,20230317,Arecibo-Observatory,16:45:00,17:00:00,200,0.25,15.0,86.625,3600,0,False,,
win-Arecibo-Observatory-20230317-170000.npy,20230317,Arecibo-Observatory,17:00:00,17:15:00,200,0.25,15.0,86.625,3600,1,False,,
win-Arecibo-Observatory-20230317-171500.npy,20230317,Arecibo-Observatory,17:15:00,17:30:00,200,0.25,15.0,86.625,3600,0,False,,
win-Arecibo-Observatory-20230317-173000.npy,20230317,Arecibo-Observatory,17:30:00,17:45:00,200,0.25,15.0,86.625,3600,0,False,,
win-Arecibo-Observatory-20230317-180000.npy,20230317,Arecibo-Observatory,18:00:00,18:15:00,200,0.25,15.0,86.625,3600,0,False,,
win-Arecibo-Observatory-20230317-181500.npy,20230317,Arecibo-Observatory,18:15:00,18:30:00,200,0.25,15.0,86.625,3600,0,False,,
win-Arecibo-Observatory-20230317-183000.npy,20230317,Arecibo-Observatory,18:30:00,18:45:00,200,0.25,15.0,86.625,3600,1,False,,
win-Arecibo-Observatory-20230317-184500.npy,20230317,Arecibo-Observatory,18:45:00,19:00:00,200,0.25,15.0,86.625,3600,1,False,,
win-Arecibo-Observatory-20230317-190000.npy,20230317,Arecibo-Observatory,19:00:00,19:15:00,200,0.25,15.0,86.625,3600,1,False,,
win-Arecibo-Observatory-20230317-191500.npy,20230317,Arecibo-Observatory,19:15:00,19:30:00,200,0.25,15.0,86.625,3600,0,False,,
win-Arecibo-Observatory-20230317-193000.npy,20230317,Arecibo-Observatory,19:30:00,19:45:00,200,0.25,15.0,86.625,3600,0,False,,
win-Arecibo-Observatory-20230318-130000.npy,20230318,Arecibo-Observatory,13:00:00,13:15:00,200,0.25,15.0,86.625,3600,0,True,offclass_event_in_negative_window,VI
win-Arecibo-Observatory-20230318-131501.npy,20230318,Arecibo-Observatory,13:15:01,13:30:01,200,0.25,15.0,86.625,3600,0,True,offclass_event_in_negative_window,VI
win-Arecibo-Observatory-20230318-133001.npy,20230318,Arecibo-Observatory,13:30:01,13:45:01,200,0.25,15.0,86.625,3600,1,False,,
win-Arecibo-Observatory-20230318-134501.npy,20230318,Arecibo-Observatory,13:45:01,14:00:01,200,0.25,15.0,86.625,3600,0,False,,
win-Arecibo-Observatory-20230318-140001.npy,20230318,Arecibo-Observatory,14:00:01,14:15:01,200,0.25,15.0,86.625,3600,0,False,,
win-Arecibo-Observatory-20230318-141501.npy,20230318,Arecibo-Observatory,14:15:01,14:30:01,200,0.25,15.0,86.625,3600,1,False,,
win-Arecibo-Observatory-20230318-143001.npy,20230318,Arecibo-Observatory,14:30:01,14:45:01,200,0.25,15.0,86.625,3600,0,False,,
win-Arecibo-Observatory-20230318-144501.npy,20230318,Arecibo-Observatory,14:45:01,15:00:01,200,0.25,15.0,86.625,3600,0,False,,
win-Arecibo-Observatory-20230318-150001.npy,20230318,Arecibo-Observatory,15:00:01,15:15:01,200,0.25,15.0,86.625,3600,0,False,,
win-Arecibo-Observatory-20230318-151501.npy,20230318,Arecibo-Observatory,15:15:01,15:30:01,200,0.25,15.0,86.625,3600,1,False,,
win-Arecibo-Observatory-20230318-153001.npy,20230318,Arecibo-Observatory,15:30:01,15:45:01,200,0.25,15.0,86.625,3600,0,False,,
win-Arecibo-Observatory-20230318-154501.npy,20230318,Arecibo-Observatory,15:45:01,16:00:01,200,0.25,15.0,86.625,3600,0,False,,
win-Arecibo-Observatory-20230318-165959.npy,20230318,Arecibo-Observatory,16:59:59,17:14:59,200,0.25,15.0,86.625,3600,0,False,,
win-Arecibo-Observatory-20230318-171459.npy,20230318,Arecibo-Observatory,17:14:59,17:29:59,200,0.25,15.0,86.625,3600,0,False,,
win-Arecibo-Observatory-20230318-172959.npy,20230318,Arecibo-Observatory,17:29:59,17:44:59,200,0.25,15.0,86.625,3600,1,False,,
win-Arecibo-Observatory-20230318-174459.npy,20230318,Arecibo-Observatory,17:44:59,17:59:59,200,0.25,15.0,86.625,3600,1,False,,
win-Arecibo-Observatory-20230318-175959.npy,20230318,Arecibo-Observatory,17:59:59,18:14:59,200,0.25,15.0,86.625,3600,0,False,,
win-Arecibo-Observatory-20230318-181459.npy,20230318,Arecibo-Observatory,18:14:59,18:29:59,200,0.25,15.0,86.625,3600,0,True,offclass_event_in_negative_window,CTM
win-Arecibo-Observatory-20230318-182959.npy,20230318,Arecibo-Observatory,18:29:59,18:44:59,200,0.25,15.0,86.625,3600,0,True,offclass_event_in_negative_window,CTM
win-Arecibo-Observatory-20230318-184459.npy,20230318,Arecibo-Observatory,18:44:59,18:59:59,200,0.25,15.0,86.625,3600,0,True,offclass_event_in_negative_window,CTM
win-Arecibo-Observatory-20230318-185959.npy,20230318,Arecibo-Observatory,18:59:59,19:14:59,200,0.25,15.0,86.625,3600,1,False,,
win-Arecibo-Observatory-20230318-191459.npy,20230318,Arecibo-Observatory,19:14:59,19:29:59,200,0.25,15.0,86.625,3600,0,False,,
win-Arecibo-Observatory-20230318-192959.npy,20230318,Arecibo-Observatory,19:29:59,19:44:59,200,0.25,15.0,86.625,3600,0,False,,
win-Arecibo-Observatory-20230319-134501.npy,20230319,Arecibo-Observatory,13:45:01,14:00:01,200,0.25,15.0,86.625,3600,0,False,,
win-Arecibo-Observatory-20230319-140001.npy,20230319,Arecibo-Observatory,14:00:01,14:15:01,200,0.25,15.0,86.625,3600,0,False,,
win-Arecibo-Observatory-20230319-141501.npy,20230319,Arecibo-Observatory,14:15:01,14:30:01,200,0.25,15.0,86.625,3600,1,False,,
win-Arecibo-Observatory-20230319-143001.npy,20230319,Arecibo-Observatory,14:30:01,14:45:01,200,0.25,15.0,86.625,3600,0,False,,
win-Arecibo-Observatory-20230319-144501.npy,20230319,Arecibo-Observatory,14:45:01,15:00:01,200,0.25,15.0,86.625,3600,1,False,,
win-Arecibo-Observatory-20230319-150001.npy,20230319,Arecibo-Observatory,15:00:01,15:15:01,200,0.25,15.0,86.625,3600,0,True,offclass_event_in_negative_window,CTM
win-Arecibo-Observatory-20230319-151501.npy,20230319,Arecibo-Observatory,15:15:01,15:30:01,200,0.25,15.0,86.625,3600,0,True,offclass_event_in_negative_window,CTM
win-Arecibo-Observatory-20230319-154501.npy,20230319,Arecibo-Observatory,15:45:01,16:00:01,200,0.25,15.0,86.625,3600,0,False,,
win-Arecibo-Observatory-20230319-160001.npy,20230319,Arecibo-Observatory,16:00:01,16:15:01,200,0.25,15.0,86.625,3600,0,False,,
win-Arecibo-Observatory-20230319-161501.npy,20230319,Arecibo-Observatory,16:15:01,16:29:57,200,0.25,15.0,86.625,3587,1,False,,
win-Arecibo-Observatory-20230319-163000.npy,20230319,Arecibo-Observatory,16:30:00,16:45:00,200,0.25,15.0,86.625,3600,0,False,,
win-Arecibo-Observatory-20230319-164500.npy,20230319,Arecibo-Observatory,16:45:00,17:00:00,200,0.25,15.0,86.625,3600,0,False,,
win-Arecibo-Observatory-20230319-173000.npy,20230319,Arecibo-Observatory,17:30:00,17:45:00,200,0.25,15.0,86.625,3600,0,False,,
win-Arecibo-Observatory-20230319-174500.npy,20230319,Arecibo-Observatory,17:45:00,18:00:00,200,0.25,15.0,86.625,3600,0,False,,
win-Arecibo-Observatory-20230319-180000.npy,20230319,Arecibo-Observatory,18:00:00,18:15:00,200,0.25,15.0,86.625,3600,1,False,,
win-Arecibo-Observatory-20230319-181500.npy,20230319,Arecibo-Observatory,18:15:00,18:30:00,200,0.25,15.0,86.625,3600,0,True,offclass_event_in_negative_window,VI
win-Arecibo-Observatory-20230319-183001.npy,20230319,Arecibo-Observatory,18:30:01,18:45:01,200,0.25,15.0,86.625,3600,0,True,offclass_event_in_negative_window,VI
win-Arecibo-Observatory-20230319-191501.npy,20230319,Arecibo-Observatory,19:15:01,19:30:01,200,0.25,15.0,86.625,3600,0,False,,
win-Arecibo-Observatory-20230319-193000.npy,20230319,Arecibo-Observatory,19:30:00,19:45:00,200,0.25,15.0,86.625,3600,0,False,,
win-Arecibo-Observatory-20230319-194500.npy,20230319,Arecibo-Observatory,19:45:00,20:00:00,200,0.25,15.0,86.625,3600,0,False,,
win-Arecibo-Observatory-20230319-200001.npy,20230319,Arecibo-Observatory,20:00:01,20:15:01,200,0.25,15.0,86.625,3600,1,False,,
win-Arecibo-Observatory-20230319-201501.npy,20230319,Arecibo-Observatory,20:15:01,20:30:01,200,0.25,15.0,86.625,3600,0,False,,
win-Arecibo-Observatory-20230319-203001.npy,20230319,Arecibo-Observatory,20:30:01,20:45:01,200,0.25,15.0,86.625,3600,0,False,,
win-Arecibo-Observatory-20230321-150001.npy,20230321,Arecibo-Observatory,15:00:01,15:15:01,200,0.25,15.0,86.625,3600,0,False,,
win-Arecibo-Observatory-20230321-151501.npy,20230321,Arecibo-Observatory,15:15:01,15:30:01,200,0.25,15.0,86.625,3600,0,False,,
win-Arecibo-Observatory-20230321-153001.npy,20230321,Arecibo-Observatory,15:30:01,15:45:01,200,0.25,15.0,86.625,3600,1,False,,
win-Arecibo-Observatory-20230321-154501.npy,20230321,Arecibo-Observatory,15:45:01,16:00:01,200,0.25,15.0,86.625,3600,0,True,offclass_event_in_negative_window,VI
win-Arecibo-Observatory-20230321-160001.npy,20230321,Arecibo-Observatory,16:00:01,16:15:01,200,0.25,15.0,86.625,3600,0,True,offclass_event_in_negative_window,VI
win-Arecibo-Observatory-20230321-170000.npy,20230321,Arecibo-Observatory,17:00:00,17:15:00,200,0.25,15.0,86.625,3600,0,False,,
win-Arecibo-Observatory-20230321-171500.npy,20230321,Arecibo-Observatory,17:15:00,17:30:00,200,0.25,15.0,86.625,3600,0,False,,
win-Arecibo-Observatory-20230321-173000.npy,20230321,Arecibo-Observatory,17:30:00,17:45:00,200,0.25,15.0,86.625,3600,1,False,,
win-Arecibo-Observatory-20230321-174500.npy,20230321,Arecibo-Observatory,17:45:00,18:00:00,200,0.25,15.0,86.625,3600,2,False,,
win-Arecibo-Observatory-20230321-180000.npy,20230321,Arecibo-Observatory,18:00:00,18:15:00,200,0.25,15.0,86.625,3600,0,False,,
win-Arecibo-Observatory-20230321-181500.npy,20230321,Arecibo-Observatory,18:15:00,18:30:00,200,0.25,15.0,86.625,3600,0,False,,
win-Arecibo-Observatory-20230321-183000.npy,20230321,Arecibo-Observatory,18:30:00,18:45:00,200,0.25,15.0,86.625,3600,1,False,,
win-Arecibo-Observatory-20230321-184501.npy,20230321,Arecibo-Observatory,18:45:01,19:00:01,200,0.25,15.0,86.625,3600,0,False,,
win-Arecibo-Observatory-20230321-190001.npy,20230321,Arecibo-Observatory,19:00:01,19:15:01,200,0.25,15.0,86.625,3600,0,False,,
win-Arecibo-Observatory-20230322-121500.npy,20230322,Arecibo-Observatory,12:15:00,12:30:00,200,0.25,15.0,86.625,3600,0,False,,
win-Arecibo-Observatory-20230322-123000.npy,20230322,Arecibo-Observatory,12:30:00,12:45:00,200,0.25,15.0,86.625,3600,0,False,,
win-Arecibo-Observatory-20230322-124500.npy,20230322,Arecibo-Observatory,12:45:00,13:00:00,200,0.25,15.0,86.625,3600,1,False,,
win-Arecibo-Observatory-20230322-130000.npy,20230322,Arecibo-Observatory,13:00:00,13:15:00,200,0.25,15.0,86.625,3600,0,False,,
win-Arecibo-Observatory-20230322-131501.npy,20230322,Arecibo-Observatory,13:15:01,13:30:01,200,0.25,15.0,86.625,3600,0,False,,
win-Arecibo-Observatory-20230322-133000.npy,20230322,Arecibo-Observatory,13:30:00,13:45:00,200,0.25,15.0,86.625,3600,0,False,,
win-Arecibo-Observatory-20230322-134501.npy,20230322,Arecibo-Observatory,13:45:01,14:00:01,200,0.25,15.0,86.625,3600,1,False,,
win-Arecibo-Observatory-20230322-140001.npy,20230322,Arecibo-Observatory,14:00:01,14:15:01,200,0.25,15.0,86.625,3600,0,True,offclass_event_in_negative_window,VI
win-Arecibo-Observatory-20230322-141501.npy,20230322,Arecibo-Observatory,14:15:01,14:30:01,200,0.25,15.0,86.625,3600,0,True,offclass_event_in_negative_window,VI
win-Arecibo-Observatory-20230322-185959.npy,20230322,Arecibo-Observatory,18:59:59,19:14:59,200,0.25,15.0,86.625,3600,0,False,,
win-Arecibo-Observatory-20230322-191459.npy,20230322,Arecibo-Observatory,19:14:59,19:29:59,200,0.25,15.0,86.625,3600,0,False,,
win-Arecibo-Observatory-20230322-192959.npy,20230322,Arecibo-Observatory,19:29:59,19:44:59,200,0.25,15.0,86.625,3600,1,False,,RBR
win-Arecibo-Observatory-20230322-194459.npy,20230322,Arecibo-Observatory,19:44:59,19:59:59,200,0.25,15.0,86.625,3600,0,True,offclass_event_in_negative_window,VI
win-Arecibo-Observatory-20230322-195959.npy,20230322,Arecibo-Observatory,19:59:59,20:14:59,200,0.25,15.0,86.625,3600,0,True,offclass_event_in_negative_window,VI
win-Arecibo-Observatory-20230323-111500.npy,20230323,Arecibo-Observatory,11:15:00,11:30:00,200,0.25,15.0,86.625,3600,0,False,,
win-Arecibo-Observatory-20230323-113000.npy,20230323,Arecibo-Observatory,11:30:00,11:45:00,200,0.25,15.0,86.625,3600,0,False,,
win-Arecibo-Observatory-20230323-114500.npy,20230323,Arecibo-Observatory,11:45:00,12:00:00,200,0.25,15.0,86.625,3600,1,False,,
win-Arecibo-Observatory-20230323-120000.npy,20230323,Arecibo-Observatory,12:00:00,12:15:00,200,0.25,15.0,86.625,3600,0,False,,
win-Arecibo-Observatory-20230323-121500.npy,20230323,Arecibo-Observatory,12:15:00,12:30:00,200,0.25,15.0,86.625,3600,0,False,,
win-Arecibo-Observatory-20230323-124501.npy,20230323,Arecibo-Observatory,12:45:01,13:00:01,200,0.25,15.0,86.625,3600,0,False,,
win-Arecibo-Observatory-20230323-130001.npy,20230323,Arecibo-Observatory,13:00:01,13:15:01,200,0.25,15.0,86.625,3600,0,False,,
win-Arecibo-Observatory-20230323-131501.npy,20230323,Arecibo-Observatory,13:15:01,13:30:01,200,0.25,15.0,86.625,3600,1,False,,
win-Arecibo-Observatory-20230323-133001.npy,20230323,Arecibo-Observatory,13:30:01,13:45:01,200,0.25,15.0,86.625,3600,0,False,,
win-Arecibo-Observatory-20230323-134501.npy,20230323,Arecibo-Observatory,13:45:01,14:00:01,200,0.25,15.0,86.625,3600,0,False,,
win-Arecibo-Observatory-20230323-140001.npy,20230323,Arecibo-Observatory,14:00:01,14:15:01,200,0.25,15.0,86.625,3600,1,False,,
win-Arecibo-Observatory-20230323-141501.npy,20230323,Arecibo-Observatory,14:15:01,14:30:01,200,0.25,15.0,86.625,3600,1,False,,
win-Arecibo-Observatory-20230323-143001.npy,20230323,Arecibo-Observatory,14:30:01,14:45:01,200,0.25,15.0,86.625,3600,0,False,,
win-Arecibo-Observatory-20230323-144501.npy,20230323,Arecibo-Observatory,14:45:01,15:00:01,200,0.25,15.0,86.625,3600,0,False,,
win-Arecibo-Observatory-20230323-151501.npy,20230323,Arecibo-Observatory,15:15:01,15:30:01,200,0.25,15.0,86.625,3600,0,False,,
win-Arecibo-Observatory-20230323-153001.npy,20230323,Arecibo-Observatory,15:30:01,15:45:01,200,0.25,15.0,86.625,3600,0,False,,
win-Arecibo-Observatory-20230323-154501.npy,20230323,Arecibo-Observatory,15:45:01,16:00:01,200,0.25,15.0,86.625,3600,1,False,,CTM
win-Arecibo-Observatory-20230323-160001.npy,20230323,Arecibo-Observatory,16:00:01,16:15:01,200,0.25,15.0,86.625,3600,0,True,offclass_event_in_negative_window,CTM
win-Arecibo-Observatory-20230323-161501.npy,20230323,Arecibo-Observatory,16:15:01,16:29:57,200,0.25,15.0,86.625,3586,0,True,offclass_event_in_negative_window,CTM
win-Arecibo-Observatory-20230323-170000.npy,20230323,Arecibo-Observatory,17:00:00,17:15:00,200,0.25,15.0,86.625,3600,0,False,,
win-Arecibo-Observatory-20230323-171500.npy,20230323,Arecibo-Observatory,17:15:00,17:30:00,200,0.25,15.0,86.625,3600,0,False,,
win-Arecibo-Observatory-20230323-173000.npy,20230323,Arecibo-Observatory,17:30:00,17:45:00,200,0.25,15.0,86.625,3600,1,False,,
win-Arecibo-Observatory-20230323-174500.npy,20230323,Arecibo-Observatory,17:45:00,18:00:00,200,0.25,15.0,86.625,3600,0,False,,
win-Arecibo-Observatory-20230323-180000.npy,20230323,Arecibo-Observatory,18:00:00,18:15:00,200,0.25,15.0,86.625,3600,0,False,,
win-Arecibo-Observatory-20230323-181500.npy,20230323,Arecibo-Observatory,18:15:00,18:30:00,200,0.25,15.0,86.625,3600,0,False,,
win-Arecibo-Observatory-20230323-183000.npy,20230323,Arecibo-Observatory,18:30:00,18:45:00,200,0.25,15.0,86.625,3600,0,False,,
win-Arecibo-Observatory-20230323-184500.npy,20230323,Arecibo-Observatory,18:45:00,19:00:00,200,0.25,15.0,86.625,3600,1,False,,
win-Arecibo-Observatory-20230323-190001.npy,20230323,Arecibo-Observatory,19:00:01,19:15:01,200,0.25,15.0,86.625,3600,0,False,,
win-Arecibo-Observatory-20230323-191501.npy,20230323,Arecibo-Observatory,19:15:01,19:30:01,200,0.25,15.0,86.625,3600,1,False,,
win-Arecibo-Observatory-20230323-193001.npy,20230323,Arecibo-Observatory,19:30:01,19:45:01,200,0.25,15.0,86.625,3600,0,False,,
win-Arecibo-Observatory-20230323-194501.npy,20230323,Arecibo-Observatory,19:45:01,20:00:01,200,0.25,15.0,86.625,3600,0,False,,
win-Arecibo-Observatory-20230324-191459.npy,20230324,Arecibo-Observatory,19:14:59,19:29:59,200,0.25,15.0,86.625,3600,0,False,,
win-Arecibo-Observatory-20230324-192959.npy,20230324,Arecibo-Observatory,19:29:59,19:44:59,200,0.25,15.0,86.625,3600,0,False,,
win-Arecibo-Observatory-20230324-194459.npy,20230324,Arecibo-Observatory,19:44:59,19:59:59,200,0.25,15.0,86.625,3600,1,False,,
win-Arecibo-Observatory-20230324-195959.npy,20230324,Arecibo-Observatory,19:59:59,20:14:59,200,0.25,15.0,86.625,3600,0,False,,
win-Arecibo-Observatory-20230324-201459.npy,20230324,Arecibo-Observatory,20:14:59,20:29:59,200,0.25,15.0,86.625,3600,0,False,,
win-Arecibo-Observatory-20230325-110000.npy,20230325,Arecibo-Observatory,11:00:00,11:15:00,200,0.25,15.0,86.625,3600,0,False,,
win-Arecibo-Observatory-20230325-111500.npy,20230325,Arecibo-Observatory,11:15:00,11:30:00,200,0.25,15.0,86.625,3600,0,False,,
win-Arecibo-Observatory-20230325-113000.npy,20230325,Arecibo-Observatory,11:30:00,11:45:00,200,0.25,15.0,86.625,3600,1,False,,
win-Arecibo-Observatory-20230325-114500.npy,20230325,Arecibo-Observatory,11:45:00,12:00:00,200,0.25,15.0,86.625,3600,0,False,,
win-Arecibo-Observatory-20230325-120000.npy,20230325,Arecibo-Observatory,12:00:00,12:15:00,200,0.25,15.0,86.625,3600,0,False,,
win-Arecibo-Observatory-20230325-160001.npy,20230325,Arecibo-Observatory,16:00:01,16:15:01,200,0.25,15.0,86.625,3600,0,False,,
win-Arecibo-Observatory-20230325-161501.npy,20230325,Arecibo-Observatory,16:15:01,16:29:57,200,0.25,15.0,86.625,3587,0,False,,
win-Arecibo-Observatory-20230325-163000.npy,20230325,Arecibo-Observatory,16:30:00,16:45:00,200,0.25,15.0,86.625,3600,1,False,,
win-Arecibo-Observatory-20230325-164501.npy,20230325,Arecibo-Observatory,16:45:01,17:00:01,200,0.25,15.0,86.625,3600,0,False,,
win-Arecibo-Observatory-20230325-170000.npy,20230325,Arecibo-Observatory,17:00:00,17:15:00,200,0.25,15.0,86.625,3600,0,False,,
win-Arecibo-Observatory-20230325-171501.npy,20230325,Arecibo-Observatory,17:15:01,17:30:01,200,0.25,15.0,86.625,3600,0,False,,
win-Arecibo-Observatory-20230325-173001.npy,20230325,Arecibo-Observatory,17:30:01,17:45:01,200,0.25,15.0,86.625,3600,0,False,,
win-Arecibo-Observatory-20230325-174500.npy,20230325,Arecibo-Observatory,17:45:00,18:00:00,200,0.25,15.0,86.625,3600,1,False,,
win-Arecibo-Observatory-20230325-180001.npy,20230325,Arecibo-Observatory,18:00:01,18:15:01,200,0.25,15.0,86.625,3600,0,False,,
win-Arecibo-Observatory-20230325-181501.npy,20230325,Arecibo-Observatory,18:15:01,18:30:01,200,0.25,15.0,86.625,3600,0,False,,
win-Arecibo-Observatory-20230325-184501.npy,20230325,Arecibo-Observatory,18:45:01,19:00:01,200,0.25,15.0,86.625,3600,0,False,,
win-Arecibo-Observatory-20230325-190001.npy,20230325,Arecibo-Observatory,19:00:01,19:15:01,200,0.25,15.0,86.625,3600,0,False,,
win-Arecibo-Observatory-20230325-191501.npy,20230325,Arecibo-Observatory,19:15:01,19:30:01,200,0.25,15.0,86.625,3600,1,False,,
win-Arecibo-Observatory-20230325-193001.npy,20230325,Arecibo-Observatory,19:30:01,19:45:01,200,0.25,15.0,86.625,3600,0,False,,
win-Arecibo-Observatory-20230325-194501.npy,20230325,Arecibo-Observatory,19:45:01,20:00:01,200,0.25,15.0,86.625,3600,0,False,,
win-Arecibo-Observatory-20230326-111500.npy,20230326,Arecibo-Observatory,11:15:00,11:30:00,200,0.25,15.0,86.625,3600,0,False,,
win-Arecibo-Observatory-20230326-113000.npy,20230326,Arecibo-Observatory,11:30:00,11:45:00,200,0.25,15.0,86.625,3600,0,False,,
win-Arecibo-Observatory-20230326-114500.npy,20230326,Arecibo-Observatory,11:45:00,12:00:00,200,0.25,15.0,86.625,3600,1,False,,
win-Arecibo-Observatory-20230326-120000.npy,20230326,Arecibo-Observatory,12:00:00,12:15:00,200,0.25,15.0,86.625,3600,0,False,,
win-Arecibo-Observatory-20230326-121501.npy,20230326,Arecibo-Observatory,12:15:01,12:30:01,200,0.25,15.0,86.625,3600,1,False,,
win-Arecibo-Observatory-20230326-123000.npy,20230326,Arecibo-Observatory,12:30:00,12:45:00,200,0.25,15.0,86.625,3600,0,False,,
win-Arecibo-Observatory-20230326-124501.npy,20230326,Arecibo-Observatory,12:45:01,13:00:01,200,0.25,15.0,86.625,3600,0,True,offclass_event_in_negative_window,III
win-Arecibo-Observatory-20230326-140001.npy,20230326,Arecibo-Observatory,14:00:01,14:15:01,200,0.25,15.0,86.625,3600,0,False,,
win-Arecibo-Observatory-20230326-141501.npy,20230326,Arecibo-Observatory,14:15:01,14:30:01,200,0.25,15.0,86.625,3600,0,False,,
win-Arecibo-Observatory-20230326-143001.npy,20230326,Arecibo-Observatory,14:30:01,14:45:01,200,0.25,15.0,86.625,3600,1,False,,
win-Arecibo-Observatory-20230326-144501.npy,20230326,Arecibo-Observatory,14:45:01,15:00:01,200,0.25,15.0,86.625,3600,1,False,,
win-Arecibo-Observatory-20230326-150001.npy,20230326,Arecibo-Observatory,15:00:01,15:15:01,200,0.25,15.0,86.625,3600,1,False,,
win-Arecibo-Observatory-20230326-151501.npy,20230326,Arecibo-Observatory,15:15:01,15:30:01,200,0.25,15.0,86.625,3600,0,True,offclass_event_in_negative_window,VI
win-Arecibo-Observatory-20230326-153001.npy,20230326,Arecibo-Observatory,15:30:01,15:45:01,200,0.25,15.0,86.625,3600,0,True,offclass_event_in_negative_window,VI
win-Arecibo-Observatory-20230327-140001.npy,20230327,Arecibo-Observatory,14:00:01,14:15:01,200,0.25,15.0,86.625,3600,0,False,,
win-Arecibo-Observatory-20230327-141501.npy,20230327,Arecibo-Observatory,14:15:01,14:30:01,200,0.25,15.0,86.625,3600,0,False,,
win-Arecibo-Observatory-20230327-143001.npy,20230327,Arecibo-Observatory,14:30:01,14:45:01,200,0.25,15.0,86.625,3600,1,False,,
win-Arecibo-Observatory-20230327-144501.npy,20230327,Arecibo-Observatory,14:45:01,15:00:01,200,0.25,15.0,86.625,3600,0,False,,
win-Arecibo-Observatory-20230327-150001.npy,20230327,Arecibo-Observatory,15:00:01,15:15:01,200,0.25,15.0,86.625,3600,0,False,,
win-Arecibo-Observatory-20230327-151501.npy,20230327,Arecibo-Observatory,15:15:01,15:30:01,200,0.25,15.0,86.625,3600,0,False,,
win-Arecibo-Observatory-20230327-153001.npy,20230327,Arecibo-Observatory,15:30:01,15:45:01,200,0.25,15.0,86.625,3600,0,True,only_edge_sliver_of_an_event,
win-Arecibo-Observatory-20230327-154501.npy,20230327,Arecibo-Observatory,15:45:01,16:00:01,200,0.25,15.0,86.625,3600,1,False,,
win-Arecibo-Observatory-20230327-160001.npy,20230327,Arecibo-Observatory,16:00:01,16:15:01,200,0.25,15.0,86.625,3600,1,False,,
win-Arecibo-Observatory-20230327-161501.npy,20230327,Arecibo-Observatory,16:15:01,16:29:57,200,0.25,15.0,86.625,3586,0,False,,
win-Arecibo-Observatory-20230327-163000.npy,20230327,Arecibo-Observatory,16:30:00,16:45:00,200,0.25,15.0,86.625,3600,0,False,,
win-Arecibo-Observatory-20230329-130939.npy,20230329,Arecibo-Observatory,13:09:39,13:24:39,200,0.25,15.0,86.625,3600,0,False,,
win-Arecibo-Observatory-20230329-132439.npy,20230329,Arecibo-Observatory,13:24:39,13:39:39,200,0.25,15.0,86.625,3600,0,False,,
win-Arecibo-Observatory-20230329-133939.npy,20230329,Arecibo-Observatory,13:39:39,13:54:39,200,0.25,15.0,86.625,3600,1,False,,
win-Arecibo-Observatory-20230329-135439.npy,20230329,Arecibo-Observatory,13:54:39,14:09:39,200,0.25,15.0,86.625,3600,1,False,,
win-Arecibo-Observatory-20230329-140939.npy,20230329,Arecibo-Observatory,14:09:39,14:24:39,200,0.25,15.0,86.625,3600,0,False,,
win-Arecibo-Observatory-20230329-142440.npy,20230329,Arecibo-Observatory,14:24:40,14:39:40,200,0.25,15.0,86.625,3600,0,False,,
win-Arecibo-Observatory-20230329-150940.npy,20230329,Arecibo-Observatory,15:09:40,15:24:40,200,0.25,15.0,86.625,3600,0,False,,
win-Arecibo-Observatory-20230329-152439.npy,20230329,Arecibo-Observatory,15:24:39,15:39:39,200,0.25,15.0,86.625,3600,0,False,,
win-Arecibo-Observatory-20230329-153940.npy,20230329,Arecibo-Observatory,15:39:40,15:54:40,200,0.25,15.0,86.625,3600,1,False,,
win-Arecibo-Observatory-20230329-155440.npy,20230329,Arecibo-Observatory,15:54:40,16:09:40,200,0.25,15.0,86.625,3600,0,False,,
win-Arecibo-Observatory-20230329-160940.npy,20230329,Arecibo-Observatory,16:09:40,16:24:40,200,0.25,15.0,86.625,3600,0,False,,
win-Arecibo-Observatory-20230329-173000.npy,20230329,Arecibo-Observatory,17:30:00,17:45:00,200,0.25,15.0,86.625,3600,0,False,,
win-Arecibo-Observatory-20230329-174500.npy,20230329,Arecibo-Observatory,17:45:00,18:00:00,200,0.25,15.0,86.625,3600,0,False,,
win-Arecibo-Observatory-20230329-180000.npy,20230329,Arecibo-Observatory,18:00:00,18:15:00,200,0.25,15.0,86.625,3600,1,False,,
win-Arecibo-Observatory-20230329-181500.npy,20230329,Arecibo-Observatory,18:15:00,18:30:00,200,0.25,15.0,86.625,3600,1,False,,
win-Arecibo-Observatory-20230329-183000.npy,20230329,Arecibo-Observatory,18:30:00,18:45:00,200,0.25,15.0,86.625,3600,0,False,,
win-Arecibo-Observatory-20230329-184500.npy,20230329,Arecibo-Observatory,18:45:00,19:00:00,200,0.25,15.0,86.625,3600,0,False,,
win-Arecibo-Observatory-20230330-150001.npy,20230330,Arecibo-Observatory,15:00:01,15:15:01,200,0.25,15.0,86.625,3600,0,False,,
win-Arecibo-Observatory-20230330-151501.npy,20230330,Arecibo-Observatory,15:15:01,15:30:01,200,0.25,15.0,86.625,3600,0,False,,
win-Arecibo-Observatory-20230330-153001.npy,20230330,Arecibo-Observatory,15:30:01,15:45:01,200,0.25,15.0,86.625,3600,1,False,,
win-Arecibo-Observatory-20230330-154501.npy,20230330,Arecibo-Observatory,15:45:01,16:00:01,200,0.25,15.0,86.625,3600,0,False,,
win-Arecibo-Observatory-20230330-160001.npy,20230330,Arecibo-Observatory,16:00:01,16:15:01,200,0.25,15.0,86.625,3600,0,False,,
win-Arecibo-Observatory-20230330-161501.npy,20230330,Arecibo-Observatory,16:15:01,16:29:57,200,0.25,15.0,86.625,3586,1,False,,
win-Arecibo-Observatory-20230330-163000.npy,20230330,Arecibo-Observatory,16:30:00,16:45:00,200,0.25,15.0,86.625,3600,0,False,,
win-Arecibo-Observatory-20230330-164459.npy,20230330,Arecibo-Observatory,16:44:59,16:59:59,200,0.25,15.0,86.625,3600,1,False,,
win-Arecibo-Observatory-20230330-165959.npy,20230330,Arecibo-Observatory,16:59:59,17:14:59,200,0.25,15.0,86.625,3600,0,False,,
win-Arecibo-Observatory-20230330-171459.npy,20230330,Arecibo-Observatory,17:14:59,17:29:59,200,0.25,15.0,86.625,3600,0,False,,
win-Arecibo-Observatory-20230330-172959.npy,20230330,Arecibo-Observatory,17:29:59,17:44:59,200,0.25,15.0,86.625,3600,1,False,,
win-Arecibo-Observatory-20230330-174459.npy,20230330,Arecibo-Observatory,17:44:59,17:59:59,200,0.25,15.0,86.625,3600,0,False,,
win-Arecibo-Observatory-20230330-175959.npy,20230330,Arecibo-Observatory,17:59:59,18:14:59,200,0.25,15.0,86.625,3600,0,False,,
win-Arecibo-Observatory-20230331-104500.npy,20230331,Arecibo-Observatory,10:45:00,11:00:00,200,0.25,15.0,86.625,3600,0,False,,
win-Arecibo-Observatory-20230331-110000.npy,20230331,Arecibo-Observatory,11:00:00,11:15:00,200,0.25,15.0,86.625,3600,0,False,,
win-Arecibo-Observatory-20230331-111500.npy,20230331,Arecibo-Observatory,11:15:00,11:30:00,200,0.25,15.0,86.625,3600,1,False,,
win-Arecibo-Observatory-20230331-113000.npy,20230331,Arecibo-Observatory,11:30:00,11:45:00,200,0.25,15.0,86.625,3600,0,False,,
win-Arecibo-Observatory-20230331-114500.npy,20230331,Arecibo-Observatory,11:45:00,12:00:00,200,0.25,15.0,86.625,3600,0,False,,
win-Arecibo-Observatory-20230331-131501.npy,20230331,Arecibo-Observatory,13:15:01,13:30:01,200,0.25,15.0,86.625,3600,0,False,,
win-Arecibo-Observatory-20230331-133000.npy,20230331,Arecibo-Observatory,13:30:00,13:45:00,200,0.25,15.0,86.625,3600,0,False,,
win-Arecibo-Observatory-20230331-134500.npy,20230331,Arecibo-Observatory,13:45:00,14:00:00,200,0.25,15.0,86.625,3600,1,False,,
win-Arecibo-Observatory-20230331-140001.npy,20230331,Arecibo-Observatory,14:00:01,14:15:01,200,0.25,15.0,86.625,3600,0,False,,
win-Arecibo-Observatory-20230331-141500.npy,20230331,Arecibo-Observatory,14:15:00,14:30:00,200,0.25,15.0,86.625,3600,0,False,,
win-Arecibo-Observatory-20230331-154501.npy,20230331,Arecibo-Observatory,15:45:01,16:00:01,200,0.25,15.0,86.625,3600,0,False,,
win-Arecibo-Observatory-20230331-160001.npy,20230331,Arecibo-Observatory,16:00:01,16:15:01,200,0.25,15.0,86.625,3600,0,False,,
win-Arecibo-Observatory-20230331-161501.npy,20230331,Arecibo-Observatory,16:15:01,16:29:57,200,0.25,15.0,86.625,3587,1,False,,
win-Arecibo-Observatory-20230331-163000.npy,20230331,Arecibo-Observatory,16:30:00,16:45:00,200,0.25,15.0,86.625,3600,0,False,,
win-Arecibo-Observatory-20230331-164500.npy,20230331,Arecibo-Observatory,16:45:00,17:00:00,200,0.25,15.0,86.625,3600,0,False,,
win-Arecibo-Observatory-20230331-173000.npy,20230331,Arecibo-Observatory,17:30:00,17:45:00,200,0.25,15.0,86.625,3600,0,False,,
win-Arecibo-Observatory-20230331-174500.npy,20230331,Arecibo-Observatory,17:45:00,18:00:00,200,0.25,15.0,86.625,3600,0,False,,
win-Arecibo-Observatory-20230331-180000.npy,20230331,Arecibo-Observatory,18:00:00,18:15:00,200,0.25,15.0,86.625,3600,1,False,,
win-Arecibo-Observatory-20230331-181500.npy,20230331,Arecibo-Observatory,18:15:00,18:30:00,200,0.25,15.0,86.625,3600,0,False,,
win-Arecibo-Observatory-20230331-183000.npy,20230331,Arecibo-Observatory,18:30:00,18:45:00,200,0.25,15.0,86.625,3600,0,False,,
win-Arecibo-Observatory-20230401-134501.npy,20230401,Arecibo-Observatory,13:45:01,14:00:01,200,0.25,15.0,86.625,3600,0,False,,
win-Arecibo-Observatory-20230401-140001.npy,20230401,Arecibo-Observatory,14:00:01,14:15:01,200,0.25,15.0,86.625,3600,0,False,,
win-Arecibo-Observatory-20230401-141501.npy,20230401,Arecibo-Observatory,14:15:01,14:30:01,200,0.25,15.0,86.625,3600,0,True,only_edge_sliver_of_an_event,
win-Arecibo-Observatory-20230401-143001.npy,20230401,Arecibo-Observatory,14:30:01,14:45:01,200,0.25,15.0,86.625,3600,1,False,,
win-Arecibo-Observatory-20230401-144501.npy,20230401,Arecibo-Observatory,14:45:01,15:00:01,200,0.25,15.0,86.625,3600,0,False,,
win-Arecibo-Observatory-20230401-150001.npy,20230401,Arecibo-Observatory,15:00:01,15:15:01,200,0.25,15.0,86.625,3600,0,False,,
win-Arecibo-Observatory-20230402-133001.npy,20230402,Arecibo-Observatory,13:30:01,13:45:01,200,0.25,15.0,86.625,3600,0,False,,
win-Arecibo-Observatory-20230402-134501.npy,20230402,Arecibo-Observatory,13:45:01,14:00:01,200,0.25,15.0,86.625,3600,0,False,,
win-Arecibo-Observatory-20230402-140001.npy,20230402,Arecibo-Observatory,14:00:01,14:15:01,200,0.25,15.0,86.625,3600,1,False,,
win-Arecibo-Observatory-20230402-141501.npy,20230402,Arecibo-Observatory,14:15:01,14:30:01,200,0.25,15.0,86.625,3600,0,False,,
win-Arecibo-Observatory-20230402-143001.npy,20230402,Arecibo-Observatory,14:30:01,14:45:01,200,0.25,15.0,86.625,3600,0,False,,
win-Arecibo-Observatory-20230402-174500.npy,20230402,Arecibo-Observatory,17:45:00,18:00:00,200,0.25,15.0,86.625,3600,0,False,,
win-Arecibo-Observatory-20230402-180000.npy,20230402,Arecibo-Observatory,18:00:00,18:15:00,200,0.25,15.0,86.625,3600,0,False,,
win-Arecibo-Observatory-20230402-181500.npy,20230402,Arecibo-Observatory,18:15:00,18:30:00,200,0.25,15.0,86.625,3600,1,False,,
win-Arecibo-Observatory-20230402-183000.npy,20230402,Arecibo-Observatory,18:30:00,18:45:00,200,0.25,15.0,86.625,3600,0,False,,
win-Arecibo-Observatory-20230402-184500.npy,20230402,Arecibo-Observatory,18:45:00,19:00:00,200,0.25,15.0,86.625,3600,0,False,,
win-Arecibo-Observatory-20230404-144501.npy,20230404,Arecibo-Observatory,14:45:01,15:00:01,200,0.25,15.0,86.625,3600,0,False,,
win-Arecibo-Observatory-20230404-150001.npy,20230404,Arecibo-Observatory,15:00:01,15:15:01,200,0.25,15.0,86.625,3600,0,False,,
win-Arecibo-Observatory-20230404-151501.npy,20230404,Arecibo-Observatory,15:15:01,15:30:01,200,0.25,15.0,86.625,3600,1,False,,
win-Arecibo-Observatory-20230404-153001.npy,20230404,Arecibo-Observatory,15:30:01,15:45:01,200,0.25,15.0,86.625,3600,0,False,,
win-Arecibo-Observatory-20230404-154501.npy,20230404,Arecibo-Observatory,15:45:01,16:00:01,200,0.25,15.0,86.625,3600,0,False,,
win-Arecibo-Observatory-20230404-160001.npy,20230404,Arecibo-Observatory,16:00:01,16:15:01,200,0.25,15.0,86.625,3600,2,False,,
win-Arecibo-Observatory-20230404-161501.npy,20230404,Arecibo-Observatory,16:15:01,16:29:57,200,0.25,15.0,86.625,3587,0,False,,
win-Arecibo-Observatory-20230404-163000.npy,20230404,Arecibo-Observatory,16:30:00,16:45:00,200,0.25,15.0,86.625,3600,0,False,,
win-Arecibo-Observatory-20230405-151501.npy,20230405,Arecibo-Observatory,15:15:01,15:30:01,200,0.25,15.0,86.625,3600,0,False,,
win-Arecibo-Observatory-20230405-153001.npy,20230405,Arecibo-Observatory,15:30:01,15:45:01,200,0.25,15.0,86.625,3600,0,False,,
win-Arecibo-Observatory-20230405-154501.npy,20230405,Arecibo-Observatory,15:45:01,16:00:01,200,0.25,15.0,86.625,3600,1,False,,
win-Arecibo-Observatory-20230405-160001.npy,20230405,Arecibo-Observatory,16:00:01,16:15:01,200,0.25,15.0,86.625,3600,0,False,,
win-Arecibo-Observatory-20230405-161501.npy,20230405,Arecibo-Observatory,16:15:01,16:29:57,200,0.25,15.0,86.625,3586,0,False,,
win-Arecibo-Observatory-20230406-160001.npy,20230406,Arecibo-Observatory,16:00:01,16:15:01,200,0.25,15.0,86.625,3600,0,False,,
win-Arecibo-Observatory-20230406-161501.npy,20230406,Arecibo-Observatory,16:15:01,16:29:57,200,0.25,15.0,86.625,3586,0,False,,
win-Arecibo-Observatory-20230406-163000.npy,20230406,Arecibo-Observatory,16:30:00,16:45:00,200,0.25,15.0,86.625,3600,1,False,,CTM
win-Arecibo-Observatory-20230406-164500.npy,20230406,Arecibo-Observatory,16:45:00,17:00:00,200,0.25,15.0,86.625,3600,0,True,offclass_event_in_negative_window,CTM
win-Arecibo-Observatory-20230406-170000.npy,20230406,Arecibo-Observatory,17:00:00,17:15:00,200,0.25,15.0,86.625,3600,0,True,offclass_event_in_negative_window,CTM
win-Arecibo-Observatory-20230406-171500.npy,20230406,Arecibo-Observatory,17:15:00,17:30:00,200,0.25,15.0,86.625,3600,0,True,offclass_event_in_negative_window,CTM
win-Arecibo-Observatory-20230407-134501.npy,20230407,Arecibo-Observatory,13:45:01,14:00:01,200,0.25,15.0,86.625,3600,0,False,,
win-Arecibo-Observatory-20230407-140001.npy,20230407,Arecibo-Observatory,14:00:01,14:15:01,200,0.25,15.0,86.625,3600,0,False,,
win-Arecibo-Observatory-20230407-141501.npy,20230407,Arecibo-Observatory,14:15:01,14:30:01,200,0.25,15.0,86.625,3600,1,False,,
win-Arecibo-Observatory-20230407-143001.npy,20230407,Arecibo-Observatory,14:30:01,14:45:01,200,0.25,15.0,86.625,3600,0,False,,
win-Arecibo-Observatory-20230407-144501.npy,20230407,Arecibo-Observatory,14:45:01,15:00:01,200,0.25,15.0,86.625,3600,0,False,,
win-Arecibo-Observatory-20230407-165959.npy,20230407,Arecibo-Observatory,16:59:59,17:14:59,200,0.25,15.0,86.625,3600,0,False,,
win-Arecibo-Observatory-20230407-171459.npy,20230407,Arecibo-Observatory,17:14:59,17:29:59,200,0.25,15.0,86.625,3600,0,False,,
win-Arecibo-Observatory-20230407-172959.npy,20230407,Arecibo-Observatory,17:29:59,17:44:59,200,0.25,15.0,86.625,3600,1,False,,
win-Arecibo-Observatory-20230407-174459.npy,20230407,Arecibo-Observatory,17:44:59,17:59:59,200,0.25,15.0,86.625,3600,0,False,,
win-Arecibo-Observatory-20230407-175959.npy,20230407,Arecibo-Observatory,17:59:59,18:14:59,200,0.25,15.0,86.625,3600,0,False,,
win-Arecibo-Observatory-20230408-123000.npy,20230408,Arecibo-Observatory,12:30:00,12:45:00,200,0.25,15.0,86.625,3600,0,False,,
win-Arecibo-Observatory-20230408-124501.npy,20230408,Arecibo-Observatory,12:45:01,13:00:01,200,0.25,15.0,86.625,3600,0,False,,
win-Arecibo-Observatory-20230408-130001.npy,20230408,Arecibo-Observatory,13:00:01,13:15:01,200,0.25,15.0,86.625,3600,1,False,,
win-Arecibo-Observatory-20230408-131501.npy,20230408,Arecibo-Observatory,13:15:01,13:30:01,200,0.25,15.0,86.625,3600,1,False,,
win-Arecibo-Observatory-20230408-133001.npy,20230408,Arecibo-Observatory,13:30:01,13:45:01,200,0.25,15.0,86.625,3600,0,False,,
win-Arecibo-Observatory-20230408-134500.npy,20230408,Arecibo-Observatory,13:45:00,14:00:00,200,0.25,15.0,86.625,3600,0,False,,
win-Arecibo-Observatory-20230408-140001.npy,20230408,Arecibo-Observatory,14:00:01,14:15:01,200,0.25,15.0,86.625,3600,1,False,,
win-Arecibo-Observatory-20230408-141501.npy,20230408,Arecibo-Observatory,14:15:01,14:30:01,200,0.25,15.0,86.625,3600,0,False,,
win-Arecibo-Observatory-20230408-143001.npy,20230408,Arecibo-Observatory,14:30:01,14:45:01,200,0.25,15.0,86.625,3600,0,False,,
win-Arecibo-Observatory-20230408-164500.npy,20230408,Arecibo-Observatory,16:45:00,17:00:00,200,0.25,15.0,86.625,3600,0,False,,
win-Arecibo-Observatory-20230408-170000.npy,20230408,Arecibo-Observatory,17:00:00,17:15:00,200,0.25,15.0,86.625,3600,0,False,,
win-Arecibo-Observatory-20230408-171500.npy,20230408,Arecibo-Observatory,17:15:00,17:30:00,200,0.25,15.0,86.625,3600,1,False,,
win-Arecibo-Observatory-20230408-173000.npy,20230408,Arecibo-Observatory,17:30:00,17:45:00,200,0.25,15.0,86.625,3600,0,False,,
win-Arecibo-Observatory-20230408-174500.npy,20230408,Arecibo-Observatory,17:45:00,18:00:00,200,0.25,15.0,86.625,3600,0,False,,
win-Arecibo-Observatory-20230409-175959.npy,20230409,Arecibo-Observatory,17:59:59,18:14:59,200,0.25,15.0,86.625,3600,0,False,,
win-Arecibo-Observatory-20230409-181459.npy,20230409,Arecibo-Observatory,18:14:59,18:29:59,200,0.25,15.0,86.625,3600,0,False,,
win-Arecibo-Observatory-20230409-182959.npy,20230409,Arecibo-Observatory,18:29:59,18:44:59,200,0.25,15.0,86.625,3600,1,False,,
win-Arecibo-Observatory-20230409-184459.npy,20230409,Arecibo-Observatory,18:44:59,18:59:59,200,0.25,15.0,86.625,3600,0,False,,
win-Arecibo-Observatory-20230409-185959.npy,20230409,Arecibo-Observatory,18:59:59,19:14:59,200,0.25,15.0,86.625,3600,0,False,,
win-Arecibo-Observatory-20230411-110000.npy,20230411,Arecibo-Observatory,11:00:00,11:15:00,200,0.25,15.0,86.625,3600,0,False,,
win-Arecibo-Observatory-20230411-111501.npy,20230411,Arecibo-Observatory,11:15:01,11:30:01,200,0.25,15.0,86.625,3600,0,False,,
win-Arecibo-Observatory-20230411-113001.npy,20230411,Arecibo-Observatory,11:30:01,11:45:01,200,0.25,15.0,86.625,3600,0,True,only_edge_sliver_of_an_event,
win-Arecibo-Observatory-20230411-114501.npy,20230411,Arecibo-Observatory,11:45:01,12:00:01,200,0.25,15.0,86.625,3600,1,False,,
win-Arecibo-Observatory-20230411-120000.npy,20230411,Arecibo-Observatory,12:00:00,12:15:00,200,0.25,15.0,86.625,3600,0,False,,
win-Arecibo-Observatory-20230411-121501.npy,20230411,Arecibo-Observatory,12:15:01,12:30:01,200,0.25,15.0,86.625,3600,0,False,,
win-Arecibo-Observatory-20230411-163000.npy,20230411,Arecibo-Observatory,16:30:00,16:45:00,200,0.25,15.0,86.625,3600,0,False,,
win-Arecibo-Observatory-20230411-164459.npy,20230411,Arecibo-Observatory,16:44:59,16:59:59,200,0.25,15.0,86.625,3600,0,False,,
win-Arecibo-Observatory-20230411-165959.npy,20230411,Arecibo-Observatory,16:59:59,17:14:59,200,0.25,15.0,86.625,3600,1,False,,
win-Arecibo-Observatory-20230411-171459.npy,20230411,Arecibo-Observatory,17:14:59,17:29:59,200,0.25,15.0,86.625,3600,0,True,offclass_event_in_negative_window,VI
win-Arecibo-Observatory-20230411-172959.npy,20230411,Arecibo-Observatory,17:29:59,17:44:59,200,0.25,15.0,86.625,3600,0,True,offclass_event_in_negative_window,VI
win-Arecibo-Observatory-20230411-174459.npy,20230411,Arecibo-Observatory,17:44:59,17:59:59,200,0.25,15.0,86.625,3600,0,False,,
win-Arecibo-Observatory-20230411-175959.npy,20230411,Arecibo-Observatory,17:59:59,18:14:59,200,0.25,15.0,86.625,3600,1,False,,
win-Arecibo-Observatory-20230411-181459.npy,20230411,Arecibo-Observatory,18:14:59,18:29:59,200,0.25,15.0,86.625,3600,0,False,,
win-Arecibo-Observatory-20230411-182959.npy,20230411,Arecibo-Observatory,18:29:59,18:44:59,200,0.25,15.0,86.625,3600,0,False,,
win-Arecibo-Observatory-20230413-110000.npy,20230413,Arecibo-Observatory,11:00:00,11:15:00,200,0.25,15.0,86.625,3600,0,False,,
win-Arecibo-Observatory-20230413-111500.npy,20230413,Arecibo-Observatory,11:15:00,11:30:00,200,0.25,15.0,86.625,3600,0,False,,
win-Arecibo-Observatory-20230413-113000.npy,20230413,Arecibo-Observatory,11:30:00,11:45:00,200,0.25,15.0,86.625,3600,1,False,,
win-Arecibo-Observatory-20230413-114500.npy,20230413,Arecibo-Observatory,11:45:00,12:00:00,200,0.25,15.0,86.625,3600,1,False,,
win-Arecibo-Observatory-20230413-120000.npy,20230413,Arecibo-Observatory,12:00:00,12:15:00,200,0.25,15.0,86.625,3600,1,False,,
win-Arecibo-Observatory-20230413-121500.npy,20230413,Arecibo-Observatory,12:15:00,12:30:00,200,0.25,15.0,86.625,3600,0,False,,
win-Arecibo-Observatory-20230413-123000.npy,20230413,Arecibo-Observatory,12:30:00,12:45:00,200,0.25,15.0,86.625,3600,0,False,,
win-Arecibo-Observatory-20230413-133000.npy,20230413,Arecibo-Observatory,13:30:00,13:45:00,200,0.25,15.0,86.625,3600,0,False,,
win-Arecibo-Observatory-20230413-134501.npy,20230413,Arecibo-Observatory,13:45:01,14:00:01,200,0.25,15.0,86.625,3600,0,False,,
win-Arecibo-Observatory-20230413-140000.npy,20230413,Arecibo-Observatory,14:00:00,14:15:00,200,0.25,15.0,86.625,3600,0,False,,
win-Arecibo-Observatory-20230413-141501.npy,20230413,Arecibo-Observatory,14:15:01,14:30:01,200,0.25,15.0,86.625,3600,1,False,,
win-Arecibo-Observatory-20230413-143001.npy,20230413,Arecibo-Observatory,14:30:01,14:45:01,200,0.25,15.0,86.625,3600,0,False,,
win-Arecibo-Observatory-20230413-144500.npy,20230413,Arecibo-Observatory,14:45:00,15:00:00,200,0.25,15.0,86.625,3600,0,False,,
win-Arecibo-Observatory-20230413-173000.npy,20230413,Arecibo-Observatory,17:30:00,17:45:00,200,0.25,15.0,86.625,3600,0,False,,
win-Arecibo-Observatory-20230413-174500.npy,20230413,Arecibo-Observatory,17:45:00,18:00:00,200,0.25,15.0,86.625,3600,0,False,,
win-Arecibo-Observatory-20230413-180000.npy,20230413,Arecibo-Observatory,18:00:00,18:15:00,200,0.25,15.0,86.625,3600,1,False,,
win-Arecibo-Observatory-20230413-181500.npy,20230413,Arecibo-Observatory,18:15:00,18:30:00,200,0.25,15.0,86.625,3600,0,False,,
win-Arecibo-Observatory-20230413-183000.npy,20230413,Arecibo-Observatory,18:30:00,18:45:00,200,0.25,15.0,86.625,3600,0,False,,
win-Arecibo-Observatory-20230413-184500.npy,20230413,Arecibo-Observatory,18:45:00,19:00:00,200,0.25,15.0,86.625,3600,0,False,,
win-Arecibo-Observatory-20230413-190001.npy,20230413,Arecibo-Observatory,19:00:01,19:15:01,200,0.25,15.0,86.625,3600,1,False,,
win-Arecibo-Observatory-20230413-191500.npy,20230413,Arecibo-Observatory,19:15:00,19:30:00,200,0.25,15.0,86.625,3600,0,False,,
win-Arecibo-Observatory-20230413-193001.npy,20230413,Arecibo-Observatory,19:30:01,19:45:01,200,0.25,15.0,86.625,3600,0,False,,
win-Arecibo-Observatory-20230414-133001.npy,20230414,Arecibo-Observatory,13:30:01,13:45:01,200,0.25,15.0,86.625,3600,0,False,,
win-Arecibo-Observatory-20230414-134501.npy,20230414,Arecibo-Observatory,13:45:01,14:00:01,200,0.25,15.0,86.625,3600,0,False,,
win-Arecibo-Observatory-20230414-140001.npy,20230414,Arecibo-Observatory,14:00:01,14:15:01,200,0.25,15.0,86.625,3600,1,False,,
win-Arecibo-Observatory-20230414-141501.npy,20230414,Arecibo-Observatory,14:15:01,14:30:01,200,0.25,15.0,86.625,3600,0,False,,
win-Arecibo-Observatory-20230414-143001.npy,20230414,Arecibo-Observatory,14:30:01,14:45:01,200,0.25,15.0,86.625,3600,0,False,,
win-Arecibo-Observatory-20230414-151501.npy,20230414,Arecibo-Observatory,15:15:01,15:30:01,200,0.25,15.0,86.625,3600,0,False,,
win-Arecibo-Observatory-20230414-153001.npy,20230414,Arecibo-Observatory,15:30:01,15:45:01,200,0.25,15.0,86.625,3600,0,False,,
win-Arecibo-Observatory-20230414-154501.npy,20230414,Arecibo-Observatory,15:45:01,16:00:01,200,0.25,15.0,86.625,3600,1,False,,
win-Arecibo-Observatory-20230414-160001.npy,20230414,Arecibo-Observatory,16:00:01,16:15:01,200,0.25,15.0,86.625,3600,0,False,,
win-Arecibo-Observatory-20230414-161501.npy,20230414,Arecibo-Observatory,16:15:01,16:29:57,200,0.25,15.0,86.625,3586,0,False,,
win-Arecibo-Observatory-20230414-164500.npy,20230414,Arecibo-Observatory,16:45:00,17:00:00,200,0.25,15.0,86.625,3600,0,False,,
win-Arecibo-Observatory-20230414-170000.npy,20230414,Arecibo-Observatory,17:00:00,17:15:00,200,0.25,15.0,86.625,3600,0,False,,
win-Arecibo-Observatory-20230414-171500.npy,20230414,Arecibo-Observatory,17:15:00,17:30:00,200,0.25,15.0,86.625,3600,1,False,,
win-Arecibo-Observatory-20230414-173000.npy,20230414,Arecibo-Observatory,17:30:00,17:45:00,200,0.25,15.0,86.625,3600,0,False,,
win-Arecibo-Observatory-20230414-174500.npy,20230414,Arecibo-Observatory,17:45:00,18:00:00,200,0.25,15.0,86.625,3600,0,False,,
win-Arecibo-Observatory-20230415-124500.npy,20230415,Arecibo-Observatory,12:45:00,13:00:00,200,0.25,15.0,86.625,3600,0,False,,
win-Arecibo-Observatory-20230415-130000.npy,20230415,Arecibo-Observatory,13:00:00,13:15:00,200,0.25,15.0,86.625,3600,0,False,,
win-Arecibo-Observatory-20230415-131500.npy,20230415,Arecibo-Observatory,13:15:00,13:30:00,200,0.25,15.0,86.625,3600,1,False,,
win-Arecibo-Observatory-20230415-133000.npy,20230415,Arecibo-Observatory,13:30:00,13:45:00,200,0.25,15.0,86.625,3600,0,False,,
win-Arecibo-Observatory-20230415-134501.npy,20230415,Arecibo-Observatory,13:45:01,14:00:01,200,0.25,15.0,86.625,3600,0,False,,
win-Arecibo-Observatory-20230415-141501.npy,20230415,Arecibo-Observatory,14:15:01,14:30:01,200,0.25,15.0,86.625,3600,0,False,,
win-Arecibo-Observatory-20230415-143001.npy,20230415,Arecibo-Observatory,14:30:01,14:45:01,200,0.25,15.0,86.625,3600,0,False,,
win-Arecibo-Observatory-20230415-144501.npy,20230415,Arecibo-Observatory,14:45:01,15:00:01,200,0.25,15.0,86.625,3600,0,True,only_edge_sliver_of_an_event,
win-Arecibo-Observatory-20230415-150001.npy,20230415,Arecibo-Observatory,15:00:01,15:15:01,200,0.25,15.0,86.625,3600,1,False,,
win-Arecibo-Observatory-20230415-151501.npy,20230415,Arecibo-Observatory,15:15:01,15:30:01,200,0.25,15.0,86.625,3600,0,False,,
win-Arecibo-Observatory-20230415-153001.npy,20230415,Arecibo-Observatory,15:30:01,15:45:01,200,0.25,15.0,86.625,3600,0,False,,
win-Arecibo-Observatory-20230416-111500.npy,20230416,Arecibo-Observatory,11:15:00,11:30:00,200,0.25,15.0,86.625,3600,0,False,,
win-Arecibo-Observatory-20230416-113000.npy,20230416,Arecibo-Observatory,11:30:00,11:45:00,200,0.25,15.0,86.625,3600,0,False,,
win-Arecibo-Observatory-20230416-114500.npy,20230416,Arecibo-Observatory,11:45:00,12:00:00,200,0.25,15.0,86.625,3600,1,False,,
win-Arecibo-Observatory-20230416-120001.npy,20230416,Arecibo-Observatory,12:00:01,12:15:01,200,0.25,15.0,86.625,3600,0,False,,
win-Arecibo-Observatory-20230416-121500.npy,20230416,Arecibo-Observatory,12:15:00,12:30:00,200,0.25,15.0,86.625,3600,0,False,,
win-Arecibo-Observatory-20230416-141501.npy,20230416,Arecibo-Observatory,14:15:01,14:30:01,200,0.25,15.0,86.625,3600,0,False,,
win-Arecibo-Observatory-20230416-143001.npy,20230416,Arecibo-Observatory,14:30:01,14:45:01,200,0.25,15.0,86.625,3600,0,False,,
win-Arecibo-Observatory-20230416-144501.npy,20230416,Arecibo-Observatory,14:45:01,15:00:01,200,0.25,15.0,86.625,3600,1,False,,
win-Arecibo-Observatory-20230416-150001.npy,20230416,Arecibo-Observatory,15:00:01,15:15:01,200,0.25,15.0,86.625,3600,0,True,offclass_event_in_negative_window,VI
win-Arecibo-Observatory-20230416-151501.npy,20230416,Arecibo-Observatory,15:15:01,15:30:01,200,0.25,15.0,86.625,3600,0,True,offclass_event_in_negative_window,VI
win-Arecibo-Observatory-20230416-163000.npy,20230416,Arecibo-Observatory,16:30:00,16:45:00,200,0.25,15.0,86.625,3600,0,False,,
win-Arecibo-Observatory-20230416-164500.npy,20230416,Arecibo-Observatory,16:45:00,17:00:00,200,0.25,15.0,86.625,3600,0,False,,
win-Arecibo-Observatory-20230416-170000.npy,20230416,Arecibo-Observatory,17:00:00,17:15:00,200,0.25,15.0,86.625,3600,1,False,,
win-Arecibo-Observatory-20230416-171500.npy,20230416,Arecibo-Observatory,17:15:00,17:30:00,200,0.25,15.0,86.625,3600,0,False,,
win-Arecibo-Observatory-20230416-173000.npy,20230416,Arecibo-Observatory,17:30:00,17:45:00,200,0.25,15.0,86.625,3600,0,False,,
win-Arecibo-Observatory-20230417-114500.npy,20230417,Arecibo-Observatory,11:45:00,12:00:00,200,0.25,15.0,86.625,3600,0,False,,
win-Arecibo-Observatory-20230417-120000.npy,20230417,Arecibo-Observatory,12:00:00,12:15:00,200,0.25,15.0,86.625,3600,0,False,,
win-Arecibo-Observatory-20230417-121500.npy,20230417,Arecibo-Observatory,12:15:00,12:30:00,200,0.25,15.0,86.625,3600,1,False,,
win-Arecibo-Observatory-20230417-123001.npy,20230417,Arecibo-Observatory,12:30:01,12:45:01,200,0.25,15.0,86.625,3600,0,False,,
win-Arecibo-Observatory-20230417-124501.npy,20230417,Arecibo-Observatory,12:45:01,13:00:01,200,0.25,15.0,86.625,3600,0,False,,
win-Arecibo-Observatory-20230417-130001.npy,20230417,Arecibo-Observatory,13:00:01,13:15:01,200,0.25,15.0,86.625,3600,0,False,,
win-Arecibo-Observatory-20230417-131501.npy,20230417,Arecibo-Observatory,13:15:01,13:30:01,200,0.25,15.0,86.625,3600,1,False,,
win-Arecibo-Observatory-20230417-133000.npy,20230417,Arecibo-Observatory,13:30:00,13:45:00,200,0.25,15.0,86.625,3600,0,False,,
win-Arecibo-Observatory-20230417-134501.npy,20230417,Arecibo-Observatory,13:45:01,14:00:01,200,0.25,15.0,86.625,3600,0,False,,
win-Arecibo-Observatory-20230417-140001.npy,20230417,Arecibo-Observatory,14:00:01,14:15:01,200,0.25,15.0,86.625,3600,0,False,,
win-Arecibo-Observatory-20230417-141501.npy,20230417,Arecibo-Observatory,14:15:01,14:30:01,200,0.25,15.0,86.625,3600,1,False,,
win-Arecibo-Observatory-20230417-143001.npy,20230417,Arecibo-Observatory,14:30:01,14:45:01,200,0.25,15.0,86.625,3600,1,False,,
win-Arecibo-Observatory-20230417-144501.npy,20230417,Arecibo-Observatory,14:45:01,15:00:01,200,0.25,15.0,86.625,3600,0,False,,
win-Arecibo-Observatory-20230417-150001.npy,20230417,Arecibo-Observatory,15:00:01,15:15:01,200,0.25,15.0,86.625,3600,0,False,,
win-Arecibo-Observatory-20230417-154501.npy,20230417,Arecibo-Observatory,15:45:01,16:00:01,200,0.25,15.0,86.625,3600,0,False,,
win-Arecibo-Observatory-20230417-160001.npy,20230417,Arecibo-Observatory,16:00:01,16:15:01,200,0.25,15.0,86.625,3600,0,False,,
win-Arecibo-Observatory-20230417-161501.npy,20230417,Arecibo-Observatory,16:15:01,16:29:57,200,0.25,15.0,86.625,3586,1,False,,
win-Arecibo-Observatory-20230417-163000.npy,20230417,Arecibo-Observatory,16:30:00,16:45:00,200,0.25,15.0,86.625,3600,0,False,,
win-Arecibo-Observatory-20230417-164500.npy,20230417,Arecibo-Observatory,16:45:00,17:00:00,200,0.25,15.0,86.625,3600,0,False,,
win-Arecibo-Observatory-20230417-171500.npy,20230417,Arecibo-Observatory,17:15:00,17:30:00,200,0.25,15.0,86.625,3600,0,False,,
win-Arecibo-Observatory-20230417-173000.npy,20230417,Arecibo-Observatory,17:30:00,17:45:00,200,0.25,15.0,86.625,3600,0,False,,
win-Arecibo-Observatory-20230417-174500.npy,20230417,Arecibo-Observatory,17:45:00,18:00:00,200,0.25,15.0,86.625,3600,1,False,,
win-Arecibo-Observatory-20230417-180000.npy,20230417,Arecibo-Observatory,18:00:00,18:15:00,200,0.25,15.0,86.625,3600,0,False,,
win-Arecibo-Observatory-20230417-181500.npy,20230417,Arecibo-Observatory,18:15:00,18:30:00,200,0.25,15.0,86.625,3600,0,False,,
win-Arecibo-Observatory-20230417-191501.npy,20230417,Arecibo-Observatory,19:15:01,19:30:01,200,0.25,15.0,86.625,3600,0,False,,
win-Arecibo-Observatory-20230417-193001.npy,20230417,Arecibo-Observatory,19:30:01,19:45:01,200,0.25,15.0,86.625,3600,0,False,,
win-Arecibo-Observatory-20230417-194501.npy,20230417,Arecibo-Observatory,19:45:01,20:00:01,200,0.25,15.0,86.625,3600,1,False,,
win-Arecibo-Observatory-20230417-200001.npy,20230417,Arecibo-Observatory,20:00:01,20:15:01,200,0.25,15.0,86.625,3600,0,False,,
win-Arecibo-Observatory-20230417-201501.npy,20230417,Arecibo-Observatory,20:15:01,20:30:01,200,0.25,15.0,86.625,3600,0,False,,
win-Arecibo-Observatory-20230418-144501.npy,20230418,Arecibo-Observatory,14:45:01,15:00:01,200,0.25,15.0,86.625,3600,0,False,,
win-Arecibo-Observatory-20230418-150001.npy,20230418,Arecibo-Observatory,15:00:01,15:15:01,200,0.25,15.0,86.625,3600,0,False,,
win-Arecibo-Observatory-20230418-151501.npy,20230418,Arecibo-Observatory,15:15:01,15:30:01,200,0.25,15.0,86.625,3600,1,False,,
win-Arecibo-Observatory-20230418-153001.npy,20230418,Arecibo-Observatory,15:30:01,15:45:01,200,0.25,15.0,86.625,3600,0,False,,
win-Arecibo-Observatory-20230418-154501.npy,20230418,Arecibo-Observatory,15:45:01,16:00:01,200,0.25,15.0,86.625,3600,0,False,,
win-Arecibo-Observatory-20230418-163000.npy,20230418,Arecibo-Observatory,16:30:00,16:45:00,200,0.25,15.0,86.625,3600,0,False,,
win-Arecibo-Observatory-20230418-164459.npy,20230418,Arecibo-Observatory,16:44:59,16:59:59,200,0.25,15.0,86.625,3600,0,False,,
win-Arecibo-Observatory-20230418-165959.npy,20230418,Arecibo-Observatory,16:59:59,17:14:59,200,0.25,15.0,86.625,3600,1,False,,
win-Arecibo-Observatory-20230418-171459.npy,20230418,Arecibo-Observatory,17:14:59,17:29:59,200,0.25,15.0,86.625,3600,1,False,,U
win-Arecibo-Observatory-20230418-172959.npy,20230418,Arecibo-Observatory,17:29:59,17:44:59,200,0.25,15.0,86.625,3600,0,False,,
win-Arecibo-Observatory-20230418-174459.npy,20230418,Arecibo-Observatory,17:44:59,17:59:59,200,0.25,15.0,86.625,3600,0,False,,
win-Arecibo-Observatory-20230419-114500.npy,20230419,Arecibo-Observatory,11:45:00,12:00:00,200,0.25,15.0,86.625,3600,0,False,,
win-Arecibo-Observatory-20230419-120000.npy,20230419,Arecibo-Observatory,12:00:00,12:15:00,200,0.25,15.0,86.625,3600,0,False,,
win-Arecibo-Observatory-20230419-121501.npy,20230419,Arecibo-Observatory,12:15:01,12:30:01,200,0.25,15.0,86.625,3600,1,False,,
win-Arecibo-Observatory-20230419-123001.npy,20230419,Arecibo-Observatory,12:30:01,12:45:01,200,0.25,15.0,86.625,3600,0,False,,
win-Arecibo-Observatory-20230419-124501.npy,20230419,Arecibo-Observatory,12:45:01,13:00:01,200,0.25,15.0,86.625,3600,0,False,,
win-Arecibo-Observatory-20230419-130001.npy,20230419,Arecibo-Observatory,13:00:01,13:15:01,200,0.25,15.0,86.625,3600,0,False,,
win-Arecibo-Observatory-20230419-131501.npy,20230419,Arecibo-Observatory,13:15:01,13:30:01,200,0.25,15.0,86.625,3600,1,False,,
win-Arecibo-Observatory-20230419-133001.npy,20230419,Arecibo-Observatory,13:30:01,13:45:01,200,0.25,15.0,86.625,3600,0,False,,
win-Arecibo-Observatory-20230419-134501.npy,20230419,Arecibo-Observatory,13:45:01,14:00:01,200,0.25,15.0,86.625,3600,1,False,,
win-Arecibo-Observatory-20230419-140001.npy,20230419,Arecibo-Observatory,14:00:01,14:15:01,200,0.25,15.0,86.625,3600,0,False,,
win-Arecibo-Observatory-20230419-141501.npy,20230419,Arecibo-Observatory,14:15:01,14:30:01,200,0.25,15.0,86.625,3600,0,False,,
win-Arecibo-Observatory-20230420-144501.npy,20230420,Arecibo-Observatory,14:45:01,15:00:01,200,0.25,15.0,86.625,3600,0,False,,
win-Arecibo-Observatory-20230420-150001.npy,20230420,Arecibo-Observatory,15:00:01,15:15:01,200,0.25,15.0,86.625,3600,0,False,,
win-Arecibo-Observatory-20230420-151501.npy,20230420,Arecibo-Observatory,15:15:01,15:30:01,200,0.25,15.0,86.625,3600,1,False,,
win-Arecibo-Observatory-20230420-153001.npy,20230420,Arecibo-Observatory,15:30:01,15:45:01,200,0.25,15.0,86.625,3600,0,False,,
win-Arecibo-Observatory-20230420-154501.npy,20230420,Arecibo-Observatory,15:45:01,16:00:01,200,0.25,15.0,86.625,3600,0,False,,
win-Arecibo-Observatory-20230420-164500.npy,20230420,Arecibo-Observatory,16:45:00,17:00:00,200,0.25,15.0,86.625,3600,0,False,,
win-Arecibo-Observatory-20230420-170000.npy,20230420,Arecibo-Observatory,17:00:00,17:15:00,200,0.25,15.0,86.625,3600,0,False,,
win-Arecibo-Observatory-20230420-171500.npy,20230420,Arecibo-Observatory,17:15:00,17:30:00,200,0.25,15.0,86.625,3600,1,False,,
win-Arecibo-Observatory-20230420-173000.npy,20230420,Arecibo-Observatory,17:30:00,17:45:00,200,0.25,15.0,86.625,3600,0,False,,
win-Arecibo-Observatory-20230420-174500.npy,20230420,Arecibo-Observatory,17:45:00,18:00:00,200,0.25,15.0,86.625,3600,0,False,,
win-Arecibo-Observatory-20230420-181500.npy,20230420,Arecibo-Observatory,18:15:00,18:30:00,200,0.25,15.0,86.625,3600,0,False,,
win-Arecibo-Observatory-20230420-183001.npy,20230420,Arecibo-Observatory,18:30:01,18:45:01,200,0.25,15.0,86.625,3600,0,False,,
win-Arecibo-Observatory-20230420-184501.npy,20230420,Arecibo-Observatory,18:45:01,19:00:01,200,0.25,15.0,86.625,3600,1,False,,
win-Arecibo-Observatory-20230420-190001.npy,20230420,Arecibo-Observatory,19:00:01,19:15:01,200,0.25,15.0,86.625,3600,0,False,,
win-Arecibo-Observatory-20230420-191501.npy,20230420,Arecibo-Observatory,19:15:01,19:30:01,200,0.25,15.0,86.625,3600,0,False,,
win-Arecibo-Observatory-20230421-111500.npy,20230421,Arecibo-Observatory,11:15:00,11:30:00,200,0.25,15.0,86.625,3600,0,False,,
win-Arecibo-Observatory-20230421-113000.npy,20230421,Arecibo-Observatory,11:30:00,11:45:00,200,0.25,15.0,86.625,3600,0,False,,
win-Arecibo-Observatory-20230421-114500.npy,20230421,Arecibo-Observatory,11:45:00,12:00:00,200,0.25,15.0,86.625,3600,1,False,,
win-Arecibo-Observatory-20230421-120000.npy,20230421,Arecibo-Observatory,12:00:00,12:15:00,200,0.25,15.0,86.625,3600,1,False,,
win-Arecibo-Observatory-20230421-121500.npy,20230421,Arecibo-Observatory,12:15:00,12:30:00,200,0.25,15.0,86.625,3600,0,False,,
win-Arecibo-Observatory-20230421-123000.npy,20230421,Arecibo-Observatory,12:30:00,12:45:00,200,0.25,15.0,86.625,3600,0,False,,
win-Arecibo-Observatory-20230421-134501.npy,20230421,Arecibo-Observatory,13:45:01,14:00:01,200,0.25,15.0,86.625,3600,0,False,,
win-Arecibo-Observatory-20230421-140001.npy,20230421,Arecibo-Observatory,14:00:01,14:15:01,200,0.25,15.0,86.625,3600,0,False,,
win-Arecibo-Observatory-20230421-141501.npy,20230421,Arecibo-Observatory,14:15:01,14:30:01,200,0.25,15.0,86.625,3600,1,False,,
win-Arecibo-Observatory-20230421-143001.npy,20230421,Arecibo-Observatory,14:30:01,14:45:01,200,0.25,15.0,86.625,3600,1,False,,
win-Arecibo-Observatory-20230421-144501.npy,20230421,Arecibo-Observatory,14:45:01,15:00:01,200,0.25,15.0,86.625,3600,0,False,,
win-Arecibo-Observatory-20230421-150001.npy,20230421,Arecibo-Observatory,15:00:01,15:15:01,200,0.25,15.0,86.625,3600,0,False,,
win-Arecibo-Observatory-20230421-151501.npy,20230421,Arecibo-Observatory,15:15:01,15:30:01,200,0.25,15.0,86.625,3600,0,False,,
win-Arecibo-Observatory-20230421-153001.npy,20230421,Arecibo-Observatory,15:30:01,15:45:01,200,0.25,15.0,86.625,3600,1,False,,
win-Arecibo-Observatory-20230421-154501.npy,20230421,Arecibo-Observatory,15:45:01,16:00:01,200,0.25,15.0,86.625,3600,1,False,,
win-Arecibo-Observatory-20230421-160001.npy,20230421,Arecibo-Observatory,16:00:01,16:15:01,200,0.25,15.0,86.625,3600,0,False,,
win-Arecibo-Observatory-20230421-161501.npy,20230421,Arecibo-Observatory,16:15:01,16:29:57,200,0.25,15.0,86.625,3587,0,False,,
win-Arecibo-Observatory-20230421-171459.npy,20230421,Arecibo-Observatory,17:14:59,17:29:59,200,0.25,15.0,86.625,3600,0,False,,
win-Arecibo-Observatory-20230421-172959.npy,20230421,Arecibo-Observatory,17:29:59,17:44:59,200,0.25,15.0,86.625,3600,0,False,,
win-Arecibo-Observatory-20230421-174459.npy,20230421,Arecibo-Observatory,17:44:59,17:59:59,200,0.25,15.0,86.625,3600,2,False,,
win-Arecibo-Observatory-20230421-175959.npy,20230421,Arecibo-Observatory,17:59:59,18:14:59,200,0.25,15.0,86.625,3600,3,False,,
win-Arecibo-Observatory-20230421-181459.npy,20230421,Arecibo-Observatory,18:14:59,18:29:59,200,0.25,15.0,86.625,3600,1,False,,
win-Arecibo-Observatory-20230421-182959.npy,20230421,Arecibo-Observatory,18:29:59,18:44:59,200,0.25,15.0,86.625,3600,0,False,,
win-Arecibo-Observatory-20230421-184459.npy,20230421,Arecibo-Observatory,18:44:59,18:59:59,200,0.25,15.0,86.625,3600,0,False,,
win-Arecibo-Observatory-20230421-214459.npy,20230421,Arecibo-Observatory,21:44:59,21:59:59,200,0.25,15.0,86.625,3600,0,False,,
win-Arecibo-Observatory-20230421-215959.npy,20230421,Arecibo-Observatory,21:59:59,22:14:57,200,0.25,15.0,86.625,3593,0,False,,
win-Arecibo-Observatory-20230422-103000.npy,20230422,Arecibo-Observatory,10:30:00,10:45:00,200,0.25,15.0,86.625,3600,0,False,,
win-Arecibo-Observatory-20230422-104500.npy,20230422,Arecibo-Observatory,10:45:00,11:00:00,200,0.25,15.0,86.625,3600,0,False,,
win-Arecibo-Observatory-20230422-110000.npy,20230422,Arecibo-Observatory,11:00:00,11:15:00,200,0.25,15.0,86.625,3600,1,False,,
win-Arecibo-Observatory-20230422-111500.npy,20230422,Arecibo-Observatory,11:15:00,11:30:00,200,0.25,15.0,86.625,3600,0,False,,
win-Arecibo-Observatory-20230422-113000.npy,20230422,Arecibo-Observatory,11:30:00,11:45:00,200,0.25,15.0,86.625,3600,0,False,,
win-Arecibo-Observatory-20230423-161501.npy,20230423,Arecibo-Observatory,16:15:01,16:29:57,200,0.25,15.0,86.625,3586,0,True,offclass_event_in_negative_window,VI
win-Arecibo-Observatory-20230423-163000.npy,20230423,Arecibo-Observatory,16:30:00,16:45:00,200,0.25,15.0,86.625,3600,0,True,offclass_event_in_negative_window,VI
win-Arecibo-Observatory-20230423-164500.npy,20230423,Arecibo-Observatory,16:45:00,17:00:00,200,0.25,15.0,86.625,3600,1,False,,
win-Arecibo-Observatory-20230423-170000.npy,20230423,Arecibo-Observatory,17:00:00,17:15:00,200,0.25,15.0,86.625,3600,1,False,,
win-Arecibo-Observatory-20230423-171500.npy,20230423,Arecibo-Observatory,17:15:00,17:30:00,200,0.25,15.0,86.625,3600,0,False,,
win-Arecibo-Observatory-20230423-173000.npy,20230423,Arecibo-Observatory,17:30:00,17:45:00,200,0.25,15.0,86.625,3600,0,False,,
win-Arecibo-Observatory-20230425-164500.npy,20230425,Arecibo-Observatory,16:45:00,17:00:00,200,0.25,15.0,86.625,3600,0,False,,
win-Arecibo-Observatory-20230425-170000.npy,20230425,Arecibo-Observatory,17:00:00,17:15:00,200,0.25,15.0,86.625,3600,0,False,,
win-Arecibo-Observatory-20230425-171500.npy,20230425,Arecibo-Observatory,17:15:00,17:30:00,200,0.25,15.0,86.625,3600,1,False,,
win-Arecibo-Observatory-20230425-173000.npy,20230425,Arecibo-Observatory,17:30:00,17:45:00,200,0.25,15.0,86.625,3600,1,False,,
win-Arecibo-Observatory-20230425-174500.npy,20230425,Arecibo-Observatory,17:45:00,18:00:00,200,0.25,15.0,86.625,3600,1,False,,
win-Arecibo-Observatory-20230425-180000.npy,20230425,Arecibo-Observatory,18:00:00,18:15:00,200,0.25,15.0,86.625,3600,0,False,,
win-Arecibo-Observatory-20230425-181500.npy,20230425,Arecibo-Observatory,18:15:00,18:30:00,200,0.25,15.0,86.625,3600,0,False,,
win-Arecibo-Observatory-20230425-184500.npy,20230425,Arecibo-Observatory,18:45:00,19:00:00,200,0.25,15.0,86.625,3600,0,False,,
win-Arecibo-Observatory-20230425-190000.npy,20230425,Arecibo-Observatory,19:00:00,19:15:00,200,0.25,15.0,86.625,3600,0,False,,
win-Arecibo-Observatory-20230425-191500.npy,20230425,Arecibo-Observatory,19:15:00,19:30:00,200,0.25,15.0,86.625,3600,1,False,,
win-Arecibo-Observatory-20230425-193000.npy,20230425,Arecibo-Observatory,19:30:00,19:45:00,200,0.25,15.0,86.625,3600,0,False,,
win-Arecibo-Observatory-20230425-194500.npy,20230425,Arecibo-Observatory,19:45:00,20:00:00,200,0.25,15.0,86.625,3600,0,False,,
win-Arecibo-Observatory-20230426-183000.npy,20230426,Arecibo-Observatory,18:30:00,18:45:00,200,0.25,15.0,86.625,3600,0,False,,
win-Arecibo-Observatory-20230426-184500.npy,20230426,Arecibo-Observatory,18:45:00,19:00:00,200,0.25,15.0,86.625,3600,0,False,,
win-Arecibo-Observatory-20230426-190000.npy,20230426,Arecibo-Observatory,19:00:00,19:15:00,200,0.25,15.0,86.625,3600,1,False,,
win-Arecibo-Observatory-20230426-191500.npy,20230426,Arecibo-Observatory,19:15:00,19:30:00,200,0.25,15.0,86.625,3600,0,False,,
win-Arecibo-Observatory-20230426-193001.npy,20230426,Arecibo-Observatory,19:30:01,19:45:01,200,0.25,15.0,86.625,3600,0,False,,
win-Arecibo-Observatory-20230427-161501.npy,20230427,Arecibo-Observatory,16:15:01,16:29:57,200,0.25,15.0,86.625,3586,0,False,,
win-Arecibo-Observatory-20230427-163000.npy,20230427,Arecibo-Observatory,16:30:00,16:45:00,200,0.25,15.0,86.625,3600,0,False,,
win-Arecibo-Observatory-20230427-164459.npy,20230427,Arecibo-Observatory,16:44:59,16:59:59,200,0.25,15.0,86.625,3600,1,False,,
win-Arecibo-Observatory-20230427-165959.npy,20230427,Arecibo-Observatory,16:59:59,17:14:59,200,0.25,15.0,86.625,3600,1,False,,
win-Arecibo-Observatory-20230427-171459.npy,20230427,Arecibo-Observatory,17:14:59,17:29:59,200,0.25,15.0,86.625,3600,0,False,,
win-Arecibo-Observatory-20230427-172959.npy,20230427,Arecibo-Observatory,17:29:59,17:44:59,200,0.25,15.0,86.625,3600,0,False,,
win-Arecibo-Observatory-20230427-184459.npy,20230427,Arecibo-Observatory,18:44:59,18:59:59,200,0.25,15.0,86.625,3600,0,False,,
win-Arecibo-Observatory-20230427-185959.npy,20230427,Arecibo-Observatory,18:59:59,19:14:59,200,0.25,15.0,86.625,3600,0,False,,
win-Arecibo-Observatory-20230427-191459.npy,20230427,Arecibo-Observatory,19:14:59,19:29:59,200,0.25,15.0,86.625,3600,1,False,,
win-Arecibo-Observatory-20230427-192959.npy,20230427,Arecibo-Observatory,19:29:59,19:44:59,200,0.25,15.0,86.625,3600,0,False,,
win-Arecibo-Observatory-20230427-194459.npy,20230427,Arecibo-Observatory,19:44:59,19:59:59,200,0.25,15.0,86.625,3600,0,False,,
win-Arecibo-Observatory-20230428-103000.npy,20230428,Arecibo-Observatory,10:30:00,10:45:00,200,0.25,15.0,86.625,3600,0,False,,
win-Arecibo-Observatory-20230428-104500.npy,20230428,Arecibo-Observatory,10:45:00,11:00:00,200,0.25,15.0,86.625,3600,0,False,,
win-Arecibo-Observatory-20230428-110000.npy,20230428,Arecibo-Observatory,11:00:00,11:15:00,200,0.25,15.0,86.625,3600,1,False,,
win-Arecibo-Observatory-20230428-111500.npy,20230428,Arecibo-Observatory,11:15:00,11:30:00,200,0.25,15.0,86.625,3600,0,False,,
win-Arecibo-Observatory-20230428-113000.npy,20230428,Arecibo-Observatory,11:30:00,11:45:00,200,0.25,15.0,86.625,3600,1,False,,
win-Arecibo-Observatory-20230428-114500.npy,20230428,Arecibo-Observatory,11:45:00,12:00:00,200,0.25,15.0,86.625,3600,0,False,,
win-Arecibo-Observatory-20230428-120000.npy,20230428,Arecibo-Observatory,12:00:00,12:15:00,200,0.25,15.0,86.625,3600,0,False,,
win-Arecibo-Observatory-20230428-150001.npy,20230428,Arecibo-Observatory,15:00:01,15:15:01,200,0.25,15.0,86.625,3600,0,False,,
win-Arecibo-Observatory-20230428-151501.npy,20230428,Arecibo-Observatory,15:15:01,15:21:05,200,0.25,15.0,86.625,1457,0,False,,
win-Arecibo-Observatory-20230428-152236.npy,20230428,Arecibo-Observatory,15:22:36,15:37:36,200,0.25,15.0,86.625,3600,0,False,,
win-Arecibo-Observatory-20230428-153736.npy,20230428,Arecibo-Observatory,15:37:36,15:52:36,200,0.25,15.0,86.625,3600,1,False,,
win-Arecibo-Observatory-20230428-155236.npy,20230428,Arecibo-Observatory,15:52:36,16:07:36,200,0.25,15.0,86.625,3600,1,False,,
win-Arecibo-Observatory-20230428-160736.npy,20230428,Arecibo-Observatory,16:07:36,16:22:36,200,0.25,15.0,86.625,3600,0,False,,
win-Arecibo-Observatory-20230428-162236.npy,20230428,Arecibo-Observatory,16:22:36,16:29:57,200,0.25,15.0,86.625,1766,0,False,,
win-Arecibo-Observatory-20230428-163000.npy,20230428,Arecibo-Observatory,16:30:00,16:45:00,200,0.25,15.0,86.625,3600,1,False,,
win-Arecibo-Observatory-20230428-164500.npy,20230428,Arecibo-Observatory,16:45:00,17:00:00,200,0.25,15.0,86.625,3600,0,False,,
win-Arecibo-Observatory-20230428-170000.npy,20230428,Arecibo-Observatory,17:00:00,17:15:00,200,0.25,15.0,86.625,3600,1,False,,
win-Arecibo-Observatory-20230428-171500.npy,20230428,Arecibo-Observatory,17:15:00,17:30:00,200,0.25,15.0,86.625,3600,1,False,,
win-Arecibo-Observatory-20230428-173000.npy,20230428,Arecibo-Observatory,17:30:00,17:45:00,200,0.25,15.0,86.625,3600,0,False,,
win-Arecibo-Observatory-20230428-174500.npy,20230428,Arecibo-Observatory,17:45:00,18:00:00,200,0.25,15.0,86.625,3600,0,False,,
win-Arecibo-Observatory-20230428-181500.npy,20230428,Arecibo-Observatory,18:15:00,18:30:00,200,0.25,15.0,86.625,3600,0,False,,
win-Arecibo-Observatory-20230428-183000.npy,20230428,Arecibo-Observatory,18:30:00,18:45:00,200,0.25,15.0,86.625,3600,0,False,,
win-Arecibo-Observatory-20230428-184501.npy,20230428,Arecibo-Observatory,18:45:01,19:00:01,200,0.25,15.0,86.625,3600,1,False,,
win-Arecibo-Observatory-20230428-190001.npy,20230428,Arecibo-Observatory,19:00:01,19:15:01,200,0.25,15.0,86.625,3600,0,False,,
win-Arecibo-Observatory-20230428-191500.npy,20230428,Arecibo-Observatory,19:15:00,19:30:00,200,0.25,15.0,86.625,3600,0,True,offclass_event_in_negative_window,VI
win-Arecibo-Observatory-20230429-104500.npy,20230429,Arecibo-Observatory,10:45:00,11:00:00,200,0.25,15.0,86.625,3600,0,False,,
win-Arecibo-Observatory-20230429-110000.npy,20230429,Arecibo-Observatory,11:00:00,11:15:00,200,0.25,15.0,86.625,3600,0,False,,
win-Arecibo-Observatory-20230429-111500.npy,20230429,Arecibo-Observatory,11:15:00,11:30:00,200,0.25,15.0,86.625,3600,1,False,,
win-Arecibo-Observatory-20230429-113000.npy,20230429,Arecibo-Observatory,11:30:00,11:45:00,200,0.25,15.0,86.625,3600,0,False,,
win-Arecibo-Observatory-20230429-114500.npy,20230429,Arecibo-Observatory,11:45:00,12:00:00,200,0.25,15.0,86.625,3600,0,False,,
win-Arecibo-Observatory-20230429-124501.npy,20230429,Arecibo-Observatory,12:45:01,13:00:01,200,0.25,15.0,86.625,3600,0,False,,
win-Arecibo-Observatory-20230429-130000.npy,20230429,Arecibo-Observatory,13:00:00,13:15:00,200,0.25,15.0,86.625,3600,0,False,,
win-Arecibo-Observatory-20230429-131500.npy,20230429,Arecibo-Observatory,13:15:00,13:30:00,200,0.25,15.0,86.625,3600,1,False,,
win-Arecibo-Observatory-20230429-133001.npy,20230429,Arecibo-Observatory,13:30:01,13:45:01,200,0.25,15.0,86.625,3600,0,False,,
win-Arecibo-Observatory-20230429-134500.npy,20230429,Arecibo-Observatory,13:45:00,14:00:00,200,0.25,15.0,86.625,3600,0,False,,
win-Arecibo-Observatory-20230429-140001.npy,20230429,Arecibo-Observatory,14:00:01,14:15:01,200,0.25,15.0,86.625,3600,1,False,,
win-Arecibo-Observatory-20230429-141501.npy,20230429,Arecibo-Observatory,14:15:01,14:30:01,200,0.25,15.0,86.625,3600,0,False,,
win-Arecibo-Observatory-20230429-143000.npy,20230429,Arecibo-Observatory,14:30:00,14:45:00,200,0.25,15.0,86.625,3600,0,False,,
win-Arecibo-Observatory-20230429-144501.npy,20230429,Arecibo-Observatory,14:45:01,15:00:01,200,0.25,15.0,86.625,3600,1,False,,
win-Arecibo-Observatory-20230429-150001.npy,20230429,Arecibo-Observatory,15:00:01,15:15:01,200,0.25,15.0,86.625,3600,0,False,,
win-Arecibo-Observatory-20230429-151501.npy,20230429,Arecibo-Observatory,15:15:01,15:30:01,200,0.25,15.0,86.625,3600,0,False,,
win-Arecibo-Observatory-20230429-173000.npy,20230429,Arecibo-Observatory,17:30:00,17:45:00,200,0.25,15.0,86.625,3600,0,False,,
win-Arecibo-Observatory-20230429-174500.npy,20230429,Arecibo-Observatory,17:45:00,18:00:00,200,0.25,15.0,86.625,3600,0,False,,
win-Arecibo-Observatory-20230429-180001.npy,20230429,Arecibo-Observatory,18:00:01,18:15:01,200,0.25,15.0,86.625,3600,0,True,only_edge_sliver_of_an_event,
win-Arecibo-Observatory-20230429-181500.npy,20230429,Arecibo-Observatory,18:15:00,18:30:00,200,0.25,15.0,86.625,3600,1,False,,
win-Arecibo-Observatory-20230429-183001.npy,20230429,Arecibo-Observatory,18:30:01,18:45:01,200,0.25,15.0,86.625,3600,0,False,,
win-Arecibo-Observatory-20230429-184501.npy,20230429,Arecibo-Observatory,18:45:01,19:00:01,200,0.25,15.0,86.625,3600,0,False,,
win-Arecibo-Observatory-20230429-190001.npy,20230429,Arecibo-Observatory,19:00:01,19:15:01,200,0.25,15.0,86.625,3600,0,False,,
win-Arecibo-Observatory-20230429-191501.npy,20230429,Arecibo-Observatory,19:15:01,19:30:01,200,0.25,15.0,86.625,3600,0,False,,
win-Arecibo-Observatory-20230429-193001.npy,20230429,Arecibo-Observatory,19:30:01,19:45:01,200,0.25,15.0,86.625,3600,1,False,,
win-Arecibo-Observatory-20230429-194501.npy,20230429,Arecibo-Observatory,19:45:01,20:00:01,200,0.25,15.0,86.625,3600,1,False,,
win-Arecibo-Observatory-20230429-200001.npy,20230429,Arecibo-Observatory,20:00:01,20:15:01,200,0.25,15.0,86.625,3600,1,False,,
win-Arecibo-Observatory-20230429-201501.npy,20230429,Arecibo-Observatory,20:15:01,20:30:01,200,0.25,15.0,86.625,3600,0,False,,
win-Arecibo-Observatory-20230429-203001.npy,20230429,Arecibo-Observatory,20:30:01,20:45:01,200,0.25,15.0,86.625,3600,0,False,,
win-Arecibo-Observatory-20230430-153001.npy,20230430,Arecibo-Observatory,15:30:01,15:45:01,200,0.25,15.0,86.625,3600,0,False,,
win-Arecibo-Observatory-20230430-154501.npy,20230430,Arecibo-Observatory,15:45:01,16:00:01,200,0.25,15.0,86.625,3600,0,False,,
win-Arecibo-Observatory-20230430-160001.npy,20230430,Arecibo-Observatory,16:00:01,16:15:01,200,0.25,15.0,86.625,3600,1,False,,
win-Arecibo-Observatory-20230430-161501.npy,20230430,Arecibo-Observatory,16:15:01,16:29:57,200,0.25,15.0,86.625,3586,0,False,,
win-Arecibo-Observatory-20230430-163000.npy,20230430,Arecibo-Observatory,16:30:00,16:45:00,200,0.25,15.0,86.625,3600,0,False,,
win-Arecibo-Observatory-20230501-101500.npy,20230501,Arecibo-Observatory,10:15:00,10:30:00,200,0.25,15.0,86.625,3600,0,False,,
win-Arecibo-Observatory-20230501-103000.npy,20230501,Arecibo-Observatory,10:30:00,10:45:00,200,0.25,15.0,86.625,3600,0,False,,
win-Arecibo-Observatory-20230501-104500.npy,20230501,Arecibo-Observatory,10:45:00,11:00:00,200,0.25,15.0,86.625,3600,1,False,,
win-Arecibo-Observatory-20230501-110000.npy,20230501,Arecibo-Observatory,11:00:00,11:15:00,200,0.25,15.0,86.625,3600,0,False,,
win-Arecibo-Observatory-20230501-111500.npy,20230501,Arecibo-Observatory,11:15:00,11:30:00,200,0.25,15.0,86.625,3600,0,False,,
win-Arecibo-Observatory-20230501-121500.npy,20230501,Arecibo-Observatory,12:15:00,12:30:00,200,0.25,15.0,86.625,3600,0,False,,
win-Arecibo-Observatory-20230501-123000.npy,20230501,Arecibo-Observatory,12:30:00,12:45:00,200,0.25,15.0,86.625,3600,0,False,,
win-Arecibo-Observatory-20230501-124500.npy,20230501,Arecibo-Observatory,12:45:00,13:00:00,200,0.25,15.0,86.625,3600,1,False,,
win-Arecibo-Observatory-20230501-130000.npy,20230501,Arecibo-Observatory,13:00:00,13:15:00,200,0.25,15.0,86.625,3600,0,True,offclass_event_in_negative_window,RBR
win-Arecibo-Observatory-20230501-131500.npy,20230501,Arecibo-Observatory,13:15:00,13:30:00,200,0.25,15.0,86.625,3600,0,False,,
win-Arecibo-Observatory-20230501-133000.npy,20230501,Arecibo-Observatory,13:30:00,13:45:00,200,0.25,15.0,86.625,3600,1,False,,
win-Arecibo-Observatory-20230501-134500.npy,20230501,Arecibo-Observatory,13:45:00,14:00:00,200,0.25,15.0,86.625,3600,1,False,,
win-Arecibo-Observatory-20230501-140000.npy,20230501,Arecibo-Observatory,14:00:00,14:15:00,200,0.25,15.0,86.625,3600,0,False,,
win-Arecibo-Observatory-20230501-141501.npy,20230501,Arecibo-Observatory,14:15:01,14:30:01,200,0.25,15.0,86.625,3600,1,False,,
win-Arecibo-Observatory-20230501-143001.npy,20230501,Arecibo-Observatory,14:30:01,14:45:01,200,0.25,15.0,86.625,3600,0,False,,
win-Arecibo-Observatory-20230501-144501.npy,20230501,Arecibo-Observatory,14:45:01,15:00:01,200,0.25,15.0,86.625,3600,1,False,,
win-Arecibo-Observatory-20230501-150001.npy,20230501,Arecibo-Observatory,15:00:01,15:15:01,200,0.25,15.0,86.625,3600,0,False,,
win-Arecibo-Observatory-20230501-151501.npy,20230501,Arecibo-Observatory,15:15:01,15:30:01,200,0.25,15.0,86.625,3600,0,False,,
win-Arecibo-Observatory-20230501-153001.npy,20230501,Arecibo-Observatory,15:30:01,15:45:01,200,0.25,15.0,86.625,3600,1,False,,
win-Arecibo-Observatory-20230501-154501.npy,20230501,Arecibo-Observatory,15:45:01,16:00:01,200,0.25,15.0,86.625,3600,0,False,,
win-Arecibo-Observatory-20230501-160001.npy,20230501,Arecibo-Observatory,16:00:01,16:15:01,200,0.25,15.0,86.625,3600,0,False,,
win-Arecibo-Observatory-20230501-161501.npy,20230501,Arecibo-Observatory,16:15:01,16:29:57,200,0.25,15.0,86.625,3586,0,False,,
win-Arecibo-Observatory-20230501-163000.npy,20230501,Arecibo-Observatory,16:30:00,16:45:00,200,0.25,15.0,86.625,3600,1,False,,
win-Arecibo-Observatory-20230501-164500.npy,20230501,Arecibo-Observatory,16:45:00,17:00:00,200,0.25,15.0,86.625,3600,0,False,,
win-Arecibo-Observatory-20230501-170000.npy,20230501,Arecibo-Observatory,17:00:00,17:15:00,200,0.25,15.0,86.625,3600,0,False,,
win-Arecibo-Observatory-20230502-104500.npy,20230502,Arecibo-Observatory,10:45:00,11:00:00,200,0.25,15.0,86.625,3600,0,False,,
win-Arecibo-Observatory-20230502-110000.npy,20230502,Arecibo-Observatory,11:00:00,11:15:00,200,0.25,15.0,86.625,3600,0,False,,
win-Arecibo-Observatory-20230502-111500.npy,20230502,Arecibo-Observatory,11:15:00,11:30:00,200,0.25,15.0,86.625,3600,1,False,,
win-Arecibo-Observatory-20230502-113000.npy,20230502,Arecibo-Observatory,11:30:00,11:45:00,200,0.25,15.0,86.625,3600,0,False,,
win-Arecibo-Observatory-20230502-114500.npy,20230502,Arecibo-Observatory,11:45:00,12:00:00,200,0.25,15.0,86.625,3600,0,False,,
win-Arecibo-Observatory-20230502-133000.npy,20230502,Arecibo-Observatory,13:30:00,13:45:00,200,0.25,15.0,86.625,3600,0,False,,
win-Arecibo-Observatory-20230502-134501.npy,20230502,Arecibo-Observatory,13:45:01,14:00:01,200,0.25,15.0,86.625,3600,0,False,,
win-Arecibo-Observatory-20230502-140001.npy,20230502,Arecibo-Observatory,14:00:01,14:15:01,200,0.25,15.0,86.625,3600,1,False,,
win-Arecibo-Observatory-20230502-141501.npy,20230502,Arecibo-Observatory,14:15:01,14:30:01,200,0.25,15.0,86.625,3600,0,False,,
win-Arecibo-Observatory-20230502-143001.npy,20230502,Arecibo-Observatory,14:30:01,14:45:01,200,0.25,15.0,86.625,3600,0,False,,
win-Arecibo-Observatory-20230502-154501.npy,20230502,Arecibo-Observatory,15:45:01,16:00:01,200,0.25,15.0,86.625,3600,0,False,,
win-Arecibo-Observatory-20230502-160001.npy,20230502,Arecibo-Observatory,16:00:01,16:15:01,200,0.25,15.0,86.625,3600,0,False,,
win-Arecibo-Observatory-20230502-161501.npy,20230502,Arecibo-Observatory,16:15:01,16:29:57,200,0.25,15.0,86.625,3586,0,False,,
win-Arecibo-Observatory-20230502-163000.npy,20230502,Arecibo-Observatory,16:30:00,16:45:00,200,0.25,15.0,86.625,3600,1,False,,
win-Arecibo-Observatory-20230502-164500.npy,20230502,Arecibo-Observatory,16:45:00,17:00:00,200,0.25,15.0,86.625,3600,0,False,,
win-Arecibo-Observatory-20230502-170000.npy,20230502,Arecibo-Observatory,17:00:00,17:15:00,200,0.25,15.0,86.625,3600,0,False,,
win-Arecibo-Observatory-20230503-191459.npy,20230503,Arecibo-Observatory,19:14:59,19:29:59,200,0.25,15.0,86.625,3600,0,False,,
win-Arecibo-Observatory-20230503-192959.npy,20230503,Arecibo-Observatory,19:29:59,19:44:59,200,0.25,15.0,86.625,3600,0,False,,
win-Arecibo-Observatory-20230503-194459.npy,20230503,Arecibo-Observatory,19:44:59,19:59:59,200,0.25,15.0,86.625,3600,1,False,,
win-Arecibo-Observatory-20230503-195959.npy,20230503,Arecibo-Observatory,19:59:59,20:14:59,200,0.25,15.0,86.625,3600,0,True,offclass_event_in_negative_window,III
win-Arecibo-Observatory-20230503-201459.npy,20230503,Arecibo-Observatory,20:14:59,20:29:59,200,0.25,15.0,86.625,3600,0,False,,
win-Arecibo-Observatory-20230504-130001.npy,20230504,Arecibo-Observatory,13:00:01,13:15:01,200,0.25,15.0,86.625,3600,0,False,,
win-Arecibo-Observatory-20230504-131500.npy,20230504,Arecibo-Observatory,13:15:00,13:30:00,200,0.25,15.0,86.625,3600,0,False,,
win-Arecibo-Observatory-20230504-133000.npy,20230504,Arecibo-Observatory,13:30:00,13:45:00,200,0.25,15.0,86.625,3600,1,False,,
win-Arecibo-Observatory-20230504-134500.npy,20230504,Arecibo-Observatory,13:45:00,14:00:00,200,0.25,15.0,86.625,3600,0,False,,
win-Arecibo-Observatory-20230504-140000.npy,20230504,Arecibo-Observatory,14:00:00,14:15:00,200,0.25,15.0,86.625,3600,0,True,offclass_event_in_negative_window,VI
win-Arecibo-Observatory-20230504-190000.npy,20230504,Arecibo-Observatory,19:00:00,19:15:00,200,0.25,15.0,86.625,3600,0,False,,
win-Arecibo-Observatory-20230504-191500.npy,20230504,Arecibo-Observatory,19:15:00,19:30:00,200,0.25,15.0,86.625,3600,0,False,,
win-Arecibo-Observatory-20230504-193001.npy,20230504,Arecibo-Observatory,19:30:01,19:45:01,200,0.25,15.0,86.625,3600,1,False,,
win-Arecibo-Observatory-20230504-194501.npy,20230504,Arecibo-Observatory,19:45:01,20:00:01,200,0.25,15.0,86.625,3600,0,False,,
win-Arecibo-Observatory-20230504-200001.npy,20230504,Arecibo-Observatory,20:00:01,20:15:01,200,0.25,15.0,86.625,3600,0,False,,
win-Arecibo-Observatory-20230505-124500.npy,20230505,Arecibo-Observatory,12:45:00,13:00:00,200,0.25,15.0,86.625,3600,0,False,,
win-Arecibo-Observatory-20230505-130000.npy,20230505,Arecibo-Observatory,13:00:00,13:15:00,200,0.25,15.0,86.625,3600,0,False,,
win-Arecibo-Observatory-20230505-131501.npy,20230505,Arecibo-Observatory,13:15:01,13:30:01,200,0.25,15.0,86.625,3600,1,False,,
win-Arecibo-Observatory-20230505-133001.npy,20230505,Arecibo-Observatory,13:30:01,13:45:01,200,0.25,15.0,86.625,3600,1,False,,
win-Arecibo-Observatory-20230505-134501.npy,20230505,Arecibo-Observatory,13:45:01,14:00:01,200,0.25,15.0,86.625,3600,0,False,,
win-Arecibo-Observatory-20230505-140001.npy,20230505,Arecibo-Observatory,14:00:01,14:15:01,200,0.25,15.0,86.625,3600,0,False,,
win-Arecibo-Observatory-20230505-144501.npy,20230505,Arecibo-Observatory,14:45:01,15:00:01,200,0.25,15.0,86.625,3600,0,False,,
win-Arecibo-Observatory-20230505-150001.npy,20230505,Arecibo-Observatory,15:00:01,15:15:01,200,0.25,15.0,86.625,3600,0,False,,
win-Arecibo-Observatory-20230505-151501.npy,20230505,Arecibo-Observatory,15:15:01,15:30:01,200,0.25,15.0,86.625,3600,1,False,,
win-Arecibo-Observatory-20230505-153001.npy,20230505,Arecibo-Observatory,15:30:01,15:45:01,200,0.25,15.0,86.625,3600,1,False,,
win-Arecibo-Observatory-20230505-154501.npy,20230505,Arecibo-Observatory,15:45:01,16:00:01,200,0.25,15.0,86.625,3600,0,False,,
win-Arecibo-Observatory-20230505-160001.npy,20230505,Arecibo-Observatory,16:00:01,16:15:01,200,0.25,15.0,86.625,3600,0,False,,
win-Arecibo-Observatory-20230505-161501.npy,20230505,Arecibo-Observatory,16:15:01,16:29:57,200,0.25,15.0,86.625,3587,1,False,,
win-Arecibo-Observatory-20230505-163000.npy,20230505,Arecibo-Observatory,16:30:00,16:45:00,200,0.25,15.0,86.625,3600,1,False,,
win-Arecibo-Observatory-20230505-164500.npy,20230505,Arecibo-Observatory,16:45:00,17:00:00,200,0.25,15.0,86.625,3600,1,False,,
win-Arecibo-Observatory-20230505-170000.npy,20230505,Arecibo-Observatory,17:00:00,17:15:00,200,0.25,15.0,86.625,3600,1,False,,
win-Arecibo-Observatory-20230505-171500.npy,20230505,Arecibo-Observatory,17:15:00,17:30:00,200,0.25,15.0,86.625,3600,1,False,,
win-Arecibo-Observatory-20230505-173000.npy,20230505,Arecibo-Observatory,17:30:00,17:45:00,200,0.25,15.0,86.625,3600,0,False,,
win-Arecibo-Observatory-20230505-174500.npy,20230505,Arecibo-Observatory,17:45:00,18:00:00,200,0.25,15.0,86.625,3600,0,False,,
win-Arecibo-Observatory-20230505-180000.npy,20230505,Arecibo-Observatory,18:00:00,18:15:00,200,0.25,15.0,86.625,3600,1,False,,
win-Arecibo-Observatory-20230505-181500.npy,20230505,Arecibo-Observatory,18:15:00,18:30:00,200,0.25,15.0,86.625,3600,0,False,,
win-Arecibo-Observatory-20230505-183000.npy,20230505,Arecibo-Observatory,18:30:00,18:45:00,200,0.25,15.0,86.625,3600,1,False,,
win-Arecibo-Observatory-20230505-184500.npy,20230505,Arecibo-Observatory,18:45:00,19:00:00,200,0.25,15.0,86.625,3600,1,False,,V?
win-Arecibo-Observatory-20230505-190000.npy,20230505,Arecibo-Observatory,19:00:00,19:15:00,200,0.25,15.0,86.625,3600,0,False,,
win-Arecibo-Observatory-20230505-191500.npy,20230505,Arecibo-Observatory,19:15:00,19:30:00,200,0.25,15.0,86.625,3600,0,False,,
win-Arecibo-Observatory-20230505-193000.npy,20230505,Arecibo-Observatory,19:30:00,19:45:00,200,0.25,15.0,86.625,3600,1,False,,
win-Arecibo-Observatory-20230505-194500.npy,20230505,Arecibo-Observatory,19:45:00,20:00:00,200,0.25,15.0,86.625,3600,1,False,,
win-Arecibo-Observatory-20230505-200001.npy,20230505,Arecibo-Observatory,20:00:01,20:15:01,200,0.25,15.0,86.625,3600,1,False,,
win-Arecibo-Observatory-20230505-201501.npy,20230505,Arecibo-Observatory,20:15:01,20:30:01,200,0.25,15.0,86.625,3600,0,False,,
win-Arecibo-Observatory-20230505-203001.npy,20230505,Arecibo-Observatory,20:30:01,20:45:01,200,0.25,15.0,86.625,3600,0,True,offclass_event_in_negative_window,VII
win-Arecibo-Observatory-20230506-103000.npy,20230506,Arecibo-Observatory,10:30:00,10:45:00,200,0.25,15.0,86.625,3600,0,False,,
win-Arecibo-Observatory-20230506-104500.npy,20230506,Arecibo-Observatory,10:45:00,11:00:00,200,0.25,15.0,86.625,3600,0,False,,
win-Arecibo-Observatory-20230506-110000.npy,20230506,Arecibo-Observatory,11:00:00,11:15:00,200,0.25,15.0,86.625,3600,1,False,,
win-Arecibo-Observatory-20230506-111500.npy,20230506,Arecibo-Observatory,11:15:00,11:30:00,200,0.25,15.0,86.625,3600,0,False,,
win-Arecibo-Observatory-20230506-113000.npy,20230506,Arecibo-Observatory,11:30:00,11:45:00,200,0.25,15.0,86.625,3600,1,False,,
win-Arecibo-Observatory-20230506-114500.npy,20230506,Arecibo-Observatory,11:45:00,12:00:00,200,0.25,15.0,86.625,3600,1,False,,
win-Arecibo-Observatory-20230506-120000.npy,20230506,Arecibo-Observatory,12:00:00,12:15:00,200,0.25,15.0,86.625,3600,1,False,,
win-Arecibo-Observatory-20230506-121500.npy,20230506,Arecibo-Observatory,12:15:00,12:30:00,200,0.25,15.0,86.625,3600,0,False,,
win-Arecibo-Observatory-20230506-123001.npy,20230506,Arecibo-Observatory,12:30:01,12:45:01,200,0.25,15.0,86.625,3600,1,False,,
win-Arecibo-Observatory-20230506-124501.npy,20230506,Arecibo-Observatory,12:45:01,13:00:01,200,0.25,15.0,86.625,3600,0,False,,
win-Arecibo-Observatory-20230506-130000.npy,20230506,Arecibo-Observatory,13:00:00,13:15:00,200,0.25,15.0,86.625,3600,0,False,,
win-Arecibo-Observatory-20230506-143001.npy,20230506,Arecibo-Observatory,14:30:01,14:45:01,200,0.25,15.0,86.625,3600,0,False,,
win-Arecibo-Observatory-20230506-144501.npy,20230506,Arecibo-Observatory,14:45:01,15:00:01,200,0.25,15.0,86.625,3600,0,False,,
win-Arecibo-Observatory-20230506-150001.npy,20230506,Arecibo-Observatory,15:00:01,15:15:01,200,0.25,15.0,86.625,3600,1,False,,
win-Arecibo-Observatory-20230506-151501.npy,20230506,Arecibo-Observatory,15:15:01,15:30:01,200,0.25,15.0,86.625,3600,0,True,offclass_event_in_negative_window,VI
win-Arecibo-Observatory-20230506-153001.npy,20230506,Arecibo-Observatory,15:30:01,15:45:01,200,0.25,15.0,86.625,3600,0,False,,
win-Arecibo-Observatory-20230506-161501.npy,20230506,Arecibo-Observatory,16:15:01,16:29:57,200,0.25,15.0,86.625,3587,0,False,,
win-Arecibo-Observatory-20230506-163000.npy,20230506,Arecibo-Observatory,16:30:00,16:45:00,200,0.25,15.0,86.625,3600,0,False,,
win-Arecibo-Observatory-20230506-164459.npy,20230506,Arecibo-Observatory,16:44:59,16:59:59,200,0.25,15.0,86.625,3600,1,False,,
win-Arecibo-Observatory-20230506-165959.npy,20230506,Arecibo-Observatory,16:59:59,17:14:59,200,0.25,15.0,86.625,3600,1,False,,
win-Arecibo-Observatory-20230506-171459.npy,20230506,Arecibo-Observatory,17:14:59,17:29:59,200,0.25,15.0,86.625,3600,1,False,,
win-Arecibo-Observatory-20230506-172959.npy,20230506,Arecibo-Observatory,17:29:59,17:44:59,200,0.25,15.0,86.625,3600,0,False,,
win-Arecibo-Observatory-20230506-174459.npy,20230506,Arecibo-Observatory,17:44:59,17:59:59,200,0.25,15.0,86.625,3600,0,False,,
win-Arecibo-Observatory-20230506-175959.npy,20230506,Arecibo-Observatory,17:59:59,18:14:59,200,0.25,15.0,86.625,3600,0,False,,
win-Arecibo-Observatory-20230506-181459.npy,20230506,Arecibo-Observatory,18:14:59,18:29:59,200,0.25,15.0,86.625,3600,1,False,,
win-Arecibo-Observatory-20230506-182959.npy,20230506,Arecibo-Observatory,18:29:59,18:44:59,200,0.25,15.0,86.625,3600,0,False,,
win-Arecibo-Observatory-20230506-184459.npy,20230506,Arecibo-Observatory,18:44:59,18:59:59,200,0.25,15.0,86.625,3600,0,False,,
win-Arecibo-Observatory-20230506-185959.npy,20230506,Arecibo-Observatory,18:59:59,19:14:59,200,0.25,15.0,86.625,3600,0,False,,
win-Arecibo-Observatory-20230506-191459.npy,20230506,Arecibo-Observatory,19:14:59,19:29:59,200,0.25,15.0,86.625,3600,0,False,,
win-Arecibo-Observatory-20230506-192959.npy,20230506,Arecibo-Observatory,19:29:59,19:44:59,200,0.25,15.0,86.625,3600,1,False,,
win-Arecibo-Observatory-20230506-194459.npy,20230506,Arecibo-Observatory,19:44:59,19:59:59,200,0.25,15.0,86.625,3600,0,False,,
win-Arecibo-Observatory-20230506-195959.npy,20230506,Arecibo-Observatory,19:59:59,20:14:59,200,0.25,15.0,86.625,3600,0,False,,
win-Arecibo-Observatory-20230507-100000.npy,20230507,Arecibo-Observatory,10:00:00,10:15:00,200,0.25,15.0,86.625,3600,0,False,,
win-Arecibo-Observatory-20230507-101500.npy,20230507,Arecibo-Observatory,10:15:00,10:30:00,200,0.25,15.0,86.625,3600,0,False,,
win-Arecibo-Observatory-20230507-103000.npy,20230507,Arecibo-Observatory,10:30:00,10:45:00,200,0.25,15.0,86.625,3600,1,False,,
win-Arecibo-Observatory-20230507-104500.npy,20230507,Arecibo-Observatory,10:45:00,11:00:00,200,0.25,15.0,86.625,3600,0,False,,
win-Arecibo-Observatory-20230507-110000.npy,20230507,Arecibo-Observatory,11:00:00,11:15:00,200,0.25,15.0,86.625,3600,0,False,,
win-Arecibo-Observatory-20230507-111500.npy,20230507,Arecibo-Observatory,11:15:00,11:30:00,200,0.25,15.0,86.625,3600,1,False,,
win-Arecibo-Observatory-20230507-113000.npy,20230507,Arecibo-Observatory,11:30:00,11:45:00,200,0.25,15.0,86.625,3600,0,False,,
win-Arecibo-Observatory-20230507-114500.npy,20230507,Arecibo-Observatory,11:45:00,12:00:00,200,0.25,15.0,86.625,3600,0,False,,
win-Arecibo-Observatory-20230507-131501.npy,20230507,Arecibo-Observatory,13:15:01,13:30:01,200,0.25,15.0,86.625,3600,0,False,,
win-Arecibo-Observatory-20230507-133001.npy,20230507,Arecibo-Observatory,13:30:01,13:45:01,200,0.25,15.0,86.625,3600,0,False,,
win-Arecibo-Observatory-20230507-134501.npy,20230507,Arecibo-Observatory,13:45:01,14:00:01,200,0.25,15.0,86.625,3600,1,False,,
win-Arecibo-Observatory-20230507-140001.npy,20230507,Arecibo-Observatory,14:00:01,14:15:01,200,0.25,15.0,86.625,3600,0,False,,
win-Arecibo-Observatory-20230507-141501.npy,20230507,Arecibo-Observatory,14:15:01,14:30:01,200,0.25,15.0,86.625,3600,0,False,,
win-Arecibo-Observatory-20230507-143001.npy,20230507,Arecibo-Observatory,14:30:01,14:45:01,200,0.25,15.0,86.625,3600,0,False,,
win-Arecibo-Observatory-20230507-144501.npy,20230507,Arecibo-Observatory,14:45:01,15:00:01,200,0.25,15.0,86.625,3600,0,False,,
win-Arecibo-Observatory-20230507-150001.npy,20230507,Arecibo-Observatory,15:00:01,15:15:01,200,0.25,15.0,86.625,3600,1,False,,
win-Arecibo-Observatory-20230507-151501.npy,20230507,Arecibo-Observatory,15:15:01,15:30:01,200,0.25,15.0,86.625,3600,0,False,,
win-Arecibo-Observatory-20230507-153001.npy,20230507,Arecibo-Observatory,15:30:01,15:45:01,200,0.25,15.0,86.625,3600,0,False,,
win-Arecibo-Observatory-20230507-161501.npy,20230507,Arecibo-Observatory,16:15:01,16:29:57,200,0.25,15.0,86.625,3587,0,False,,
win-Arecibo-Observatory-20230507-163000.npy,20230507,Arecibo-Observatory,16:30:00,16:45:00,200,0.25,15.0,86.625,3600,0,False,,
win-Arecibo-Observatory-20230507-164500.npy,20230507,Arecibo-Observatory,16:45:00,17:00:00,200,0.25,15.0,86.625,3600,1,False,,
win-Arecibo-Observatory-20230507-170000.npy,20230507,Arecibo-Observatory,17:00:00,17:15:00,200,0.25,15.0,86.625,3600,0,False,,
win-Arecibo-Observatory-20230507-171500.npy,20230507,Arecibo-Observatory,17:15:00,17:30:00,200,0.25,15.0,86.625,3600,0,False,,
win-Arecibo-Observatory-20230507-173000.npy,20230507,Arecibo-Observatory,17:30:00,17:45:00,200,0.25,15.0,86.625,3600,1,False,,
win-Arecibo-Observatory-20230507-174500.npy,20230507,Arecibo-Observatory,17:45:00,18:00:00,200,0.25,15.0,86.625,3600,0,False,,
win-Arecibo-Observatory-20230507-180000.npy,20230507,Arecibo-Observatory,18:00:00,18:15:00,200,0.25,15.0,86.625,3600,0,False,,
win-Arecibo-Observatory-20230507-181500.npy,20230507,Arecibo-Observatory,18:15:00,18:30:00,200,0.25,15.0,86.625,3600,0,False,,
win-Arecibo-Observatory-20230507-183000.npy,20230507,Arecibo-Observatory,18:30:00,18:45:00,200,0.25,15.0,86.625,3600,0,False,,
win-Arecibo-Observatory-20230507-184500.npy,20230507,Arecibo-Observatory,18:45:00,19:00:00,200,0.25,15.0,86.625,3600,1,False,,
win-Arecibo-Observatory-20230507-190000.npy,20230507,Arecibo-Observatory,19:00:00,19:15:00,200,0.25,15.0,86.625,3600,0,False,,
win-Arecibo-Observatory-20230507-191501.npy,20230507,Arecibo-Observatory,19:15:01,19:30:01,200,0.25,15.0,86.625,3600,0,False,,
win-Arecibo-Observatory-20230507-193001.npy,20230507,Arecibo-Observatory,19:30:01,19:45:01,200,0.25,15.0,86.625,3600,0,False,,
win-Arecibo-Observatory-20230507-194500.npy,20230507,Arecibo-Observatory,19:45:00,20:00:00,200,0.25,15.0,86.625,3600,1,False,,
win-Arecibo-Observatory-20230507-200000.npy,20230507,Arecibo-Observatory,20:00:00,20:15:00,200,0.25,15.0,86.625,3600,0,False,,
win-Arecibo-Observatory-20230507-201501.npy,20230507,Arecibo-Observatory,20:15:01,20:30:01,200,0.25,15.0,86.625,3600,0,False,,
win-Arecibo-Observatory-20230508-101500.npy,20230508,Arecibo-Observatory,10:15:00,10:30:00,200,0.25,15.0,86.625,3600,0,False,,
win-Arecibo-Observatory-20230508-103000.npy,20230508,Arecibo-Observatory,10:30:00,10:45:00,200,0.25,15.0,86.625,3600,0,False,,
win-Arecibo-Observatory-20230508-104500.npy,20230508,Arecibo-Observatory,10:45:00,11:00:00,200,0.25,15.0,86.625,3600,1,False,,
win-Arecibo-Observatory-20230508-110000.npy,20230508,Arecibo-Observatory,11:00:00,11:15:00,200,0.25,15.0,86.625,3600,0,False,,
win-Arecibo-Observatory-20230508-111500.npy,20230508,Arecibo-Observatory,11:15:00,11:30:00,200,0.25,15.0,86.625,3600,0,False,,
win-Arecibo-Observatory-20230508-113000.npy,20230508,Arecibo-Observatory,11:30:00,11:45:00,200,0.25,15.0,86.625,3600,0,False,,
win-Arecibo-Observatory-20230508-114501.npy,20230508,Arecibo-Observatory,11:45:01,12:00:01,200,0.25,15.0,86.625,3600,1,False,,
win-Arecibo-Observatory-20230508-120001.npy,20230508,Arecibo-Observatory,12:00:01,12:15:01,200,0.25,15.0,86.625,3600,0,False,,
win-Arecibo-Observatory-20230508-121500.npy,20230508,Arecibo-Observatory,12:15:00,12:30:00,200,0.25,15.0,86.625,3600,0,False,,
win-Arecibo-Observatory-20230508-123000.npy,20230508,Arecibo-Observatory,12:30:00,12:45:00,200,0.25,15.0,86.625,3600,0,False,,
win-Arecibo-Observatory-20230508-124501.npy,20230508,Arecibo-Observatory,12:45:01,13:00:01,200,0.25,15.0,86.625,3600,0,False,,
win-Arecibo-Observatory-20230508-130001.npy,20230508,Arecibo-Observatory,13:00:01,13:15:01,200,0.25,15.0,86.625,3600,1,False,,
win-Arecibo-Observatory-20230508-131501.npy,20230508,Arecibo-Observatory,13:15:01,13:30:01,200,0.25,15.0,86.625,3600,0,False,,
win-Arecibo-Observatory-20230508-133001.npy,20230508,Arecibo-Observatory,13:30:01,13:45:01,200,0.25,15.0,86.625,3600,0,False,,
win-Arecibo-Observatory-20230508-134501.npy,20230508,Arecibo-Observatory,13:45:01,14:00:01,200,0.25,15.0,86.625,3600,1,False,,
win-Arecibo-Observatory-20230508-140001.npy,20230508,Arecibo-Observatory,14:00:01,14:15:01,200,0.25,15.0,86.625,3600,1,False,,
win-Arecibo-Observatory-20230508-141501.npy,20230508,Arecibo-Observatory,14:15:01,14:30:01,200,0.25,15.0,86.625,3600,0,False,,
win-Arecibo-Observatory-20230508-143001.npy,20230508,Arecibo-Observatory,14:30:01,14:45:01,200,0.25,15.0,86.625,3600,0,False,,
win-Arecibo-Observatory-20230508-164500.npy,20230508,Arecibo-Observatory,16:45:00,17:00:00,200,0.25,15.0,86.625,3600,0,False,,
win-Arecibo-Observatory-20230508-170000.npy,20230508,Arecibo-Observatory,17:00:00,17:15:00,200,0.25,15.0,86.625,3600,0,False,,
win-Arecibo-Observatory-20230508-171500.npy,20230508,Arecibo-Observatory,17:15:00,17:30:00,200,0.25,15.0,86.625,3600,1,False,,
win-Arecibo-Observatory-20230508-173000.npy,20230508,Arecibo-Observatory,17:30:00,17:45:00,200,0.25,15.0,86.625,3600,1,False,,
win-Arecibo-Observatory-20230508-174500.npy,20230508,Arecibo-Observatory,17:45:00,18:00:00,200,0.25,15.0,86.625,3600,0,False,,
win-Arecibo-Observatory-20230508-180000.npy,20230508,Arecibo-Observatory,18:00:00,18:15:00,200,0.25,15.0,86.625,3600,0,False,,
win-Arecibo-Observatory-20230508-183000.npy,20230508,Arecibo-Observatory,18:30:00,18:45:00,200,0.25,15.0,86.625,3600,0,False,,
win-Arecibo-Observatory-20230508-184500.npy,20230508,Arecibo-Observatory,18:45:00,19:00:00,200,0.25,15.0,86.625,3600,0,False,,
win-Arecibo-Observatory-20230508-190001.npy,20230508,Arecibo-Observatory,19:00:01,19:15:01,200,0.25,15.0,86.625,3600,1,False,,
win-Arecibo-Observatory-20230508-191501.npy,20230508,Arecibo-Observatory,19:15:01,19:30:01,200,0.25,15.0,86.625,3600,0,False,,
win-Arecibo-Observatory-20230508-193000.npy,20230508,Arecibo-Observatory,19:30:00,19:45:00,200,0.25,15.0,86.625,3600,0,False,,
win-Arecibo-Observatory-20230508-194500.npy,20230508,Arecibo-Observatory,19:45:00,20:00:00,200,0.25,15.0,86.625,3600,0,False,,
win-Arecibo-Observatory-20230508-200001.npy,20230508,Arecibo-Observatory,20:00:01,20:15:01,200,0.25,15.0,86.625,3600,0,False,,
win-Arecibo-Observatory-20230508-201501.npy,20230508,Arecibo-Observatory,20:15:01,20:30:01,200,0.25,15.0,86.625,3600,1,False,,
win-Arecibo-Observatory-20230508-203001.npy,20230508,Arecibo-Observatory,20:30:01,20:45:01,200,0.25,15.0,86.625,3600,0,False,,
win-Arecibo-Observatory-20230508-204501.npy,20230508,Arecibo-Observatory,20:45:01,21:00:01,200,0.25,15.0,86.625,3600,0,False,,
win-Arecibo-Observatory-20230508-210001.npy,20230508,Arecibo-Observatory,21:00:01,21:15:01,200,0.25,15.0,86.625,3600,0,False,,
win-Arecibo-Observatory-20230508-211501.npy,20230508,Arecibo-Observatory,21:15:01,21:30:01,200,0.25,15.0,86.625,3600,1,False,,
win-Arecibo-Observatory-20230508-213001.npy,20230508,Arecibo-Observatory,21:30:01,21:45:01,200,0.25,15.0,86.625,3600,0,False,,
win-Arecibo-Observatory-20230508-214501.npy,20230508,Arecibo-Observatory,21:45:01,22:00:01,200,0.25,15.0,86.625,3600,0,False,,
win-Arecibo-Observatory-20230509-101500.npy,20230509,Arecibo-Observatory,10:15:00,10:30:00,200,0.25,15.0,86.625,3600,0,False,,
win-Arecibo-Observatory-20230509-103000.npy,20230509,Arecibo-Observatory,10:30:00,10:45:00,200,0.25,15.0,86.625,3600,0,False,,
win-Arecibo-Observatory-20230509-104500.npy,20230509,Arecibo-Observatory,10:45:00,11:00:00,200,0.25,15.0,86.625,3600,1,False,,
win-Arecibo-Observatory-20230509-110000.npy,20230509,Arecibo-Observatory,11:00:00,11:15:00,200,0.25,15.0,86.625,3600,1,False,,
win-Arecibo-Observatory-20230509-111500.npy,20230509,Arecibo-Observatory,11:15:00,11:30:00,200,0.25,15.0,86.625,3600,1,False,,
win-Arecibo-Observatory-20230509-113000.npy,20230509,Arecibo-Observatory,11:30:00,11:45:00,200,0.25,15.0,86.625,3600,0,False,,
win-Arecibo-Observatory-20230509-114500.npy,20230509,Arecibo-Observatory,11:45:00,12:00:00,200,0.25,15.0,86.625,3600,0,False,,
win-Arecibo-Observatory-20230509-121500.npy,20230509,Arecibo-Observatory,12:15:00,12:30:00,200,0.25,15.0,86.625,3600,0,True,offclass_event_in_negative_window,VI
win-Arecibo-Observatory-20230509-123000.npy,20230509,Arecibo-Observatory,12:30:00,12:45:00,200,0.25,15.0,86.625,3600,0,True,offclass_event_in_negative_window,VI
win-Arecibo-Observatory-20230509-124501.npy,20230509,Arecibo-Observatory,12:45:01,13:00:01,200,0.25,15.0,86.625,3600,1,False,,
win-Arecibo-Observatory-20230509-130000.npy,20230509,Arecibo-Observatory,13:00:00,13:15:00,200,0.25,15.0,86.625,3600,0,False,,
win-Arecibo-Observatory-20230509-131501.npy,20230509,Arecibo-Observatory,13:15:01,13:30:01,200,0.25,15.0,86.625,3600,0,False,,
win-Arecibo-Observatory-20230509-133001.npy,20230509,Arecibo-Observatory,13:30:01,13:45:01,200,0.25,15.0,86.625,3600,0,False,,
win-Arecibo-Observatory-20230509-134501.npy,20230509,Arecibo-Observatory,13:45:01,14:00:01,200,0.25,15.0,86.625,3600,1,False,,
win-Arecibo-Observatory-20230509-140001.npy,20230509,Arecibo-Observatory,14:00:01,14:15:01,200,0.25,15.0,86.625,3600,1,False,,
win-Arecibo-Observatory-20230509-141501.npy,20230509,Arecibo-Observatory,14:15:01,14:30:01,200,0.25,15.0,86.625,3600,0,True,offclass_event_in_negative_window,VI
win-Arecibo-Observatory-20230509-143001.npy,20230509,Arecibo-Observatory,14:30:01,14:45:01,200,0.25,15.0,86.625,3600,0,True,offclass_event_in_negative_window,VI
win-Arecibo-Observatory-20230509-144501.npy,20230509,Arecibo-Observatory,14:45:01,15:00:01,200,0.25,15.0,86.625,3600,1,False,,
win-Arecibo-Observatory-20230509-150001.npy,20230509,Arecibo-Observatory,15:00:01,15:15:01,200,0.25,15.0,86.625,3600,0,False,,
win-Arecibo-Observatory-20230509-151501.npy,20230509,Arecibo-Observatory,15:15:01,15:30:01,200,0.25,15.0,86.625,3600,0,False,,
win-Arecibo-Observatory-20230509-153001.npy,20230509,Arecibo-Observatory,15:30:01,15:45:01,200,0.25,15.0,86.625,3600,0,False,,
win-Arecibo-Observatory-20230509-154501.npy,20230509,Arecibo-Observatory,15:45:01,16:00:01,200,0.25,15.0,86.625,3600,0,False,,
win-Arecibo-Observatory-20230509-160001.npy,20230509,Arecibo-Observatory,16:00:01,16:15:01,200,0.25,15.0,86.625,3600,1,False,,
win-Arecibo-Observatory-20230509-161501.npy,20230509,Arecibo-Observatory,16:15:01,16:29:57,200,0.25,15.0,86.625,3587,0,False,,
win-Arecibo-Observatory-20230509-163000.npy,20230509,Arecibo-Observatory,16:30:00,16:45:00,200,0.25,15.0,86.625,3600,0,False,,
win-Arecibo-Observatory-20230509-171459.npy,20230509,Arecibo-Observatory,17:14:59,17:29:59,200,0.25,15.0,86.625,3600,0,False,,
win-Arecibo-Observatory-20230509-172959.npy,20230509,Arecibo-Observatory,17:29:59,17:44:59,200,0.25,15.0,86.625,3600,0,False,,
win-Arecibo-Observatory-20230509-174459.npy,20230509,Arecibo-Observatory,17:44:59,17:59:59,200,0.25,15.0,86.625,3600,1,False,,
win-Arecibo-Observatory-20230509-175959.npy,20230509,Arecibo-Observatory,17:59:59,18:14:59,200,0.25,15.0,86.625,3600,0,False,,
win-Arecibo-Observatory-20230509-181459.npy,20230509,Arecibo-Observatory,18:14:59,18:29:59,200,0.25,15.0,86.625,3600,1,False,,
win-Arecibo-Observatory-20230509-182959.npy,20230509,Arecibo-Observatory,18:29:59,18:44:59,200,0.25,15.0,86.625,3600,2,False,,
win-Arecibo-Observatory-20230509-184459.npy,20230509,Arecibo-Observatory,18:44:59,18:59:59,200,0.25,15.0,86.625,3600,1,False,,IV
win-Arecibo-Observatory-20230509-185959.npy,20230509,Arecibo-Observatory,18:59:59,19:14:59,200,0.25,15.0,86.625,3600,0,True,offclass_event_in_negative_window,VI
win-Arecibo-Observatory-20230509-191459.npy,20230509,Arecibo-Observatory,19:14:59,19:29:59,200,0.25,15.0,86.625,3600,0,False,,
win-Arecibo-Observatory-20230509-192959.npy,20230509,Arecibo-Observatory,19:29:59,19:44:59,200,0.25,15.0,86.625,3600,0,False,,
win-Arecibo-Observatory-20230509-194459.npy,20230509,Arecibo-Observatory,19:44:59,19:59:59,200,0.25,15.0,86.625,3600,1,False,,
win-Arecibo-Observatory-20230509-195959.npy,20230509,Arecibo-Observatory,19:59:59,20:14:59,200,0.25,15.0,86.625,3600,0,False,,
win-Arecibo-Observatory-20230509-201459.npy,20230509,Arecibo-Observatory,20:14:59,20:29:59,200,0.25,15.0,86.625,3600,0,False,,
win-Arecibo-Observatory-20230510-134255.npy,20230510,Arecibo-Observatory,13:42:55,13:57:55,200,0.25,15.0,86.625,3600,0,False,,
win-Arecibo-Observatory-20230510-135755.npy,20230510,Arecibo-Observatory,13:57:55,14:12:55,200,0.25,15.0,86.625,3600,0,False,,
win-Arecibo-Observatory-20230510-141255.npy,20230510,Arecibo-Observatory,14:12:55,14:27:55,200,0.25,15.0,86.625,3600,1,False,,
win-Arecibo-Observatory-20230510-142755.npy,20230510,Arecibo-Observatory,14:27:55,14:42:55,200,0.25,15.0,86.625,3600,1,False,,
win-Arecibo-Observatory-20230510-144255.npy,20230510,Arecibo-Observatory,14:42:55,14:57:55,200,0.25,15.0,86.625,3600,1,False,,
win-Arecibo-Observatory-20230510-145755.npy,20230510,Arecibo-Observatory,14:57:55,15:12:55,200,0.25,15.0,86.625,3600,1,False,,
win-Arecibo-Observatory-20230510-151255.npy,20230510,Arecibo-Observatory,15:12:55,15:27:55,200,0.25,15.0,86.625,3600,0,False,,
win-Arecibo-Observatory-20230510-152755.npy,20230510,Arecibo-Observatory,15:27:55,15:42:55,200,0.25,15.0,86.625,3600,0,False,,
win-Arecibo-Observatory-20230510-154255.npy,20230510,Arecibo-Observatory,15:42:55,15:57:55,200,0.25,15.0,86.625,3600,1,False,,
win-Arecibo-Observatory-20230510-155755.npy,20230510,Arecibo-Observatory,15:57:55,16:12:55,200,0.25,15.0,86.625,3600,0,False,,
win-Arecibo-Observatory-20230510-161255.npy,20230510,Arecibo-Observatory,16:12:55,16:27:55,200,0.25,15.0,86.625,3600,0,False,,
win-Arecibo-Observatory-20230510-162756.npy,20230510,Arecibo-Observatory,16:27:56,16:29:58,200,0.25,15.0,86.625,489,0,False,,
win-Arecibo-Observatory-20230510-163000.npy,20230510,Arecibo-Observatory,16:30:00,16:45:00,200,0.25,15.0,86.625,3600,0,False,,
win-Arecibo-Observatory-20230510-164500.npy,20230510,Arecibo-Observatory,16:45:00,17:00:00,200,0.25,15.0,86.625,3600,1,False,,
win-Arecibo-Observatory-20230510-165958.npy,20230510,Arecibo-Observatory,16:59:58,17:14:58,200,0.25,15.0,86.625,3600,0,False,,
win-Arecibo-Observatory-20230510-171458.npy,20230510,Arecibo-Observatory,17:14:58,17:29:58,200,0.25,15.0,86.625,3600,1,False,,
win-Arecibo-Observatory-20230510-172958.npy,20230510,Arecibo-Observatory,17:29:58,17:44:58,200,0.25,15.0,86.625,3600,0,False,,
win-Arecibo-Observatory-20230510-174458.npy,20230510,Arecibo-Observatory,17:44:58,17:59:58,200,0.25,15.0,86.625,3600,0,False,,
win-Arecibo-Observatory-20230510-175958.npy,20230510,Arecibo-Observatory,17:59:58,18:14:58,200,0.25,15.0,86.625,3600,0,False,,
win-Arecibo-Observatory-20230510-181458.npy,20230510,Arecibo-Observatory,18:14:58,18:29:58,200,0.25,15.0,86.625,3600,1,False,,
win-Arecibo-Observatory-20230510-182958.npy,20230510,Arecibo-Observatory,18:29:58,18:44:58,200,0.25,15.0,86.625,3600,1,False,,
win-Arecibo-Observatory-20230510-184458.npy,20230510,Arecibo-Observatory,18:44:58,18:59:58,200,0.25,15.0,86.625,3600,0,False,,
win-Arecibo-Observatory-20230510-185959.npy,20230510,Arecibo-Observatory,18:59:59,19:14:59,200,0.25,15.0,86.625,3600,0,False,,
win-Arecibo-Observatory-20230511-114501.npy,20230511,Arecibo-Observatory,11:45:01,12:00:01,200,0.25,15.0,86.625,3600,0,False,,
win-Arecibo-Observatory-20230511-120001.npy,20230511,Arecibo-Observatory,12:00:01,12:15:01,200,0.25,15.0,86.625,3600,0,False,,
win-Arecibo-Observatory-20230511-121500.npy,20230511,Arecibo-Observatory,12:15:00,12:30:00,200,0.25,15.0,86.625,3600,1,False,,
win-Arecibo-Observatory-20230511-123001.npy,20230511,Arecibo-Observatory,12:30:01,12:45:01,200,0.25,15.0,86.625,3600,0,False,,
win-Arecibo-Observatory-20230511-124501.npy,20230511,Arecibo-Observatory,12:45:01,13:00:01,200,0.25,15.0,86.625,3600,0,False,,
win-Arecibo-Observatory-20230511-130001.npy,20230511,Arecibo-Observatory,13:00:01,13:15:01,200,0.25,15.0,86.625,3600,1,False,,
win-Arecibo-Observatory-20230511-131501.npy,20230511,Arecibo-Observatory,13:15:01,13:30:01,200,0.25,15.0,86.625,3600,0,False,,
win-Arecibo-Observatory-20230511-133001.npy,20230511,Arecibo-Observatory,13:30:01,13:45:01,200,0.25,15.0,86.625,3600,0,False,,
win-Arecibo-Observatory-20230511-134501.npy,20230511,Arecibo-Observatory,13:45:01,14:00:01,200,0.25,15.0,86.625,3600,1,False,,
win-Arecibo-Observatory-20230511-140001.npy,20230511,Arecibo-Observatory,14:00:01,14:15:01,200,0.25,15.0,86.625,3600,0,False,,
win-Arecibo-Observatory-20230511-141501.npy,20230511,Arecibo-Observatory,14:15:01,14:30:01,200,0.25,15.0,86.625,3600,0,False,,
win-Arecibo-Observatory-20230511-143001.npy,20230511,Arecibo-Observatory,14:30:01,14:45:01,200,0.25,15.0,86.625,3600,0,False,,
win-Arecibo-Observatory-20230511-144501.npy,20230511,Arecibo-Observatory,14:45:01,15:00:01,200,0.25,15.0,86.625,3600,0,False,,
win-Arecibo-Observatory-20230511-150001.npy,20230511,Arecibo-Observatory,15:00:01,15:15:01,200,0.25,15.0,86.625,3600,1,False,,
win-Arecibo-Observatory-20230511-151501.npy,20230511,Arecibo-Observatory,15:15:01,15:30:01,200,0.25,15.0,86.625,3600,1,False,,
win-Arecibo-Observatory-20230511-153001.npy,20230511,Arecibo-Observatory,15:30:01,15:45:01,200,0.25,15.0,86.625,3600,0,False,,
win-Arecibo-Observatory-20230511-154501.npy,20230511,Arecibo-Observatory,15:45:01,16:00:01,200,0.25,15.0,86.625,3600,0,False,,
win-Arecibo-Observatory-20230511-160001.npy,20230511,Arecibo-Observatory,16:00:01,16:15:01,200,0.25,15.0,86.625,3600,0,False,,
win-Arecibo-Observatory-20230511-161501.npy,20230511,Arecibo-Observatory,16:15:01,16:29:57,200,0.25,15.0,86.625,3586,0,False,,
win-Arecibo-Observatory-20230511-163000.npy,20230511,Arecibo-Observatory,16:30:00,16:45:00,200,0.25,15.0,86.625,3600,1,False,,
win-Arecibo-Observatory-20230511-164500.npy,20230511,Arecibo-Observatory,16:45:00,17:00:00,200,0.25,15.0,86.625,3600,0,False,,
win-Arecibo-Observatory-20230511-170000.npy,20230511,Arecibo-Observatory,17:00:00,17:15:00,200,0.25,15.0,86.625,3600,0,False,,
win-Arecibo-Observatory-20230511-173000.npy,20230511,Arecibo-Observatory,17:30:00,17:45:00,200,0.25,15.0,86.625,3600,0,False,,
win-Arecibo-Observatory-20230511-174500.npy,20230511,Arecibo-Observatory,17:45:00,18:00:00,200,0.25,15.0,86.625,3600,0,False,,
win-Arecibo-Observatory-20230511-180000.npy,20230511,Arecibo-Observatory,18:00:00,18:15:00,200,0.25,15.0,86.625,3600,1,False,,
win-Arecibo-Observatory-20230511-181500.npy,20230511,Arecibo-Observatory,18:15:00,18:30:00,200,0.25,15.0,86.625,3600,1,False,,
win-Arecibo-Observatory-20230511-183000.npy,20230511,Arecibo-Observatory,18:30:00,18:45:00,200,0.25,15.0,86.625,3600,1,False,,
win-Arecibo-Observatory-20230511-184500.npy,20230511,Arecibo-Observatory,18:45:00,19:00:00,200,0.25,15.0,86.625,3600,0,False,,
win-Arecibo-Observatory-20230511-190000.npy,20230511,Arecibo-Observatory,19:00:00,19:15:00,200,0.25,15.0,86.625,3600,0,False,,
win-Arecibo-Observatory-20230511-191501.npy,20230511,Arecibo-Observatory,19:15:01,19:30:01,200,0.25,15.0,86.625,3600,0,False,,
win-Arecibo-Observatory-20230511-193000.npy,20230511,Arecibo-Observatory,19:30:00,19:45:00,200,0.25,15.0,86.625,3600,0,False,,
win-Arecibo-Observatory-20230511-194501.npy,20230511,Arecibo-Observatory,19:45:01,20:00:01,200,0.25,15.0,86.625,3600,1,False,,
win-Arecibo-Observatory-20230511-200001.npy,20230511,Arecibo-Observatory,20:00:01,20:15:01,200,0.25,15.0,86.625,3600,1,False,,
win-Arecibo-Observatory-20230511-201501.npy,20230511,Arecibo-Observatory,20:15:01,20:30:01,200,0.25,15.0,86.625,3600,0,False,,
win-Arecibo-Observatory-20230511-203001.npy,20230511,Arecibo-Observatory,20:30:01,20:45:01,200,0.25,15.0,86.625,3600,0,False,,
win-Arecibo-Observatory-20230511-204501.npy,20230511,Arecibo-Observatory,20:45:01,21:00:01,200,0.25,15.0,86.625,3600,1,False,,
win-Arecibo-Observatory-20230511-210001.npy,20230511,Arecibo-Observatory,21:00:01,21:15:01,200,0.25,15.0,86.625,3600,0,False,,
win-Arecibo-Observatory-20230511-211501.npy,20230511,Arecibo-Observatory,21:15:01,21:30:01,200,0.25,15.0,86.625,3600,0,False,,
win-Arecibo-Observatory-20230512-120001.npy,20230512,Arecibo-Observatory,12:00:01,12:15:01,200,0.25,15.0,86.625,3600,0,False,,
win-Arecibo-Observatory-20230512-121501.npy,20230512,Arecibo-Observatory,12:15:01,12:30:01,200,0.25,15.0,86.625,3600,0,False,,
win-Arecibo-Observatory-20230512-123000.npy,20230512,Arecibo-Observatory,12:30:00,12:45:00,200,0.25,15.0,86.625,3600,1,False,,
win-Arecibo-Observatory-20230512-124501.npy,20230512,Arecibo-Observatory,12:45:01,13:00:01,200,0.25,15.0,86.625,3600,0,False,,
win-Arecibo-Observatory-20230512-130001.npy,20230512,Arecibo-Observatory,13:00:01,13:15:01,200,0.25,15.0,86.625,3600,0,False,,
win-Arecibo-Observatory-20230512-154501.npy,20230512,Arecibo-Observatory,15:45:01,16:00:01,200,0.25,15.0,86.625,3600,0,False,,
win-Arecibo-Observatory-20230512-160001.npy,20230512,Arecibo-Observatory,16:00:01,16:15:01,200,0.25,15.0,86.625,3600,0,False,,
win-Arecibo-Observatory-20230512-161501.npy,20230512,Arecibo-Observatory,16:15:01,16:29:57,200,0.25,15.0,86.625,3586,1,False,,
win-Arecibo-Observatory-20230512-163000.npy,20230512,Arecibo-Observatory,16:30:00,16:45:00,200,0.25,15.0,86.625,3600,0,False,,
win-Arecibo-Observatory-20230512-164500.npy,20230512,Arecibo-Observatory,16:45:00,17:00:00,200,0.25,15.0,86.625,3600,0,False,,
win-Arecibo-Observatory-20230515-111500.npy,20230515,Arecibo-Observatory,11:15:00,11:30:00,200,0.25,15.0,86.625,3600,0,False,,
win-Arecibo-Observatory-20230515-113000.npy,20230515,Arecibo-Observatory,11:30:00,11:45:00,200,0.25,15.0,86.625,3600,0,False,,
win-Arecibo-Observatory-20230515-114500.npy,20230515,Arecibo-Observatory,11:45:00,12:00:00,200,0.25,15.0,86.625,3600,0,False,,
win-Arecibo-Observatory-20230515-120000.npy,20230515,Arecibo-Observatory,12:00:00,12:15:00,200,0.25,15.0,86.625,3600,1,False,,
win-Arecibo-Observatory-20230515-121500.npy,20230515,Arecibo-Observatory,12:15:00,12:30:00,200,0.25,15.0,86.625,3600,0,False,,
win-Arecibo-Observatory-20230515-123000.npy,20230515,Arecibo-Observatory,12:30:00,12:45:00,200,0.25,15.0,86.625,3600,0,False,,
win-Arecibo-Observatory-20230515-124500.npy,20230515,Arecibo-Observatory,12:45:00,13:00:00,200,0.25,15.0,86.625,3600,1,False,,
win-Arecibo-Observatory-20230515-130001.npy,20230515,Arecibo-Observatory,13:00:01,13:15:01,200,0.25,15.0,86.625,3600,0,False,,
win-Arecibo-Observatory-20230515-131501.npy,20230515,Arecibo-Observatory,13:15:01,13:30:01,200,0.25,15.0,86.625,3600,0,False,,
win-Arecibo-Observatory-20230515-154501.npy,20230515,Arecibo-Observatory,15:45:01,16:00:01,200,0.25,15.0,86.625,3600,0,False,,
win-Arecibo-Observatory-20230515-160001.npy,20230515,Arecibo-Observatory,16:00:01,16:15:01,200,0.25,15.0,86.625,3600,0,False,,
win-Arecibo-Observatory-20230515-161501.npy,20230515,Arecibo-Observatory,16:15:01,16:29:57,200,0.25,15.0,86.625,3586,1,False,,
win-Arecibo-Observatory-20230515-163000.npy,20230515,Arecibo-Observatory,16:30:00,16:45:00,200,0.25,15.0,86.625,3600,0,False,,
win-Arecibo-Observatory-20230515-164500.npy,20230515,Arecibo-Observatory,16:45:00,17:00:00,200,0.25,15.0,86.625,3600,0,False,,
win-Arecibo-Observatory-20230516-165959.npy,20230516,Arecibo-Observatory,16:59:59,17:14:59,200,0.25,15.0,86.625,3600,0,False,,
win-Arecibo-Observatory-20230516-171459.npy,20230516,Arecibo-Observatory,17:14:59,17:29:59,200,0.25,15.0,86.625,3600,0,False,,
win-Arecibo-Observatory-20230516-172959.npy,20230516,Arecibo-Observatory,17:29:59,17:44:59,200,0.25,15.0,86.625,3600,2,False,,
win-Arecibo-Observatory-20230516-174459.npy,20230516,Arecibo-Observatory,17:44:59,17:59:59,200,0.25,15.0,86.625,3600,1,False,,
win-Arecibo-Observatory-20230516-175959.npy,20230516,Arecibo-Observatory,17:59:59,18:14:59,200,0.25,15.0,86.625,3600,0,False,,
win-Arecibo-Observatory-20230516-181459.npy,20230516,Arecibo-Observatory,18:14:59,18:29:59,200,0.25,15.0,86.625,3600,0,False,,
win-Arecibo-Observatory-20230517-143001.npy,20230517,Arecibo-Observatory,14:30:01,14:45:01,200,0.25,15.0,86.625,3600,0,False,,
win-Arecibo-Observatory-20230517-144501.npy,20230517,Arecibo-Observatory,14:45:01,15:00:01,200,0.25,15.0,86.625,3600,0,False,,
win-Arecibo-Observatory-20230517-150001.npy,20230517,Arecibo-Observatory,15:00:01,15:15:01,200,0.25,15.0,86.625,3600,1,False,,
win-Arecibo-Observatory-20230517-151501.npy,20230517,Arecibo-Observatory,15:15:01,15:30:01,200,0.25,15.0,86.625,3600,1,False,,
win-Arecibo-Observatory-20230517-153001.npy,20230517,Arecibo-Observatory,15:30:01,15:45:01,200,0.25,15.0,86.625,3600,0,False,,
win-Arecibo-Observatory-20230517-154501.npy,20230517,Arecibo-Observatory,15:45:01,16:00:01,200,0.25,15.0,86.625,3600,1,False,,
win-Arecibo-Observatory-20230517-160001.npy,20230517,Arecibo-Observatory,16:00:01,16:15:01,200,0.25,15.0,86.625,3600,1,False,,
win-Arecibo-Observatory-20230517-161501.npy,20230517,Arecibo-Observatory,16:15:01,16:29:57,200,0.25,15.0,86.625,3586,0,False,,
win-Arecibo-Observatory-20230517-163000.npy,20230517,Arecibo-Observatory,16:30:00,16:45:00,200,0.25,15.0,86.625,3600,0,False,,
win-Arecibo-Observatory-20230518-133001.npy,20230518,Arecibo-Observatory,13:30:01,13:45:01,200,0.25,15.0,86.625,3600,0,False,,
win-Arecibo-Observatory-20230518-134501.npy,20230518,Arecibo-Observatory,13:45:01,14:00:01,200,0.25,15.0,86.625,3600,0,False,,
win-Arecibo-Observatory-20230518-140001.npy,20230518,Arecibo-Observatory,14:00:01,14:15:01,200,0.25,15.0,86.625,3600,1,False,,
win-Arecibo-Observatory-20230518-141501.npy,20230518,Arecibo-Observatory,14:15:01,14:30:01,200,0.25,15.0,86.625,3600,0,False,,
win-Arecibo-Observatory-20230518-143001.npy,20230518,Arecibo-Observatory,14:30:01,14:45:01,200,0.25,15.0,86.625,3600,0,False,,
win-Arecibo-Observatory-20230518-144501.npy,20230518,Arecibo-Observatory,14:45:01,15:00:01,200,0.25,15.0,86.625,3600,1,False,,
win-Arecibo-Observatory-20230518-150001.npy,20230518,Arecibo-Observatory,15:00:01,15:15:01,200,0.25,15.0,86.625,3600,0,False,,
win-Arecibo-Observatory-20230518-151501.npy,20230518,Arecibo-Observatory,15:15:01,15:30:01,200,0.25,15.0,86.625,3600,0,False,,
win-Arecibo-Observatory-20230518-153001.npy,20230518,Arecibo-Observatory,15:30:01,15:45:01,200,0.25,15.0,86.625,3600,0,False,,
win-Arecibo-Observatory-20230518-154501.npy,20230518,Arecibo-Observatory,15:45:01,16:00:01,200,0.25,15.0,86.625,3600,1,False,,
win-Arecibo-Observatory-20230518-160001.npy,20230518,Arecibo-Observatory,16:00:01,16:15:01,200,0.25,15.0,86.625,3600,1,False,,
win-Arecibo-Observatory-20230518-161501.npy,20230518,Arecibo-Observatory,16:15:01,16:29:57,200,0.25,15.0,86.625,3586,0,False,,
win-Arecibo-Observatory-20230518-163000.npy,20230518,Arecibo-Observatory,16:30:00,16:45:00,200,0.25,15.0,86.625,3600,0,False,,
win-Arecibo-Observatory-20230518-164500.npy,20230518,Arecibo-Observatory,16:45:00,17:00:00,200,0.25,15.0,86.625,3600,0,False,,
win-Arecibo-Observatory-20230518-165959.npy,20230518,Arecibo-Observatory,16:59:59,17:14:59,200,0.25,15.0,86.625,3600,0,False,,
win-Arecibo-Observatory-20230518-171459.npy,20230518,Arecibo-Observatory,17:14:59,17:29:59,200,0.25,15.0,86.625,3600,1,False,,
win-Arecibo-Observatory-20230518-172959.npy,20230518,Arecibo-Observatory,17:29:59,17:44:59,200,0.25,15.0,86.625,3600,0,False,,
win-Arecibo-Observatory-20230518-174459.npy,20230518,Arecibo-Observatory,17:44:59,17:59:59,200,0.25,15.0,86.625,3600,0,False,,
win-Arecibo-Observatory-20230518-185959.npy,20230518,Arecibo-Observatory,18:59:59,19:14:59,200,0.25,15.0,86.625,3600,0,False,,
win-Arecibo-Observatory-20230518-191459.npy,20230518,Arecibo-Observatory,19:14:59,19:29:59,200,0.25,15.0,86.625,3600,0,False,,
win-Arecibo-Observatory-20230518-192959.npy,20230518,Arecibo-Observatory,19:29:59,19:44:59,200,0.25,15.0,86.625,3600,1,False,,
win-Arecibo-Observatory-20230518-194459.npy,20230518,Arecibo-Observatory,19:44:59,19:59:59,200,0.25,15.0,86.625,3600,0,False,,
win-Arecibo-Observatory-20230518-195959.npy,20230518,Arecibo-Observatory,19:59:59,20:14:59,200,0.25,15.0,86.625,3600,0,False,,
win-Arecibo-Observatory-20230519-100000.npy,20230519,Arecibo-Observatory,10:00:00,10:15:00,200,0.25,15.0,86.625,3600,1,False,,
win-Arecibo-Observatory-20230519-101500.npy,20230519,Arecibo-Observatory,10:15:00,10:30:00,200,0.25,15.0,86.625,3600,0,False,,
win-Arecibo-Observatory-20230519-103000.npy,20230519,Arecibo-Observatory,10:30:00,10:45:00,200,0.25,15.0,86.625,3600,1,False,,
win-Arecibo-Observatory-20230519-104500.npy,20230519,Arecibo-Observatory,10:45:00,11:00:00,200,0.25,15.0,86.625,3600,0,False,,
win-Arecibo-Observatory-20230519-110000.npy,20230519,Arecibo-Observatory,11:00:00,11:15:00,200,0.25,15.0,86.625,3600,0,False,,
win-Arecibo-Observatory-20230519-130001.npy,20230519,Arecibo-Observatory,13:00:01,13:15:01,200,0.25,15.0,86.625,3600,0,True,offclass_event_in_negative_window,VI
win-Arecibo-Observatory-20230519-131501.npy,20230519,Arecibo-Observatory,13:15:01,13:30:01,200,0.25,15.0,86.625,3600,0,False,,
win-Arecibo-Observatory-20230519-133001.npy,20230519,Arecibo-Observatory,13:30:01,13:45:01,200,0.25,15.0,86.625,3600,0,True,only_edge_sliver_of_an_event,
win-Arecibo-Observatory-20230519-134501.npy,20230519,Arecibo-Observatory,13:45:01,14:00:01,200,0.25,15.0,86.625,3600,1,False,,
win-Arecibo-Observatory-20230519-140001.npy,20230519,Arecibo-Observatory,14:00:01,14:15:01,200,0.25,15.0,86.625,3600,0,False,,
win-Arecibo-Observatory-20230519-141501.npy,20230519,Arecibo-Observatory,14:15:01,14:30:01,200,0.25,15.0,86.625,3600,0,False,,
win-Arecibo-Observatory-20230519-144501.npy,20230519,Arecibo-Observatory,14:45:01,15:00:01,200,0.25,15.0,86.625,3600,0,False,,
win-Arecibo-Observatory-20230519-150001.npy,20230519,Arecibo-Observatory,15:00:01,15:15:01,200,0.25,15.0,86.625,3600,0,False,,
win-Arecibo-Observatory-20230519-151501.npy,20230519,Arecibo-Observatory,15:15:01,15:30:01,200,0.25,15.0,86.625,3600,1,False,,
win-Arecibo-Observatory-20230519-153001.npy,20230519,Arecibo-Observatory,15:30:01,15:45:01,200,0.25,15.0,86.625,3600,1,False,,
win-Arecibo-Observatory-20230519-154501.npy,20230519,Arecibo-Observatory,15:45:01,16:00:01,200,0.25,15.0,86.625,3600,0,False,,
win-Arecibo-Observatory-20230519-160001.npy,20230519,Arecibo-Observatory,16:00:01,16:15:01,200,0.25,15.0,86.625,3600,0,False,,
win-Arecibo-Observatory-20230519-163000.npy,20230519,Arecibo-Observatory,16:30:00,16:45:00,200,0.25,15.0,86.625,3600,0,False,,
win-Arecibo-Observatory-20230519-164500.npy,20230519,Arecibo-Observatory,16:45:00,17:00:00,200,0.25,15.0,86.625,3600,0,False,,
win-Arecibo-Observatory-20230519-170000.npy,20230519,Arecibo-Observatory,17:00:00,17:15:00,200,0.25,15.0,86.625,3600,1,False,,
win-Arecibo-Observatory-20230519-171500.npy,20230519,Arecibo-Observatory,17:15:00,17:30:00,200,0.25,15.0,86.625,3600,0,True,offclass_event_in_negative_window,V?
win-Arecibo-Observatory-20230519-173000.npy,20230519,Arecibo-Observatory,17:30:00,17:45:00,200,0.25,15.0,86.625,3600,0,False,,
win-Arecibo-Observatory-20230519-174500.npy,20230519,Arecibo-Observatory,17:45:00,18:00:00,200,0.25,15.0,86.625,3600,0,False,,
win-Arecibo-Observatory-20230519-180000.npy,20230519,Arecibo-Observatory,18:00:00,18:15:00,200,0.25,15.0,86.625,3600,1,False,,
win-Arecibo-Observatory-20230519-181500.npy,20230519,Arecibo-Observatory,18:15:00,18:30:00,200,0.25,15.0,86.625,3600,0,False,,
win-Arecibo-Observatory-20230519-183000.npy,20230519,Arecibo-Observatory,18:30:00,18:45:00,200,0.25,15.0,86.625,3600,0,False,,
win-Arecibo-Observatory-20230519-184501.npy,20230519,Arecibo-Observatory,18:45:01,19:00:01,200,0.25,15.0,86.625,3600,0,False,,
win-Arecibo-Observatory-20230519-190000.npy,20230519,Arecibo-Observatory,19:00:00,19:15:00,200,0.25,15.0,86.625,3600,1,False,,
win-Arecibo-Observatory-20230519-191501.npy,20230519,Arecibo-Observatory,19:15:01,19:30:01,200,0.25,15.0,86.625,3600,0,False,,
win-Arecibo-Observatory-20230519-193001.npy,20230519,Arecibo-Observatory,19:30:01,19:45:01,200,0.25,15.0,86.625,3600,0,False,,
win-Arecibo-Observatory-20230520-104500.npy,20230520,Arecibo-Observatory,10:45:00,11:00:00,200,0.25,15.0,86.625,3600,0,False,,
win-Arecibo-Observatory-20230520-110000.npy,20230520,Arecibo-Observatory,11:00:00,11:15:00,200,0.25,15.0,86.625,3600,0,False,,
win-Arecibo-Observatory-20230520-111500.npy,20230520,Arecibo-Observatory,11:15:00,11:30:00,200,0.25,15.0,86.625,3600,1,False,,
win-Arecibo-Observatory-20230520-113000.npy,20230520,Arecibo-Observatory,11:30:00,11:45:00,200,0.25,15.0,86.625,3600,0,False,,
win-Arecibo-Observatory-20230520-114500.npy,20230520,Arecibo-Observatory,11:45:00,12:00:00,200,0.25,15.0,86.625,3600,0,False,,
win-Arecibo-Observatory-20230520-120000.npy,20230520,Arecibo-Observatory,12:00:00,12:15:00,200,0.25,15.0,86.625,3600,0,False,,
win-Arecibo-Observatory-20230520-121500.npy,20230520,Arecibo-Observatory,12:15:00,12:30:00,200,0.25,15.0,86.625,3600,1,False,,
win-Arecibo-Observatory-20230520-123000.npy,20230520,Arecibo-Observatory,12:30:00,12:45:00,200,0.25,15.0,86.625,3600,0,False,,
win-Arecibo-Observatory-20230520-124500.npy,20230520,Arecibo-Observatory,12:45:00,13:00:00,200,0.25,15.0,86.625,3600,0,False,,
win-Arecibo-Observatory-20230603-173000.npy,20230603,Arecibo-Observatory,17:30:00,17:45:00,200,0.25,15.0,86.625,3600,0,False,,
win-Arecibo-Observatory-20230603-174500.npy,20230603,Arecibo-Observatory,17:45:00,18:00:00,200,0.25,15.0,86.625,3600,0,False,,
win-Arecibo-Observatory-20230603-180000.npy,20230603,Arecibo-Observatory,18:00:00,18:15:00,200,0.25,15.0,86.625,3600,1,False,,
win-Arecibo-Observatory-20230603-181500.npy,20230603,Arecibo-Observatory,18:15:00,18:30:00,200,0.25,15.0,86.625,3600,0,True,offclass_event_in_negative_window,III
win-Arecibo-Observatory-20230603-183000.npy,20230603,Arecibo-Observatory,18:30:00,18:45:00,200,0.25,15.0,86.625,3600,0,False,,
win-Arecibo-Observatory-20230604-100000.npy,20230604,Arecibo-Observatory,10:00:00,10:15:00,200,0.25,15.0,86.625,3600,0,False,,
win-Arecibo-Observatory-20230604-101500.npy,20230604,Arecibo-Observatory,10:15:00,10:30:00,200,0.25,15.0,86.625,3600,0,False,,
win-Arecibo-Observatory-20230604-103000.npy,20230604,Arecibo-Observatory,10:30:00,10:45:00,200,0.25,15.0,86.625,3600,1,False,,
win-Arecibo-Observatory-20230604-104500.npy,20230604,Arecibo-Observatory,10:45:00,11:00:00,200,0.25,15.0,86.625,3600,0,False,,
win-Arecibo-Observatory-20230604-110000.npy,20230604,Arecibo-Observatory,11:00:00,11:15:00,200,0.25,15.0,86.625,3600,1,False,,
win-Arecibo-Observatory-20230604-111500.npy,20230604,Arecibo-Observatory,11:15:00,11:30:00,200,0.25,15.0,86.625,3600,0,False,,
win-Arecibo-Observatory-20230604-113000.npy,20230604,Arecibo-Observatory,11:30:00,11:45:00,200,0.25,15.0,86.625,3600,0,False,,
win-Arecibo-Observatory-20230604-120000.npy,20230604,Arecibo-Observatory,12:00:00,12:15:00,200,0.25,15.0,86.625,3600,0,False,,
win-Arecibo-Observatory-20230604-121500.npy,20230604,Arecibo-Observatory,12:15:00,12:30:00,200,0.25,15.0,86.625,3600,0,False,,
win-Arecibo-Observatory-20230604-123000.npy,20230604,Arecibo-Observatory,12:30:00,12:45:00,200,0.25,15.0,86.625,3600,1,False,,
win-Arecibo-Observatory-20230604-124500.npy,20230604,Arecibo-Observatory,12:45:00,13:00:00,200,0.25,15.0,86.625,3600,0,False,,
win-Arecibo-Observatory-20230604-130000.npy,20230604,Arecibo-Observatory,13:00:00,13:15:00,200,0.25,15.0,86.625,3600,1,False,,
win-Arecibo-Observatory-20230604-131500.npy,20230604,Arecibo-Observatory,13:15:00,13:30:00,200,0.25,15.0,86.625,3600,0,False,,
win-Arecibo-Observatory-20230604-133000.npy,20230604,Arecibo-Observatory,13:30:00,13:45:00,200,0.25,15.0,86.625,3600,0,False,,
win-Arecibo-Observatory-20230604-160001.npy,20230604,Arecibo-Observatory,16:00:01,16:15:01,200,0.25,15.0,86.625,3600,0,True,offclass_event_in_negative_window,VI
win-Arecibo-Observatory-20230604-161501.npy,20230604,Arecibo-Observatory,16:15:01,16:29:57,200,0.25,15.0,86.625,3587,0,False,,
win-Arecibo-Observatory-20230604-163000.npy,20230604,Arecibo-Observatory,16:30:00,16:45:00,200,0.25,15.0,86.625,3600,1,False,,
win-Arecibo-Observatory-20230604-164500.npy,20230604,Arecibo-Observatory,16:45:00,17:00:00,200,0.25,15.0,86.625,3600,1,False,,
win-Arecibo-Observatory-20230604-170000.npy,20230604,Arecibo-Observatory,17:00:00,17:15:00,200,0.25,15.0,86.625,3600,1,False,,
win-Arecibo-Observatory-20230604-171500.npy,20230604,Arecibo-Observatory,17:15:00,17:30:00,200,0.25,15.0,86.625,3600,0,False,,
win-Arecibo-Observatory-20230604-173000.npy,20230604,Arecibo-Observatory,17:30:00,17:45:00,200,0.25,15.0,86.625,3600,1,False,,
win-Arecibo-Observatory-20230604-174500.npy,20230604,Arecibo-Observatory,17:45:00,18:00:00,200,0.25,15.0,86.625,3600,1,False,,
win-Arecibo-Observatory-20230604-180000.npy,20230604,Arecibo-Observatory,18:00:00,18:15:00,200,0.25,15.0,86.625,3600,1,False,,
win-Arecibo-Observatory-20230604-181500.npy,20230604,Arecibo-Observatory,18:15:00,18:30:00,200,0.25,15.0,86.625,3600,0,False,,
win-Arecibo-Observatory-20230604-183000.npy,20230604,Arecibo-Observatory,18:30:00,18:45:00,200,0.25,15.0,86.625,3600,0,False,,
win-Arecibo-Observatory-20230604-184500.npy,20230604,Arecibo-Observatory,18:45:00,19:00:00,200,0.25,15.0,86.625,3600,1,False,,
win-Arecibo-Observatory-20230604-190000.npy,20230604,Arecibo-Observatory,19:00:00,19:15:00,200,0.25,15.0,86.625,3600,0,False,,
win-Arecibo-Observatory-20230604-191500.npy,20230604,Arecibo-Observatory,19:15:00,19:30:00,200,0.25,15.0,86.625,3600,0,False,,
win-Arecibo-Observatory-20230605-100000.npy,20230605,Arecibo-Observatory,10:00:00,10:15:00,200,0.25,15.0,86.625,3600,0,False,,
win-Arecibo-Observatory-20230605-101500.npy,20230605,Arecibo-Observatory,10:15:00,10:30:00,200,0.25,15.0,86.625,3600,0,False,,
win-Arecibo-Observatory-20230605-103000.npy,20230605,Arecibo-Observatory,10:30:00,10:45:00,200,0.25,15.0,86.625,3600,1,False,,
win-Arecibo-Observatory-20230605-104500.npy,20230605,Arecibo-Observatory,10:45:00,11:00:00,200,0.25,15.0,86.625,3600,1,False,,
win-Arecibo-Observatory-20230605-110000.npy,20230605,Arecibo-Observatory,11:00:00,11:15:00,200,0.25,15.0,86.625,3600,0,False,,
win-Arecibo-Observatory-20230605-111500.npy,20230605,Arecibo-Observatory,11:15:00,11:30:00,200,0.25,15.0,86.625,3600,0,False,,
win-Arecibo-Observatory-20230605-113000.npy,20230605,Arecibo-Observatory,11:30:00,11:45:00,200,0.25,15.0,86.625,3600,1,False,,
win-Arecibo-Observatory-20230605-114500.npy,20230605,Arecibo-Observatory,11:45:00,12:00:00,200,0.25,15.0,86.625,3600,0,False,,
win-Arecibo-Observatory-20230605-120000.npy,20230605,Arecibo-Observatory,12:00:00,12:15:00,200,0.25,15.0,86.625,3600,0,False,,
win-Arecibo-Observatory-20230605-133000.npy,20230605,Arecibo-Observatory,13:30:00,13:45:00,200,0.25,15.0,86.625,3600,0,False,,
win-Arecibo-Observatory-20230605-134500.npy,20230605,Arecibo-Observatory,13:45:00,14:00:00,200,0.25,15.0,86.625,3600,0,False,,
win-Arecibo-Observatory-20230605-140000.npy,20230605,Arecibo-Observatory,14:00:00,14:15:00,200,0.25,15.0,86.625,3600,1,False,,
win-Arecibo-Observatory-20230605-141500.npy,20230605,Arecibo-Observatory,14:15:00,14:30:00,200,0.25,15.0,86.625,3600,0,False,,
win-Arecibo-Observatory-20230605-143000.npy,20230605,Arecibo-Observatory,14:30:00,14:45:00,200,0.25,15.0,86.625,3600,0,False,,
win-Arecibo-Observatory-20230605-144500.npy,20230605,Arecibo-Observatory,14:45:00,15:00:00,200,0.25,15.0,86.625,3600,0,False,,
win-Arecibo-Observatory-20230605-150001.npy,20230605,Arecibo-Observatory,15:00:01,15:15:01,200,0.25,15.0,86.625,3600,0,False,,
win-Arecibo-Observatory-20230605-151501.npy,20230605,Arecibo-Observatory,15:15:01,15:30:01,200,0.25,15.0,86.625,3600,1,False,,
win-Arecibo-Observatory-20230605-153001.npy,20230605,Arecibo-Observatory,15:30:01,15:45:01,200,0.25,15.0,86.625,3600,0,False,,
win-Arecibo-Observatory-20230605-154501.npy,20230605,Arecibo-Observatory,15:45:01,16:00:01,200,0.25,15.0,86.625,3600,0,False,,
win-Arecibo-Observatory-20230605-163000.npy,20230605,Arecibo-Observatory,16:30:00,16:45:00,200,0.25,15.0,86.625,3600,0,False,,
win-Arecibo-Observatory-20230605-164500.npy,20230605,Arecibo-Observatory,16:45:00,17:00:00,200,0.25,15.0,86.625,3600,0,False,,
win-Arecibo-Observatory-20230605-170000.npy,20230605,Arecibo-Observatory,17:00:00,17:15:00,200,0.25,15.0,86.625,3600,1,False,,
win-Arecibo-Observatory-20230605-171500.npy,20230605,Arecibo-Observatory,17:15:00,17:30:00,200,0.25,15.0,86.625,3600,0,False,,
win-Arecibo-Observatory-20230605-173000.npy,20230605,Arecibo-Observatory,17:30:00,17:45:00,200,0.25,15.0,86.625,3600,2,False,,
win-Arecibo-Observatory-20230605-174500.npy,20230605,Arecibo-Observatory,17:45:00,18:00:00,200,0.25,15.0,86.625,3600,2,False,,
win-Arecibo-Observatory-20230605-180000.npy,20230605,Arecibo-Observatory,18:00:00,18:15:00,200,0.25,15.0,86.625,3600,0,False,,
win-Arecibo-Observatory-20230605-181500.npy,20230605,Arecibo-Observatory,18:15:00,18:30:00,200,0.25,15.0,86.625,3600,2,False,,
win-Arecibo-Observatory-20230605-183000.npy,20230605,Arecibo-Observatory,18:30:00,18:45:00,200,0.25,15.0,86.625,3600,1,False,,
win-Arecibo-Observatory-20230605-184500.npy,20230605,Arecibo-Observatory,18:45:00,19:00:00,200,0.25,15.0,86.625,3600,0,False,,
win-Arecibo-Observatory-20230605-190000.npy,20230605,Arecibo-Observatory,19:00:00,19:15:00,200,0.25,15.0,86.625,3600,0,False,,
win-Arecibo-Observatory-20230605-201501.npy,20230605,Arecibo-Observatory,20:15:01,20:30:01,200,0.25,15.0,86.625,3600,0,True,offclass_event_in_negative_window,VI
win-Arecibo-Observatory-20230605-203000.npy,20230605,Arecibo-Observatory,20:30:00,20:45:00,200,0.25,15.0,86.625,3600,0,False,,
win-Arecibo-Observatory-20230605-204501.npy,20230605,Arecibo-Observatory,20:45:01,21:00:01,200,0.25,15.0,86.625,3600,1,False,,
win-Arecibo-Observatory-20230605-210001.npy,20230605,Arecibo-Observatory,21:00:01,21:15:01,200,0.25,15.0,86.625,3600,0,False,,
win-Arecibo-Observatory-20230605-211501.npy,20230605,Arecibo-Observatory,21:15:01,21:30:01,200,0.25,15.0,86.625,3600,0,False,,
win-Arecibo-Observatory-20230605-214501.npy,20230605,Arecibo-Observatory,21:45:01,22:00:01,200,0.25,15.0,86.625,3600,0,False,,
win-Arecibo-Observatory-20230605-220001.npy,20230605,Arecibo-Observatory,22:00:01,22:14:58,200,0.25,15.0,86.625,3588,0,False,,
win-Arecibo-Observatory-20230607-131500.npy,20230607,Arecibo-Observatory,13:15:00,13:30:00,200,0.25,15.0,86.625,3600,0,False,,
win-Arecibo-Observatory-20230607-133000.npy,20230607,Arecibo-Observatory,13:30:00,13:45:00,200,0.25,15.0,86.625,3600,0,False,,
win-Arecibo-Observatory-20230607-134500.npy,20230607,Arecibo-Observatory,13:45:00,14:00:00,200,0.25,15.0,86.625,3600,1,False,,
win-Arecibo-Observatory-20230607-140001.npy,20230607,Arecibo-Observatory,14:00:01,14:15:01,200,0.25,15.0,86.625,3600,0,False,,
win-Arecibo-Observatory-20230607-141500.npy,20230607,Arecibo-Observatory,14:15:00,14:30:00,200,0.25,15.0,86.625,3600,0,False,,
win-Arecibo-Observatory-20230607-151501.npy,20230607,Arecibo-Observatory,15:15:01,15:30:01,200,0.25,15.0,86.625,3600,0,False,,
win-Arecibo-Observatory-20230607-153001.npy,20230607,Arecibo-Observatory,15:30:01,15:45:01,200,0.25,15.0,86.625,3600,0,False,,
win-Arecibo-Observatory-20230607-154501.npy,20230607,Arecibo-Observatory,15:45:01,16:00:01,200,0.25,15.0,86.625,3600,0,True,only_edge_sliver_of_an_event,
win-Arecibo-Observatory-20230607-160001.npy,20230607,Arecibo-Observatory,16:00:01,16:15:01,200,0.25,15.0,86.625,3600,1,False,,
win-Arecibo-Observatory-20230607-161501.npy,20230607,Arecibo-Observatory,16:15:01,16:29:57,200,0.25,15.0,86.625,3586,0,False,,
win-Arecibo-Observatory-20230607-163000.npy,20230607,Arecibo-Observatory,16:30:00,16:45:00,200,0.25,15.0,86.625,3600,0,False,,
win-Arecibo-Observatory-20230609-101500.npy,20230609,Arecibo-Observatory,10:15:00,10:30:00,200,0.25,15.0,86.625,3600,0,False,,
win-Arecibo-Observatory-20230609-103000.npy,20230609,Arecibo-Observatory,10:30:00,10:45:00,200,0.25,15.0,86.625,3600,0,False,,
win-Arecibo-Observatory-20230609-104500.npy,20230609,Arecibo-Observatory,10:45:00,11:00:00,200,0.25,15.0,86.625,3600,1,False,,
win-Arecibo-Observatory-20230609-110000.npy,20230609,Arecibo-Observatory,11:00:00,11:15:00,200,0.25,15.0,86.625,3600,0,False,,
win-Arecibo-Observatory-20230609-111500.npy,20230609,Arecibo-Observatory,11:15:00,11:30:00,200,0.25,15.0,86.625,3600,1,False,,
win-Arecibo-Observatory-20230609-113000.npy,20230609,Arecibo-Observatory,11:30:00,11:45:00,200,0.25,15.0,86.625,3600,0,False,,
win-Arecibo-Observatory-20230609-114500.npy,20230609,Arecibo-Observatory,11:45:00,12:00:00,200,0.25,15.0,86.625,3600,0,False,,
win-Arecibo-Observatory-20230609-134501.npy,20230609,Arecibo-Observatory,13:45:01,14:00:01,200,0.25,15.0,86.625,3600,0,False,,
win-Arecibo-Observatory-20230609-140001.npy,20230609,Arecibo-Observatory,14:00:01,14:15:01,200,0.25,15.0,86.625,3600,0,False,,
win-Arecibo-Observatory-20230609-141501.npy,20230609,Arecibo-Observatory,14:15:01,14:30:01,200,0.25,15.0,86.625,3600,1,False,,
win-Arecibo-Observatory-20230609-143001.npy,20230609,Arecibo-Observatory,14:30:01,14:45:01,200,0.25,15.0,86.625,3600,0,False,,
win-Arecibo-Observatory-20230609-144501.npy,20230609,Arecibo-Observatory,14:45:01,15:00:01,200,0.25,15.0,86.625,3600,0,False,,
win-Arecibo-Observatory-20230609-150001.npy,20230609,Arecibo-Observatory,15:00:01,15:15:01,200,0.25,15.0,86.625,3600,1,False,,
win-Arecibo-Observatory-20230609-151501.npy,20230609,Arecibo-Observatory,15:15:01,15:30:01,200,0.25,15.0,86.625,3600,0,False,,
win-Arecibo-Observatory-20230609-153001.npy,20230609,Arecibo-Observatory,15:30:01,15:45:01,200,0.25,15.0,86.625,3600,0,False,,
win-Arecibo-Observatory-20230609-163000.npy,20230609,Arecibo-Observatory,16:30:00,16:45:00,200,0.25,15.0,86.625,3600,0,False,,
win-Arecibo-Observatory-20230609-164500.npy,20230609,Arecibo-Observatory,16:45:00,17:00:00,200,0.25,15.0,86.625,3600,0,False,,
win-Arecibo-Observatory-20230609-170000.npy,20230609,Arecibo-Observatory,17:00:00,17:15:00,200,0.25,15.0,86.625,3600,1,False,,
win-Arecibo-Observatory-20230609-171500.npy,20230609,Arecibo-Observatory,17:15:00,17:30:00,200,0.25,15.0,86.625,3600,0,False,,
win-Arecibo-Observatory-20230609-173000.npy,20230609,Arecibo-Observatory,17:30:00,17:45:00,200,0.25,15.0,86.625,3600,0,False,,
win-Arecibo-Observatory-20230609-184500.npy,20230609,Arecibo-Observatory,18:45:00,19:00:00,200,0.25,15.0,86.625,3600,0,False,,
win-Arecibo-Observatory-20230609-190000.npy,20230609,Arecibo-Observatory,19:00:00,19:15:00,200,0.25,15.0,86.625,3600,0,False,,
win-Arecibo-Observatory-20230609-191500.npy,20230609,Arecibo-Observatory,19:15:00,19:30:00,200,0.25,15.0,86.625,3600,0,False,,
win-Arecibo-Observatory-20230609-193001.npy,20230609,Arecibo-Observatory,19:30:01,19:45:01,200,0.25,15.0,86.625,3600,1,False,,
win-Arecibo-Observatory-20230609-194501.npy,20230609,Arecibo-Observatory,19:45:01,20:00:01,200,0.25,15.0,86.625,3600,0,False,,
win-Arecibo-Observatory-20230609-200000.npy,20230609,Arecibo-Observatory,20:00:00,20:15:00,200,0.25,15.0,86.625,3600,0,False,,
win-Arecibo-Observatory-20230612-101500.npy,20230612,Arecibo-Observatory,10:15:00,10:30:00,200,0.25,15.0,86.625,3600,0,False,,
win-Arecibo-Observatory-20230612-103000.npy,20230612,Arecibo-Observatory,10:30:00,10:45:00,200,0.25,15.0,86.625,3600,0,False,,
win-Arecibo-Observatory-20230612-104500.npy,20230612,Arecibo-Observatory,10:45:00,11:00:00,200,0.25,15.0,86.625,3600,1,False,,
win-Arecibo-Observatory-20230612-110000.npy,20230612,Arecibo-Observatory,11:00:00,11:15:00,200,0.25,15.0,86.625,3600,0,False,,
win-Arecibo-Observatory-20230612-111500.npy,20230612,Arecibo-Observatory,11:15:00,11:30:00,200,0.25,15.0,86.625,3600,0,False,,
win-Arecibo-Observatory-20230612-121500.npy,20230612,Arecibo-Observatory,12:15:00,12:30:00,200,0.25,15.0,86.625,3600,0,False,,
win-Arecibo-Observatory-20230612-123000.npy,20230612,Arecibo-Observatory,12:30:00,12:45:00,200,0.25,15.0,86.625,3600,0,False,,
win-Arecibo-Observatory-20230612-124501.npy,20230612,Arecibo-Observatory,12:45:01,13:00:01,200,0.25,15.0,86.625,3600,1,False,,
win-Arecibo-Observatory-20230612-130001.npy,20230612,Arecibo-Observatory,13:00:01,13:15:01,200,0.25,15.0,86.625,3600,0,False,,
win-Arecibo-Observatory-20230612-131501.npy,20230612,Arecibo-Observatory,13:15:01,13:30:01,200,0.25,15.0,86.625,3600,0,True,offclass_event_in_negative_window,RBR
win-Arecibo-Observatory-20230612-150001.npy,20230612,Arecibo-Observatory,15:00:01,15:15:01,200,0.25,15.0,86.625,3600,0,False,,
win-Arecibo-Observatory-20230612-151501.npy,20230612,Arecibo-Observatory,15:15:01,15:30:01,200,0.25,15.0,86.625,3600,0,False,,
win-Arecibo-Observatory-20230612-153001.npy,20230612,Arecibo-Observatory,15:30:01,15:45:01,200,0.25,15.0,86.625,3600,1,False,,
win-Arecibo-Observatory-20230612-154501.npy,20230612,Arecibo-Observatory,15:45:01,16:00:01,200,0.25,15.0,86.625,3600,0,False,,
win-Arecibo-Observatory-20230612-160001.npy,20230612,Arecibo-Observatory,16:00:01,16:15:01,200,0.25,15.0,86.625,3600,1,False,,
win-Arecibo-Observatory-20230612-161501.npy,20230612,Arecibo-Observatory,16:15:01,16:29:57,200,0.25,15.0,86.625,3587,0,False,,
win-Arecibo-Observatory-20230612-163000.npy,20230612,Arecibo-Observatory,16:30:00,16:45:00,200,0.25,15.0,86.625,3600,0,False,,
win-Arecibo-Observatory-20230612-164500.npy,20230612,Arecibo-Observatory,16:45:00,17:00:00,200,0.25,15.0,86.625,3600,0,False,,
win-Arecibo-Observatory-20230612-170000.npy,20230612,Arecibo-Observatory,17:00:00,17:15:00,200,0.25,15.0,86.625,3600,1,False,,
win-Arecibo-Observatory-20230612-171500.npy,20230612,Arecibo-Observatory,17:15:00,17:30:00,200,0.25,15.0,86.625,3600,0,False,,
win-Arecibo-Observatory-20230612-173000.npy,20230612,Arecibo-Observatory,17:30:00,17:45:00,200,0.25,15.0,86.625,3600,0,False,,
win-Arecibo-Observatory-20230612-181500.npy,20230612,Arecibo-Observatory,18:15:00,18:30:00,200,0.25,15.0,86.625,3600,0,False,,
win-Arecibo-Observatory-20230612-183000.npy,20230612,Arecibo-Observatory,18:30:00,18:45:00,200,0.25,15.0,86.625,3600,0,False,,
win-Arecibo-Observatory-20230612-184500.npy,20230612,Arecibo-Observatory,18:45:00,19:00:00,200,0.25,15.0,86.625,3600,1,False,,
win-Arecibo-Observatory-20230612-190000.npy,20230612,Arecibo-Observatory,19:00:00,19:15:00,200,0.25,15.0,86.625,3600,0,False,,
win-Arecibo-Observatory-20230612-191500.npy,20230612,Arecibo-Observatory,19:15:00,19:30:00,200,0.25,15.0,86.625,3600,0,False,,
win-Arecibo-Observatory-20230613-104500.npy,20230613,Arecibo-Observatory,10:45:00,11:00:00,200,0.25,15.0,86.625,3600,0,False,,
win-Arecibo-Observatory-20230613-110000.npy,20230613,Arecibo-Observatory,11:00:00,11:15:00,200,0.25,15.0,86.625,3600,0,False,,
win-Arecibo-Observatory-20230613-111500.npy,20230613,Arecibo-Observatory,11:15:00,11:30:00,200,0.25,15.0,86.625,3600,1,False,,
win-Arecibo-Observatory-20230613-113000.npy,20230613,Arecibo-Observatory,11:30:00,11:45:00,200,0.25,15.0,86.625,3600,0,False,,
win-Arecibo-Observatory-20230613-114500.npy,20230613,Arecibo-Observatory,11:45:00,12:00:00,200,0.25,15.0,86.625,3600,0,False,,
win-Arecibo-Observatory-20230613-133001.npy,20230613,Arecibo-Observatory,13:30:01,13:45:01,200,0.25,15.0,86.625,3600,0,False,,
win-Arecibo-Observatory-20230613-134501.npy,20230613,Arecibo-Observatory,13:45:01,14:00:01,200,0.25,15.0,86.625,3600,0,False,,
win-Arecibo-Observatory-20230613-140000.npy,20230613,Arecibo-Observatory,14:00:00,14:15:00,200,0.25,15.0,86.625,3600,1,False,,
win-Arecibo-Observatory-20230613-141501.npy,20230613,Arecibo-Observatory,14:15:01,14:30:01,200,0.25,15.0,86.625,3600,0,False,,
win-Arecibo-Observatory-20230613-143001.npy,20230613,Arecibo-Observatory,14:30:01,14:45:01,200,0.25,15.0,86.625,3600,0,False,,
win-Arecibo-Observatory-20230613-144501.npy,20230613,Arecibo-Observatory,14:45:01,15:00:01,200,0.25,15.0,86.625,3600,0,False,,
win-Arecibo-Observatory-20230613-150001.npy,20230613,Arecibo-Observatory,15:00:01,15:15:01,200,0.25,15.0,86.625,3600,1,False,,
win-Arecibo-Observatory-20230613-151501.npy,20230613,Arecibo-Observatory,15:15:01,15:30:01,200,0.25,15.0,86.625,3600,1,False,,
win-Arecibo-Observatory-20230613-153001.npy,20230613,Arecibo-Observatory,15:30:01,15:45:01,200,0.25,15.0,86.625,3600,0,False,,
win-Arecibo-Observatory-20230613-154501.npy,20230613,Arecibo-Observatory,15:45:01,16:00:01,200,0.25,15.0,86.625,3600,0,False,,
win-Arecibo-Observatory-20230613-170000.npy,20230613,Arecibo-Observatory,17:00:00,17:15:00,200,0.25,15.0,86.625,3600,0,False,,
win-Arecibo-Observatory-20230613-171500.npy,20230613,Arecibo-Observatory,17:15:00,17:30:00,200,0.25,15.0,86.625,3600,0,True,offclass_event_in_negative_window,RBR
win-Arecibo-Observatory-20230613-173000.npy,20230613,Arecibo-Observatory,17:30:00,17:45:00,200,0.25,15.0,86.625,3600,1,False,,
win-Arecibo-Observatory-20230613-174500.npy,20230613,Arecibo-Observatory,17:45:00,18:00:00,200,0.25,15.0,86.625,3600,1,False,,
win-Arecibo-Observatory-20230613-180000.npy,20230613,Arecibo-Observatory,18:00:00,18:15:00,200,0.25,15.0,86.625,3600,0,False,,
win-Arecibo-Observatory-20230613-181500.npy,20230613,Arecibo-Observatory,18:15:00,18:30:00,200,0.25,15.0,86.625,3600,0,False,,
win-Arecibo-Observatory-20230613-183000.npy,20230613,Arecibo-Observatory,18:30:00,18:45:00,200,0.25,15.0,86.625,3600,1,False,,
win-Arecibo-Observatory-20230613-184500.npy,20230613,Arecibo-Observatory,18:45:00,19:00:00,200,0.25,15.0,86.625,3600,0,False,,
win-Arecibo-Observatory-20230613-190000.npy,20230613,Arecibo-Observatory,19:00:00,19:15:00,200,0.25,15.0,86.625,3600,0,False,,
win-Arecibo-Observatory-20230613-191500.npy,20230613,Arecibo-Observatory,19:15:00,19:30:00,200,0.25,15.0,86.625,3600,1,False,,
win-Arecibo-Observatory-20230613-193001.npy,20230613,Arecibo-Observatory,19:30:01,19:45:01,200,0.25,15.0,86.625,3600,0,False,,
win-Arecibo-Observatory-20230613-194500.npy,20230613,Arecibo-Observatory,19:45:00,20:00:00,200,0.25,15.0,86.625,3600,0,False,,
win-Arecibo-Observatory-20230613-200000.npy,20230613,Arecibo-Observatory,20:00:00,20:15:00,200,0.25,15.0,86.625,3600,1,False,,
win-Arecibo-Observatory-20230613-201500.npy,20230613,Arecibo-Observatory,20:15:00,20:30:00,200,0.25,15.0,86.625,3600,1,False,,
win-Arecibo-Observatory-20230613-203000.npy,20230613,Arecibo-Observatory,20:30:00,20:45:00,200,0.25,15.0,86.625,3600,0,False,,
win-Arecibo-Observatory-20230613-204500.npy,20230613,Arecibo-Observatory,20:45:00,21:00:00,200,0.25,15.0,86.625,3600,0,False,,
win-Arecibo-Observatory-20230615-120000.npy,20230615,Arecibo-Observatory,12:00:00,12:15:00,200,0.25,15.0,86.625,3600,0,False,,
win-Arecibo-Observatory-20230615-121500.npy,20230615,Arecibo-Observatory,12:15:00,12:30:00,200,0.25,15.0,86.625,3600,0,False,,
win-Arecibo-Observatory-20230615-123000.npy,20230615,Arecibo-Observatory,12:30:00,12:45:00,200,0.25,15.0,86.625,3600,1,False,,
win-Arecibo-Observatory-20230615-124500.npy,20230615,Arecibo-Observatory,12:45:00,13:00:00,200,0.25,15.0,86.625,3600,1,False,,
win-Arecibo-Observatory-20230615-130000.npy,20230615,Arecibo-Observatory,13:00:00,13:15:00,200,0.25,15.0,86.625,3600,0,False,,
win-Arecibo-Observatory-20230615-131500.npy,20230615,Arecibo-Observatory,13:15:00,13:30:00,200,0.25,15.0,86.625,3600,0,False,,
win-Arecibo-Observatory-20230615-160000.npy,20230615,Arecibo-Observatory,16:00:00,16:15:00,200,0.25,15.0,86.625,3600,0,False,,
win-Arecibo-Observatory-20230615-161501.npy,20230615,Arecibo-Observatory,16:15:01,16:29:57,200,0.25,15.0,86.625,3587,0,False,,
win-Arecibo-Observatory-20230615-163000.npy,20230615,Arecibo-Observatory,16:30:00,16:45:00,200,0.25,15.0,86.625,3600,0,False,,
win-Arecibo-Observatory-20230615-164500.npy,20230615,Arecibo-Observatory,16:45:00,17:00:00,200,0.25,15.0,86.625,3600,1,False,,
win-Arecibo-Observatory-20230615-170000.npy,20230615,Arecibo-Observatory,17:00:00,17:15:00,200,0.25,15.0,86.625,3600,0,False,,
win-Arecibo-Observatory-20230615-171500.npy,20230615,Arecibo-Observatory,17:15:00,17:30:00,200,0.25,15.0,86.625,3600,0,False,,
win-Arecibo-Observatory-20230615-180000.npy,20230615,Arecibo-Observatory,18:00:00,18:15:00,200,0.25,15.0,86.625,3600,0,False,,
win-Arecibo-Observatory-20230615-181500.npy,20230615,Arecibo-Observatory,18:15:00,18:30:00,200,0.25,15.0,86.625,3600,0,False,,
win-Arecibo-Observatory-20230615-183000.npy,20230615,Arecibo-Observatory,18:30:00,18:45:00,200,0.25,15.0,86.625,3600,1,False,,
win-Arecibo-Observatory-20230615-184500.npy,20230615,Arecibo-Observatory,18:45:00,19:00:00,200,0.25,15.0,86.625,3600,0,False,,
win-Arecibo-Observatory-20230615-190000.npy,20230615,Arecibo-Observatory,19:00:00,19:15:00,200,0.25,15.0,86.625,3600,0,False,,
win-Arecibo-Observatory-20230616-130001.npy,20230616,Arecibo-Observatory,13:00:01,13:15:01,200,0.25,15.0,86.625,3600,0,False,,
win-Arecibo-Observatory-20230616-131501.npy,20230616,Arecibo-Observatory,13:15:01,13:30:01,200,0.25,15.0,86.625,3600,0,False,,
win-Arecibo-Observatory-20230616-133001.npy,20230616,Arecibo-Observatory,13:30:01,13:45:01,200,0.25,15.0,86.625,3600,1,False,,
win-Arecibo-Observatory-20230616-134501.npy,20230616,Arecibo-Observatory,13:45:01,14:00:01,200,0.25,15.0,86.625,3600,0,False,,
win-Arecibo-Observatory-20230616-140001.npy,20230616,Arecibo-Observatory,14:00:01,14:15:01,200,0.25,15.0,86.625,3600,1,False,,
win-Arecibo-Observatory-20230616-141501.npy,20230616,Arecibo-Observatory,14:15:01,14:30:01,200,0.25,15.0,86.625,3600,0,False,,
win-Arecibo-Observatory-20230616-143001.npy,20230616,Arecibo-Observatory,14:30:01,14:45:01,200,0.25,15.0,86.625,3600,0,False,,
win-Arecibo-Observatory-20230616-164459.npy,20230616,Arecibo-Observatory,16:44:59,16:59:59,200,0.25,15.0,86.625,3600,0,False,,
win-Arecibo-Observatory-20230616-165959.npy,20230616,Arecibo-Observatory,16:59:59,17:14:59,200,0.25,15.0,86.625,3600,0,False,,
win-Arecibo-Observatory-20230616-171459.npy,20230616,Arecibo-Observatory,17:14:59,17:29:59,200,0.25,15.0,86.625,3600,1,False,,
win-Arecibo-Observatory-20230616-172959.npy,20230616,Arecibo-Observatory,17:29:59,17:44:59,200,0.25,15.0,86.625,3600,0,True,offclass_event_in_negative_window,VI
win-Arecibo-Observatory-20230616-174459.npy,20230616,Arecibo-Observatory,17:44:59,17:59:59,200,0.25,15.0,86.625,3600,0,True,offclass_event_in_negative_window,VI
win-Arecibo-Observatory-20230617-101500.npy,20230617,Arecibo-Observatory,10:15:00,10:30:00,200,0.25,15.0,86.625,3600,0,False,,
win-Arecibo-Observatory-20230617-103000.npy,20230617,Arecibo-Observatory,10:30:00,10:45:00,200,0.25,15.0,86.625,3600,0,False,,
win-Arecibo-Observatory-20230617-104500.npy,20230617,Arecibo-Observatory,10:45:00,11:00:00,200,0.25,15.0,86.625,3600,1,False,,
win-Arecibo-Observatory-20230617-110000.npy,20230617,Arecibo-Observatory,11:00:00,11:15:00,200,0.25,15.0,86.625,3600,0,False,,
win-Arecibo-Observatory-20230617-111500.npy,20230617,Arecibo-Observatory,11:15:00,11:30:00,200,0.25,15.0,86.625,3600,0,False,,
win-Arecibo-Observatory-20230617-113000.npy,20230617,Arecibo-Observatory,11:30:00,11:45:00,200,0.25,15.0,86.625,3600,0,False,,
win-Arecibo-Observatory-20230617-121500.npy,20230617,Arecibo-Observatory,12:15:00,12:30:00,200,0.25,15.0,86.625,3600,0,False,,
win-Arecibo-Observatory-20230617-123001.npy,20230617,Arecibo-Observatory,12:30:01,12:45:01,200,0.25,15.0,86.625,3600,0,False,,
win-Arecibo-Observatory-20230617-124500.npy,20230617,Arecibo-Observatory,12:45:00,13:00:00,200,0.25,15.0,86.625,3600,1,False,,
win-Arecibo-Observatory-20230617-130001.npy,20230617,Arecibo-Observatory,13:00:01,13:15:01,200,0.25,15.0,86.625,3600,0,False,,
win-Arecibo-Observatory-20230617-131501.npy,20230617,Arecibo-Observatory,13:15:01,13:30:01,200,0.25,15.0,86.625,3600,1,False,,
win-Arecibo-Observatory-20230617-133001.npy,20230617,Arecibo-Observatory,13:30:01,13:45:01,200,0.25,15.0,86.625,3600,0,False,,
win-Arecibo-Observatory-20230617-134501.npy,20230617,Arecibo-Observatory,13:45:01,14:00:01,200,0.25,15.0,86.625,3600,0,False,,
win-Arecibo-Observatory-20230617-140001.npy,20230617,Arecibo-Observatory,14:00:01,14:15:01,200,0.25,15.0,86.625,3600,1,False,,
win-Arecibo-Observatory-20230617-141501.npy,20230617,Arecibo-Observatory,14:15:01,14:30:01,200,0.25,15.0,86.625,3600,0,False,,
win-Arecibo-Observatory-20230617-143001.npy,20230617,Arecibo-Observatory,14:30:01,14:45:01,200,0.25,15.0,86.625,3600,0,False,,
win-Arecibo-Observatory-20230617-144501.npy,20230617,Arecibo-Observatory,14:45:01,15:00:01,200,0.25,15.0,86.625,3600,0,False,,
win-Arecibo-Observatory-20230617-150001.npy,20230617,Arecibo-Observatory,15:00:01,15:15:01,200,0.25,15.0,86.625,3600,1,False,,
win-Arecibo-Observatory-20230617-151501.npy,20230617,Arecibo-Observatory,15:15:01,15:30:01,200,0.25,15.0,86.625,3600,0,False,,
win-Arecibo-Observatory-20230617-153001.npy,20230617,Arecibo-Observatory,15:30:01,15:45:01,200,0.25,15.0,86.625,3600,0,False,,
win-Arecibo-Observatory-20230617-154501.npy,20230617,Arecibo-Observatory,15:45:01,16:00:01,200,0.25,15.0,86.625,3600,0,False,,
win-Arecibo-Observatory-20230617-160001.npy,20230617,Arecibo-Observatory,16:00:01,16:15:01,200,0.25,15.0,86.625,3600,0,False,,
win-Arecibo-Observatory-20230617-161501.npy,20230617,Arecibo-Observatory,16:15:01,16:29:57,200,0.25,15.0,86.625,3587,1,False,,
win-Arecibo-Observatory-20230617-163000.npy,20230617,Arecibo-Observatory,16:30:00,16:45:00,200,0.25,15.0,86.625,3600,0,False,,
win-Arecibo-Observatory-20230617-164500.npy,20230617,Arecibo-Observatory,16:45:00,17:00:00,200,0.25,15.0,86.625,3600,1,False,,
win-Arecibo-Observatory-20230617-170000.npy,20230617,Arecibo-Observatory,17:00:00,17:15:00,200,0.25,15.0,86.625,3600,0,False,,
win-Arecibo-Observatory-20230617-171500.npy,20230617,Arecibo-Observatory,17:15:00,17:30:00,200,0.25,15.0,86.625,3600,0,False,,
win-Arecibo-Observatory-20230617-174500.npy,20230617,Arecibo-Observatory,17:45:00,18:00:00,200,0.25,15.0,86.625,3600,0,False,,
win-Arecibo-Observatory-20230617-180000.npy,20230617,Arecibo-Observatory,18:00:00,18:15:00,200,0.25,15.0,86.625,3600,0,False,,
win-Arecibo-Observatory-20230617-181500.npy,20230617,Arecibo-Observatory,18:15:00,18:30:00,200,0.25,15.0,86.625,3600,1,False,,
win-Arecibo-Observatory-20230617-183000.npy,20230617,Arecibo-Observatory,18:30:00,18:45:00,200,0.25,15.0,86.625,3600,1,False,,
win-Arecibo-Observatory-20230617-184500.npy,20230617,Arecibo-Observatory,18:45:00,19:00:00,200,0.25,15.0,86.625,3600,0,False,,
win-Arecibo-Observatory-20230617-190000.npy,20230617,Arecibo-Observatory,19:00:00,19:15:00,200,0.25,15.0,86.625,3600,1,False,,
win-Arecibo-Observatory-20230617-191500.npy,20230617,Arecibo-Observatory,19:15:00,19:30:00,200,0.25,15.0,86.625,3600,0,False,,
win-Arecibo-Observatory-20230617-193001.npy,20230617,Arecibo-Observatory,19:30:01,19:45:01,200,0.25,15.0,86.625,3600,1,False,,
win-Arecibo-Observatory-20230617-194501.npy,20230617,Arecibo-Observatory,19:45:01,20:00:01,200,0.25,15.0,86.625,3600,0,False,,
win-Arecibo-Observatory-20230617-200001.npy,20230617,Arecibo-Observatory,20:00:01,20:15:01,200,0.25,15.0,86.625,3600,1,False,,
win-Arecibo-Observatory-20230617-201501.npy,20230617,Arecibo-Observatory,20:15:01,20:30:01,200,0.25,15.0,86.625,3600,0,False,,
win-Arecibo-Observatory-20230617-203001.npy,20230617,Arecibo-Observatory,20:30:01,20:45:01,200,0.25,15.0,86.625,3600,0,False,,
win-Arecibo-Observatory-20230618-131501.npy,20230618,Arecibo-Observatory,13:15:01,13:30:01,200,0.25,15.0,86.625,3600,0,False,,
win-Arecibo-Observatory-20230618-133001.npy,20230618,Arecibo-Observatory,13:30:01,13:45:01,200,0.25,15.0,86.625,3600,0,True,offclass_event_in_negative_window,VI
win-Arecibo-Observatory-20230618-134501.npy,20230618,Arecibo-Observatory,13:45:01,14:00:01,200,0.25,15.0,86.625,3600,1,False,,VI
win-Arecibo-Observatory-20230618-140001.npy,20230618,Arecibo-Observatory,14:00:01,14:15:01,200,0.25,15.0,86.625,3600,1,False,,VI
win-Arecibo-Observatory-20230618-141501.npy,20230618,Arecibo-Observatory,14:15:01,14:30:01,200,0.25,15.0,86.625,3600,0,True,offclass_event_in_negative_window,VI
win-Arecibo-Observatory-20230618-143001.npy,20230618,Arecibo-Observatory,14:30:01,14:45:01,200,0.25,15.0,86.625,3600,0,True,offclass_event_in_negative_window,VI
win-Arecibo-Observatory-20230618-191459.npy,20230618,Arecibo-Observatory,19:14:59,19:29:59,200,0.25,15.0,86.625,3600,0,False,,
win-Arecibo-Observatory-20230618-192959.npy,20230618,Arecibo-Observatory,19:29:59,19:44:59,200,0.25,15.0,86.625,3600,0,False,,
win-Arecibo-Observatory-20230618-194459.npy,20230618,Arecibo-Observatory,19:44:59,19:59:59,200,0.25,15.0,86.625,3600,1,False,,
win-Arecibo-Observatory-20230618-195959.npy,20230618,Arecibo-Observatory,19:59:59,20:14:59,200,0.25,15.0,86.625,3600,0,True,only_edge_sliver_of_an_event,
win-Arecibo-Observatory-20230618-201459.npy,20230618,Arecibo-Observatory,20:14:59,20:29:59,200,0.25,15.0,86.625,3600,0,False,,
win-Arecibo-Observatory-20230618-202959.npy,20230618,Arecibo-Observatory,20:29:59,20:44:59,200,0.25,15.0,86.625,3600,0,False,,
win-Arecibo-Observatory-20230619-101500.npy,20230619,Arecibo-Observatory,10:15:00,10:30:00,200,0.25,15.0,86.625,3600,0,False,,
win-Arecibo-Observatory-20230619-103000.npy,20230619,Arecibo-Observatory,10:30:00,10:45:00,200,0.25,15.0,86.625,3600,0,False,,
win-Arecibo-Observatory-20230619-104500.npy,20230619,Arecibo-Observatory,10:45:00,11:00:00,200,0.25,15.0,86.625,3600,1,False,,
win-Arecibo-Observatory-20230619-110000.npy,20230619,Arecibo-Observatory,11:00:00,11:15:00,200,0.25,15.0,86.625,3600,1,False,,
win-Arecibo-Observatory-20230619-111500.npy,20230619,Arecibo-Observatory,11:15:00,11:30:00,200,0.25,15.0,86.625,3600,0,False,,
win-Arecibo-Observatory-20230619-113000.npy,20230619,Arecibo-Observatory,11:30:00,11:45:00,200,0.25,15.0,86.625,3600,1,False,,
win-Arecibo-Observatory-20230619-114500.npy,20230619,Arecibo-Observatory,11:45:00,12:00:00,200,0.25,15.0,86.625,3600,0,False,,
win-Arecibo-Observatory-20230619-120000.npy,20230619,Arecibo-Observatory,12:00:00,12:15:00,200,0.25,15.0,86.625,3600,1,False,,
win-Arecibo-Observatory-20230619-121500.npy,20230619,Arecibo-Observatory,12:15:00,12:30:00,200,0.25,15.0,86.625,3600,1,False,,
win-Arecibo-Observatory-20230619-123000.npy,20230619,Arecibo-Observatory,12:30:00,12:45:00,200,0.25,15.0,86.625,3600,0,False,,
win-Arecibo-Observatory-20230619-124500.npy,20230619,Arecibo-Observatory,12:45:00,13:00:00,200,0.25,15.0,86.625,3600,0,False,,
win-Arecibo-Observatory-20230619-201501.npy,20230619,Arecibo-Observatory,20:15:01,20:30:01,200,0.25,15.0,86.625,3600,0,False,,
win-Arecibo-Observatory-20230619-203001.npy,20230619,Arecibo-Observatory,20:30:01,20:45:01,200,0.25,15.0,86.625,3600,0,False,,
win-Arecibo-Observatory-20230619-204501.npy,20230619,Arecibo-Observatory,20:45:01,21:00:01,200,0.25,15.0,86.625,3600,1,False,,
win-Arecibo-Observatory-20230619-210001.npy,20230619,Arecibo-Observatory,21:00:01,21:15:01,200,0.25,15.0,86.625,3600,0,False,,
win-Arecibo-Observatory-20230619-211501.npy,20230619,Arecibo-Observatory,21:15:01,21:30:01,200,0.25,15.0,86.625,3600,0,False,,
win-Arecibo-Observatory-20230620-111500.npy,20230620,Arecibo-Observatory,11:15:00,11:30:00,200,0.25,15.0,86.625,3600,0,False,,
win-Arecibo-Observatory-20230620-113000.npy,20230620,Arecibo-Observatory,11:30:00,11:45:00,200,0.25,15.0,86.625,3600,0,False,,
win-Arecibo-Observatory-20230620-114500.npy,20230620,Arecibo-Observatory,11:45:00,12:00:00,200,0.25,15.0,86.625,3600,1,False,,
win-Arecibo-Observatory-20230620-120000.npy,20230620,Arecibo-Observatory,12:00:00,12:15:00,200,0.25,15.0,86.625,3600,0,False,,
win-Arecibo-Observatory-20230620-121500.npy,20230620,Arecibo-Observatory,12:15:00,12:30:00,200,0.25,15.0,86.625,3600,0,False,,
win-Arecibo-Observatory-20230620-163000.npy,20230620,Arecibo-Observatory,16:30:00,16:45:00,200,0.25,15.0,86.625,3600,0,False,,
win-Arecibo-Observatory-20230620-164459.npy,20230620,Arecibo-Observatory,16:44:59,16:59:59,200,0.25,15.0,86.625,3600,0,False,,
win-Arecibo-Observatory-20230620-165959.npy,20230620,Arecibo-Observatory,16:59:59,17:14:59,200,0.25,15.0,86.625,3600,1,False,,
win-Arecibo-Observatory-20230620-171459.npy,20230620,Arecibo-Observatory,17:14:59,17:29:59,200,0.25,15.0,86.625,3600,1,False,,
win-Arecibo-Observatory-20230620-172959.npy,20230620,Arecibo-Observatory,17:29:59,17:44:59,200,0.25,15.0,86.625,3600,0,True,offclass_event_in_negative_window,IV
win-Arecibo-Observatory-20230620-174459.npy,20230620,Arecibo-Observatory,17:44:59,17:59:59,200,0.25,15.0,86.625,3600,0,True,offclass_event_in_negative_window,IV
win-Arecibo-Observatory-20230621-113000.npy,20230621,Arecibo-Observatory,11:30:00,11:45:00,200,0.25,15.0,86.625,3600,0,False,,
win-Arecibo-Observatory-20230621-114500.npy,20230621,Arecibo-Observatory,11:45:00,12:00:00,200,0.25,15.0,86.625,3600,0,False,,
win-Arecibo-Observatory-20230621-120000.npy,20230621,Arecibo-Observatory,12:00:00,12:15:00,200,0.25,15.0,86.625,3600,1,False,,
win-Arecibo-Observatory-20230621-121500.npy,20230621,Arecibo-Observatory,12:15:00,12:30:00,200,0.25,15.0,86.625,3600,0,False,,
win-Arecibo-Observatory-20230621-123000.npy,20230621,Arecibo-Observatory,12:30:00,12:45:00,200,0.25,15.0,86.625,3600,0,False,,
win-Arecibo-Observatory-20230621-124500.npy,20230621,Arecibo-Observatory,12:45:00,13:00:00,200,0.25,15.0,86.625,3600,1,False,,
win-Arecibo-Observatory-20230621-130000.npy,20230621,Arecibo-Observatory,13:00:00,13:15:00,200,0.25,15.0,86.625,3600,0,False,,
win-Arecibo-Observatory-20230621-131501.npy,20230621,Arecibo-Observatory,13:15:01,13:30:01,200,0.25,15.0,86.625,3600,0,False,,
win-Arecibo-Observatory-20230621-133001.npy,20230621,Arecibo-Observatory,13:30:01,13:45:01,200,0.25,15.0,86.625,3600,0,False,,
win-Arecibo-Observatory-20230621-134500.npy,20230621,Arecibo-Observatory,13:45:00,14:00:00,200,0.25,15.0,86.625,3600,1,False,,
win-Arecibo-Observatory-20230621-140001.npy,20230621,Arecibo-Observatory,14:00:01,14:15:01,200,0.25,15.0,86.625,3600,0,False,,
win-Arecibo-Observatory-20230621-141501.npy,20230621,Arecibo-Observatory,14:15:01,14:30:01,200,0.25,15.0,86.625,3600,0,False,,
win-Arecibo-Observatory-20230621-150001.npy,20230621,Arecibo-Observatory,15:00:01,15:15:01,200,0.25,15.0,86.625,3600,0,False,,
win-Arecibo-Observatory-20230621-151501.npy,20230621,Arecibo-Observatory,15:15:01,15:30:01,200,0.25,15.0,86.625,3600,0,False,,
win-Arecibo-Observatory-20230621-153001.npy,20230621,Arecibo-Observatory,15:30:01,15:45:01,200,0.25,15.0,86.625,3600,2,False,,
win-Arecibo-Observatory-20230621-154501.npy,20230621,Arecibo-Observatory,15:45:01,16:00:01,200,0.25,15.0,86.625,3600,1,False,,
win-Arecibo-Observatory-20230621-160001.npy,20230621,Arecibo-Observatory,16:00:01,16:15:01,200,0.25,15.0,86.625,3600,0,False,,
win-Arecibo-Observatory-20230621-161501.npy,20230621,Arecibo-Observatory,16:15:01,16:29:57,200,0.25,15.0,86.625,3586,0,False,,
win-Arecibo-Observatory-20230621-164500.npy,20230621,Arecibo-Observatory,16:45:00,17:00:00,200,0.25,15.0,86.625,3600,0,False,,
win-Arecibo-Observatory-20230621-170000.npy,20230621,Arecibo-Observatory,17:00:00,17:15:00,200,0.25,15.0,86.625,3600,0,False,,
win-Arecibo-Observatory-20230621-171500.npy,20230621,Arecibo-Observatory,17:15:00,17:30:00,200,0.25,15.0,86.625,3600,1,False,,
win-Arecibo-Observatory-20230621-173000.npy,20230621,Arecibo-Observatory,17:30:00,17:45:00,200,0.25,15.0,86.625,3600,1,False,,
win-Arecibo-Observatory-20230621-174500.npy,20230621,Arecibo-Observatory,17:45:00,18:00:00,200,0.25,15.0,86.625,3600,1,False,,
win-Arecibo-Observatory-20230621-180000.npy,20230621,Arecibo-Observatory,18:00:00,18:15:00,200,0.25,15.0,86.625,3600,1,False,,
win-Arecibo-Observatory-20230621-181500.npy,20230621,Arecibo-Observatory,18:15:00,18:30:00,200,0.25,15.0,86.625,3600,1,False,,
win-Arecibo-Observatory-20230621-183000.npy,20230621,Arecibo-Observatory,18:30:00,18:45:00,200,0.25,15.0,86.625,3600,0,False,,
win-Arecibo-Observatory-20230621-184500.npy,20230621,Arecibo-Observatory,18:45:00,19:00:00,200,0.25,15.0,86.625,3600,1,False,,
win-Arecibo-Observatory-20230621-190000.npy,20230621,Arecibo-Observatory,19:00:00,19:15:00,200,0.25,15.0,86.625,3600,0,False,,
win-Arecibo-Observatory-20230621-191501.npy,20230621,Arecibo-Observatory,19:15:01,19:30:01,200,0.25,15.0,86.625,3600,1,False,,
win-Arecibo-Observatory-20230621-193000.npy,20230621,Arecibo-Observatory,19:30:00,19:45:00,200,0.25,15.0,86.625,3600,0,False,,
win-Arecibo-Observatory-20230621-194500.npy,20230621,Arecibo-Observatory,19:45:00,20:00:00,200,0.25,15.0,86.625,3600,0,False,,
win-Arecibo-Observatory-20230621-200001.npy,20230621,Arecibo-Observatory,20:00:01,20:15:01,200,0.25,15.0,86.625,3600,0,False,,
win-Arecibo-Observatory-20230621-201501.npy,20230621,Arecibo-Observatory,20:15:01,20:30:01,200,0.25,15.0,86.625,3600,0,False,,
win-Arecibo-Observatory-20230621-203000.npy,20230621,Arecibo-Observatory,20:30:00,20:45:00,200,0.25,15.0,86.625,3600,1,False,,
win-Arecibo-Observatory-20230621-204501.npy,20230621,Arecibo-Observatory,20:45:01,21:00:01,200,0.25,15.0,86.625,3600,0,False,,
win-Arecibo-Observatory-20230621-210001.npy,20230621,Arecibo-Observatory,21:00:01,21:15:01,200,0.25,15.0,86.625,3600,0,False,,
win-Arecibo-Observatory-20230622-101500.npy,20230622,Arecibo-Observatory,10:15:00,10:30:00,200,0.25,15.0,86.625,3600,0,False,,
win-Arecibo-Observatory-20230622-103000.npy,20230622,Arecibo-Observatory,10:30:00,10:45:00,200,0.25,15.0,86.625,3600,0,False,,
win-Arecibo-Observatory-20230622-104500.npy,20230622,Arecibo-Observatory,10:45:00,11:00:00,200,0.25,15.0,86.625,3600,1,False,,
win-Arecibo-Observatory-20230622-110000.npy,20230622,Arecibo-Observatory,11:00:00,11:15:00,200,0.25,15.0,86.625,3600,0,False,,
win-Arecibo-Observatory-20230622-111500.npy,20230622,Arecibo-Observatory,11:15:00,11:30:00,200,0.25,15.0,86.625,3600,0,False,,
win-Arecibo-Observatory-20230622-113000.npy,20230622,Arecibo-Observatory,11:30:00,11:45:00,200,0.25,15.0,86.625,3600,1,False,,
win-Arecibo-Observatory-20230622-114500.npy,20230622,Arecibo-Observatory,11:45:00,12:00:00,200,0.25,15.0,86.625,3600,0,False,,
win-Arecibo-Observatory-20230622-120000.npy,20230622,Arecibo-Observatory,12:00:00,12:15:00,200,0.25,15.0,86.625,3600,0,False,,
win-Arecibo-Observatory-20230622-133001.npy,20230622,Arecibo-Observatory,13:30:01,13:45:01,200,0.25,15.0,86.625,3600,0,False,,
win-Arecibo-Observatory-20230622-134501.npy,20230622,Arecibo-Observatory,13:45:01,14:00:01,200,0.25,15.0,86.625,3600,0,False,,
win-Arecibo-Observatory-20230622-140001.npy,20230622,Arecibo-Observatory,14:00:01,14:15:01,200,0.25,15.0,86.625,3600,1,False,,
win-Arecibo-Observatory-20230622-141501.npy,20230622,Arecibo-Observatory,14:15:01,14:30:01,200,0.25,15.0,86.625,3600,0,False,,
win-Arecibo-Observatory-20230622-143001.npy,20230622,Arecibo-Observatory,14:30:01,14:45:01,200,0.25,15.0,86.625,3600,0,False,,
win-Arecibo-Observatory-20230622-151501.npy,20230622,Arecibo-Observatory,15:15:01,15:30:01,200,0.25,15.0,86.625,3600,0,False,,
win-Arecibo-Observatory-20230622-153001.npy,20230622,Arecibo-Observatory,15:30:01,15:45:01,200,0.25,15.0,86.625,3600,0,False,,
win-Arecibo-Observatory-20230622-154501.npy,20230622,Arecibo-Observatory,15:45:01,16:00:01,200,0.25,15.0,86.625,3600,1,False,,
win-Arecibo-Observatory-20230622-160001.npy,20230622,Arecibo-Observatory,16:00:01,16:15:01,200,0.25,15.0,86.625,3600,0,False,,
win-Arecibo-Observatory-20230622-161501.npy,20230622,Arecibo-Observatory,16:15:01,16:29:57,200,0.25,15.0,86.625,3587,0,False,,
win-Arecibo-Observatory-20230622-163000.npy,20230622,Arecibo-Observatory,16:30:00,16:45:00,200,0.25,15.0,86.625,3600,1,False,,
win-Arecibo-Observatory-20230622-164459.npy,20230622,Arecibo-Observatory,16:44:59,16:59:59,200,0.25,15.0,86.625,3600,0,False,,
win-Arecibo-Observatory-20230622-165959.npy,20230622,Arecibo-Observatory,16:59:59,17:14:59,200,0.25,15.0,86.625,3600,0,False,,
win-Arecibo-Observatory-20230622-172959.npy,20230622,Arecibo-Observatory,17:29:59,17:44:59,200,0.25,15.0,86.625,3600,0,False,,
win-Arecibo-Observatory-20230622-174459.npy,20230622,Arecibo-Observatory,17:44:59,17:59:59,200,0.25,15.0,86.625,3600,0,False,,
win-Arecibo-Observatory-20230622-175959.npy,20230622,Arecibo-Observatory,17:59:59,18:14:59,200,0.25,15.0,86.625,3600,1,False,,
win-Arecibo-Observatory-20230622-181459.npy,20230622,Arecibo-Observatory,18:14:59,18:29:59,200,0.25,15.0,86.625,3600,1,False,,
win-Arecibo-Observatory-20230622-182959.npy,20230622,Arecibo-Observatory,18:29:59,18:44:59,200,0.25,15.0,86.625,3600,0,False,,
win-Arecibo-Observatory-20230622-184459.npy,20230622,Arecibo-Observatory,18:44:59,18:59:59,200,0.25,15.0,86.625,3600,1,False,,
win-Arecibo-Observatory-20230622-185959.npy,20230622,Arecibo-Observatory,18:59:59,19:14:59,200,0.25,15.0,86.625,3600,0,False,,
win-Arecibo-Observatory-20230622-191459.npy,20230622,Arecibo-Observatory,19:14:59,19:29:59,200,0.25,15.0,86.625,3600,0,False,,
win-Arecibo-Observatory-20230623-100000.npy,20230623,Arecibo-Observatory,10:00:00,10:15:00,200,0.25,15.0,86.625,3600,0,False,,
win-Arecibo-Observatory-20230623-101500.npy,20230623,Arecibo-Observatory,10:15:00,10:30:00,200,0.25,15.0,86.625,3600,0,False,,
win-Arecibo-Observatory-20230623-103000.npy,20230623,Arecibo-Observatory,10:30:00,10:45:00,200,0.25,15.0,86.625,3600,1,False,,
win-Arecibo-Observatory-20230623-104500.npy,20230623,Arecibo-Observatory,10:45:00,11:00:00,200,0.25,15.0,86.625,3600,0,False,,
win-Arecibo-Observatory-20230623-110000.npy,20230623,Arecibo-Observatory,11:00:00,11:15:00,200,0.25,15.0,86.625,3600,0,False,,
win-Arecibo-Observatory-20230623-111500.npy,20230623,Arecibo-Observatory,11:15:00,11:30:00,200,0.25,15.0,86.625,3600,0,False,,
win-Arecibo-Observatory-20230623-113000.npy,20230623,Arecibo-Observatory,11:30:00,11:45:00,200,0.25,15.0,86.625,3600,1,False,,
win-Arecibo-Observatory-20230623-114500.npy,20230623,Arecibo-Observatory,11:45:00,12:00:00,200,0.25,15.0,86.625,3600,1,False,,
win-Arecibo-Observatory-20230623-120000.npy,20230623,Arecibo-Observatory,12:00:00,12:15:00,200,0.25,15.0,86.625,3600,0,True,offclass_event_in_negative_window,VI
win-Arecibo-Observatory-20230623-121500.npy,20230623,Arecibo-Observatory,12:15:00,12:30:00,200,0.25,15.0,86.625,3600,0,True,offclass_event_in_negative_window,VI
win-Arecibo-Observatory-20230623-130000.npy,20230623,Arecibo-Observatory,13:00:00,13:15:00,200,0.25,15.0,86.625,3600,0,False,,
win-Arecibo-Observatory-20230623-131501.npy,20230623,Arecibo-Observatory,13:15:01,13:30:01,200,0.25,15.0,86.625,3600,0,False,,
win-Arecibo-Observatory-20230623-133001.npy,20230623,Arecibo-Observatory,13:30:01,13:45:01,200,0.25,15.0,86.625,3600,1,False,,
win-Arecibo-Observatory-20230623-134501.npy,20230623,Arecibo-Observatory,13:45:01,14:00:01,200,0.25,15.0,86.625,3600,0,False,,
win-Arecibo-Observatory-20230623-140001.npy,20230623,Arecibo-Observatory,14:00:01,14:15:01,200,0.25,15.0,86.625,3600,1,False,,
win-Arecibo-Observatory-20230623-141501.npy,20230623,Arecibo-Observatory,14:15:01,14:30:01,200,0.25,15.0,86.625,3600,1,False,,
win-Arecibo-Observatory-20230623-143001.npy,20230623,Arecibo-Observatory,14:30:01,14:45:01,200,0.25,15.0,86.625,3600,0,True,offclass_event_in_negative_window,VI
win-Arecibo-Observatory-20230623-144501.npy,20230623,Arecibo-Observatory,14:45:01,15:00:01,200,0.25,15.0,86.625,3600,1,False,,
win-Arecibo-Observatory-20230623-150001.npy,20230623,Arecibo-Observatory,15:00:01,15:15:01,200,0.25,15.0,86.625,3600,0,False,,
win-Arecibo-Observatory-20230623-151501.npy,20230623,Arecibo-Observatory,15:15:01,15:30:01,200,0.25,15.0,86.625,3600,1,False,,
win-Arecibo-Observatory-20230623-153001.npy,20230623,Arecibo-Observatory,15:30:01,15:45:01,200,0.25,15.0,86.625,3600,0,False,,
win-Arecibo-Observatory-20230623-154501.npy,20230623,Arecibo-Observatory,15:45:01,16:00:01,200,0.25,15.0,86.625,3600,0,False,,
win-Arecibo-Observatory-20230623-160001.npy,20230623,Arecibo-Observatory,16:00:01,16:15:01,200,0.25,15.0,86.625,3600,1,False,,
win-Arecibo-Observatory-20230623-161501.npy,20230623,Arecibo-Observatory,16:15:01,16:29:57,200,0.25,15.0,86.625,3587,0,False,,
win-Arecibo-Observatory-20230623-163000.npy,20230623,Arecibo-Observatory,16:30:00,16:45:00,200,0.25,15.0,86.625,3600,1,False,,
win-Arecibo-Observatory-20230623-164500.npy,20230623,Arecibo-Observatory,16:45:00,17:00:00,200,0.25,15.0,86.625,3600,0,False,,
win-Arecibo-Observatory-20230623-170000.npy,20230623,Arecibo-Observatory,17:00:00,17:15:00,200,0.25,15.0,86.625,3600,0,False,,
win-Arecibo-Observatory-20230623-171500.npy,20230623,Arecibo-Observatory,17:15:00,17:30:00,200,0.25,15.0,86.625,3600,0,True,offclass_event_in_negative_window,VI
win-Arecibo-Observatory-20230623-173000.npy,20230623,Arecibo-Observatory,17:30:00,17:45:00,200,0.25,15.0,86.625,3600,0,True,offclass_event_in_negative_window,VI
win-Arecibo-Observatory-20230623-174500.npy,20230623,Arecibo-Observatory,17:45:00,18:00:00,200,0.25,15.0,86.625,3600,1,False,,
win-Arecibo-Observatory-20230623-180000.npy,20230623,Arecibo-Observatory,18:00:00,18:15:00,200,0.25,15.0,86.625,3600,1,False,,
win-Arecibo-Observatory-20230623-181500.npy,20230623,Arecibo-Observatory,18:15:00,18:30:00,200,0.25,15.0,86.625,3600,0,False,,
win-Arecibo-Observatory-20230623-183000.npy,20230623,Arecibo-Observatory,18:30:00,18:45:00,200,0.25,15.0,86.625,3600,1,False,,
win-Arecibo-Observatory-20230623-184500.npy,20230623,Arecibo-Observatory,18:45:00,19:00:00,200,0.25,15.0,86.625,3600,0,False,,
win-Arecibo-Observatory-20230623-190000.npy,20230623,Arecibo-Observatory,19:00:00,19:15:00,200,0.25,15.0,86.625,3600,1,False,,
win-Arecibo-Observatory-20230623-191501.npy,20230623,Arecibo-Observatory,19:15:01,19:30:01,200,0.25,15.0,86.625,3600,1,False,,
win-Arecibo-Observatory-20230623-193000.npy,20230623,Arecibo-Observatory,19:30:00,19:45:00,200,0.25,15.0,86.625,3600,1,False,,
win-Arecibo-Observatory-20230623-194501.npy,20230623,Arecibo-Observatory,19:45:01,20:00:01,200,0.25,15.0,86.625,3600,0,False,,
win-Arecibo-Observatory-20230623-200001.npy,20230623,Arecibo-Observatory,20:00:01,20:15:01,200,0.25,15.0,86.625,3600,1,False,,
win-Arecibo-Observatory-20230623-201501.npy,20230623,Arecibo-Observatory,20:15:01,20:30:01,200,0.25,15.0,86.625,3600,0,False,,
win-Arecibo-Observatory-20230623-203001.npy,20230623,Arecibo-Observatory,20:30:01,20:45:01,200,0.25,15.0,86.625,3600,0,False,,
win-Arecibo-Observatory-20230624-130000.npy,20230624,Arecibo-Observatory,13:00:00,13:15:00,200,0.25,15.0,86.625,3600,0,False,,
win-Arecibo-Observatory-20230624-131501.npy,20230624,Arecibo-Observatory,13:15:01,13:30:01,200,0.25,15.0,86.625,3600,0,False,,
win-Arecibo-Observatory-20230624-133000.npy,20230624,Arecibo-Observatory,13:30:00,13:45:00,200,0.25,15.0,86.625,3600,1,False,,
win-Arecibo-Observatory-20230624-134501.npy,20230624,Arecibo-Observatory,13:45:01,14:00:01,200,0.25,15.0,86.625,3600,1,False,,
win-Arecibo-Observatory-20230624-140000.npy,20230624,Arecibo-Observatory,14:00:00,14:15:00,200,0.25,15.0,86.625,3600,0,False,,
win-Arecibo-Observatory-20230624-141501.npy,20230624,Arecibo-Observatory,14:15:01,14:30:01,200,0.25,15.0,86.625,3600,0,False,,
win-Arecibo-Observatory-20230624-143001.npy,20230624,Arecibo-Observatory,14:30:01,14:45:01,200,0.25,15.0,86.625,3600,0,False,,
win-Arecibo-Observatory-20230624-144501.npy,20230624,Arecibo-Observatory,14:45:01,15:00:01,200,0.25,15.0,86.625,3600,0,False,,
win-Arecibo-Observatory-20230624-150001.npy,20230624,Arecibo-Observatory,15:00:01,15:15:01,200,0.25,15.0,86.625,3600,1,False,,
win-Arecibo-Observatory-20230624-151501.npy,20230624,Arecibo-Observatory,15:15:01,15:30:01,200,0.25,15.0,86.625,3600,0,False,,
win-Arecibo-Observatory-20230624-153001.npy,20230624,Arecibo-Observatory,15:30:01,15:45:01,200,0.25,15.0,86.625,3600,0,True,only_edge_sliver_of_an_event,
win-Arecibo-Observatory-20230624-154501.npy,20230624,Arecibo-Observatory,15:45:01,16:00:01,200,0.25,15.0,86.625,3600,1,False,,
win-Arecibo-Observatory-20230624-160001.npy,20230624,Arecibo-Observatory,16:00:01,16:15:01,200,0.25,15.0,86.625,3600,0,False,,
win-Arecibo-Observatory-20230624-161501.npy,20230624,Arecibo-Observatory,16:15:01,16:29:57,200,0.25,15.0,86.625,3586,0,False,,
win-Arecibo-Observatory-20230624-164459.npy,20230624,Arecibo-Observatory,16:44:59,16:59:59,200,0.25,15.0,86.625,3600,0,True,offclass_event_in_negative_window,VI
win-Arecibo-Observatory-20230624-165959.npy,20230624,Arecibo-Observatory,16:59:59,17:14:59,200,0.25,15.0,86.625,3600,0,False,,
win-Arecibo-Observatory-20230624-171459.npy,20230624,Arecibo-Observatory,17:14:59,17:29:59,200,0.25,15.0,86.625,3600,1,False,,
win-Arecibo-Observatory-20230624-172959.npy,20230624,Arecibo-Observatory,17:29:59,17:44:59,200,0.25,15.0,86.625,3600,0,False,,
win-Arecibo-Observatory-20230624-174459.npy,20230624,Arecibo-Observatory,17:44:59,17:59:59,200,0.25,15.0,86.625,3600,0,False,,
win-Arecibo-Observatory-20230702-120000.npy,20230702,Arecibo-Observatory,12:00:00,12:15:00,200,0.25,15.0,86.625,3600,0,False,,
win-Arecibo-Observatory-20230702-121500.npy,20230702,Arecibo-Observatory,12:15:00,12:30:00,200,0.25,15.0,86.625,3600,0,False,,
win-Arecibo-Observatory-20230702-123000.npy,20230702,Arecibo-Observatory,12:30:00,12:45:00,200,0.25,15.0,86.625,3600,1,False,,
win-Arecibo-Observatory-20230702-124501.npy,20230702,Arecibo-Observatory,12:45:01,13:00:01,200,0.25,15.0,86.625,3600,0,False,,
win-Arecibo-Observatory-20230702-130000.npy,20230702,Arecibo-Observatory,13:00:00,13:15:00,200,0.25,15.0,86.625,3600,0,False,,
win-Arecibo-Observatory-20230703-114500.npy,20230703,Arecibo-Observatory,11:45:00,12:00:00,200,0.25,15.0,86.625,3600,0,False,,
win-Arecibo-Observatory-20230703-120000.npy,20230703,Arecibo-Observatory,12:00:00,12:15:00,200,0.25,15.0,86.625,3600,0,False,,
win-Arecibo-Observatory-20230703-121500.npy,20230703,Arecibo-Observatory,12:15:00,12:30:00,200,0.25,15.0,86.625,3600,1,False,,
win-Arecibo-Observatory-20230703-123001.npy,20230703,Arecibo-Observatory,12:30:01,12:45:01,200,0.25,15.0,86.625,3600,1,False,,
win-Arecibo-Observatory-20230703-124500.npy,20230703,Arecibo-Observatory,12:45:00,13:00:00,200,0.25,15.0,86.625,3600,1,False,,
win-Arecibo-Observatory-20230703-130001.npy,20230703,Arecibo-Observatory,13:00:01,13:15:01,200,0.25,15.0,86.625,3600,0,False,,
win-Arecibo-Observatory-20230703-131500.npy,20230703,Arecibo-Observatory,13:15:00,13:30:00,200,0.25,15.0,86.625,3600,0,False,,
win-Arecibo-Observatory-20230703-170000.npy,20230703,Arecibo-Observatory,17:00:00,17:15:00,200,0.25,15.0,86.625,3600,0,False,,
win-Arecibo-Observatory-20230703-171500.npy,20230703,Arecibo-Observatory,17:15:00,17:30:00,200,0.25,15.0,86.625,3600,0,False,,
win-Arecibo-Observatory-20230703-173000.npy,20230703,Arecibo-Observatory,17:30:00,17:45:00,200,0.25,15.0,86.625,3600,1,False,,
win-Arecibo-Observatory-20230703-174500.npy,20230703,Arecibo-Observatory,17:45:00,18:00:00,200,0.25,15.0,86.625,3600,0,False,,
win-Arecibo-Observatory-20230703-180000.npy,20230703,Arecibo-Observatory,18:00:00,18:15:00,200,0.25,15.0,86.625,3600,0,False,,
win-Arecibo-Observatory-20230703-181500.npy,20230703,Arecibo-Observatory,18:15:00,18:30:00,200,0.25,15.0,86.625,3600,0,False,,
win-Arecibo-Observatory-20230703-183000.npy,20230703,Arecibo-Observatory,18:30:00,18:45:00,200,0.25,15.0,86.625,3600,1,False,,
win-Arecibo-Observatory-20230703-184500.npy,20230703,Arecibo-Observatory,18:45:00,19:00:00,200,0.25,15.0,86.625,3600,0,False,,
win-Arecibo-Observatory-20230703-190001.npy,20230703,Arecibo-Observatory,19:00:01,19:15:01,200,0.25,15.0,86.625,3600,1,False,,
win-Arecibo-Observatory-20230703-191501.npy,20230703,Arecibo-Observatory,19:15:01,19:30:01,200,0.25,15.0,86.625,3600,0,False,,
win-Arecibo-Observatory-20230703-193001.npy,20230703,Arecibo-Observatory,19:30:01,19:45:01,200,0.25,15.0,86.625,3600,0,False,,
win-Arecibo-Observatory-20230703-194500.npy,20230703,Arecibo-Observatory,19:45:00,20:00:00,200,0.25,15.0,86.625,3600,0,False,,
win-Arecibo-Observatory-20230703-200001.npy,20230703,Arecibo-Observatory,20:00:01,20:15:01,200,0.25,15.0,86.625,3600,0,True,only_edge_sliver_of_an_event,
win-Arecibo-Observatory-20230703-201501.npy,20230703,Arecibo-Observatory,20:15:01,20:30:01,200,0.25,15.0,86.625,3600,1,False,,
win-Arecibo-Observatory-20230703-203001.npy,20230703,Arecibo-Observatory,20:30:01,20:45:01,200,0.25,15.0,86.625,3600,0,False,,
win-Arecibo-Observatory-20230703-204501.npy,20230703,Arecibo-Observatory,20:45:01,21:00:01,200,0.25,15.0,86.625,3600,0,False,,
win-Arecibo-Observatory-20230703-210001.npy,20230703,Arecibo-Observatory,21:00:01,21:15:01,200,0.25,15.0,86.625,3600,1,False,,II
win-Arecibo-Observatory-20230703-211501.npy,20230703,Arecibo-Observatory,21:15:01,21:30:01,200,0.25,15.0,86.625,3600,0,True,offclass_event_in_negative_window,II
win-Arecibo-Observatory-20230703-213001.npy,20230703,Arecibo-Observatory,21:30:01,21:45:01,200,0.25,15.0,86.625,3600,0,False,,
win-Arecibo-Observatory-20230705-131500.npy,20230705,Arecibo-Observatory,13:15:00,13:30:00,200,0.25,15.0,86.625,3600,0,False,,
win-Arecibo-Observatory-20230705-133000.npy,20230705,Arecibo-Observatory,13:30:00,13:45:00,200,0.25,15.0,86.625,3600,0,False,,
win-Arecibo-Observatory-20230705-134500.npy,20230705,Arecibo-Observatory,13:45:00,14:00:00,200,0.25,15.0,86.625,3600,1,False,,
win-Arecibo-Observatory-20230705-140001.npy,20230705,Arecibo-Observatory,14:00:01,14:15:01,200,0.25,15.0,86.625,3600,0,False,,
win-Arecibo-Observatory-20230705-141501.npy,20230705,Arecibo-Observatory,14:15:01,14:30:01,200,0.25,15.0,86.625,3600,0,False,,
win-Arecibo-Observatory-20230705-143001.npy,20230705,Arecibo-Observatory,14:30:01,14:45:01,200,0.25,15.0,86.625,3600,0,False,,
win-Arecibo-Observatory-20230705-144501.npy,20230705,Arecibo-Observatory,14:45:01,15:00:01,200,0.25,15.0,86.625,3600,0,False,,
win-Arecibo-Observatory-20230705-150001.npy,20230705,Arecibo-Observatory,15:00:01,15:15:01,200,0.25,15.0,86.625,3600,1,False,,
win-Arecibo-Observatory-20230705-151501.npy,20230705,Arecibo-Observatory,15:15:01,15:30:01,200,0.25,15.0,86.625,3600,0,False,,
win-Arecibo-Observatory-20230705-153001.npy,20230705,Arecibo-Observatory,15:30:01,15:45:01,200,0.25,15.0,86.625,3600,0,False,,
win-Arecibo-Observatory-20230705-163000.npy,20230705,Arecibo-Observatory,16:30:00,16:45:00,200,0.25,15.0,86.625,3600,0,False,,
win-Arecibo-Observatory-20230705-164500.npy,20230705,Arecibo-Observatory,16:45:00,17:00:00,200,0.25,15.0,86.625,3600,0,False,,
win-Arecibo-Observatory-20230705-170000.npy,20230705,Arecibo-Observatory,17:00:00,17:15:00,200,0.25,15.0,86.625,3600,1,False,,
win-Arecibo-Observatory-20230705-171500.npy,20230705,Arecibo-Observatory,17:15:00,17:30:00,200,0.25,15.0,86.625,3600,0,False,,
win-Arecibo-Observatory-20230705-173000.npy,20230705,Arecibo-Observatory,17:30:00,17:45:00,200,0.25,15.0,86.625,3600,1,False,,
win-Arecibo-Observatory-20230705-174500.npy,20230705,Arecibo-Observatory,17:45:00,18:00:00,200,0.25,15.0,86.625,3600,1,False,,
win-Arecibo-Observatory-20230705-180000.npy,20230705,Arecibo-Observatory,18:00:00,18:15:00,200,0.25,15.0,86.625,3600,0,False,,
win-Arecibo-Observatory-20230705-181500.npy,20230705,Arecibo-Observatory,18:15:00,18:30:00,200,0.25,15.0,86.625,3600,0,False,,
win-Arecibo-Observatory-20230705-183000.npy,20230705,Arecibo-Observatory,18:30:00,18:45:00,200,0.25,15.0,86.625,3600,0,False,,
win-Arecibo-Observatory-20230706-153204.npy,20230706,Arecibo-Observatory,15:32:04,15:47:04,200,0.25,15.0,86.625,3600,1,False,,
win-Arecibo-Observatory-20230706-154704.npy,20230706,Arecibo-Observatory,15:47:04,16:02:04,200,0.25,15.0,86.625,3600,0,False,,
win-Arecibo-Observatory-20230706-160204.npy,20230706,Arecibo-Observatory,16:02:04,16:17:04,200,0.25,15.0,86.625,3600,0,False,,
win-Arecibo-Observatory-20230706-161704.npy,20230706,Arecibo-Observatory,16:17:04,16:29:57,200,0.25,15.0,86.625,3093,0,False,,
win-Arecibo-Observatory-20230706-163000.npy,20230706,Arecibo-Observatory,16:30:00,16:45:00,200,0.25,15.0,86.625,3600,1,False,,
win-Arecibo-Observatory-20230706-164459.npy,20230706,Arecibo-Observatory,16:44:59,16:59:59,200,0.25,15.0,86.625,3600,0,False,,
win-Arecibo-Observatory-20230706-165959.npy,20230706,Arecibo-Observatory,16:59:59,17:14:59,200,0.25,15.0,86.625,3600,0,False,,
win-Arecibo-Observatory-20230706-171459.npy,20230706,Arecibo-Observatory,17:14:59,17:29:59,200,0.25,15.0,86.625,3600,0,False,,
win-Arecibo-Observatory-20230706-172959.npy,20230706,Arecibo-Observatory,17:29:59,17:44:59,200,0.25,15.0,86.625,3600,1,False,,
win-Arecibo-Observatory-20230706-174459.npy,20230706,Arecibo-Observatory,17:44:59,17:59:59,200,0.25,15.0,86.625,3600,0,False,,
win-Arecibo-Observatory-20230706-175959.npy,20230706,Arecibo-Observatory,17:59:59,18:14:59,200,0.25,15.0,86.625,3600,0,False,,
win-Arecibo-Observatory-20230706-182959.npy,20230706,Arecibo-Observatory,18:29:59,18:44:59,200,0.25,15.0,86.625,3600,0,False,,
win-Arecibo-Observatory-20230706-184459.npy,20230706,Arecibo-Observatory,18:44:59,18:59:59,200,0.25,15.0,86.625,3600,0,False,,
win-Arecibo-Observatory-20230706-185959.npy,20230706,Arecibo-Observatory,18:59:59,19:14:59,200,0.25,15.0,86.625,3600,1,False,,
win-Arecibo-Observatory-20230706-191459.npy,20230706,Arecibo-Observatory,19:14:59,19:29:59,200,0.25,15.0,86.625,3600,0,False,,
win-Arecibo-Observatory-20230706-192959.npy,20230706,Arecibo-Observatory,19:29:59,19:44:59,200,0.25,15.0,86.625,3600,0,False,,
win-Arecibo-Observatory-20230707-101500.npy,20230707,Arecibo-Observatory,10:15:00,10:30:00,200,0.25,15.0,86.625,3600,0,False,,
win-Arecibo-Observatory-20230707-103000.npy,20230707,Arecibo-Observatory,10:30:00,10:45:00,200,0.25,15.0,86.625,3600,0,False,,
win-Arecibo-Observatory-20230707-104500.npy,20230707,Arecibo-Observatory,10:45:00,11:00:00,200,0.25,15.0,86.625,3600,1,False,,
win-Arecibo-Observatory-20230707-110000.npy,20230707,Arecibo-Observatory,11:00:00,11:15:00,200,0.25,15.0,86.625,3600,0,False,,
win-Arecibo-Observatory-20230707-111500.npy,20230707,Arecibo-Observatory,11:15:00,11:30:00,200,0.25,15.0,86.625,3600,1,False,,
win-Arecibo-Observatory-20230707-113000.npy,20230707,Arecibo-Observatory,11:30:00,11:45:00,200,0.25,15.0,86.625,3600,0,False,,
win-Arecibo-Observatory-20230707-114500.npy,20230707,Arecibo-Observatory,11:45:00,12:00:00,200,0.25,15.0,86.625,3600,1,False,,
win-Arecibo-Observatory-20230707-120000.npy,20230707,Arecibo-Observatory,12:00:00,12:15:00,200,0.25,15.0,86.625,3600,0,False,,
win-Arecibo-Observatory-20230707-121500.npy,20230707,Arecibo-Observatory,12:15:00,12:30:00,200,0.25,15.0,86.625,3600,0,False,,
win-Arecibo-Observatory-20230707-140001.npy,20230707,Arecibo-Observatory,14:00:01,14:15:01,200,0.25,15.0,86.625,3600,0,False,,
win-Arecibo-Observatory-20230707-141501.npy,20230707,Arecibo-Observatory,14:15:01,14:30:01,200,0.25,15.0,86.625,3600,0,False,,
win-Arecibo-Observatory-20230707-143001.npy,20230707,Arecibo-Observatory,14:30:01,14:45:01,200,0.25,15.0,86.625,3600,1,False,,
win-Arecibo-Observatory-20230707-144501.npy,20230707,Arecibo-Observatory,14:45:01,15:00:01,200,0.25,15.0,86.625,3600,0,False,,
win-Arecibo-Observatory-20230707-150001.npy,20230707,Arecibo-Observatory,15:00:01,15:15:01,200,0.25,15.0,86.625,3600,0,False,,
win-Arecibo-Observatory-20230707-151501.npy,20230707,Arecibo-Observatory,15:15:01,15:30:01,200,0.25,15.0,86.625,3600,0,False,,
win-Arecibo-Observatory-20230707-153001.npy,20230707,Arecibo-Observatory,15:30:01,15:45:01,200,0.25,15.0,86.625,3600,1,False,,J
win-Arecibo-Observatory-20230707-154501.npy,20230707,Arecibo-Observatory,15:45:01,16:00:01,200,0.25,15.0,86.625,3600,0,False,,
win-Arecibo-Observatory-20230707-160001.npy,20230707,Arecibo-Observatory,16:00:01,16:15:01,200,0.25,15.0,86.625,3600,0,False,,
win-Arecibo-Observatory-20230708-110000.npy,20230708,Arecibo-Observatory,11:00:00,11:15:00,200,0.25,15.0,86.625,3600,0,False,,
win-Arecibo-Observatory-20230708-111500.npy,20230708,Arecibo-Observatory,11:15:00,11:30:00,200,0.25,15.0,86.625,3600,0,False,,
win-Arecibo-Observatory-20230708-113000.npy,20230708,Arecibo-Observatory,11:30:00,11:45:00,200,0.25,15.0,86.625,3600,1,False,,
win-Arecibo-Observatory-20230708-114500.npy,20230708,Arecibo-Observatory,11:45:00,12:00:00,200,0.25,15.0,86.625,3600,0,False,,
win-Arecibo-Observatory-20230708-120000.npy,20230708,Arecibo-Observatory,12:00:00,12:15:00,200,0.25,15.0,86.625,3600,0,False,,
win-Arecibo-Observatory-20230708-121501.npy,20230708,Arecibo-Observatory,12:15:01,12:30:01,200,0.25,15.0,86.625,3600,0,False,,
win-Arecibo-Observatory-20230708-123000.npy,20230708,Arecibo-Observatory,12:30:00,12:45:00,200,0.25,15.0,86.625,3600,0,False,,
win-Arecibo-Observatory-20230708-124500.npy,20230708,Arecibo-Observatory,12:45:00,13:00:00,200,0.25,15.0,86.625,3600,1,False,,
win-Arecibo-Observatory-20230708-130001.npy,20230708,Arecibo-Observatory,13:00:01,13:15:01,200,0.25,15.0,86.625,3600,0,False,,
win-Arecibo-Observatory-20230708-131500.npy,20230708,Arecibo-Observatory,13:15:00,13:30:00,200,0.25,15.0,86.625,3600,0,False,,
win-Arecibo-Observatory-20230708-133001.npy,20230708,Arecibo-Observatory,13:30:01,13:45:01,200,0.25,15.0,86.625,3600,1,False,,
win-Arecibo-Observatory-20230708-134501.npy,20230708,Arecibo-Observatory,13:45:01,14:00:01,200,0.25,15.0,86.625,3600,0,False,,
win-Arecibo-Observatory-20230708-140001.npy,20230708,Arecibo-Observatory,14:00:01,14:15:01,200,0.25,15.0,86.625,3600,0,False,,
win-Arecibo-Observatory-20230708-143001.npy,20230708,Arecibo-Observatory,14:30:01,14:45:01,200,0.25,15.0,86.625,3600,0,False,,
win-Arecibo-Observatory-20230708-144501.npy,20230708,Arecibo-Observatory,14:45:01,15:00:01,200,0.25,15.0,86.625,3600,0,False,,
win-Arecibo-Observatory-20230708-150001.npy,20230708,Arecibo-Observatory,15:00:01,15:15:01,200,0.25,15.0,86.625,3600,1,False,,
win-Arecibo-Observatory-20230708-151501.npy,20230708,Arecibo-Observatory,15:15:01,15:30:01,200,0.25,15.0,86.625,3600,0,False,,
win-Arecibo-Observatory-20230708-153001.npy,20230708,Arecibo-Observatory,15:30:01,15:45:01,200,0.25,15.0,86.625,3600,0,False,,
win-Arecibo-Observatory-20230708-174459.npy,20230708,Arecibo-Observatory,17:44:59,17:59:59,200,0.25,15.0,86.625,3600,0,False,,
win-Arecibo-Observatory-20230708-175959.npy,20230708,Arecibo-Observatory,17:59:59,18:14:59,200,0.25,15.0,86.625,3600,0,False,,
win-Arecibo-Observatory-20230708-181459.npy,20230708,Arecibo-Observatory,18:14:59,18:29:59,200,0.25,15.0,86.625,3600,1,False,,
win-Arecibo-Observatory-20230708-182959.npy,20230708,Arecibo-Observatory,18:29:59,18:44:59,200,0.25,15.0,86.625,3600,0,False,,
win-Arecibo-Observatory-20230708-184459.npy,20230708,Arecibo-Observatory,18:44:59,18:59:59,200,0.25,15.0,86.625,3600,1,False,,
win-Arecibo-Observatory-20230708-185959.npy,20230708,Arecibo-Observatory,18:59:59,19:14:59,200,0.25,15.0,86.625,3600,0,False,,
win-Arecibo-Observatory-20230708-191459.npy,20230708,Arecibo-Observatory,19:14:59,19:29:59,200,0.25,15.0,86.625,3600,0,False,,
win-Arecibo-Observatory-20230708-192959.npy,20230708,Arecibo-Observatory,19:29:59,19:44:59,200,0.25,15.0,86.625,3600,0,False,,
win-Arecibo-Observatory-20230708-194459.npy,20230708,Arecibo-Observatory,19:44:59,19:59:59,200,0.25,15.0,86.625,3600,0,False,,
win-Arecibo-Observatory-20230708-200000.npy,20230708,Arecibo-Observatory,20:00:00,20:15:00,200,0.25,15.0,86.625,3600,1,False,,
win-Arecibo-Observatory-20230708-201500.npy,20230708,Arecibo-Observatory,20:15:00,20:30:00,200,0.25,15.0,86.625,3600,0,False,,
win-Arecibo-Observatory-20230708-203000.npy,20230708,Arecibo-Observatory,20:30:00,20:45:00,200,0.25,15.0,86.625,3600,0,False,,
win-Arecibo-Observatory-20230709-104500.npy,20230709,Arecibo-Observatory,10:45:00,11:00:00,200,0.25,15.0,86.625,3600,0,False,,
win-Arecibo-Observatory-20230709-110000.npy,20230709,Arecibo-Observatory,11:00:00,11:15:00,200,0.25,15.0,86.625,3600,0,False,,
win-Arecibo-Observatory-20230709-111500.npy,20230709,Arecibo-Observatory,11:15:00,11:30:00,200,0.25,15.0,86.625,3600,1,False,,
win-Arecibo-Observatory-20230709-113000.npy,20230709,Arecibo-Observatory,11:30:00,11:45:00,200,0.25,15.0,86.625,3600,1,False,,
win-Arecibo-Observatory-20230709-114500.npy,20230709,Arecibo-Observatory,11:45:00,12:00:00,200,0.25,15.0,86.625,3600,0,False,,
win-Arecibo-Observatory-20230709-120000.npy,20230709,Arecibo-Observatory,12:00:00,12:15:00,200,0.25,15.0,86.625,3600,0,True,offclass_event_in_negative_window,VI
win-Arecibo-Observatory-20230709-124500.npy,20230709,Arecibo-Observatory,12:45:00,13:00:00,200,0.25,15.0,86.625,3600,0,False,,
win-Arecibo-Observatory-20230709-130000.npy,20230709,Arecibo-Observatory,13:00:00,13:15:00,200,0.25,15.0,86.625,3600,0,False,,
win-Arecibo-Observatory-20230709-131500.npy,20230709,Arecibo-Observatory,13:15:00,13:30:00,200,0.25,15.0,86.625,3600,1,False,,
win-Arecibo-Observatory-20230709-133001.npy,20230709,Arecibo-Observatory,13:30:01,13:45:01,200,0.25,15.0,86.625,3600,0,False,,
win-Arecibo-Observatory-20230709-134500.npy,20230709,Arecibo-Observatory,13:45:00,14:00:00,200,0.25,15.0,86.625,3600,0,False,,
win-Arecibo-Observatory-20230709-140001.npy,20230709,Arecibo-Observatory,14:00:01,14:15:01,200,0.25,15.0,86.625,3600,1,False,,
win-Arecibo-Observatory-20230709-141500.npy,20230709,Arecibo-Observatory,14:15:00,14:30:00,200,0.25,15.0,86.625,3600,0,False,,
win-Arecibo-Observatory-20230709-143001.npy,20230709,Arecibo-Observatory,14:30:01,14:45:01,200,0.25,15.0,86.625,3600,0,False,,
win-Arecibo-Observatory-20230709-151501.npy,20230709,Arecibo-Observatory,15:15:01,15:30:01,200,0.25,15.0,86.625,3600,0,False,,
win-Arecibo-Observatory-20230709-153001.npy,20230709,Arecibo-Observatory,15:30:01,15:45:01,200,0.25,15.0,86.625,3600,0,False,,
win-Arecibo-Observatory-20230709-154501.npy,20230709,Arecibo-Observatory,15:45:01,16:00:01,200,0.25,15.0,86.625,3600,1,False,,
win-Arecibo-Observatory-20230709-160001.npy,20230709,Arecibo-Observatory,16:00:01,16:15:01,200,0.25,15.0,86.625,3600,0,False,,
win-Arecibo-Observatory-20230709-161501.npy,20230709,Arecibo-Observatory,16:15:01,16:29:57,200,0.25,15.0,86.625,3587,0,False,,
win-Arecibo-Observatory-20230709-183000.npy,20230709,Arecibo-Observatory,18:30:00,18:45:00,200,0.25,15.0,86.625,3600,0,True,offclass_event_in_negative_window,VI
win-Arecibo-Observatory-20230709-184500.npy,20230709,Arecibo-Observatory,18:45:00,19:00:00,200,0.25,15.0,86.625,3600,0,True,offclass_event_in_negative_window,VI
win-Arecibo-Observatory-20230709-190000.npy,20230709,Arecibo-Observatory,19:00:00,19:15:00,200,0.25,15.0,86.625,3600,1,False,,VI
win-Arecibo-Observatory-20230709-191500.npy,20230709,Arecibo-Observatory,19:15:00,19:30:00,200,0.25,15.0,86.625,3600,0,True,offclass_event_in_negative_window,VI
win-Arecibo-Observatory-20230709-193000.npy,20230709,Arecibo-Observatory,19:30:00,19:45:00,200,0.25,15.0,86.625,3600,0,True,offclass_event_in_negative_window,VI
win-Arecibo-Observatory-20230709-210001.npy,20230709,Arecibo-Observatory,21:00:01,21:15:01,200,0.25,15.0,86.625,3600,0,True,offclass_event_in_negative_window,VI
win-Arecibo-Observatory-20230709-211501.npy,20230709,Arecibo-Observatory,21:15:01,21:30:01,200,0.25,15.0,86.625,3600,0,True,offclass_event_in_negative_window,VI
win-Arecibo-Observatory-20230709-213001.npy,20230709,Arecibo-Observatory,21:30:01,21:45:01,200,0.25,15.0,86.625,3600,1,False,,VI
win-Arecibo-Observatory-20230709-214501.npy,20230709,Arecibo-Observatory,21:45:01,22:00:01,200,0.25,15.0,86.625,3600,0,True,offclass_event_in_negative_window,VI
win-Arecibo-Observatory-20230709-220001.npy,20230709,Arecibo-Observatory,22:00:01,22:14:57,200,0.25,15.0,86.625,3587,0,True,offclass_event_in_negative_window,VI
win-Arecibo-Observatory-20230710-110000.npy,20230710,Arecibo-Observatory,11:00:00,11:15:00,200,0.25,15.0,86.625,3600,0,False,,
win-Arecibo-Observatory-20230710-111500.npy,20230710,Arecibo-Observatory,11:15:00,11:30:00,200,0.25,15.0,86.625,3600,0,False,,
win-Arecibo-Observatory-20230710-113000.npy,20230710,Arecibo-Observatory,11:30:00,11:45:00,200,0.25,15.0,86.625,3600,1,False,,
win-Arecibo-Observatory-20230710-114500.npy,20230710,Arecibo-Observatory,11:45:00,12:00:00,200,0.25,15.0,86.625,3600,1,False,,
win-Arecibo-Observatory-20230710-120000.npy,20230710,Arecibo-Observatory,12:00:00,12:15:00,200,0.25,15.0,86.625,3600,1,False,,
win-Arecibo-Observatory-20230710-121500.npy,20230710,Arecibo-Observatory,12:15:00,12:30:00,200,0.25,15.0,86.625,3600,0,False,,
win-Arecibo-Observatory-20230710-123000.npy,20230710,Arecibo-Observatory,12:30:00,12:45:00,200,0.25,15.0,86.625,3600,0,False,,
win-Arecibo-Observatory-20230710-124500.npy,20230710,Arecibo-Observatory,12:45:00,13:00:00,200,0.25,15.0,86.625,3600,1,False,,
win-Arecibo-Observatory-20230710-130000.npy,20230710,Arecibo-Observatory,13:00:00,13:15:00,200,0.25,15.0,86.625,3600,1,False,,
win-Arecibo-Observatory-20230710-131501.npy,20230710,Arecibo-Observatory,13:15:01,13:30:01,200,0.25,15.0,86.625,3600,1,False,,
win-Arecibo-Observatory-20230710-133001.npy,20230710,Arecibo-Observatory,13:30:01,13:45:01,200,0.25,15.0,86.625,3600,0,False,,
win-Arecibo-Observatory-20230710-134501.npy,20230710,Arecibo-Observatory,13:45:01,14:00:01,200,0.25,15.0,86.625,3600,0,False,,
win-Arecibo-Observatory-20230710-161501.npy,20230710,Arecibo-Observatory,16:15:01,16:29:57,200,0.25,15.0,86.625,3587,0,False,,
win-Arecibo-Observatory-20230710-163000.npy,20230710,Arecibo-Observatory,16:30:00,16:45:00,200,0.25,15.0,86.625,3600,0,False,,
win-Arecibo-Observatory-20230710-164500.npy,20230710,Arecibo-Observatory,16:45:00,17:00:00,200,0.25,15.0,86.625,3600,1,False,,
win-Arecibo-Observatory-20230710-170000.npy,20230710,Arecibo-Observatory,17:00:00,17:15:00,200,0.25,15.0,86.625,3600,0,False,,
win-Arecibo-Observatory-20230710-171500.npy,20230710,Arecibo-Observatory,17:15:00,17:30:00,200,0.25,15.0,86.625,3600,0,False,,
win-Arecibo-Observatory-20230710-173000.npy,20230710,Arecibo-Observatory,17:30:00,17:45:00,200,0.25,15.0,86.625,3600,1,False,,
win-Arecibo-Observatory-20230710-174500.npy,20230710,Arecibo-Observatory,17:45:00,18:00:00,200,0.25,15.0,86.625,3600,0,False,,
win-Arecibo-Observatory-20230710-180000.npy,20230710,Arecibo-Observatory,18:00:00,18:15:00,200,0.25,15.0,86.625,3600,0,False,,
win-Arecibo-Observatory-20230710-181500.npy,20230710,Arecibo-Observatory,18:15:00,18:30:00,200,0.25,15.0,86.625,3600,0,False,,
win-Arecibo-Observatory-20230710-183000.npy,20230710,Arecibo-Observatory,18:30:00,18:45:00,200,0.25,15.0,86.625,3600,1,False,,
win-Arecibo-Observatory-20230710-184500.npy,20230710,Arecibo-Observatory,18:45:00,19:00:00,200,0.25,15.0,86.625,3600,0,False,,
win-Arecibo-Observatory-20230710-190000.npy,20230710,Arecibo-Observatory,19:00:00,19:15:00,200,0.25,15.0,86.625,3600,0,False,,
win-Arecibo-Observatory-20230710-193000.npy,20230710,Arecibo-Observatory,19:30:00,19:45:00,200,0.25,15.0,86.625,3600,0,True,offclass_event_in_negative_window,VI
win-Arecibo-Observatory-20230710-194500.npy,20230710,Arecibo-Observatory,19:45:00,20:00:00,200,0.25,15.0,86.625,3600,0,False,,
win-Arecibo-Observatory-20230710-200000.npy,20230710,Arecibo-Observatory,20:00:00,20:15:00,200,0.25,15.0,86.625,3600,1,False,,
win-Arecibo-Observatory-20230710-201501.npy,20230710,Arecibo-Observatory,20:15:01,20:30:01,200,0.25,15.0,86.625,3600,0,False,,
win-Arecibo-Observatory-20230710-203001.npy,20230710,Arecibo-Observatory,20:30:01,20:45:01,200,0.25,15.0,86.625,3600,0,False,,
win-Arecibo-Observatory-20230711-110000.npy,20230711,Arecibo-Observatory,11:00:00,11:15:00,200,0.25,15.0,86.625,3600,0,False,,
win-Arecibo-Observatory-20230711-111500.npy,20230711,Arecibo-Observatory,11:15:00,11:30:00,200,0.25,15.0,86.625,3600,0,True,offclass_event_in_negative_window,VI
win-Arecibo-Observatory-20230711-113000.npy,20230711,Arecibo-Observatory,11:30:00,11:45:00,200,0.25,15.0,86.625,3600,0,False,,
win-Arecibo-Observatory-20230711-114500.npy,20230711,Arecibo-Observatory,11:45:00,12:00:00,200,0.25,15.0,86.625,3600,1,False,,
win-Arecibo-Observatory-20230711-120000.npy,20230711,Arecibo-Observatory,12:00:00,12:15:00,200,0.25,15.0,86.625,3600,1,False,,
win-Arecibo-Observatory-20230711-121500.npy,20230711,Arecibo-Observatory,12:15:00,12:30:00,200,0.25,15.0,86.625,3600,0,False,,
win-Arecibo-Observatory-20230711-123000.npy,20230711,Arecibo-Observatory,12:30:00,12:45:00,200,0.25,15.0,86.625,3600,0,False,,
win-Arecibo-Observatory-20230711-133000.npy,20230711,Arecibo-Observatory,13:30:00,13:45:00,200,0.25,15.0,86.625,3600,0,False,,
win-Arecibo-Observatory-20230711-134501.npy,20230711,Arecibo-Observatory,13:45:01,14:00:01,200,0.25,15.0,86.625,3600,0,False,,
win-Arecibo-Observatory-20230711-140000.npy,20230711,Arecibo-Observatory,14:00:00,14:15:00,200,0.25,15.0,86.625,3600,1,False,,
win-Arecibo-Observatory-20230711-141500.npy,20230711,Arecibo-Observatory,14:15:00,14:30:00,200,0.25,15.0,86.625,3600,0,False,,
win-Arecibo-Observatory-20230711-143000.npy,20230711,Arecibo-Observatory,14:30:00,14:45:00,200,0.25,15.0,86.625,3600,0,False,,
win-Arecibo-Observatory-20230711-160001.npy,20230711,Arecibo-Observatory,16:00:01,16:15:01,200,0.25,15.0,86.625,3600,0,False,,
win-Arecibo-Observatory-20230711-161501.npy,20230711,Arecibo-Observatory,16:15:01,16:29:57,200,0.25,15.0,86.625,3586,0,False,,
win-Arecibo-Observatory-20230711-163000.npy,20230711,Arecibo-Observatory,16:30:00,16:45:00,200,0.25,15.0,86.625,3600,1,False,,
win-Arecibo-Observatory-20230711-164459.npy,20230711,Arecibo-Observatory,16:44:59,16:59:59,200,0.25,15.0,86.625,3600,1,False,,
win-Arecibo-Observatory-20230711-165959.npy,20230711,Arecibo-Observatory,16:59:59,17:14:59,200,0.25,15.0,86.625,3600,0,False,,
win-Arecibo-Observatory-20230711-171459.npy,20230711,Arecibo-Observatory,17:14:59,17:29:59,200,0.25,15.0,86.625,3600,0,False,,
win-Arecibo-Observatory-20230711-181459.npy,20230711,Arecibo-Observatory,18:14:59,18:29:59,200,0.25,15.0,86.625,3600,0,False,,
win-Arecibo-Observatory-20230711-182959.npy,20230711,Arecibo-Observatory,18:29:59,18:44:59,200,0.25,15.0,86.625,3600,0,False,,
win-Arecibo-Observatory-20230711-184459.npy,20230711,Arecibo-Observatory,18:44:59,18:59:59,200,0.25,15.0,86.625,3600,1,False,,
win-Arecibo-Observatory-20230711-185959.npy,20230711,Arecibo-Observatory,18:59:59,19:14:59,200,0.25,15.0,86.625,3600,1,False,,
win-Arecibo-Observatory-20230711-191459.npy,20230711,Arecibo-Observatory,19:14:59,19:29:59,200,0.25,15.0,86.625,3600,0,False,,
win-Arecibo-Observatory-20230711-192959.npy,20230711,Arecibo-Observatory,19:29:59,19:44:59,200,0.25,15.0,86.625,3600,0,False,,
win-Arecibo-Observatory-20230712-160001.npy,20230712,Arecibo-Observatory,16:00:01,16:15:01,200,0.25,15.0,86.625,3600,0,False,,
win-Arecibo-Observatory-20230712-161501.npy,20230712,Arecibo-Observatory,16:15:01,16:29:57,200,0.25,15.0,86.625,3586,0,False,,
win-Arecibo-Observatory-20230712-163000.npy,20230712,Arecibo-Observatory,16:30:00,16:45:00,200,0.25,15.0,86.625,3600,1,False,,
win-Arecibo-Observatory-20230712-164500.npy,20230712,Arecibo-Observatory,16:45:00,17:00:00,200,0.25,15.0,86.625,3600,0,False,,
win-Arecibo-Observatory-20230712-170000.npy,20230712,Arecibo-Observatory,17:00:00,17:15:00,200,0.25,15.0,86.625,3600,0,False,,
win-Arecibo-Observatory-20230712-171500.npy,20230712,Arecibo-Observatory,17:15:00,17:30:00,200,0.25,15.0,86.625,3600,0,False,,
win-Arecibo-Observatory-20230712-173000.npy,20230712,Arecibo-Observatory,17:30:00,17:45:00,200,0.25,15.0,86.625,3600,0,False,,
win-Arecibo-Observatory-20230712-174500.npy,20230712,Arecibo-Observatory,17:45:00,18:00:00,200,0.25,15.0,86.625,3600,0,False,,
win-Arecibo-Observatory-20230712-180000.npy,20230712,Arecibo-Observatory,18:00:00,18:15:00,200,0.25,15.0,86.625,3600,1,False,,
win-Arecibo-Observatory-20230712-181500.npy,20230712,Arecibo-Observatory,18:15:00,18:30:00,200,0.25,15.0,86.625,3600,0,False,,
win-Arecibo-Observatory-20230712-183000.npy,20230712,Arecibo-Observatory,18:30:00,18:45:00,200,0.25,15.0,86.625,3600,1,False,,
win-Arecibo-Observatory-20230712-184500.npy,20230712,Arecibo-Observatory,18:45:00,19:00:00,200,0.25,15.0,86.625,3600,0,False,,
win-Arecibo-Observatory-20230712-190000.npy,20230712,Arecibo-Observatory,19:00:00,19:15:00,200,0.25,15.0,86.625,3600,0,False,,
win-Arecibo-Observatory-20230714-121500.npy,20230714,Arecibo-Observatory,12:15:00,12:30:00,200,0.25,15.0,86.625,3600,0,True,offclass_event_in_negative_window,CTM
win-Arecibo-Observatory-20230714-123000.npy,20230714,Arecibo-Observatory,12:30:00,12:45:00,200,0.25,15.0,86.625,3600,0,True,offclass_event_in_negative_window,CTM
win-Arecibo-Observatory-20230714-124500.npy,20230714,Arecibo-Observatory,12:45:00,13:00:00,200,0.25,15.0,86.625,3600,1,False,,CTM
win-Arecibo-Observatory-20230714-130000.npy,20230714,Arecibo-Observatory,13:00:00,13:15:00,200,0.25,15.0,86.625,3600,0,True,offclass_event_in_negative_window,CTM
win-Arecibo-Observatory-20230714-131500.npy,20230714,Arecibo-Observatory,13:15:00,13:30:00,200,0.25,15.0,86.625,3600,0,True,offclass_event_in_negative_window,CTM
win-Arecibo-Observatory-20230714-160001.npy,20230714,Arecibo-Observatory,16:00:01,16:15:01,200,0.25,15.0,86.625,3600,0,False,,
win-Arecibo-Observatory-20230714-161501.npy,20230714,Arecibo-Observatory,16:15:01,16:30:01,200,0.25,15.0,86.625,3600,0,False,,
win-Arecibo-Observatory-20230714-163000.npy,20230714,Arecibo-Observatory,16:30:00,16:45:00,200,0.25,15.0,86.625,3600,0,False,,
win-Arecibo-Observatory-20230714-164500.npy,20230714,Arecibo-Observatory,16:45:00,17:00:00,200,0.25,15.0,86.625,3600,1,False,,
win-Arecibo-Observatory-20230714-170000.npy,20230714,Arecibo-Observatory,17:00:00,17:15:00,200,0.25,15.0,86.625,3600,0,False,,
win-Arecibo-Observatory-20230714-171500.npy,20230714,Arecibo-Observatory,17:15:00,17:30:00,200,0.25,15.0,86.625,3600,0,False,,
win-Arecibo-Observatory-20230714-181500.npy,20230714,Arecibo-Observatory,18:15:00,18:30:00,200,0.25,15.0,86.625,3600,0,True,offclass_event_in_negative_window,VI
win-Arecibo-Observatory-20230714-183000.npy,20230714,Arecibo-Observatory,18:30:00,18:45:00,200,0.25,15.0,86.625,3600,0,True,offclass_event_in_negative_window,VI
win-Arecibo-Observatory-20230714-184500.npy,20230714,Arecibo-Observatory,18:45:00,19:00:00,200,0.25,15.0,86.625,3600,1,False,,VI
win-Arecibo-Observatory-20230714-190000.npy,20230714,Arecibo-Observatory,19:00:00,19:15:00,200,0.25,15.0,86.625,3600,0,False,,
win-Arecibo-Observatory-20230714-191500.npy,20230714,Arecibo-Observatory,19:15:00,19:30:00,200,0.25,15.0,86.625,3600,0,False,,
win-Arecibo-Observatory-20230715-093003.npy,20230715,Arecibo-Observatory,09:30:03,09:45:03,200,0.25,15.0,86.625,3600,0,False,,
win-Arecibo-Observatory-20230715-094503.npy,20230715,Arecibo-Observatory,09:45:03,10:00:03,200,0.25,15.0,86.625,3600,0,False,,
win-Arecibo-Observatory-20230715-100000.npy,20230715,Arecibo-Observatory,10:00:00,10:15:00,200,0.25,15.0,86.625,3600,1,False,,
win-Arecibo-Observatory-20230715-101500.npy,20230715,Arecibo-Observatory,10:15:00,10:30:00,200,0.25,15.0,86.625,3600,1,False,,
win-Arecibo-Observatory-20230715-103000.npy,20230715,Arecibo-Observatory,10:30:00,10:45:00,200,0.25,15.0,86.625,3600,0,False,,
win-Arecibo-Observatory-20230715-104500.npy,20230715,Arecibo-Observatory,10:45:00,11:00:00,200,0.25,15.0,86.625,3600,0,False,,
win-Arecibo-Observatory-20230715-113000.npy,20230715,Arecibo-Observatory,11:30:00,11:45:00,200,0.25,15.0,86.625,3600,0,True,offclass_event_in_negative_window,VI
win-Arecibo-Observatory-20230715-114500.npy,20230715,Arecibo-Observatory,11:45:00,12:00:00,200,0.25,15.0,86.625,3600,0,True,offclass_event_in_negative_window,VI
win-Arecibo-Observatory-20230715-120000.npy,20230715,Arecibo-Observatory,12:00:00,12:15:00,200,0.25,15.0,86.625,3600,0,True,offclass_event_in_negative_window,VI
win-Arecibo-Observatory-20230715-121500.npy,20230715,Arecibo-Observatory,12:15:00,12:30:00,200,0.25,15.0,86.625,3600,1,False,,
win-Arecibo-Observatory-20230715-123000.npy,20230715,Arecibo-Observatory,12:30:00,12:45:00,200,0.25,15.0,86.625,3600,0,True,offclass_event_in_negative_window,VI
win-Arecibo-Observatory-20230715-124500.npy,20230715,Arecibo-Observatory,12:45:00,13:00:00,200,0.25,15.0,86.625,3600,0,True,offclass_event_in_negative_window,VI
win-Arecibo-Observatory-20230715-134500.npy,20230715,Arecibo-Observatory,13:45:00,14:00:00,200,0.25,15.0,86.625,3600,0,True,offclass_event_in_negative_window,VI
win-Arecibo-Observatory-20230715-140001.npy,20230715,Arecibo-Observatory,14:00:01,14:15:01,200,0.25,15.0,86.625,3600,0,True,offclass_event_in_negative_window,VI
win-Arecibo-Observatory-20230715-141500.npy,20230715,Arecibo-Observatory,14:15:00,14:30:00,200,0.25,15.0,86.625,3600,1,False,,
win-Arecibo-Observatory-20230715-143000.npy,20230715,Arecibo-Observatory,14:30:00,14:45:00,200,0.25,15.0,86.625,3600,0,False,,
win-Arecibo-Observatory-20230715-144500.npy,20230715,Arecibo-Observatory,14:45:00,15:00:00,200,0.25,15.0,86.625,3600,0,False,,
win-Arecibo-Observatory-20230715-154501.npy,20230715,Arecibo-Observatory,15:45:01,16:00:01,200,0.25,15.0,86.625,3600,0,True,offclass_event_in_negative_window,VI
win-Arecibo-Observatory-20230715-160001.npy,20230715,Arecibo-Observatory,16:00:01,16:15:01,200,0.25,15.0,86.625,3600,0,False,,
win-Arecibo-Observatory-20230715-161501.npy,20230715,Arecibo-Observatory,16:15:01,16:29:58,200,0.25,15.0,86.625,3588,1,False,,
win-Arecibo-Observatory-20230715-163000.npy,20230715,Arecibo-Observatory,16:30:00,16:45:00,200,0.25,15.0,86.625,3600,2,False,,
win-Arecibo-Observatory-20230715-164459.npy,20230715,Arecibo-Observatory,16:44:59,16:59:59,200,0.25,15.0,86.625,3600,1,False,,
win-Arecibo-Observatory-20230715-165959.npy,20230715,Arecibo-Observatory,16:59:59,17:14:59,200,0.25,15.0,86.625,3600,0,False,,
win-Arecibo-Observatory-20230715-171459.npy,20230715,Arecibo-Observatory,17:14:59,17:29:59,200,0.25,15.0,86.625,3600,0,False,,
win-Arecibo-Observatory-20230715-172959.npy,20230715,Arecibo-Observatory,17:29:59,17:44:59,200,0.25,15.0,86.625,3600,0,False,,
win-Arecibo-Observatory-20230715-174459.npy,20230715,Arecibo-Observatory,17:44:59,17:59:59,200,0.25,15.0,86.625,3600,1,False,,
win-Arecibo-Observatory-20230715-175959.npy,20230715,Arecibo-Observatory,17:59:59,18:14:59,200,0.25,15.0,86.625,3600,0,True,offclass_event_in_negative_window,VI
win-Arecibo-Observatory-20230715-181459.npy,20230715,Arecibo-Observatory,18:14:59,18:29:59,200,0.25,15.0,86.625,3600,0,True,offclass_event_in_negative_window,VI
win-Arecibo-Observatory-20230715-182959.npy,20230715,Arecibo-Observatory,18:29:59,18:44:59,200,0.25,15.0,86.625,3600,0,True,offclass_event_in_negative_window,VI
win-Arecibo-Observatory-20230715-184459.npy,20230715,Arecibo-Observatory,18:44:59,18:59:59,200,0.25,15.0,86.625,3600,1,False,,
win-Arecibo-Observatory-20230715-185959.npy,20230715,Arecibo-Observatory,18:59:59,19:14:59,200,0.25,15.0,86.625,3600,1,False,,
win-Arecibo-Observatory-20230715-191459.npy,20230715,Arecibo-Observatory,19:14:59,19:29:59,200,0.25,15.0,86.625,3600,1,False,,
win-Arecibo-Observatory-20230715-193000.npy,20230715,Arecibo-Observatory,19:30:00,19:45:00,200,0.25,15.0,86.625,3600,0,False,,
win-Arecibo-Observatory-20230715-194500.npy,20230715,Arecibo-Observatory,19:45:00,20:00:00,200,0.25,15.0,86.625,3600,1,False,,
win-Arecibo-Observatory-20230715-195959.npy,20230715,Arecibo-Observatory,19:59:59,20:14:59,200,0.25,15.0,86.625,3600,1,False,,IV
win-Arecibo-Observatory-20230715-201459.npy,20230715,Arecibo-Observatory,20:14:59,20:29:59,200,0.25,15.0,86.625,3600,0,True,offclass_event_in_negative_window,IV
win-Arecibo-Observatory-20230715-202959.npy,20230715,Arecibo-Observatory,20:29:59,20:44:59,200,0.25,15.0,86.625,3600,0,False,,
win-Arecibo-Observatory-20230717-103000.npy,20230717,Arecibo-Observatory,10:30:00,10:45:00,200,0.25,15.0,86.625,3600,0,False,,
win-Arecibo-Observatory-20230717-104500.npy,20230717,Arecibo-Observatory,10:45:00,11:00:00,200,0.25,15.0,86.625,3600,0,False,,
win-Arecibo-Observatory-20230717-110000.npy,20230717,Arecibo-Observatory,11:00:00,11:15:00,200,0.25,15.0,86.625,3600,1,False,,
win-Arecibo-Observatory-20230717-111500.npy,20230717,Arecibo-Observatory,11:15:00,11:30:00,200,0.25,15.0,86.625,3600,1,False,,
win-Arecibo-Observatory-20230717-113000.npy,20230717,Arecibo-Observatory,11:30:00,11:45:00,200,0.25,15.0,86.625,3600,0,False,,
win-Arecibo-Observatory-20230717-114500.npy,20230717,Arecibo-Observatory,11:45:00,12:00:00,200,0.25,15.0,86.625,3600,1,False,,
win-Arecibo-Observatory-20230717-120001.npy,20230717,Arecibo-Observatory,12:00:01,12:15:01,200,0.25,15.0,86.625,3600,0,False,,
win-Arecibo-Observatory-20230717-121501.npy,20230717,Arecibo-Observatory,12:15:01,12:30:01,200,0.25,15.0,86.625,3600,0,False,,
win-Arecibo-Observatory-20230717-151501.npy,20230717,Arecibo-Observatory,15:15:01,15:30:01,200,0.25,15.0,86.625,3600,0,False,,
win-Arecibo-Observatory-20230717-153001.npy,20230717,Arecibo-Observatory,15:30:01,15:45:01,200,0.25,15.0,86.625,3600,0,False,,
win-Arecibo-Observatory-20230717-154501.npy,20230717,Arecibo-Observatory,15:45:01,16:00:01,200,0.25,15.0,86.625,3600,1,False,,
win-Arecibo-Observatory-20230717-160001.npy,20230717,Arecibo-Observatory,16:00:01,16:15:01,200,0.25,15.0,86.625,3600,0,False,,
win-Arecibo-Observatory-20230717-161501.npy,20230717,Arecibo-Observatory,16:15:01,16:29:57,200,0.25,15.0,86.625,3586,0,False,,
win-Arecibo-Observatory-20230717-181500.npy,20230717,Arecibo-Observatory,18:15:00,18:30:00,200,0.25,15.0,86.625,3600,0,False,,
win-Arecibo-Observatory-20230717-183000.npy,20230717,Arecibo-Observatory,18:30:00,18:45:00,200,0.25,15.0,86.625,3600,0,False,,
win-Arecibo-Observatory-20230717-184501.npy,20230717,Arecibo-Observatory,18:45:01,19:00:01,200,0.25,15.0,86.625,3600,1,False,,
win-Arecibo-Observatory-20230717-190001.npy,20230717,Arecibo-Observatory,19:00:01,19:15:01,200,0.25,15.0,86.625,3600,0,False,,
win-Arecibo-Observatory-20230717-191500.npy,20230717,Arecibo-Observatory,19:15:00,19:30:00,200,0.25,15.0,86.625,3600,0,False,,
win-Arecibo-Observatory-20230718-124500.npy,20230718,Arecibo-Observatory,12:45:00,13:00:00,200,0.25,15.0,86.625,3600,0,False,,
win-Arecibo-Observatory-20230718-130000.npy,20230718,Arecibo-Observatory,13:00:00,13:15:00,200,0.25,15.0,86.625,3600,0,False,,
win-Arecibo-Observatory-20230718-131500.npy,20230718,Arecibo-Observatory,13:15:00,13:30:00,200,0.25,15.0,86.625,3600,1,False,,
win-Arecibo-Observatory-20230718-133000.npy,20230718,Arecibo-Observatory,13:30:00,13:45:00,200,0.25,15.0,86.625,3600,0,False,,
win-Arecibo-Observatory-20230718-134500.npy,20230718,Arecibo-Observatory,13:45:00,14:00:00,200,0.25,15.0,86.625,3600,1,False,,
win-Arecibo-Observatory-20230718-140001.npy,20230718,Arecibo-Observatory,14:00:01,14:15:01,200,0.25,15.0,86.625,3600,0,False,,
win-Arecibo-Observatory-20230718-141501.npy,20230718,Arecibo-Observatory,14:15:01,14:30:01,200,0.25,15.0,86.625,3600,0,False,,
win-Arecibo-Observatory-20230718-143001.npy,20230718,Arecibo-Observatory,14:30:01,14:45:01,200,0.25,15.0,86.625,3600,0,False,,
win-Arecibo-Observatory-20230718-144501.npy,20230718,Arecibo-Observatory,14:45:01,15:00:01,200,0.25,15.0,86.625,3600,1,False,,
win-Arecibo-Observatory-20230718-150001.npy,20230718,Arecibo-Observatory,15:00:01,15:15:01,200,0.25,15.0,86.625,3600,0,False,,
win-Arecibo-Observatory-20230718-151501.npy,20230718,Arecibo-Observatory,15:15:01,15:30:01,200,0.25,15.0,86.625,3600,1,False,,
win-Arecibo-Observatory-20230718-153001.npy,20230718,Arecibo-Observatory,15:30:01,15:45:01,200,0.25,15.0,86.625,3600,0,False,,
win-Arecibo-Observatory-20230718-154501.npy,20230718,Arecibo-Observatory,15:45:01,16:00:01,200,0.25,15.0,86.625,3600,0,False,,
win-Arecibo-Observatory-20230718-160001.npy,20230718,Arecibo-Observatory,16:00:01,16:15:01,200,0.25,15.0,86.625,3600,0,False,,
win-Arecibo-Observatory-20230718-161501.npy,20230718,Arecibo-Observatory,16:15:01,16:29:57,200,0.25,15.0,86.625,3587,1,False,,
win-Arecibo-Observatory-20230718-163000.npy,20230718,Arecibo-Observatory,16:30:00,16:45:00,200,0.25,15.0,86.625,3600,0,False,,
win-Arecibo-Observatory-20230718-164500.npy,20230718,Arecibo-Observatory,16:45:00,17:00:00,200,0.25,15.0,86.625,3600,0,True,offclass_event_in_negative_window,RBR
win-Arecibo-Observatory-20230718-170000.npy,20230718,Arecibo-Observatory,17:00:00,17:15:00,200,0.25,15.0,86.625,3600,0,False,,
win-Arecibo-Observatory-20230718-171500.npy,20230718,Arecibo-Observatory,17:15:00,17:30:00,200,0.25,15.0,86.625,3600,2,False,,
win-Arecibo-Observatory-20230718-173000.npy,20230718,Arecibo-Observatory,17:30:00,17:45:00,200,0.25,15.0,86.625,3600,1,False,,
win-Arecibo-Observatory-20230718-174500.npy,20230718,Arecibo-Observatory,17:45:00,18:00:00,200,0.25,15.0,86.625,3600,1,False,,
win-Arecibo-Observatory-20230718-180000.npy,20230718,Arecibo-Observatory,18:00:00,18:15:00,200,0.25,15.0,86.625,3600,0,False,,
win-Arecibo-Observatory-20230718-181500.npy,20230718,Arecibo-Observatory,18:15:00,18:30:00,200,0.25,15.0,86.625,3600,0,False,,
win-Arecibo-Observatory-20230718-183000.npy,20230718,Arecibo-Observatory,18:30:00,18:45:00,200,0.25,15.0,86.625,3600,1,False,,
win-Arecibo-Observatory-20230718-184500.npy,20230718,Arecibo-Observatory,18:45:00,19:00:00,200,0.25,15.0,86.625,3600,1,False,,
win-Arecibo-Observatory-20230718-190000.npy,20230718,Arecibo-Observatory,19:00:00,19:15:00,200,0.25,15.0,86.625,3600,0,False,,
win-Arecibo-Observatory-20230718-191500.npy,20230718,Arecibo-Observatory,19:15:00,19:30:00,200,0.25,15.0,86.625,3600,0,False,,
win-Arecibo-Observatory-20230718-194500.npy,20230718,Arecibo-Observatory,19:45:00,20:00:00,200,0.25,15.0,86.625,3600,0,False,,
win-Arecibo-Observatory-20230718-200001.npy,20230718,Arecibo-Observatory,20:00:01,20:15:01,200,0.25,15.0,86.625,3600,0,True,offclass_event_in_negative_window,CTM
win-Arecibo-Observatory-20230718-201500.npy,20230718,Arecibo-Observatory,20:15:00,20:30:00,200,0.25,15.0,86.625,3600,1,False,,CTM
win-Arecibo-Observatory-20230718-203000.npy,20230718,Arecibo-Observatory,20:30:00,20:45:00,200,0.25,15.0,86.625,3600,0,False,,
win-Arecibo-Observatory-20230718-204501.npy,20230718,Arecibo-Observatory,20:45:01,21:00:01,200,0.25,15.0,86.625,3600,0,False,,
win-Arecibo-Observatory-20230719-124500.npy,20230719,Arecibo-Observatory,12:45:00,13:00:00,200,0.25,15.0,86.625,3600,0,False,,
win-Arecibo-Observatory-20230719-130001.npy,20230719,Arecibo-Observatory,13:00:01,13:15:01,200,0.25,15.0,86.625,3600,0,False,,
win-Arecibo-Observatory-20230719-131501.npy,20230719,Arecibo-Observatory,13:15:01,13:30:01,200,0.25,15.0,86.625,3600,1,False,,
win-Arecibo-Observatory-20230719-133001.npy,20230719,Arecibo-Observatory,13:30:01,13:45:01,200,0.25,15.0,86.625,3600,0,False,,
win-Arecibo-Observatory-20230719-134501.npy,20230719,Arecibo-Observatory,13:45:01,14:00:01,200,0.25,15.0,86.625,3600,0,False,,
win-Arecibo-Observatory-20230719-141501.npy,20230719,Arecibo-Observatory,14:15:01,14:30:01,200,0.25,15.0,86.625,3600,0,False,,
win-Arecibo-Observatory-20230719-143001.npy,20230719,Arecibo-Observatory,14:30:01,14:45:01,200,0.25,15.0,86.625,3600,0,False,,
win-Arecibo-Observatory-20230719-144501.npy,20230719,Arecibo-Observatory,14:45:01,15:00:01,200,0.25,15.0,86.625,3600,1,False,,
win-Arecibo-Observatory-20230719-150001.npy,20230719,Arecibo-Observatory,15:00:01,15:15:01,200,0.25,15.0,86.625,3600,0,False,,
win-Arecibo-Observatory-20230719-151501.npy,20230719,Arecibo-Observatory,15:15:01,15:30:01,200,0.25,15.0,86.625,3600,0,False,,
win-Arecibo-Observatory-20230720-100000.npy,20230720,Arecibo-Observatory,10:00:00,10:15:00,200,0.25,15.0,86.625,3600,0,False,,
win-Arecibo-Observatory-20230720-101500.npy,20230720,Arecibo-Observatory,10:15:00,10:30:00,200,0.25,15.0,86.625,3600,0,False,,
win-Arecibo-Observatory-20230720-103000.npy,20230720,Arecibo-Observatory,10:30:00,10:45:00,200,0.25,15.0,86.625,3600,1,False,,
win-Arecibo-Observatory-20230720-104500.npy,20230720,Arecibo-Observatory,10:45:00,11:00:00,200,0.25,15.0,86.625,3600,0,False,,
win-Arecibo-Observatory-20230720-110000.npy,20230720,Arecibo-Observatory,11:00:00,11:15:00,200,0.25,15.0,86.625,3600,0,False,,
win-Arecibo-Observatory-20230720-111500.npy,20230720,Arecibo-Observatory,11:15:00,11:30:00,200,0.25,15.0,86.625,3600,1,False,,
win-Arecibo-Observatory-20230720-113000.npy,20230720,Arecibo-Observatory,11:30:00,11:45:00,200,0.25,15.0,86.625,3600,0,False,,
win-Arecibo-Observatory-20230720-114500.npy,20230720,Arecibo-Observatory,11:45:00,12:00:00,200,0.25,15.0,86.625,3600,0,False,,
win-Arecibo-Observatory-20230720-150001.npy,20230720,Arecibo-Observatory,15:00:01,15:15:01,200,0.25,15.0,86.625,3600,0,False,,
win-Arecibo-Observatory-20230720-151501.npy,20230720,Arecibo-Observatory,15:15:01,15:30:01,200,0.25,15.0,86.625,3600,0,False,,
win-Arecibo-Observatory-20230720-153001.npy,20230720,Arecibo-Observatory,15:30:01,15:45:01,200,0.25,15.0,86.625,3600,1,False,,
win-Arecibo-Observatory-20230720-154501.npy,20230720,Arecibo-Observatory,15:45:01,16:00:01,200,0.25,15.0,86.625,3600,0,False,,
win-Arecibo-Observatory-20230720-160001.npy,20230720,Arecibo-Observatory,16:00:01,16:15:01,200,0.25,15.0,86.625,3600,0,False,,
win-Arecibo-Observatory-20230720-161501.npy,20230720,Arecibo-Observatory,16:15:01,16:29:57,200,0.25,15.0,86.625,3587,0,False,,
win-Arecibo-Observatory-20230720-163000.npy,20230720,Arecibo-Observatory,16:30:00,16:45:00,200,0.25,15.0,86.625,3600,0,False,,
win-Arecibo-Observatory-20230720-164500.npy,20230720,Arecibo-Observatory,16:45:00,17:00:00,200,0.25,15.0,86.625,3600,1,False,,
win-Arecibo-Observatory-20230720-170000.npy,20230720,Arecibo-Observatory,17:00:00,17:15:00,200,0.25,15.0,86.625,3600,1,False,,
win-Arecibo-Observatory-20230720-171500.npy,20230720,Arecibo-Observatory,17:15:00,17:30:00,200,0.25,15.0,86.625,3600,0,False,,
win-Arecibo-Observatory-20230720-173000.npy,20230720,Arecibo-Observatory,17:30:00,17:45:00,200,0.25,15.0,86.625,3600,0,False,,
win-Arecibo-Observatory-20230720-174500.npy,20230720,Arecibo-Observatory,17:45:00,18:00:00,200,0.25,15.0,86.625,3600,1,False,,
win-Arecibo-Observatory-20230720-180001.npy,20230720,Arecibo-Observatory,18:00:01,18:15:01,200,0.25,15.0,86.625,3600,0,False,,
win-Arecibo-Observatory-20230720-181501.npy,20230720,Arecibo-Observatory,18:15:01,18:30:01,200,0.25,15.0,86.625,3600,0,False,,
win-Arecibo-Observatory-20230720-193001.npy,20230720,Arecibo-Observatory,19:30:01,19:45:01,200,0.25,15.0,86.625,3600,0,False,,
win-Arecibo-Observatory-20230720-194501.npy,20230720,Arecibo-Observatory,19:45:01,20:00:01,200,0.25,15.0,86.625,3600,0,False,,
win-Arecibo-Observatory-20230720-200001.npy,20230720,Arecibo-Observatory,20:00:01,20:15:01,200,0.25,15.0,86.625,3600,1,False,,
win-Arecibo-Observatory-20230720-201501.npy,20230720,Arecibo-Observatory,20:15:01,20:30:01,200,0.25,15.0,86.625,3600,1,False,,
win-Arecibo-Observatory-20230720-203001.npy,20230720,Arecibo-Observatory,20:30:01,20:45:01,200,0.25,15.0,86.625,3600,0,False,,
win-Arecibo-Observatory-20230720-204501.npy,20230720,Arecibo-Observatory,20:45:01,21:00:01,200,0.25,15.0,86.625,3600,0,False,,
win-Arecibo-Observatory-20230721-104500.npy,20230721,Arecibo-Observatory,10:45:00,11:00:00,200,0.25,15.0,86.625,3600,0,False,,
win-Arecibo-Observatory-20230721-110000.npy,20230721,Arecibo-Observatory,11:00:00,11:15:00,200,0.25,15.0,86.625,3600,0,False,,
win-Arecibo-Observatory-20230721-111500.npy,20230721,Arecibo-Observatory,11:15:00,11:30:00,200,0.25,15.0,86.625,3600,1,False,,
win-Arecibo-Observatory-20230721-113000.npy,20230721,Arecibo-Observatory,11:30:00,11:45:00,200,0.25,15.0,86.625,3600,0,False,,
win-Arecibo-Observatory-20230721-114500.npy,20230721,Arecibo-Observatory,11:45:00,12:00:00,200,0.25,15.0,86.625,3600,1,False,,
win-Arecibo-Observatory-20230721-120000.npy,20230721,Arecibo-Observatory,12:00:00,12:15:00,200,0.25,15.0,86.625,3600,0,False,,
win-Arecibo-Observatory-20230721-121501.npy,20230721,Arecibo-Observatory,12:15:01,12:30:01,200,0.25,15.0,86.625,3600,0,False,,
win-Arecibo-Observatory-20230721-123000.npy,20230721,Arecibo-Observatory,12:30:00,12:45:00,200,0.25,15.0,86.625,3600,1,False,,
win-Arecibo-Observatory-20230721-124500.npy,20230721,Arecibo-Observatory,12:45:00,13:00:00,200,0.25,15.0,86.625,3600,0,False,,
win-Arecibo-Observatory-20230721-130000.npy,20230721,Arecibo-Observatory,13:00:00,13:15:00,200,0.25,15.0,86.625,3600,0,False,,
win-Arecibo-Observatory-20230721-131501.npy,20230721,Arecibo-Observatory,13:15:01,13:30:01,200,0.25,15.0,86.625,3600,1,False,,
win-Arecibo-Observatory-20230721-133001.npy,20230721,Arecibo-Observatory,13:30:01,13:45:01,200,0.25,15.0,86.625,3600,0,False,,
win-Arecibo-Observatory-20230721-134501.npy,20230721,Arecibo-Observatory,13:45:01,14:00:01,200,0.25,15.0,86.625,3600,0,False,,
win-Arecibo-Observatory-20230721-150001.npy,20230721,Arecibo-Observatory,15:00:01,15:15:01,200,0.25,15.0,86.625,3600,0,False,,
win-Arecibo-Observatory-20230721-151501.npy,20230721,Arecibo-Observatory,15:15:01,15:30:01,200,0.25,15.0,86.625,3600,0,False,,
win-Arecibo-Observatory-20230721-153001.npy,20230721,Arecibo-Observatory,15:30:01,15:45:01,200,0.25,15.0,86.625,3600,0,False,,
win-Arecibo-Observatory-20230721-154501.npy,20230721,Arecibo-Observatory,15:45:01,16:00:01,200,0.25,15.0,86.625,3600,1,False,,
win-Arecibo-Observatory-20230721-160001.npy,20230721,Arecibo-Observatory,16:00:01,16:15:01,200,0.25,15.0,86.625,3600,0,False,,
win-Arecibo-Observatory-20230721-181500.npy,20230721,Arecibo-Observatory,18:15:00,18:30:00,200,0.25,15.0,86.625,3600,0,False,,
win-Arecibo-Observatory-20230721-183000.npy,20230721,Arecibo-Observatory,18:30:00,18:45:00,200,0.25,15.0,86.625,3600,0,False,,
win-Arecibo-Observatory-20230721-184500.npy,20230721,Arecibo-Observatory,18:45:00,19:00:00,200,0.25,15.0,86.625,3600,1,False,,
win-Arecibo-Observatory-20230721-190000.npy,20230721,Arecibo-Observatory,19:00:00,19:15:00,200,0.25,15.0,86.625,3600,0,False,,
win-Arecibo-Observatory-20230721-191500.npy,20230721,Arecibo-Observatory,19:15:00,19:30:00,200,0.25,15.0,86.625,3600,0,False,,
win-Arecibo-Observatory-20230721-193000.npy,20230721,Arecibo-Observatory,19:30:00,19:45:00,200,0.25,15.0,86.625,3600,1,False,,
win-Arecibo-Observatory-20230721-194500.npy,20230721,Arecibo-Observatory,19:45:00,20:00:00,200,0.25,15.0,86.625,3600,0,False,,
win-Arecibo-Observatory-20230721-200000.npy,20230721,Arecibo-Observatory,20:00:00,20:15:00,200,0.25,15.0,86.625,3600,0,False,,
win-Arecibo-Observatory-20230722-111500.npy,20230722,Arecibo-Observatory,11:15:00,11:30:00,200,0.25,15.0,86.625,3600,0,False,,
win-Arecibo-Observatory-20230722-113000.npy,20230722,Arecibo-Observatory,11:30:00,11:45:00,200,0.25,15.0,86.625,3600,0,False,,
win-Arecibo-Observatory-20230722-114500.npy,20230722,Arecibo-Observatory,11:45:00,12:00:00,200,0.25,15.0,86.625,3600,1,False,,
win-Arecibo-Observatory-20230722-120000.npy,20230722,Arecibo-Observatory,12:00:00,12:15:00,200,0.25,15.0,86.625,3600,0,False,,
win-Arecibo-Observatory-20230722-121500.npy,20230722,Arecibo-Observatory,12:15:00,12:30:00,200,0.25,15.0,86.625,3600,0,False,,
win-Arecibo-Observatory-20230722-134501.npy,20230722,Arecibo-Observatory,13:45:01,14:00:01,200,0.25,15.0,86.625,3600,0,True,offclass_event_in_negative_window,VI
win-Arecibo-Observatory-20230722-140001.npy,20230722,Arecibo-Observatory,14:00:01,14:15:01,200,0.25,15.0,86.625,3600,0,True,offclass_event_in_negative_window,VI
win-Arecibo-Observatory-20230722-141501.npy,20230722,Arecibo-Observatory,14:15:01,14:30:01,200,0.25,15.0,86.625,3600,1,False,,
win-Arecibo-Observatory-20230722-143001.npy,20230722,Arecibo-Observatory,14:30:01,14:45:01,200,0.25,15.0,86.625,3600,0,False,,
win-Arecibo-Observatory-20230722-144501.npy,20230722,Arecibo-Observatory,14:45:01,15:00:01,200,0.25,15.0,86.625,3600,0,False,,
win-Arecibo-Observatory-20230722-161501.npy,20230722,Arecibo-Observatory,16:15:01,16:29:57,200,0.25,15.0,86.625,3586,0,False,,
win-Arecibo-Observatory-20230722-163000.npy,20230722,Arecibo-Observatory,16:30:00,16:45:00,200,0.25,15.0,86.625,3600,0,False,,
win-Arecibo-Observatory-20230722-164459.npy,20230722,Arecibo-Observatory,16:44:59,16:59:59,200,0.25,15.0,86.625,3600,1,False,,
win-Arecibo-Observatory-20230722-165959.npy,20230722,Arecibo-Observatory,16:59:59,17:14:59,200,0.25,15.0,86.625,3600,0,True,only_edge_sliver_of_an_event,
win-Arecibo-Observatory-20230722-171459.npy,20230722,Arecibo-Observatory,17:14:59,17:29:59,200,0.25,15.0,86.625,3600,0,False,,
win-Arecibo-Observatory-20230722-172959.npy,20230722,Arecibo-Observatory,17:29:59,17:44:59,200,0.25,15.0,86.625,3600,0,False,,
win-Arecibo-Observatory-20230722-174459.npy,20230722,Arecibo-Observatory,17:44:59,17:59:59,200,0.25,15.0,86.625,3600,0,False,,
win-Arecibo-Observatory-20230722-175959.npy,20230722,Arecibo-Observatory,17:59:59,18:14:59,200,0.25,15.0,86.625,3600,1,False,,
win-Arecibo-Observatory-20230722-181459.npy,20230722,Arecibo-Observatory,18:14:59,18:29:59,200,0.25,15.0,86.625,3600,1,False,,
win-Arecibo-Observatory-20230722-182959.npy,20230722,Arecibo-Observatory,18:29:59,18:44:59,200,0.25,15.0,86.625,3600,0,False,,
win-Arecibo-Observatory-20230722-184459.npy,20230722,Arecibo-Observatory,18:44:59,18:59:59,200,0.25,15.0,86.625,3600,0,False,,
win-Arecibo-Observatory-20230723-110001.npy,20230723,Arecibo-Observatory,11:00:01,11:15:01,200,0.25,15.0,86.625,3600,0,False,,
win-Arecibo-Observatory-20230723-111500.npy,20230723,Arecibo-Observatory,11:15:00,11:30:00,200,0.25,15.0,86.625,3600,0,False,,
win-Arecibo-Observatory-20230723-113000.npy,20230723,Arecibo-Observatory,11:30:00,11:45:00,200,0.25,15.0,86.625,3600,1,False,,
win-Arecibo-Observatory-20230723-114500.npy,20230723,Arecibo-Observatory,11:45:00,12:00:00,200,0.25,15.0,86.625,3600,0,False,,
win-Arecibo-Observatory-20230723-120001.npy,20230723,Arecibo-Observatory,12:00:01,12:15:01,200,0.25,15.0,86.625,3600,1,False,,
win-Arecibo-Observatory-20230723-121500.npy,20230723,Arecibo-Observatory,12:15:00,12:30:00,200,0.25,15.0,86.625,3600,0,False,,
win-Arecibo-Observatory-20230723-123001.npy,20230723,Arecibo-Observatory,12:30:01,12:45:01,200,0.25,15.0,86.625,3600,0,False,,
win-Arecibo-Observatory-20230723-184500.npy,20230723,Arecibo-Observatory,18:45:00,19:00:00,200,0.25,15.0,86.625,3600,0,False,,
win-Arecibo-Observatory-20230723-190000.npy,20230723,Arecibo-Observatory,19:00:00,19:15:00,200,0.25,15.0,86.625,3600,0,False,,
win-Arecibo-Observatory-20230723-191500.npy,20230723,Arecibo-Observatory,19:15:00,19:30:00,200,0.25,15.0,86.625,3600,1,False,,
win-Arecibo-Observatory-20230723-193000.npy,20230723,Arecibo-Observatory,19:30:00,19:45:00,200,0.25,15.0,86.625,3600,0,False,,
win-Arecibo-Observatory-20230723-194501.npy,20230723,Arecibo-Observatory,19:45:01,20:00:01,200,0.25,15.0,86.625,3600,1,False,,
win-Arecibo-Observatory-20230723-200000.npy,20230723,Arecibo-Observatory,20:00:00,20:15:00,200,0.25,15.0,86.625,3600,0,False,,
win-Arecibo-Observatory-20230723-201500.npy,20230723,Arecibo-Observatory,20:15:00,20:30:00,200,0.25,15.0,86.625,3600,0,False,,
win-Arecibo-Observatory-20230724-104500.npy,20230724,Arecibo-Observatory,10:45:00,11:00:00,200,0.25,15.0,86.625,3600,0,False,,
win-Arecibo-Observatory-20230724-110000.npy,20230724,Arecibo-Observatory,11:00:00,11:15:00,200,0.25,15.0,86.625,3600,0,False,,
win-Arecibo-Observatory-20230724-111500.npy,20230724,Arecibo-Observatory,11:15:00,11:30:00,200,0.25,15.0,86.625,3600,1,False,,
win-Arecibo-Observatory-20230724-113000.npy,20230724,Arecibo-Observatory,11:30:00,11:45:00,200,0.25,15.0,86.625,3600,0,False,,
win-Arecibo-Observatory-20230724-114500.npy,20230724,Arecibo-Observatory,11:45:00,12:00:00,200,0.25,15.0,86.625,3600,0,False,,
win-Arecibo-Observatory-20230724-120001.npy,20230724,Arecibo-Observatory,12:00:01,12:15:01,200,0.25,15.0,86.625,3600,1,False,,
win-Arecibo-Observatory-20230724-121501.npy,20230724,Arecibo-Observatory,12:15:01,12:30:01,200,0.25,15.0,86.625,3600,0,False,,
win-Arecibo-Observatory-20230724-123001.npy,20230724,Arecibo-Observatory,12:30:01,12:45:01,200,0.25,15.0,86.625,3600,1,False,,
win-Arecibo-Observatory-20230724-124500.npy,20230724,Arecibo-Observatory,12:45:00,13:00:00,200,0.25,15.0,86.625,3600,0,False,,
win-Arecibo-Observatory-20230724-130001.npy,20230724,Arecibo-Observatory,13:00:01,13:15:01,200,0.25,15.0,86.625,3600,0,False,,
win-Arecibo-Observatory-20230724-133001.npy,20230724,Arecibo-Observatory,13:30:01,13:45:01,200,0.25,15.0,86.625,3600,0,False,,
win-Arecibo-Observatory-20230724-134501.npy,20230724,Arecibo-Observatory,13:45:01,14:00:01,200,0.25,15.0,86.625,3600,0,False,,
win-Arecibo-Observatory-20230724-140001.npy,20230724,Arecibo-Observatory,14:00:01,14:15:01,200,0.25,15.0,86.625,3600,1,False,,
win-Arecibo-Observatory-20230724-141501.npy,20230724,Arecibo-Observatory,14:15:01,14:30:01,200,0.25,15.0,86.625,3600,1,False,,
win-Arecibo-Observatory-20230724-143001.npy,20230724,Arecibo-Observatory,14:30:01,14:45:01,200,0.25,15.0,86.625,3600,0,False,,
win-Arecibo-Observatory-20230724-144501.npy,20230724,Arecibo-Observatory,14:45:01,15:00:01,200,0.25,15.0,86.625,3600,0,False,,
