file_name,date,location,type,event_start_time,event_end_time,box_start_time,box_end_time,box_start_col,box_end_col,time_source,review_status,uncertain,clipped
win-Australia-ASSA-20210119-022957.npy,20210119,Australia-ASSA,III,02:42:00,02:42:00,02:42:10,02:42:45,1466,1536,zero_width_default,,False,False
win-Australia-ASSA-20210127-042957.npy,20210127,Australia-ASSA,III,04:32:00,04:32:00,04:32:10,04:32:45,266,336,zero_width_default,,False,False
win-Australia-ASSA-20210419-064459.npy,20210419,Australia-ASSA,III,06:55:00,06:57:00,06:55:00,06:57:00,2404,2884,catalog,,False,False
win-Australia-ASSA-20210419-233000.npy,20210419,Australia-ASSA,II,23:39:00,23:42:00,23:39:00,23:42:00,2160,2880,catalog,,False,False
win-Australia-ASSA-20210419-233000.npy,20210419,Australia-ASSA,III,23:39:00,23:43:00,23:39:19,23:42:34,2236,3016,manual,usable,False,False
win-Australia-ASSA-20210420-014459.npy,20210420,Australia-ASSA,III,01:47:00,01:48:00,01:47:00,01:48:00,484,724,catalog,,False,False
win-Australia-ASSA-20210420-232959.npy,20210420,Australia-ASSA,III,23:39:00,23:39:00,23:39:10,23:39:45,2204,2344,zero_width_default,,False,False
win-Australia-ASSA-20210421-213000.npy,20210421,Australia-ASSA,III,21:31:00,21:31:00,21:31:10,21:31:45,280,420,zero_width_default,,False,False
win-Australia-ASSA-20210421-233000.npy,20210421,Australia-ASSA,III,23:36:00,23:37:00,23:36:00,23:37:00,1440,1680,catalog,,False,False
win-Australia-ASSA-20210423-002959.npy,20210423,Australia-ASSA,III,00:34:00,00:34:00,00:34:10,00:34:45,1004,1144,zero_width_default,,False,False
win-Australia-ASSA-20210423-011459.npy,20210423,Australia-ASSA,III,01:29:00,01:29:00,01:29:10,01:29:45,3404,3544,zero_width_default,,False,False
win-Australia-ASSA-20210424-011459.npy,20210424,Australia-ASSA,III,01:28:00,01:29:00,01:28:00,01:29:00,3124,3364,catalog,,False,False
win-Australia-ASSA-20210429-031500.npy,20210429,Australia-ASSA,III,03:17:00,03:18:00,03:17:00,03:18:00,480,720,catalog,,False,False
win-Australia-ASSA-20210505-065959.npy,20210505,Australia-ASSA,III,07:02:00,07:02:00,07:02:10,07:02:45,524,664,zero_width_default,,False,False
win-Australia-ASSA-20210506-040000.npy,20210506,Australia-ASSA,III,04:09:00,04:09:00,04:09:10,04:09:45,2200,2340,zero_width_default,,False,False
win-Australia-ASSA-20210506-044500.npy,20210506,Australia-ASSA,III,04:53:00,04:54:00,04:53:00,04:54:00,1920,2160,catalog,,False,False
win-Australia-ASSA-20210506-051459.npy,20210506,Australia-ASSA,III,05:21:00,05:29:00,05:21:00,05:29:00,1444,3364,catalog,,False,False
win-Australia-ASSA-20210506-052959.npy,20210506,Australia-ASSA,III,05:34:00,05:34:00,05:34:10,05:34:45,1004,1144,zero_width_default,,False,False
win-Australia-ASSA-20210506-233000.npy,20210506,Australia-ASSA,III,23:32:00,23:32:00,23:32:10,23:32:45,520,660,zero_width_default,,False,False
win-Australia-ASSA-20210507-002959.npy,20210507,Australia-ASSA,III,00:36:00,00:37:00,00:36:00,00:37:00,1444,1684,catalog,,False,False
win-Australia-ASSA-20210507-030000.npy,20210507,Australia-ASSA,III,03:08:00,03:09:00,03:08:00,03:09:00,1920,2160,catalog,,False,False
win-Australia-ASSA-20210508-011459.npy,20210508,Australia-ASSA,III,01:27:00,01:27:00,01:27:10,01:27:45,2924,3064,zero_width_default,,False,False
win-Australia-ASSA-20210508-022958.npy,20210508,Australia-ASSA,III,02:33:00,02:34:00,02:33:00,02:34:00,728,968,catalog,,False,False
win-Australia-ASSA-20210510-054459.npy,20210510,Australia-ASSA,III,05:53:00,05:53:00,05:53:10,05:53:45,1964,2104,zero_width_default,,False,False
win-Australia-ASSA-20210513-012959.npy,20210513,Australia-ASSA,III,01:43:00,01:48:00,01:43:00,01:48:00,3124,3600,catalog,,False,True
win-Australia-ASSA-20210513-014459.npy,20210513,Australia-ASSA,III,01:43:00,01:48:00,01:43:00,01:48:00,0,724,catalog,,False,True
win-Australia-ASSA-20210513-022958.npy,20210513,Australia-ASSA,III,02:39:00,02:41:00,02:39:00,02:41:00,2168,2648,catalog,,False,False
win-Australia-ASSA-20210515-021458.npy,20210515,Australia-ASSA,III,02:23:00,02:23:00,02:23:10,02:23:45,1968,2108,zero_width_default,,False,False
win-Australia-ASSA-20210515-030000.npy,20210515,Australia-ASSA,III,03:02:00,03:03:00,03:02:00,03:03:00,480,720,catalog,,False,False
win-Australia-ASSA-20210515-043000.npy,20210515,Australia-ASSA,III,04:43:00,04:44:00,04:43:00,04:44:00,3120,3360,catalog,,False,False
win-Australia-ASSA-20210517-001459.npy,20210517,Australia-ASSA,III,00:19:00,00:20:00,00:19:00,00:20:00,964,1204,catalog,,False,False
win-Australia-ASSA-20210517-005959.npy,20210517,Australia-ASSA,III,01:10:00,01:10:00,01:10:10,01:10:45,2444,2584,zero_width_default,,False,False
win-Australia-ASSA-20210518-021458.npy,20210518,Australia-ASSA,II,02:19:00,02:23:00,02:19:00,02:23:00,968,1928,catalog,usable,False,False
win-Australia-ASSA-20210518-052959.npy,20210518,Australia-ASSA,III,05:33:00,05:34:00,05:33:00,05:34:00,724,964,catalog,,False,False
win-Australia-ASSA-20210518-230000.npy,20210518,Australia-ASSA,III,23:14:00,23:17:00,23:14:00,23:17:00,3360,3600,catalog,,False,True
win-Australia-ASSA-20210518-231500.npy,20210518,Australia-ASSA,III,23:14:00,23:17:00,23:14:00,23:17:00,0,480,catalog,,False,True
win-Australia-ASSA-20210521-000001.npy,20210521,Australia-ASSA,III,00:11:00,00:13:00,00:11:00,00:13:00,2636,3116,catalog,,False,False
win-Australia-ASSA-20210521-021459.npy,20210521,Australia-ASSA,III,02:16:00,02:18:00,02:16:00,02:18:00,244,724,catalog,,False,False
win-Australia-ASSA-20210521-034500.npy,20210521,Australia-ASSA,III,03:47:00,03:49:00,03:47:00,03:49:00,480,960,catalog,,False,False
win-Australia-ASSA-20210521-050000.npy,20210521,Australia-ASSA,V,05:13:00,05:15:00,05:14:14,05:14:51,3416,3564,manual,usable,False,False
win-Australia-ASSA-20210521-224500.npy,20210521,Australia-ASSA,III,22:45:00,22:46:00,22:45:00,22:46:00,0,240,catalog,,False,False
win-Australia-ASSA-20210521-224500.npy,20210521,Australia-ASSA,III,22:59:00,23:01:00,22:59:00,23:01:00,3360,3600,catalog,,False,True
win-Australia-ASSA-20210521-230000.npy,20210521,Australia-ASSA,III,22:59:00,23:01:00,22:59:00,23:01:00,0,240,catalog,,False,True
win-Australia-ASSA-20210521-231500.npy,20210521,Australia-ASSA,III,23:15:00,23:16:00,23:15:00,23:16:00,0,240,catalog,,False,False
win-Australia-ASSA-20210521-234500.npy,20210521,Australia-ASSA,III,23:51:00,23:52:00,23:51:00,23:52:00,1440,1680,catalog,,False,False
win-Australia-ASSA-20210522-024500.npy,20210522,Australia-ASSA,III,02:53:00,02:56:00,02:53:00,02:56:00,1920,2640,catalog,,False,False
win-Australia-ASSA-20210522-024500.npy,20210522,Australia-ASSA,II,02:57:00,03:09:00,02:57:43,03:00:00,3052,3600,manual,usable,False,True
win-Australia-ASSA-20210522-030000.npy,20210522,Australia-ASSA,II,02:57:00,03:09:00,03:00:00,03:08:32,0,2048,manual,usable,False,True
win-Australia-ASSA-20210522-040000.npy,20210522,Australia-ASSA,III,04:07:00,04:12:00,04:07:00,04:12:00,1680,2880,catalog,,False,False
win-Australia-ASSA-20210522-043000.npy,20210522,Australia-ASSA,III,04:33:00,04:37:00,04:33:00,04:37:00,720,1680,catalog,,False,False
win-Australia-ASSA-20210522-055959.npy,20210522,Australia-ASSA,III,06:05:00,06:05:00,06:05:10,06:05:45,1244,1384,zero_width_default,,False,False
win-Australia-ASSA-20210522-061459.npy,20210522,Australia-ASSA,III,06:16:00,06:17:00,06:16:00,06:17:00,244,484,catalog,,False,False
win-Australia-ASSA-20210523-015959.npy,20210523,Australia-ASSA,III,02:06:00,02:11:00,02:06:00,02:11:00,1444,2644,catalog,,False,False
win-Australia-ASSA-20210523-022958.npy,20210523,Australia-ASSA,III,02:33:00,02:35:00,02:33:00,02:35:00,728,1208,catalog,,False,False
win-Australia-ASSA-20210523-043000.npy,20210523,Australia-ASSA,III,04:34:00,04:40:00,04:34:00,04:40:00,960,2400,catalog,,False,False
win-Australia-ASSA-20210523-044500.npy,20210523,Australia-ASSA,III,04:45:00,04:51:00,04:45:00,04:51:00,0,1440,catalog,,False,False
win-Australia-ASSA-20210523-050000.npy,20210523,Australia-ASSA,III,05:06:00,05:11:00,05:06:00,05:11:00,1440,2640,catalog,,False,False
win-Australia-ASSA-20210523-061459.npy,20210523,Australia-ASSA,III,06:15:00,06:15:00,06:15:10,06:15:45,44,184,zero_width_default,,False,False
win-Australia-ASSA-20210523-234459.npy,20210523,Australia-ASSA,III,23:45:00,23:46:00,23:45:00,23:46:00,4,244,catalog,,False,False
win-Australia-ASSA-20210528-005959.npy,20210528,Australia-ASSA,III,01:07:00,01:22:00,01:07:00,01:22:00,1684,3600,catalog,,False,True
win-Australia-ASSA-20210528-011459.npy,20210528,Australia-ASSA,III,01:07:00,01:22:00,01:07:00,01:22:00,0,1684,catalog,,False,True
win-Australia-ASSA-20210528-225959.npy,20210528,Australia-ASSA,II,23:03:00,23:06:00,23:03:18,23:04:24,796,1060,manual,usable,False,False
win-Australia-ASSA-20210531-014459.npy,20210531,Australia-ASSA,III,01:55:00,01:55:00,01:55:10,01:55:45,2444,2584,zero_width_default,,False,False
win-Australia-ASSA-20210531-031500.npy,20210531,Australia-ASSA,III,03:18:00,03:19:00,03:18:00,03:19:00,720,960,catalog,,False,False
win-Australia-ASSA-20210531-040000.npy,20210531,Australia-ASSA,III,04:03:00,04:03:00,04:03:10,04:03:45,760,900,zero_width_default,,False,False
win-Australia-ASSA-20210531-045959.npy,20210531,Australia-ASSA,III,05:10:00,05:13:00,05:10:00,05:13:00,2404,3124,catalog,,False,False
win-Australia-ASSA-20210531-051459.npy,20210531,Australia-ASSA,III,05:15:00,05:16:00,05:15:00,05:16:00,4,244,catalog,,False,False
win-Australia-ASSA-20210603-002959.npy,20210603,Australia-ASSA,III,00:35:00,00:36:00,00:35:00,00:36:00,1204,1444,catalog,,False,False
win-Australia-ASSA-20210603-004459.npy,20210603,Australia-ASSA,III,00:57:00,00:58:00,00:57:00,00:58:00,2884,3124,catalog,,False,False
win-Australia-ASSA-20210603-004459.npy,20210603,Australia-ASSA,III,00:45:00,00:46:00,00:45:00,00:46:00,4,244,catalog,,False,False
win-Australia-ASSA-20210603-005959.npy,20210603,Australia-ASSA,III,01:08:00,01:08:00,01:08:10,01:08:45,1964,2104,zero_width_default,,False,False
win-Australia-ASSA-20210603-011459.npy,20210603,Australia-ASSA,III,01:17:00,01:18:00,01:17:00,01:18:00,484,724,catalog,,False,False
win-Australia-ASSA-20210603-030000.npy,20210603,Australia-ASSA,V,03:08:00,03:09:00,03:08:42,03:09:09,2088,2196,manual,usable,False,False
win-Australia-ASSA-20210603-040000.npy,20210603,Australia-ASSA,III,04:10:00,04:12:00,04:10:00,04:12:00,2400,2880,catalog,,False,False
win-Australia-ASSA-20210614-034500.npy,20210614,Australia-ASSA,III,03:51:00,03:53:00,03:51:00,03:53:00,1440,1920,catalog,,False,False
win-Australia-ASSA-20210614-044500.npy,20210614,Australia-ASSA,III,04:48:00,04:48:00,04:48:10,04:48:45,760,900,zero_width_default,,False,False
win-Australia-ASSA-20210615-231459.npy,20210615,Australia-ASSA,III,23:22:00,23:22:00,23:22:10,23:22:45,1724,1864,zero_width_default,,False,False
win-Australia-ASSA-20210616-014459.npy,20210616,Australia-ASSA,III,01:51:00,01:51:00,01:51:10,01:51:45,1484,1624,zero_width_default,,False,False
win-Australia-ASSA-20210622-022958.npy,20210622,Australia-ASSA,III,02:34:00,02:35:00,02:34:00,02:35:00,968,1208,catalog,,False,False
win-Australia-ASSA-20210625-024500.npy,20210625,Australia-ASSA,III,02:55:00,02:56:00,02:55:00,02:56:00,2400,2640,catalog,,False,False
win-Australia-ASSA-20210625-033000.npy,20210625,Australia-ASSA,III,03:35:00,03:35:00,03:35:10,03:35:45,1240,1380,zero_width_default,,False,False
win-Australia-ASSA-20210625-034500.npy,20210625,Australia-ASSA,III,03:58:00,03:59:00,03:58:00,03:59:00,3120,3360,catalog,,False,False
win-Australia-ASSA-20210625-043000.npy,20210625,Australia-ASSA,III,04:42:00,04:42:00,04:42:10,04:42:45,2920,3060,zero_width_default,,False,False
win-Australia-ASSA-20210630-002959.npy,20210630,Australia-ASSA,III,00:37:00,00:38:00,00:37:00,00:38:00,1684,1924,catalog,,False,False
win-Australia-ASSA-20210703-034500.npy,20210703,Australia-ASSA,III,03:47:00,03:49:00,03:47:00,03:49:00,480,960,catalog,,False,False
win-Australia-ASSA-20210703-042959.npy,20210703,Australia-ASSA,III,04:42:00,04:46:00,04:42:00,04:46:00,2884,3600,catalog,,False,True
win-Australia-ASSA-20210703-044459.npy,20210703,Australia-ASSA,III,04:42:00,04:46:00,04:42:00,04:46:00,0,244,catalog,,False,True
win-Australia-ASSA-20210709-045959.npy,20210709,Australia-ASSA,III,05:05:00,05:05:00,05:05:10,05:05:45,1244,1384,zero_width_default,,False,False
win-Australia-ASSA-20210720-004506.npy,20210720,Australia-ASSA,III,00:50:00,00:50:00,00:50:10,00:50:45,1216,1356,zero_width_default,,False,False
win-Australia-ASSA-20210720-024500.npy,20210720,Australia-ASSA,III,02:57:00,02:57:00,02:57:10,02:57:45,2920,3060,zero_width_default,,False,False
win-Australia-ASSA-20210721-230000.npy,20210721,Australia-ASSA,III,23:01:00,23:05:00,23:01:00,23:05:00,240,1200,catalog,,False,False
win-Australia-ASSA-20210722-000000.npy,20210722,Australia-ASSA,III,00:00:00,00:00:00,00:00:10,00:00:45,40,180,zero_width_default,,False,False
win-Australia-ASSA-20210724-000007.npy,20210724,Australia-ASSA,II,00:10:00,00:16:00,00:10:00,00:16:00,1186,1800,catalog,,False,True
win-Australia-ASSA-20210724-000007.npy,20210724,Australia-ASSA,III,00:14:00,00:14:00,00:14:10,00:14:45,1686,1756,zero_width_default,,False,False
win-Australia-ASSA-20210724-001508.npy,20210724,Australia-ASSA,II,00:10:00,00:16:00,00:10:00,00:16:00,0,104,catalog,,False,True
win-Australia-ASSA-20210724-020014.npy,20210724,Australia-ASSA,III,02:13:00,02:14:00,02:13:00,02:14:00,1532,1652,catalog,,False,False
win-Australia-ASSA-20210822-055959.npy,20210822,Australia-ASSA,III,06:04:00,06:05:00,06:04:00,06:05:00,964,1204,catalog,,False,False
win-Australia-ASSA-20210826-021508.npy,20210826,Australia-ASSA,III,02:21:00,02:22:00,02:21:00,02:22:00,1408,1648,catalog,,False,False
win-Australia-ASSA-20210826-021508.npy,20210826,Australia-ASSA,III,02:25:00,02:25:00,02:25:10,02:25:45,2408,2548,zero_width_default,,False,False
win-Australia-ASSA-20210826-023008.npy,20210826,Australia-ASSA,III,02:41:00,02:41:00,02:41:10,02:41:45,2648,2788,zero_width_default,,False,False
win-Australia-ASSA-20210826-231506.npy,20210826,Australia-ASSA,III,23:20:00,23:23:00,23:20:00,23:23:00,1176,1896,catalog,,False,False
win-Australia-ASSA-20210826-231506.npy,20210826,Australia-ASSA,II,23:30:00,23:35:00,23:21:06,23:23:22,1440,1984,manual,usable,False,True
win-Australia-ASSA-20210826-233006.npy,20210826,Australia-ASSA,II,23:30:00,23:35:00,23:38:36,23:43:17,2040,3164,manual,usable,False,True
win-Australia-ASSA-20210827-004506.npy,20210827,Australia-ASSA,III,00:52:00,00:52:00,00:52:10,00:52:45,1696,1836,zero_width_default,,False,False
win-Australia-ASSA-20210827-013007.npy,20210827,Australia-ASSA,III,01:33:00,01:37:00,01:33:00,01:37:00,692,1652,catalog,,False,False
win-Australia-ASSA-20210827-033004.npy,20210827,Australia-ASSA,III,03:40:00,03:41:00,03:40:00,03:41:00,2384,2624,catalog,,False,False
win-Australia-ASSA-20210827-051508.npy,20210827,Australia-ASSA,III,05:26:00,05:26:00,05:26:10,05:26:45,2648,2788,zero_width_default,,False,False
win-Australia-ASSA-20210827-234505.npy,20210827,Australia-ASSA,III,23:47:00,23:47:00,23:47:10,23:47:45,500,640,zero_width_default,,False,False
win-Australia-ASSA-20210828-013009.npy,20210828,Australia-ASSA,III,01:37:00,01:38:00,01:37:00,01:38:00,1644,1884,catalog,,False,False
win-Australia-ASSA-20210828-020008.npy,20210828,Australia-ASSA,III,02:11:00,02:14:00,02:11:00,02:14:00,2608,3328,catalog,,False,False
win-Australia-ASSA-20210828-021510.npy,20210828,Australia-ASSA,III,02:22:00,02:22:00,02:22:10,02:22:45,1680,1820,zero_width_default,,False,False
win-Australia-ASSA-20210828-031501.npy,20210828,Australia-ASSA,III,03:28:00,03:28:00,03:28:10,03:28:45,3156,3296,zero_width_default,,False,False
win-Australia-ASSA-20210828-050002.npy,20210828,Australia-ASSA,II,05:05:00,05:12:00,05:02:40,05:12:08,632,2904,manual,usable,False,False
win-Australia-ASSA-20210828-050002.npy,20210828,Australia-ASSA,III,05:03:00,05:05:00,05:03:00,05:05:00,712,1192,catalog,,False,False
win-Australia-ASSA-20210828-051504.npy,20210828,Australia-ASSA,III,05:16:00,05:16:00,05:16:10,05:16:45,264,404,zero_width_default,,False,False
win-Australia-ASSA-20210828-054505.npy,20210828,Australia-ASSA,III,05:52:00,05:52:00,05:52:10,05:52:45,1700,1840,zero_width_default,,False,False
win-Australia-ASSA-20210828-064508.npy,20210828,Australia-ASSA,III,06:55:00,07:00:00,06:55:00,07:00:00,2368,3568,catalog,,False,False
win-Australia-ASSA-20210828-064508.npy,20210828,Australia-ASSA,III,06:55:00,07:00:00,06:55:00,07:00:00,2368,3568,catalog,,False,False
win-Australia-ASSA-20210828-071512.npy,20210828,Australia-ASSA,III,07:23:00,07:23:00,07:23:10,07:23:45,1912,2052,zero_width_default,,False,False
win-Australia-ASSA-20210829-001508.npy,20210829,Australia-ASSA,III,00:17:00,00:17:00,00:17:10,00:17:45,488,628,zero_width_default,,False,False
win-Australia-ASSA-20210829-001508.npy,20210829,Australia-ASSA,III,00:19:00,00:29:00,00:19:00,00:29:00,928,3328,catalog,,False,False
win-Australia-ASSA-20210829-003008.npy,20210829,Australia-ASSA,III,00:37:00,00:38:00,00:37:00,00:38:00,1648,1888,catalog,,False,False
win-Australia-ASSA-20210829-010010.npy,20210829,Australia-ASSA,III,01:03:00,01:04:00,01:03:00,01:04:00,680,920,catalog,,False,False
win-Australia-ASSA-20210829-011511.npy,20210829,Australia-ASSA,III,01:30:00,01:33:00,01:30:00,01:33:00,3556,3600,catalog,,False,True
win-Australia-ASSA-20210829-013013.npy,20210829,Australia-ASSA,III,01:30:00,01:33:00,01:30:00,01:33:00,0,668,catalog,,False,True
win-Australia-ASSA-20210829-013013.npy,20210829,Australia-ASSA,III,01:42:00,01:43:00,01:42:00,01:43:00,2828,3068,catalog,,False,False
win-Australia-ASSA-20210829-014512.npy,20210829,Australia-ASSA,III,01:46:00,01:57:00,01:46:00,01:57:00,192,2832,catalog,,False,False
win-Australia-ASSA-20210829-020014.npy,20210829,Australia-ASSA,III,02:07:00,02:11:00,02:07:00,02:11:00,1624,2584,catalog,,False,False
win-Australia-ASSA-20210829-033004.npy,20210829,Australia-ASSA,III,03:35:00,03:48:00,03:35:00,03:48:00,1184,3600,catalog,,False,True
win-Australia-ASSA-20210829-034504.npy,20210829,Australia-ASSA,III,03:35:00,03:48:00,03:35:00,03:48:00,0,704,catalog,,False,True
win-Australia-ASSA-20210829-040004.npy,20210829,Australia-ASSA,III,04:03:00,04:04:00,04:03:00,04:04:00,704,944,catalog,,False,False
win-Australia-ASSA-20210829-040004.npy,20210829,Australia-ASSA,III,04:12:00,04:12:00,04:12:10,04:12:45,2904,3044,zero_width_default,,False,False
win-Australia-ASSA-20210829-050010.npy,20210829,Australia-ASSA,III,05:08:00,05:09:00,05:08:00,05:09:00,1880,2120,catalog,,False,False
win-Australia-ASSA-20210829-054511.npy,20210829,Australia-ASSA,III,05:56:00,05:56:00,05:56:10,05:56:45,2636,2776,zero_width_default,,False,False
win-Australia-ASSA-20210829-054511.npy,20210829,Australia-ASSA,III,05:51:00,05:51:00,05:51:10,05:51:45,1436,1576,zero_width_default,,False,False
win-Australia-ASSA-20210829-060011.npy,20210829,Australia-ASSA,III,06:01:00,06:01:00,06:01:10,06:01:45,236,376,zero_width_default,,False,False
win-Australia-ASSA-20210829-214500.npy,20210829,Australia-ASSA,III,21:49:00,21:51:00,21:49:00,21:51:00,960,1440,catalog,,False,False
win-Australia-ASSA-20210829-220000.npy,20210829,Australia-ASSA,III,22:14:00,22:15:00,22:14:00,22:15:00,3360,3600,catalog,,False,False
win-Australia-ASSA-20210829-230000.npy,20210829,Australia-ASSA,III,23:09:00,23:09:00,23:09:10,23:09:45,2200,2340,zero_width_default,,False,False
win-Australia-ASSA-20210829-233000.npy,20210829,Australia-ASSA,III,23:33:00,23:33:00,23:33:10,23:33:45,760,900,zero_width_default,,False,False
win-Australia-ASSA-20210829-234459.npy,20210829,Australia-ASSA,III,23:45:00,23:47:00,23:45:00,23:47:00,4,484,catalog,,False,False
win-Australia-ASSA-20210830-000001.npy,20210830,Australia-ASSA,III,00:07:00,00:07:00,00:07:10,00:07:45,1716,1856,zero_width_default,,False,False
win-Australia-ASSA-20210830-005959.npy,20210830,Australia-ASSA,III,01:04:00,01:04:00,01:04:10,01:04:45,1004,1144,zero_width_default,,False,False
win-Australia-ASSA-20210830-011459.npy,20210830,Australia-ASSA,III,01:22:00,01:24:00,01:22:00,01:24:00,1684,2164,catalog,,False,False
win-Australia-ASSA-20210830-012959.npy,20210830,Australia-ASSA,III,01:37:00,01:37:00,01:37:10,01:37:45,1724,1864,zero_width_default,,False,False
win-Australia-ASSA-20210830-030000.npy,20210830,Australia-ASSA,III,03:13:00,03:13:00,03:13:10,03:13:45,3160,3300,zero_width_default,,False,False
win-Australia-ASSA-20210830-033000.npy,20210830,Australia-ASSA,III,03:38:00,03:39:00,03:38:00,03:39:00,1920,2160,catalog,,False,False
win-Australia-ASSA-20210830-055959.npy,20210830,Australia-ASSA,III,06:01:00,06:02:00,06:01:00,06:02:00,244,484,catalog,,False,False
win-Australia-ASSA-20210830-061459.npy,20210830,Australia-ASSA,III,06:29:00,06:30:00,06:29:00,06:30:00,3364,3600,catalog,,False,True
win-Australia-ASSA-20210830-213000.npy,20210830,Australia-ASSA,III,21:31:00,21:35:00,21:31:00,21:35:00,240,1200,catalog,,False,False
win-Australia-ASSA-20210830-231459.npy,20210830,Australia-ASSA,III,23:28:00,23:29:00,23:28:00,23:29:00,3124,3364,catalog,,False,False
win-Australia-ASSA-20210831-023001.npy,20210831,Australia-ASSA,III,02:38:00,02:39:00,02:38:00,02:39:00,1916,2156,catalog,,False,False
win-Australia-ASSA-20210831-043006.npy,20210831,Australia-ASSA,III,04:40:00,04:40:00,04:40:10,04:40:45,2416,2556,zero_width_default,,False,False
win-Australia-ASSA-20210831-050006.npy,20210831,Australia-ASSA,III,05:05:00,05:06:00,05:05:00,05:06:00,1176,1416,catalog,,False,False
win-Australia-ASSA-20210831-053007.npy,20210831,Australia-ASSA,III,05:36:00,05:37:00,05:36:00,05:37:00,1412,1652,catalog,,False,False
win-Australia-ASSA-20210901-041502.npy,20210901,Australia-ASSA,III,04:20:00,04:20:00,04:20:10,04:20:45,1232,1372,zero_width_default,,False,False
win-Australia-ASSA-20210901-053006.npy,20210901,Australia-ASSA,III,05:33:00,05:33:00,05:33:10,05:33:45,736,876,zero_width_default,,False,False
win-Australia-ASSA-20210901-061509.npy,20210901,Australia-ASSA,III,06:26:00,06:26:00,06:26:10,06:26:45,2644,2784,zero_width_default,,False,False
win-Australia-ASSA-20210905-034504.npy,20210905,Australia-ASSA,III,03:46:00,03:48:00,03:46:00,03:48:00,224,704,catalog,,False,False
win-Australia-ASSA-20210905-232959.npy,20210905,Australia-ASSA,III,23:38:00,23:38:00,23:38:10,23:38:45,1964,2104,zero_width_default,,False,False
win-Australia-ASSA-20210906-030000.npy,20210906,Australia-ASSA,III,03:06:00,03:06:00,03:06:10,03:06:45,1480,1620,zero_width_default,,False,False
win-Australia-ASSA-20210906-044502.npy,20210906,Australia-ASSA,III,04:57:00,04:58:00,04:57:00,04:58:00,2872,3112,catalog,,False,False
win-Australia-ASSA-20210906-061509.npy,20210906,Australia-ASSA,III,06:18:00,06:18:00,06:18:10,06:18:45,724,864,zero_width_default,,False,False
win-Australia-ASSA-20210907-033000.npy,20210907,Australia-ASSA,III,03:40:00,03:46:00,03:40:00,03:46:00,2400,3600,catalog,,False,True
win-Australia-ASSA-20210907-034500.npy,20210907,Australia-ASSA,III,03:40:00,03:46:00,03:40:00,03:46:00,0,240,catalog,,False,True
win-Australia-ASSA-20210907-040000.npy,20210907,Australia-ASSA,III,04:09:00,04:09:00,04:09:10,04:09:45,2200,2340,zero_width_default,,False,False
win-Australia-ASSA-20210907-050003.npy,20210907,Australia-ASSA,III,05:02:00,05:03:00,05:02:00,05:03:00,468,708,catalog,,False,False
win-Australia-ASSA-20210907-051503.npy,20210907,Australia-ASSA,III,05:16:00,05:19:00,05:16:00,05:19:00,228,948,catalog,,False,False
win-Australia-ASSA-20210908-024500.npy,20210908,Australia-ASSA,III,02:49:00,02:49:00,02:49:10,02:49:45,1000,1140,zero_width_default,,False,False
win-Australia-ASSA-20210909-004509.npy,20210909,Australia-ASSA,III,00:57:00,00:57:00,00:57:10,00:57:45,2884,3024,zero_width_default,,False,False
win-Australia-ASSA-20210909-023009.npy,20210909,Australia-ASSA,III,02:41:00,02:41:00,02:41:10,02:41:45,2644,2784,zero_width_default,,False,False
win-Australia-ASSA-20210909-034500.npy,20210909,Australia-ASSA,III,03:50:00,03:51:00,03:50:00,03:51:00,1200,1440,catalog,,False,False
win-Australia-ASSA-20210909-040000.npy,20210909,Australia-ASSA,III,04:06:00,04:08:00,04:06:00,04:08:00,1440,1920,catalog,,False,False
win-Australia-ASSA-20210909-041500.npy,20210909,Australia-ASSA,III,04:23:00,04:23:00,04:23:10,04:23:45,1960,2100,zero_width_default,,False,False
win-Australia-ASSA-20210909-043000.npy,20210909,Australia-ASSA,III,04:42:00,04:44:00,04:42:00,04:44:00,2880,3360,catalog,,False,False
win-Australia-ASSA-20210909-223000.npy,20210909,Australia-ASSA,III,22:36:00,22:37:00,22:36:00,22:37:00,1440,1680,catalog,,False,False
win-Australia-ASSA-20210911-030000.npy,20210911,Australia-ASSA,III,03:13:00,03:15:00,03:13:00,03:15:00,3120,3600,catalog,,False,False
win-Australia-ASSA-20210911-040000.npy,20210911,Australia-ASSA,III,04:04:00,04:04:00,04:04:10,04:04:45,1000,1140,zero_width_default,,False,False
win-Australia-ASSA-20210912-004503.npy,20210912,Australia-ASSA,III,00:55:00,00:56:00,00:55:00,00:56:00,2388,2628,catalog,,False,False
win-Australia-ASSA-20210913-220000.npy,20210913,Australia-ASSA,III,22:12:00,22:13:00,22:12:00,22:13:00,2880,3120,catalog,,False,False
win-Australia-ASSA-20210917-041501.npy,20210917,Australia-ASSA,II,04:17:00,04:22:00,04:17:11,04:25:32,520,2524,manual,usable,False,False
win-Australia-ASSA-20210918-010025.npy,20210918,Australia-ASSA,III,01:04:00,01:07:00,01:04:00,01:07:00,860,1580,catalog,,False,False
win-Australia-ASSA-20210918-232800.npy,20210918,Australia-ASSA,III,23:40:00,23:40:00,23:40:10,23:40:45,2920,3060,zero_width_default,,False,False
win-Australia-ASSA-20210919-005801.npy,20210919,Australia-ASSA,III,01:10:00,01:12:00,01:10:00,01:12:00,2876,3356,catalog,,False,False
win-Australia-ASSA-20210919-040000.npy,20210919,Australia-ASSA,III,04:12:00,04:12:00,04:12:10,04:12:45,2920,3060,zero_width_default,,False,False
win-Australia-ASSA-20210919-061459.npy,20210919,Australia-ASSA,III,06:25:00,06:25:00,06:25:10,06:25:45,2444,2584,zero_width_default,,False,False
win-Australia-ASSA-20210919-230000.npy,20210919,Australia-ASSA,III,23:04:00,23:04:00,23:04:10,23:04:45,1000,1140,zero_width_default,,False,False
win-Australia-ASSA-20210919-234459.npy,20210919,Australia-ASSA,III,23:45:00,23:46:00,23:45:00,23:46:00,4,244,catalog,,False,False
win-Australia-ASSA-20210920-033000.npy,20210920,Australia-ASSA,III,03:33:00,03:34:00,03:33:00,03:34:00,720,960,catalog,,False,False
win-Australia-ASSA-20210920-043000.npy,20210920,Australia-ASSA,III,04:39:00,04:39:00,04:39:10,04:39:45,2200,2340,zero_width_default,,False,False
win-Australia-ASSA-20210920-213000.npy,20210920,Australia-ASSA,III,21:41:00,21:41:00,21:41:10,21:41:45,2680,2820,zero_width_default,,False,False
win-Australia-ASSA-20210920-221500.npy,20210920,Australia-ASSA,III,22:16:00,22:16:00,22:16:10,22:16:45,280,420,zero_width_default,,False,False
win-Australia-ASSA-20210920-223000.npy,20210920,Australia-ASSA,III,22:34:00,22:35:00,22:34:00,22:35:00,960,1200,catalog,,False,False
win-Australia-ASSA-20210921-044759.npy,20210921,Australia-ASSA,III,04:51:00,04:51:00,04:51:10,04:51:45,764,904,zero_width_default,,False,False
win-Australia-ASSA-20210921-050259.npy,20210921,Australia-ASSA,III,05:13:00,05:13:00,05:13:10,05:13:45,2444,2584,zero_width_default,,False,False
win-Australia-ASSA-20210921-061758.npy,20210921,Australia-ASSA,III,06:22:00,06:22:00,06:22:10,06:22:45,1008,1148,zero_width_default,,False,False
win-Australia-ASSA-20210921-232959.npy,20210921,Australia-ASSA,III,23:37:00,23:37:00,23:37:10,23:37:45,1724,1864,zero_width_default,,False,False
win-Australia-ASSA-20210922-000000.npy,20210922,Australia-ASSA,III,00:08:00,00:08:00,00:08:10,00:08:45,1960,2100,zero_width_default,,False,False
win-Australia-ASSA-20210922-001459.npy,20210922,Australia-ASSA,III,00:23:00,00:23:00,00:23:10,00:23:45,1964,2104,zero_width_default,,False,False
win-Australia-ASSA-20210922-004459.npy,20210922,Australia-ASSA,III,00:47:00,00:47:00,00:47:10,00:47:45,524,664,zero_width_default,,False,False
win-Australia-ASSA-20210922-014458.npy,20210922,Australia-ASSA,III,01:51:00,01:51:00,01:51:10,01:51:45,1488,1628,zero_width_default,,False,False
win-Australia-ASSA-20210922-031501.npy,20210922,Australia-ASSA,III,03:23:00,03:24:00,03:23:00,03:24:00,1916,2156,catalog,,False,False
win-Australia-ASSA-20210923-000008.npy,20210923,Australia-ASSA,III,00:04:00,00:05:00,00:04:00,00:05:00,928,1168,catalog,,False,False
win-Australia-ASSA-20210923-011513.npy,20210923,Australia-ASSA,III,01:22:00,01:24:00,01:22:00,01:24:00,1628,2108,catalog,,False,False
win-Australia-ASSA-20210924-030843.npy,20210924,Australia-ASSA,III,03:08:00,03:14:00,03:08:00,03:14:00,0,1268,catalog,,False,True
win-Australia-ASSA-20210924-035343.npy,20210924,Australia-ASSA,III,04:05:00,04:06:00,04:05:00,04:06:00,2708,2948,catalog,,False,False
win-Australia-ASSA-20210925-034501.npy,20210925,Australia-ASSA,II,03:45:00,03:52:00,03:45:22,03:50:56,84,1420,manual,usable,False,True
win-Australia-ASSA-20210925-034501.npy,20210925,Australia-ASSA,III,03:50:00,03:51:00,03:50:00,03:51:00,1196,1436,catalog,,False,False
win-Australia-ASSA-20210925-041502.npy,20210925,Australia-ASSA,III,04:24:00,04:24:00,04:24:10,04:24:45,2192,2332,zero_width_default,,False,False
win-Australia-ASSA-20210925-211500.npy,20210925,Australia-ASSA,III,21:15:00,21:16:00,21:15:00,21:16:00,0,240,catalog,,False,False
win-Australia-ASSA-20210925-224500.npy,20210925,Australia-ASSA,III,22:47:00,22:47:00,22:47:10,22:47:45,520,660,zero_width_default,,False,False
win-Australia-ASSA-20210925-233000.npy,20210925,Australia-ASSA,III,23:36:00,23:36:00,23:36:10,23:36:45,1480,1620,zero_width_default,,False,False
win-Australia-ASSA-20210926-021505.npy,20210926,Australia-ASSA,III,02:21:00,02:22:00,02:21:00,02:22:00,1420,1660,catalog,,False,False
win-Australia-ASSA-20210926-054511.npy,20210926,Australia-ASSA,III,05:56:00,05:56:00,05:56:10,05:56:45,2636,2776,zero_width_default,,False,False
win-Australia-ASSA-20210926-070014.npy,20210926,Australia-ASSA,III,07:04:00,07:04:00,07:04:10,07:04:45,944,1084,zero_width_default,,False,False
win-Australia-ASSA-20210927-000007.npy,20210927,Australia-ASSA,III,00:02:00,00:02:00,00:02:10,00:02:45,246,316,zero_width_default,,False,False
win-Australia-ASSA-20210927-044508.npy,20210927,Australia-ASSA,III,04:46:00,04:46:00,04:46:10,04:46:45,124,194,zero_width_default,,False,False
win-Australia-ASSA-20210927-051508.npy,20210927,Australia-ASSA,III,05:28:00,05:28:00,05:28:10,05:28:45,1564,1634,zero_width_default,,False,False
win-Australia-ASSA-20210927-053008.npy,20210927,Australia-ASSA,III,05:37:00,05:41:00,05:37:00,05:41:00,824,1304,catalog,,False,False
win-Australia-ASSA-20210928-010004.npy,20210928,Australia-ASSA,III,01:06:00,01:11:00,01:06:00,01:11:00,712,1312,catalog,,False,False
win-Australia-ASSA-20210928-061513.npy,20210928,Australia-ASSA,II,06:19:00,06:38:00,06:19:00,06:38:00,454,1800,catalog,,False,True
win-Australia-ASSA-20210928-063015.npy,20210928,Australia-ASSA,II,06:19:00,06:38:00,06:19:00,06:38:00,0,930,catalog,,False,True
win-Australia-ASSA-20210930-024500.npy,20210930,Australia-ASSA,III,02:54:00,02:55:00,02:54:00,02:55:00,2160,2400,catalog,,False,False
win-Australia-ASSA-20210930-041505.npy,20210930,Australia-ASSA,III,04:20:00,04:20:00,04:20:10,04:20:45,1220,1360,zero_width_default,,False,False
win-Australia-ASSA-20211001-041502.npy,20211001,Australia-ASSA,III,04:29:00,04:29:00,04:29:10,04:29:45,1696,1766,zero_width_default,,False,False
win-Australia-ASSA-20211002-014509.npy,20211002,Australia-ASSA,III,01:46:00,01:46:00,01:46:10,01:46:45,122,192,zero_width_default,,False,False
win-Australia-ASSA-20211002-230004.npy,20211002,Australia-ASSA,III,23:02:00,23:02:00,23:02:10,23:02:45,252,322,zero_width_default,,False,False
win-Australia-ASSA-20211002-234504.npy,20211002,Australia-ASSA,III,23:56:00,23:57:00,23:56:00,23:57:00,1312,1432,catalog,,False,False
win-Australia-ASSA-20211003-020011.npy,20211003,Australia-ASSA,III,02:04:00,02:05:00,02:04:00,02:05:00,916,1156,catalog,,False,False
win-Australia-ASSA-20211003-023012.npy,20211003,Australia-ASSA,III,02:31:00,02:32:00,02:31:00,02:32:00,192,432,catalog,,False,False
win-Australia-ASSA-20211003-030000.npy,20211003,Australia-ASSA,III,03:13:00,03:16:00,03:13:00,03:16:00,3120,3600,catalog,,False,True
win-Australia-ASSA-20211003-031501.npy,20211003,Australia-ASSA,III,03:13:00,03:16:00,03:13:00,03:16:00,0,236,catalog,,False,True
win-Australia-ASSA-20211003-034501.npy,20211003,Australia-ASSA,III,03:56:00,04:01:00,03:56:00,04:01:00,2636,3600,catalog,,False,True
win-Australia-ASSA-20211003-040001.npy,20211003,Australia-ASSA,III,03:56:00,04:01:00,03:56:00,04:01:00,0,236,catalog,,False,True
win-Australia-ASSA-20211003-044501.npy,20211003,Australia-ASSA,III,04:52:00,05:52:00,04:52:00,05:52:00,1676,3600,catalog,,False,True
win-Australia-ASSA-20211003-050001.npy,20211003,Australia-ASSA,III,05:06:00,05:07:00,05:06:00,05:07:00,1436,1676,catalog,,False,False
win-Australia-ASSA-20211003-050001.npy,20211003,Australia-ASSA,III,04:52:00,05:52:00,04:52:00,05:52:00,0,3600,catalog,,False,True
win-Australia-ASSA-20211003-051501.npy,20211003,Australia-ASSA,III,05:26:00,05:27:00,05:26:00,05:27:00,2636,2876,catalog,,False,False
win-Australia-ASSA-20211003-051501.npy,20211003,Australia-ASSA,III,04:52:00,05:52:00,04:52:00,05:52:00,0,3600,catalog,,False,True
win-Australia-ASSA-20211003-053001.npy,20211003,Australia-ASSA,III,04:52:00,05:52:00,04:52:00,05:52:00,0,3600,catalog,,False,True
win-Australia-ASSA-20211003-054500.npy,20211003,Australia-ASSA,III,04:52:00,05:52:00,04:52:00,05:52:00,0,1680,catalog,,False,True
win-Australia-ASSA-20211003-070000.npy,20211003,Australia-ASSA,III,07:05:00,07:05:00,07:05:10,07:05:45,1240,1380,zero_width_default,,False,False
win-Australia-ASSA-20211003-071500.npy,20211003,Australia-ASSA,III,07:27:00,07:27:00,07:27:10,07:27:45,2920,3060,zero_width_default,,False,False
win-Australia-ASSA-20211004-053002.npy,20211004,Australia-ASSA,III,05:44:00,05:45:00,05:44:00,05:45:00,3352,3592,catalog,,False,False
win-Australia-ASSA-20211005-071507.npy,20211005,Australia-ASSA,III,07:30:00,07:31:00,07:30:00,07:31:00,3572,3600,catalog,,False,True
win-Australia-ASSA-20211005-073008.npy,20211005,Australia-ASSA,III,07:30:00,07:31:00,07:30:00,07:31:00,0,208,catalog,,False,True
win-Australia-ASSA-20211005-204515.npy,20211005,Australia-ASSA,III,20:56:00,20:57:00,20:56:00,20:57:00,2580,2820,catalog,,False,False
win-Australia-ASSA-20211006-021510.npy,20211006,Australia-ASSA,III,02:28:00,02:29:00,02:28:00,02:29:00,3080,3320,catalog,,False,False
win-Australia-ASSA-20211006-033000.npy,20211006,Australia-ASSA,III,03:34:00,03:37:00,03:34:00,03:37:00,960,1680,catalog,,False,False
win-Australia-ASSA-20211007-231459.npy,20211007,Australia-ASSA,III,23:16:00,23:16:00,23:16:10,23:16:45,284,424,zero_width_default,,False,False
win-Australia-ASSA-20211007-232959.npy,20211007,Australia-ASSA,III,23:42:00,23:42:00,23:42:10,23:42:45,2924,3064,zero_width_default,,False,False
win-Australia-ASSA-20211008-050006.npy,20211008,Australia-ASSA,III,05:01:00,05:01:00,05:01:10,05:01:45,256,396,zero_width_default,,False,False
win-Australia-ASSA-20211008-071505.npy,20211008,Australia-ASSA,III,07:22:00,07:23:00,07:22:00,07:23:00,1660,1900,catalog,,False,False
win-Australia-ASSA-20211008-224500.npy,20211008,Australia-ASSA,III,22:56:00,22:57:00,22:56:00,22:57:00,2640,2880,catalog,,False,False
win-Australia-ASSA-20211008-232959.npy,20211008,Australia-ASSA,III,23:32:00,23:32:00,23:32:10,23:32:45,524,664,zero_width_default,,False,False
win-Australia-ASSA-20211008-232959.npy,20211008,Australia-ASSA,III,23:36:00,23:36:00,23:36:10,23:36:45,1484,1624,zero_width_default,,False,False
win-Australia-ASSA-20211009-000000.npy,20211009,Australia-ASSA,III,00:06:00,00:53:00,00:06:00,00:53:00,1440,3600,catalog,,False,True
win-Australia-ASSA-20211009-001459.npy,20211009,Australia-ASSA,III,00:06:00,00:53:00,00:06:00,00:53:00,0,3600,catalog,,False,True
win-Australia-ASSA-20211009-002959.npy,20211009,Australia-ASSA,III,00:06:00,00:53:00,00:06:00,00:53:00,0,3600,catalog,,False,True
win-Australia-ASSA-20211009-004500.npy,20211009,Australia-ASSA,III,00:06:00,00:53:00,00:06:00,00:53:00,0,1920,catalog,,False,True
win-Australia-ASSA-20211009-013000.npy,20211009,Australia-ASSA,III,01:31:00,01:31:00,01:31:10,01:31:45,280,420,zero_width_default,,False,False
win-Australia-ASSA-20211009-024500.npy,20211009,Australia-ASSA,III,02:57:00,02:57:00,02:57:10,02:57:45,2920,3060,zero_width_default,,False,False
win-Australia-ASSA-20211009-040001.npy,20211009,Australia-ASSA,III,04:07:00,04:07:00,04:07:10,04:07:45,1716,1856,zero_width_default,,False,False
win-Australia-ASSA-20211009-063000.npy,20211009,Australia-ASSA,II,06:33:00,06:48:00,06:34:24,06:45:00,1056,3600,manual,usable,False,True
win-Australia-ASSA-20211009-064500.npy,20211009,Australia-ASSA,II,06:33:00,06:48:00,06:45:00,06:56:14,0,2696,manual,usable,False,True
win-Australia-ASSA-20211009-064500.npy,20211009,Australia-ASSA,II,06:49:00,06:57:00,06:49:26,06:56:09,1064,2676,manual,usable,False,False
win-Australia-ASSA-20211009-211500.npy,20211009,Australia-ASSA,III,21:25:00,21:28:00,21:25:00,21:28:00,2400,3120,catalog,,False,False
win-Australia-ASSA-20211009-233002.npy,20211009,Australia-ASSA,III,23:34:00,23:37:00,23:34:00,23:37:00,952,1672,catalog,,False,False
win-Australia-ASSA-20211010-003003.npy,20211010,Australia-ASSA,III,00:41:00,01:01:00,00:41:00,01:01:00,2628,3600,catalog,,False,True
win-Australia-ASSA-20211010-004503.npy,20211010,Australia-ASSA,III,00:41:00,01:01:00,00:41:00,01:01:00,0,3600,catalog,,False,True
win-Australia-ASSA-20211010-010003.npy,20211010,Australia-ASSA,III,00:41:00,01:01:00,00:41:00,01:01:00,0,228,catalog,,False,True
win-Australia-ASSA-20211010-011503.npy,20211010,Australia-ASSA,III,01:26:00,01:30:00,01:26:00,01:30:00,2628,3588,catalog,,False,False
win-Australia-ASSA-20211010-013002.npy,20211010,Australia-ASSA,III,01:44:00,01:44:00,01:44:10,01:44:45,3392,3532,zero_width_default,,False,False
win-Australia-ASSA-20211010-021502.npy,20211010,Australia-ASSA,V,02:16:00,02:17:00,02:16:25,02:16:58,332,464,manual,usable,False,False
win-Australia-ASSA-20211010-031501.npy,20211010,Australia-ASSA,III,03:22:00,03:22:00,03:22:10,03:22:45,1716,1856,zero_width_default,,False,False
win-Australia-ASSA-20211010-041501.npy,20211010,Australia-ASSA,III,04:24:00,04:24:00,04:24:10,04:24:45,2196,2336,zero_width_default,,False,False
win-Australia-ASSA-20211010-041501.npy,20211010,Australia-ASSA,III,04:29:00,04:29:00,04:29:10,04:29:45,3396,3536,zero_width_default,,False,False
win-Australia-ASSA-20211010-061508.npy,20211010,Australia-ASSA,III,06:21:00,06:21:00,06:21:10,06:21:45,1448,1588,zero_width_default,,False,False
win-Australia-ASSA-20211010-063008.npy,20211010,Australia-ASSA,III,06:38:00,06:38:00,06:38:10,06:38:45,1928,2068,zero_width_default,,False,False
win-Australia-ASSA-20211010-221502.npy,20211010,Australia-ASSA,III,22:18:00,22:19:00,22:18:00,22:19:00,712,952,catalog,,False,False
win-Australia-ASSA-20211010-234507.npy,20211010,Australia-ASSA,III,23:53:00,23:53:00,23:53:10,23:53:45,1932,2072,zero_width_default,,False,False
win-Australia-ASSA-20211011-023013.npy,20211011,Australia-ASSA,III,02:39:00,02:42:00,02:39:00,02:42:00,2108,2828,catalog,,False,False
win-Australia-ASSA-20211011-024500.npy,20211011,Australia-ASSA,III,02:55:00,02:56:00,02:55:00,02:56:00,2400,2640,catalog,,False,False
win-Australia-ASSA-20211011-044504.npy,20211011,Australia-ASSA,III,04:58:00,04:59:00,04:58:00,04:59:00,3104,3344,catalog,,False,False
win-Australia-ASSA-20211012-051502.npy,20211012,Australia-ASSA,III,05:24:00,05:24:00,05:24:10,05:24:45,2192,2332,zero_width_default,,False,False
win-Australia-ASSA-20211013-010003.npy,20211013,Australia-ASSA,III,01:06:00,01:06:00,01:06:10,01:06:45,1468,1608,zero_width_default,,False,False
win-Australia-ASSA-20211013-023002.npy,20211013,Australia-ASSA,III,02:30:00,02:31:00,02:30:00,02:31:00,0,232,catalog,,False,True
win-Australia-ASSA-20211013-040002.npy,20211013,Australia-ASSA,III,04:02:00,04:02:00,04:02:10,04:02:45,512,652,zero_width_default,,False,False
win-Australia-ASSA-20211013-060002.npy,20211013,Australia-ASSA,III,06:07:00,06:07:00,06:07:10,06:07:45,1712,1852,zero_width_default,,False,False
win-Australia-ASSA-20211013-060002.npy,20211013,Australia-ASSA,III,06:13:00,06:13:00,06:13:10,06:13:45,3152,3292,zero_width_default,,False,False
win-Australia-ASSA-20211014-010004.npy,20211014,Australia-ASSA,III,01:07:00,01:07:00,01:07:10,01:07:45,1704,1844,zero_width_default,,False,False
win-Australia-ASSA-20211014-021506.npy,20211014,Australia-ASSA,III,02:20:00,02:20:00,02:20:10,02:20:45,1216,1356,zero_width_default,,False,False
win-Australia-ASSA-20211014-033000.npy,20211014,Australia-ASSA,III,03:37:00,03:38:00,03:37:00,03:38:00,1680,1920,catalog,,False,False
win-Australia-ASSA-20211022-231503.npy,20211022,Australia-ASSA,III,23:27:00,23:29:00,23:27:00,23:29:00,2868,3348,catalog,,False,False
win-Australia-ASSA-20211023-230003.npy,20211023,Australia-ASSA,III,23:05:00,23:09:00,23:05:00,23:09:00,1188,2148,catalog,,False,False
win-Australia-ASSA-20211024-004503.npy,20211024,Australia-ASSA,III,00:53:00,00:54:00,00:53:00,00:54:00,1908,2148,catalog,,False,False
win-Australia-ASSA-20211024-030001.npy,20211024,Australia-ASSA,III,03:02:00,03:03:00,03:02:00,03:03:00,476,716,catalog,,False,False
win-Australia-ASSA-20211024-041502.npy,20211024,Australia-ASSA,III,04:19:00,04:19:00,04:19:10,04:19:45,992,1132,zero_width_default,,False,False
win-Australia-ASSA-20211024-050005.npy,20211024,Australia-ASSA,III,05:08:00,05:08:00,05:08:10,05:08:45,1940,2080,zero_width_default,,False,False
win-Australia-ASSA-20211024-060005.npy,20211024,Australia-ASSA,III,06:09:00,06:09:00,06:09:10,06:09:45,2180,2320,zero_width_default,,False,False
win-Australia-ASSA-20211025-004508.npy,20211025,Australia-ASSA,III,00:55:00,00:55:00,00:55:10,00:55:45,2408,2548,zero_width_default,,False,False
win-Australia-ASSA-20211025-203013.npy,20211025,Australia-ASSA,III,20:33:00,20:33:00,20:33:10,20:33:45,708,848,zero_width_default,,False,False
win-Australia-ASSA-20211025-214500.npy,20211025,Australia-ASSA,V,21:57:00,21:58:00,21:57:17,21:58:34,2948,3256,manual,usable,False,False
win-Australia-ASSA-20211025-224501.npy,20211025,Australia-ASSA,III,22:51:00,22:51:00,22:51:10,22:51:45,1476,1616,zero_width_default,,False,False
win-Australia-ASSA-20211025-230001.npy,20211025,Australia-ASSA,III,23:07:00,23:07:00,23:07:10,23:07:45,1716,1856,zero_width_default,,False,False
win-Australia-ASSA-20211026-001501.npy,20211026,Australia-ASSA,III,00:17:00,00:39:00,00:17:00,00:39:00,476,3600,catalog,,False,True
win-Australia-ASSA-20211026-003002.npy,20211026,Australia-ASSA,III,00:17:00,00:39:00,00:17:00,00:39:00,0,2152,catalog,,False,True
win-Australia-ASSA-20211026-070008.npy,20211026,Australia-ASSA,III,07:13:00,07:14:00,07:13:00,07:14:00,3088,3328,catalog,,False,False
win-Australia-ASSA-20211026-221501.npy,20211026,Australia-ASSA,III,22:21:00,22:21:00,22:21:10,22:21:45,1476,1616,zero_width_default,,False,False
win-Australia-ASSA-20211026-230002.npy,20211026,Australia-ASSA,III,23:06:00,23:06:00,23:06:10,23:06:45,1472,1612,zero_width_default,,False,False
win-Australia-ASSA-20211026-230002.npy,20211026,Australia-ASSA,III,23:12:00,23:14:00,23:12:00,23:14:00,2872,3352,catalog,,False,False
win-Australia-ASSA-20211027-000008.npy,20211027,Australia-ASSA,III,00:02:00,00:03:00,00:02:00,00:03:00,448,688,catalog,,False,False
win-Australia-ASSA-20211027-001508.npy,20211027,Australia-ASSA,III,00:30:00,00:32:00,00:30:00,00:32:00,3568,3600,catalog,,False,True
win-Australia-ASSA-20211027-001508.npy,20211027,Australia-ASSA,III,00:17:00,00:17:00,00:17:10,00:17:45,488,628,zero_width_default,,False,False
win-Australia-ASSA-20211027-003008.npy,20211027,Australia-ASSA,III,00:30:00,00:32:00,00:30:00,00:32:00,0,448,catalog,,False,True
win-Australia-ASSA-20211027-024501.npy,20211027,Australia-ASSA,III,02:56:00,02:56:00,02:56:10,02:56:45,2676,2816,zero_width_default,,False,False
win-Australia-ASSA-20211027-030002.npy,20211027,Australia-ASSA,III,03:11:00,03:11:00,03:11:10,03:11:45,2672,2812,zero_width_default,,False,False
win-Australia-ASSA-20211027-031504.npy,20211027,Australia-ASSA,III,03:24:00,03:25:00,03:24:00,03:25:00,2144,2384,catalog,,False,False
win-Australia-ASSA-20211027-031504.npy,20211027,Australia-ASSA,III,03:29:00,03:29:00,03:29:10,03:29:45,3384,3524,zero_width_default,,False,False
win-Australia-ASSA-20211027-043007.npy,20211027,Australia-ASSA,III,04:34:00,04:35:00,04:34:00,04:35:00,932,1172,catalog,,False,False
win-Australia-ASSA-20211027-060010.npy,20211027,Australia-ASSA,III,06:12:00,06:12:00,06:12:10,06:12:45,2880,3020,zero_width_default,,False,False
win-Australia-ASSA-20211027-230003.npy,20211027,Australia-ASSA,III,23:03:00,23:03:00,23:03:10,23:03:45,748,888,zero_width_default,,False,False
win-Australia-ASSA-20211028-231506.npy,20211028,Australia-ASSA,III,23:24:00,23:25:00,23:24:00,23:25:00,2136,2376,catalog,,False,False
win-Australia-ASSA-20211029-003006.npy,20211029,Australia-ASSA,III,00:40:00,00:40:00,00:40:10,00:40:45,2416,2556,zero_width_default,,False,False
win-Australia-ASSA-20211029-004506.npy,20211029,Australia-ASSA,III,00:53:00,01:11:00,00:53:00,01:11:00,1896,3600,catalog,,False,True
win-Australia-ASSA-20211029-010006.npy,20211029,Australia-ASSA,III,00:53:00,01:11:00,00:53:00,01:11:00,0,2616,catalog,,False,True
win-Australia-ASSA-20211029-011508.npy,20211029,Australia-ASSA,III,01:27:00,01:27:00,01:27:10,01:27:45,2888,3028,zero_width_default,,False,False
win-Australia-ASSA-20211029-014510.npy,20211029,Australia-ASSA,III,01:58:00,01:58:00,01:58:10,01:58:45,3120,3260,zero_width_default,,False,False
win-Australia-ASSA-20211029-224505.npy,20211029,Australia-ASSA,III,22:51:00,22:51:00,22:51:10,22:51:45,1460,1600,zero_width_default,,False,False
win-Australia-ASSA-20211030-000007.npy,20211030,Australia-ASSA,III,00:00:00,00:00:00,00:00:10,00:00:45,12,152,zero_width_default,,False,False
win-Australia-ASSA-20211030-010006.npy,20211030,Australia-ASSA,III,01:08:00,01:08:00,01:08:10,01:08:45,1936,2076,zero_width_default,,False,False
win-Australia-ASSA-20211031-001500.npy,20211031,Australia-ASSA,III,00:15:00,00:15:00,00:15:10,00:15:45,40,180,zero_width_default,,False,False
win-Australia-ASSA-20211031-014502.npy,20211031,Australia-ASSA,III,01:49:00,01:51:00,01:49:00,01:51:00,952,1432,catalog,,False,False
win-Australia-ASSA-20211031-021503.npy,20211031,Australia-ASSA,III,02:28:00,02:28:00,02:28:10,02:28:45,3148,3288,zero_width_default,,False,False
win-Australia-ASSA-20211031-043007.npy,20211031,Australia-ASSA,III,04:35:00,04:35:00,04:35:10,04:35:45,1212,1352,zero_width_default,,False,False
win-Australia-ASSA-20211031-220000.npy,20211031,Australia-ASSA,III,22:06:00,22:07:00,22:06:00,22:07:00,1440,1680,catalog,,False,False
win-Australia-ASSA-20211031-223000.npy,20211031,Australia-ASSA,III,22:31:00,22:38:00,22:31:00,22:38:00,240,1920,catalog,,False,False
win-Australia-ASSA-20211101-011501.npy,20211101,Australia-ASSA,II,01:28:00,01:52:00,01:28:57,01:30:01,3344,3600,manual,usable,False,True
win-Australia-ASSA-20211101-011501.npy,20211101,Australia-ASSA,III,01:26:00,01:26:00,01:26:10,01:26:45,2676,2816,zero_width_default,,False,False
win-Australia-ASSA-20211101-013003.npy,20211101,Australia-ASSA,II,01:28:00,01:52:00,01:28:00,01:52:00,0,3600,catalog,usable,False,True
win-Australia-ASSA-20211101-014502.npy,20211101,Australia-ASSA,II,01:28:00,01:52:00,01:45:03,01:52:34,4,1808,manual,usable,False,True
win-Australia-ASSA-20211101-044506.npy,20211101,Australia-ASSA,III,04:55:00,04:55:00,04:55:10,04:55:45,2416,2556,zero_width_default,,False,False
win-Australia-ASSA-20211102-001507.npy,20211102,Australia-ASSA,III,00:25:00,00:27:00,00:25:00,00:27:00,2372,2852,catalog,,False,False
win-Australia-ASSA-20211102-010008.npy,20211102,Australia-ASSA,III,01:07:00,01:07:00,01:07:10,01:07:45,1688,1828,zero_width_default,,False,False
win-Australia-ASSA-20211102-021510.npy,20211102,Australia-ASSA,II,02:21:00,02:26:00,02:22:09,02:25:45,1676,2540,manual,usable,False,False
win-Australia-ASSA-20211102-040004.npy,20211102,Australia-ASSA,III,04:10:00,04:10:00,04:10:10,04:10:45,2424,2564,zero_width_default,,False,False
win-Australia-ASSA-20211102-060007.npy,20211102,Australia-ASSA,III,06:05:00,06:05:00,06:05:10,06:05:45,1212,1352,zero_width_default,,False,False
win-Australia-ASSA-20211102-204514.npy,20211102,Australia-ASSA,III,20:48:00,20:48:00,20:48:10,20:48:45,704,844,zero_width_default,,False,False
win-Australia-ASSA-20211102-211502.npy,20211102,Australia-ASSA,III,21:29:00,21:30:00,21:29:00,21:30:00,3352,3592,catalog,,False,False
win-Australia-ASSA-20211102-231506.npy,20211102,Australia-ASSA,III,23:24:00,23:24:00,23:24:10,23:24:45,2176,2316,zero_width_default,,False,False
win-Australia-ASSA-20211103-000008.npy,20211103,Australia-ASSA,III,00:11:00,00:12:00,00:11:00,00:12:00,2608,2848,catalog,,False,False
win-Australia-ASSA-20211103-021513.npy,20211103,Australia-ASSA,III,02:27:00,02:27:00,02:27:10,02:27:45,2868,3008,zero_width_default,,False,False
win-Australia-ASSA-20211104-041505.npy,20211104,Australia-ASSA,III,04:16:00,04:17:00,04:16:00,04:17:00,220,460,catalog,,False,False
win-Australia-ASSA-20211105-051507.npy,20211105,Australia-ASSA,III,05:24:00,05:24:00,05:24:10,05:24:45,2172,2312,zero_width_default,,False,False
win-Australia-ASSA-20211106-001505.npy,20211106,Australia-ASSA,III,00:19:00,00:19:00,00:19:10,00:19:45,980,1120,zero_width_default,,False,False
win-Australia-ASSA-20211107-024500.npy,20211107,Australia-ASSA,III,02:47:00,02:47:00,02:47:10,02:47:45,520,660,zero_width_default,,False,False
win-Australia-ASSA-20211107-024500.npy,20211107,Australia-ASSA,III,02:58:00,02:59:00,02:58:00,02:59:00,3120,3360,catalog,,False,False
win-Australia-ASSA-20211107-030000.npy,20211107,Australia-ASSA,III,03:11:00,03:12:00,03:11:00,03:12:00,2640,2880,catalog,,False,False
win-Australia-ASSA-20211108-004505.npy,20211108,Australia-ASSA,III,00:47:00,00:48:00,00:47:00,00:48:00,460,700,catalog,,False,False
win-Australia-ASSA-20211108-004505.npy,20211108,Australia-ASSA,III,00:52:00,00:53:00,00:52:00,00:53:00,1660,1900,catalog,,False,False
win-Australia-ASSA-20211108-004505.npy,20211108,Australia-ASSA,III,00:55:00,00:55:00,00:55:10,00:55:45,2420,2560,zero_width_default,,False,False
win-Australia-ASSA-20211108-011506.npy,20211108,Australia-ASSA,III,01:22:00,01:22:00,01:22:10,01:22:45,1696,1836,zero_width_default,,False,False
win-Australia-ASSA-20211108-011506.npy,20211108,Australia-ASSA,III,01:25:00,01:26:00,01:25:00,01:26:00,2376,2616,catalog,,False,False
win-Australia-ASSA-20211108-023009.npy,20211108,Australia-ASSA,III,02:43:00,02:43:00,02:43:10,02:43:45,3124,3264,zero_width_default,,False,False
win-Australia-ASSA-20211108-043002.npy,20211108,Australia-ASSA,III,04:42:00,04:42:00,04:42:10,04:42:45,2912,3052,zero_width_default,,False,False
win-Australia-ASSA-20211108-064502.npy,20211108,Australia-ASSA,III,06:56:00,06:56:00,06:56:10,06:56:45,2672,2812,zero_width_default,,False,False
win-Australia-ASSA-20211109-211500.npy,20211109,Australia-ASSA,III,21:16:00,21:17:00,21:16:00,21:17:00,240,480,catalog,,False,False
win-Australia-ASSA-20211110-014458.npy,20211110,Australia-ASSA,III,01:46:00,01:46:00,01:46:10,01:46:45,288,428,zero_width_default,,False,False
win-Australia-ASSA-20211111-234502.npy,20211111,Australia-ASSA,III,23:50:00,23:50:00,23:50:10,23:50:45,1232,1372,zero_width_default,,False,False
win-Australia-ASSA-20211112-065959.npy,20211112,Australia-ASSA,III,07:10:00,07:10:00,07:10:10,07:10:45,2444,2584,zero_width_default,,False,False
win-Australia-ASSA-20211112-204514.npy,20211112,Australia-ASSA,III,20:55:00,20:55:00,20:55:10,20:55:45,2384,2524,zero_width_default,,False,False
win-Australia-ASSA-20211112-234459.npy,20211112,Australia-ASSA,III,23:45:00,23:50:00,23:45:00,23:50:00,4,1204,catalog,,False,False
win-Australia-ASSA-20211115-001502.npy,20211115,Australia-ASSA,III,00:21:00,00:21:00,00:21:10,00:21:45,1472,1612,zero_width_default,,False,False
win-Australia-ASSA-20211115-004502.npy,20211115,Australia-ASSA,III,00:58:00,00:58:00,00:58:10,00:58:45,3152,3292,zero_width_default,,False,False
win-Australia-ASSA-20211115-011503.npy,20211115,Australia-ASSA,III,01:20:00,01:20:00,01:20:10,01:20:45,1228,1368,zero_width_default,,False,False
win-Australia-ASSA-20211115-040000.npy,20211115,Australia-ASSA,III,04:11:00,04:11:00,04:11:10,04:11:45,2680,2820,zero_width_default,,False,False
win-Australia-ASSA-20211115-071459.npy,20211115,Australia-ASSA,III,07:22:00,07:22:00,07:22:10,07:22:45,1724,1864,zero_width_default,,False,False
win-Australia-ASSA-20211122-044501.npy,20211122,Australia-ASSA,III,04:50:00,04:50:00,04:50:10,04:50:45,1236,1376,zero_width_default,,False,False
win-Australia-ASSA-20211127-064459.npy,20211127,Australia-ASSA,III,06:47:00,06:47:00,06:47:10,06:47:45,524,664,zero_width_default,,False,False
win-Australia-ASSA-20211128-224500.npy,20211128,Australia-ASSA,III,22:48:00,22:48:00,22:48:10,22:48:45,760,900,zero_width_default,,False,False
win-Australia-ASSA-20211201-004459.npy,20211201,Australia-ASSA,III,00:50:00,00:50:00,00:50:10,00:50:45,1244,1384,zero_width_default,,False,False
win-Australia-ASSA-20211201-074459.npy,20211201,Australia-ASSA,III,07:54:00,07:54:00,07:54:10,07:54:45,2204,2344,zero_width_default,,False,False
win-Australia-ASSA-20211203-004459.npy,20211203,Australia-ASSA,III,00:51:00,00:52:00,00:51:00,00:52:00,1444,1684,catalog,,False,False
win-Australia-ASSA-20211204-072959.npy,20211204,Australia-ASSA,III,07:30:00,07:32:00,07:30:00,07:32:00,4,484,catalog,,False,False
win-Australia-ASSA-20211204-072959.npy,20211204,Australia-ASSA,III,07:30:00,07:32:00,07:30:00,07:32:00,4,484,catalog,,False,False
win-Australia-ASSA-20211204-204510.npy,20211204,Australia-ASSA,III,20:54:00,20:54:00,20:54:10,20:54:45,2160,2300,zero_width_default,,False,False
win-Australia-ASSA-20211205-004459.npy,20211205,Australia-ASSA,III,00:46:00,00:48:00,00:46:00,00:48:00,244,724,catalog,,False,False
win-Australia-ASSA-20211206-050000.npy,20211206,Australia-ASSA,III,05:05:00,05:07:00,05:05:00,05:07:00,1200,1680,catalog,,False,False
win-Australia-ASSA-20211206-052959.npy,20211206,Australia-ASSA,III,05:32:00,05:33:00,05:32:00,05:33:00,484,724,catalog,,False,False
win-Australia-ASSA-20211206-062959.npy,20211206,Australia-ASSA,III,06:33:00,06:34:00,06:33:00,06:34:00,724,964,catalog,,False,False
win-Australia-ASSA-20211206-074459.npy,20211206,Australia-ASSA,III,07:46:00,07:48:00,07:46:00,07:48:00,244,724,catalog,,False,False
win-Australia-ASSA-20211214-044500.npy,20211214,Australia-ASSA,III,04:54:00,04:54:00,04:54:10,04:54:45,2200,2340,zero_width_default,,False,False
win-Australia-ASSA-20211214-091458.npy,20211214,Australia-ASSA,III,09:17:00,09:17:00,09:17:10,09:17:45,528,668,zero_width_default,,False,False
win-Australia-ASSA-20211215-043001.npy,20211215,Australia-ASSA,III,04:41:00,04:41:00,04:41:10,04:41:45,2676,2816,zero_width_default,,False,False
win-Australia-ASSA-20211215-054501.npy,20211215,Australia-ASSA,III,05:51:00,05:53:00,05:51:00,05:53:00,1436,1916,catalog,,False,False
win-Australia-ASSA-20211216-034507.npy,20211216,Australia-ASSA,II,03:52:00,03:54:00,03:52:17,03:54:10,1720,2172,manual,usable,False,False
win-Australia-ASSA-20211217-053002.npy,20211217,Australia-ASSA,III,05:42:00,05:42:00,05:42:10,05:42:45,2912,3052,zero_width_default,,False,False
win-Australia-ASSA-20211218-074511.npy,20211218,Australia-ASSA,III,07:51:00,07:51:00,07:51:10,07:51:45,1436,1576,zero_width_default,,False,False
win-Australia-ASSA-20211218-084511.npy,20211218,Australia-ASSA,III,08:53:00,08:54:00,08:53:00,08:54:00,1876,2116,catalog,,False,False
win-Australia-ASSA-20211219-074507.npy,20211219,Australia-ASSA,III,07:59:00,08:00:00,07:59:00,08:00:00,3332,3572,catalog,,False,False
win-Australia-ASSA-20211219-193000.npy,20211219,Australia-ASSA,III,19:34:00,19:34:00,19:34:10,19:34:45,1000,1140,zero_width_default,,False,False
win-Australia-ASSA-20211220-031503.npy,20211220,Australia-ASSA,III,03:19:00,03:23:00,03:19:00,03:23:00,948,1908,catalog,,False,False
win-Australia-ASSA-20211220-033005.npy,20211220,Australia-ASSA,II,03:30:00,03:43:00,03:30:05,03:35:55,0,1400,manual,usable,False,True
win-Australia-ASSA-20211221-004501.npy,20211221,Australia-ASSA,III,00:55:00,00:58:00,00:55:00,00:58:00,2396,3116,catalog,,False,False
win-Australia-ASSA-20211221-021502.npy,20211221,Australia-ASSA,III,02:23:00,02:24:00,02:23:00,02:24:00,1912,2152,catalog,,False,False
win-Australia-ASSA-20211221-023004.npy,20211221,Australia-ASSA,III,02:34:00,02:36:00,02:34:00,02:36:00,944,1424,catalog,,False,False
win-Australia-ASSA-20211221-053001.npy,20211221,Australia-ASSA,III,05:37:00,05:38:00,05:37:00,05:38:00,1676,1916,catalog,,False,False
win-Australia-ASSA-20211221-061502.npy,20211221,Australia-ASSA,III,06:16:00,06:20:00,06:16:00,06:20:00,232,1192,catalog,,False,False
win-Australia-ASSA-20211221-070002.npy,20211221,Australia-ASSA,III,07:12:00,07:17:00,07:12:00,07:17:00,2872,3600,catalog,,False,True
win-Australia-ASSA-20211221-071502.npy,20211221,Australia-ASSA,III,07:12:00,07:17:00,07:12:00,07:17:00,0,472,catalog,,False,True
win-Australia-ASSA-20211222-004504.npy,20211222,Australia-ASSA,III,00:56:00,00:56:00,00:56:10,00:56:45,2664,2804,zero_width_default,,False,False
win-Australia-ASSA-20211223-043001.npy,20211223,Australia-ASSA,III,04:38:00,04:40:00,04:38:00,04:40:00,1916,2396,catalog,,False,False
win-Australia-ASSA-20211223-061500.npy,20211223,Australia-ASSA,III,06:20:00,06:21:00,06:20:00,06:21:00,1200,1440,catalog,,False,False
win-Australia-ASSA-20211223-080002.npy,20211223,Australia-ASSA,III,08:12:00,08:13:00,08:12:00,08:13:00,2872,3112,catalog,,False,False
win-Australia-ASSA-20211223-201500.npy,20211223,Australia-ASSA,III,20:27:00,20:29:00,20:27:00,20:29:00,2880,3360,catalog,,False,False
win-Australia-ASSA-20211223-221502.npy,20211223,Australia-ASSA,III,22:17:00,22:18:00,22:17:00,22:18:00,472,712,catalog,,False,False
win-Australia-ASSA-20211224-050003.npy,20211224,Australia-ASSA,III,05:13:00,05:13:00,05:13:10,05:13:45,3148,3288,zero_width_default,,False,False
win-Australia-ASSA-20211225-004500.npy,20211225,Australia-ASSA,III,00:53:00,00:53:00,00:53:10,00:53:45,1960,2100,zero_width_default,,False,False
win-Australia-ASSA-20211225-044500.npy,20211225,Australia-ASSA,III,04:55:00,04:55:00,04:55:10,04:55:45,2440,2580,zero_width_default,,False,False
win-Australia-ASSA-20211225-062959.npy,20211225,Australia-ASSA,III,06:35:00,06:35:00,06:35:10,06:35:45,1244,1384,zero_width_default,,False,False
win-Australia-ASSA-20211227-012958.npy,20211227,Australia-ASSA,III,01:33:00,01:33:00,01:33:10,01:33:45,768,908,zero_width_default,,False,False
win-Australia-ASSA-20211227-054503.npy,20211227,Australia-ASSA,III,05:58:00,05:59:00,05:58:00,05:59:00,3108,3348,catalog,,False,False
win-Australia-ASSA-20211227-061505.npy,20211227,Australia-ASSA,III,06:24:00,06:24:00,06:24:10,06:24:45,2180,2320,zero_width_default,,False,False
win-Australia-ASSA-20211228-020002.npy,20211228,Australia-ASSA,III,02:07:00,02:07:00,02:07:10,02:07:45,1712,1852,zero_width_default,,False,False
win-Australia-ASSA-20211228-024500.npy,20211228,Australia-ASSA,III,02:47:00,02:48:00,02:47:00,02:48:00,480,720,catalog,,False,False
win-Australia-ASSA-20211228-041502.npy,20211228,Australia-ASSA,III,04:23:00,04:23:00,04:23:10,04:23:45,1952,2092,zero_width_default,,False,False
win-Australia-ASSA-20211228-073005.npy,20211228,Australia-ASSA,III,07:35:00,07:35:00,07:35:10,07:35:45,1220,1360,zero_width_default,,False,False
win-Australia-ASSA-20211228-203000.npy,20211228,Australia-ASSA,III,20:30:00,20:30:00,20:30:10,20:30:45,40,180,zero_width_default,,False,False
win-Australia-ASSA-20211228-204500.npy,20211228,Australia-ASSA,III,20:51:00,20:52:00,20:51:00,20:52:00,1440,1680,catalog,,False,False
win-Australia-ASSA-20211228-230000.npy,20211228,Australia-ASSA,III,23:08:00,23:08:00,23:08:10,23:08:45,1960,2100,zero_width_default,,False,False
win-Australia-ASSA-20211228-233002.npy,20211228,Australia-ASSA,III,23:40:00,23:40:00,23:40:10,23:40:45,2432,2572,zero_width_default,,False,False
win-Australia-ASSA-20211228-234501.npy,20211228,Australia-ASSA,III,23:59:00,23:59:00,23:59:10,23:59:45,3396,3536,zero_width_default,,False,False
win-Australia-ASSA-20211229-000001.npy,20211229,Australia-ASSA,III,00:01:00,00:04:00,00:01:00,00:04:00,236,956,catalog,,False,False
win-Australia-ASSA-20211229-074509.npy,20211229,Australia-ASSA,III,07:50:00,07:50:00,07:50:10,07:50:45,1204,1344,zero_width_default,,False,False
win-Australia-ASSA-20211229-213002.npy,20211229,Australia-ASSA,III,21:37:00,21:39:00,21:37:00,21:39:00,1672,2152,catalog,,False,False
win-Australia-ASSA-20211229-220003.npy,20211229,Australia-ASSA,III,22:04:00,22:04:00,22:04:10,22:04:45,988,1128,zero_width_default,,False,False
win-Australia-ASSA-20211229-224503.npy,20211229,Australia-ASSA,III,22:54:00,22:55:00,22:54:00,22:55:00,2148,2388,catalog,,False,False
win-Australia-ASSA-20211229-230003.npy,20211229,Australia-ASSA,III,23:09:00,23:14:00,23:09:00,23:14:00,2148,3348,catalog,,False,False
win-Australia-ASSA-20211229-234504.npy,20211229,Australia-ASSA,III,23:55:00,23:55:00,23:55:10,23:55:45,2424,2564,zero_width_default,,False,False
win-Australia-ASSA-20211230-003006.npy,20211230,Australia-ASSA,III,00:38:00,00:38:00,00:38:10,00:38:45,1936,2076,zero_width_default,,False,False
win-Australia-ASSA-20211230-010006.npy,20211230,Australia-ASSA,III,01:05:00,01:05:00,01:05:10,01:05:45,1216,1356,zero_width_default,,False,False
win-Australia-ASSA-20211230-011508.npy,20211230,Australia-ASSA,III,01:18:00,01:18:00,01:18:10,01:18:45,728,868,zero_width_default,,False,False
win-Australia-ASSA-20211230-013007.npy,20211230,Australia-ASSA,III,01:38:00,01:39:00,01:38:00,01:39:00,1892,2132,catalog,,False,False
win-Australia-ASSA-20211230-033000.npy,20211230,Australia-ASSA,III,03:42:00,03:42:00,03:42:10,03:42:45,2920,3060,zero_width_default,,False,False
win-Australia-ASSA-20211230-083012.npy,20211230,Australia-ASSA,III,08:41:00,08:42:00,08:41:00,08:42:00,2592,2832,catalog,,False,False
win-Australia-ASSA-20211230-214459.npy,20211230,Australia-ASSA,III,21:59:00,21:59:00,21:59:10,21:59:45,3404,3544,zero_width_default,,False,False
win-Australia-ASSA-20211230-231459.npy,20211230,Australia-ASSA,III,23:25:00,23:25:00,23:25:10,23:25:45,2444,2584,zero_width_default,,False,False
win-Australia-ASSA-20211231-000001.npy,20211231,Australia-ASSA,III,00:00:00,00:01:00,00:00:00,00:01:00,0,236,catalog,,False,True
win-Australia-ASSA-20211231-040000.npy,20211231,Australia-ASSA,III,04:05:00,04:05:00,04:05:10,04:05:45,1240,1380,zero_width_default,,False,False
win-Australia-ASSA-20211231-041502.npy,20211231,Australia-ASSA,III,04:27:00,04:27:00,04:27:10,04:27:45,2912,3052,zero_width_default,,False,False
win-Australia-ASSA-20211231-050002.npy,20211231,Australia-ASSA,III,05:05:00,05:05:00,05:05:10,05:05:45,1232,1372,zero_width_default,,False,False
win-Australia-ASSA-20211231-063001.npy,20211231,Australia-ASSA,III,06:34:00,06:35:00,06:34:00,06:35:00,956,1196,catalog,,False,False
win-Australia-ASSA-20211231-070001.npy,20211231,Australia-ASSA,III,07:08:00,07:09:00,07:08:00,07:09:00,1916,2156,catalog,,False,False
win-Australia-ASSA-20220101-023004.npy,20220101,Australia-ASSA,III,02:40:00,02:40:00,02:40:10,02:40:45,2424,2564,zero_width_default,,False,False
win-Australia-ASSA-20220101-044504.npy,20220101,Australia-ASSA,III,04:53:00,04:53:00,04:53:10,04:53:45,1944,2084,zero_width_default,,False,False
win-Australia-ASSA-20220107-031502.npy,20220107,Australia-ASSA,III,03:24:00,03:25:00,03:24:00,03:25:00,2152,2392,catalog,,False,False
win-Australia-ASSA-20220107-044501.npy,20220107,Australia-ASSA,III,04:50:00,04:56:00,04:50:00,04:56:00,1196,2636,catalog,,False,False
win-Australia-ASSA-20220107-063002.npy,20220107,Australia-ASSA,III,06:38:00,06:38:00,06:38:10,06:38:45,1952,2092,zero_width_default,,False,False
win-Australia-ASSA-20220108-230000.npy,20220108,Australia-ASSA,III,23:04:00,23:05:00,23:04:00,23:05:00,960,1200,catalog,,False,False
win-Australia-ASSA-20220109-224503.npy,20220109,Australia-ASSA,II,22:52:00,23:09:00,22:52:00,23:09:00,1668,3600,catalog,usable,False,True
win-Australia-ASSA-20220109-230003.npy,20220109,Australia-ASSA,II,22:52:00,23:09:00,23:00:03,23:07:02,0,1676,manual,usable,False,True
win-Australia-ASSA-20220110-064510.npy,20220110,Australia-ASSA,III,06:56:00,06:57:00,06:56:00,06:57:00,2600,2840,catalog,,False,False
win-Australia-ASSA-20220110-214500.npy,20220110,Australia-ASSA,III,21:56:00,21:57:00,21:56:00,21:57:00,2640,2880,catalog,,False,False
win-Australia-ASSA-20220111-000001.npy,20220111,Australia-ASSA,V,00:02:00,00:03:00,00:02:19,00:02:58,552,708,manual,usable,False,False
win-Australia-ASSA-20220111-001500.npy,20220111,Australia-ASSA,III,00:16:00,00:17:00,00:16:00,00:17:00,240,480,catalog,,False,False
win-Australia-ASSA-20220111-011501.npy,20220111,Australia-ASSA,III,01:22:00,01:23:00,01:22:00,01:23:00,1676,1916,catalog,,False,False
win-Australia-ASSA-20220111-011501.npy,20220111,Australia-ASSA,III,01:16:00,01:16:00,01:16:10,01:16:45,276,416,zero_width_default,,False,False
win-Australia-ASSA-20220111-073007.npy,20220111,Australia-ASSA,III,07:39:00,07:39:00,07:39:10,07:39:45,2172,2312,zero_width_default,,False,False
win-Australia-ASSA-20220111-073007.npy,20220111,Australia-ASSA,III,07:39:00,07:39:00,07:39:10,07:39:45,2172,2312,zero_width_default,,False,False
win-Australia-ASSA-20220111-090008.npy,20220111,Australia-ASSA,III,09:02:00,09:05:00,09:02:00,09:05:00,448,1168,catalog,,False,False
win-Australia-ASSA-20220111-210000.npy,20220111,Australia-ASSA,III,21:03:00,21:03:00,21:03:10,21:03:45,760,900,zero_width_default,,False,False
win-Australia-ASSA-20220111-213000.npy,20220111,Australia-ASSA,III,21:36:00,21:39:00,21:36:00,21:39:00,1440,2160,catalog,,False,False
win-Australia-ASSA-20220111-215959.npy,20220111,Australia-ASSA,III,22:09:00,22:09:00,22:09:10,22:09:45,2204,2344,zero_width_default,,False,False
win-Australia-ASSA-20220111-224459.npy,20220111,Australia-ASSA,III,22:55:00,22:55:00,22:55:10,22:55:45,2444,2584,zero_width_default,,False,False
win-Australia-ASSA-20220112-002959.npy,20220112,Australia-ASSA,III,00:35:00,00:35:00,00:35:10,00:35:45,1244,1384,zero_width_default,,False,False
win-Australia-ASSA-20220112-011500.npy,20220112,Australia-ASSA,III,01:22:00,01:22:00,01:22:10,01:22:45,1720,1860,zero_width_default,,False,False
win-Australia-ASSA-20220112-030000.npy,20220112,Australia-ASSA,III,03:08:00,03:10:00,03:08:00,03:10:00,1920,2400,catalog,,False,False
win-Australia-ASSA-20220112-031501.npy,20220112,Australia-ASSA,III,03:26:00,03:26:00,03:26:10,03:26:45,2676,2816,zero_width_default,,False,False
win-Australia-ASSA-20220112-034501.npy,20220112,Australia-ASSA,III,03:53:00,03:53:00,03:53:10,03:53:45,1956,2096,zero_width_default,,False,False
win-Australia-ASSA-20220112-040001.npy,20220112,Australia-ASSA,III,04:09:00,04:11:00,04:09:00,04:11:00,2156,2636,catalog,,False,False
win-Australia-ASSA-20220112-041501.npy,20220112,Australia-ASSA,II,04:24:00,04:56:00,04:24:33,04:30:01,2288,3600,manual,usable,False,True
win-Australia-ASSA-20220112-043001.npy,20220112,Australia-ASSA,II,04:24:00,04:56:00,04:24:00,04:56:00,0,3600,catalog,usable,False,True
win-Australia-ASSA-20220112-044501.npy,20220112,Australia-ASSA,II,04:24:00,04:56:00,04:45:11,04:50:25,40,1296,manual,usable,False,True
win-Australia-ASSA-20220112-051501.npy,20220112,Australia-ASSA,III,05:29:00,05:29:00,05:29:10,05:29:45,3396,3536,zero_width_default,,False,False
win-Australia-ASSA-20220112-054502.npy,20220112,Australia-ASSA,V,05:54:00,05:56:00,05:54:05,05:56:13,2172,2684,manual,usable,False,False
win-Australia-ASSA-20220112-060003.npy,20220112,Australia-ASSA,III,06:01:00,06:01:00,06:01:10,06:01:45,268,408,zero_width_default,,False,False
win-Australia-ASSA-20220112-091504.npy,20220112,Australia-ASSA,III,09:20:00,09:25:00,09:20:00,09:25:00,1184,2384,catalog,,False,False
win-Australia-ASSA-20220112-232959.npy,20220112,Australia-ASSA,III,23:38:00,23:38:00,23:38:10,23:38:45,1964,2104,zero_width_default,,False,False
win-Australia-ASSA-20220113-031500.npy,20220113,Australia-ASSA,III,03:25:00,03:25:00,03:25:10,03:25:45,2440,2580,zero_width_default,,False,False
win-Australia-ASSA-20220113-080007.npy,20220113,Australia-ASSA,III,08:07:00,08:07:00,08:07:10,08:07:45,1692,1832,zero_width_default,,False,False
win-Australia-ASSA-20220114-033000.npy,20220114,Australia-ASSA,III,03:39:00,03:41:00,03:39:00,03:41:00,2160,2640,catalog,,False,False
win-Australia-ASSA-20220114-055959.npy,20220114,Australia-ASSA,III,06:05:00,06:06:00,06:05:00,06:06:00,1204,1444,catalog,,False,False
win-Australia-ASSA-20220114-055959.npy,20220114,Australia-ASSA,III,06:14:00,06:15:00,06:14:00,06:15:00,3364,3600,catalog,,False,True
win-Australia-ASSA-20220114-081458.npy,20220114,Australia-ASSA,III,08:17:00,08:17:00,08:17:10,08:17:45,528,668,zero_width_default,,False,False
win-Australia-ASSA-20220114-213000.npy,20220114,Australia-ASSA,III,21:34:00,21:34:00,21:34:10,21:34:45,1000,1140,zero_width_default,,False,False
win-Australia-ASSA-20220115-051501.npy,20220115,Australia-ASSA,III,05:29:00,05:29:00,05:29:10,05:29:45,3396,3536,zero_width_default,,False,False
win-Australia-ASSA-20220115-210000.npy,20220115,Australia-ASSA,III,21:06:00,21:06:00,21:06:10,21:06:45,1480,1620,zero_width_default,,False,False
win-Australia-ASSA-20220115-231459.npy,20220115,Australia-ASSA,III,23:18:00,23:18:00,23:18:10,23:18:45,764,904,zero_width_default,,False,False
win-Australia-ASSA-20220116-002958.npy,20220116,Australia-ASSA,III,00:43:00,00:43:00,00:43:10,00:43:45,3168,3308,zero_width_default,,False,False
win-Australia-ASSA-20220116-031500.npy,20220116,Australia-ASSA,III,03:16:00,03:17:00,03:16:00,03:17:00,240,480,catalog,,False,False
win-Australia-ASSA-20220116-073001.npy,20220116,Australia-ASSA,III,07:36:00,07:36:00,07:36:10,07:36:45,1476,1616,zero_width_default,,False,False
win-Australia-ASSA-20220116-073001.npy,20220116,Australia-ASSA,III,07:31:00,07:32:00,07:31:00,07:32:00,236,476,catalog,,False,False
win-Australia-ASSA-20220117-072959.npy,20220117,Australia-ASSA,III,07:38:00,07:38:00,07:38:10,07:38:45,1964,2104,zero_width_default,,False,False
win-Australia-ASSA-20220118-230000.npy,20220118,Australia-ASSA,III,23:02:00,23:02:00,23:02:10,23:02:45,520,660,zero_width_default,,False,False
win-Australia-ASSA-20220119-015959.npy,20220119,Australia-ASSA,III,02:10:00,02:14:00,02:10:00,02:14:00,2404,3364,catalog,,False,False
win-Australia-ASSA-20220120-054459.npy,20220120,Australia-ASSA,III,05:55:00,05:59:00,05:55:00,05:59:00,2404,3364,catalog,,False,False
win-Australia-ASSA-20220120-055959.npy,20220120,Australia-ASSA,II,06:00:00,06:36:00,06:00:00,06:36:00,4,3600,catalog,,False,True
win-Australia-ASSA-20220120-061459.npy,20220120,Australia-ASSA,II,06:00:00,06:36:00,06:00:00,06:36:00,0,3600,catalog,,False,True
win-Australia-ASSA-20220120-062959.npy,20220120,Australia-ASSA,II,06:00:00,06:36:00,06:00:00,06:36:00,0,1444,catalog,,False,True
win-Australia-ASSA-20220122-054459.npy,20220122,Australia-ASSA,III,05:46:00,05:47:00,05:46:00,05:47:00,244,484,catalog,,False,False
win-Australia-ASSA-20220124-214459.npy,20220124,Australia-ASSA,III,21:49:00,21:50:00,21:49:00,21:50:00,964,1204,catalog,,False,False
win-Australia-ASSA-20220125-072959.npy,20220125,Australia-ASSA,III,07:41:00,07:42:00,07:41:00,07:42:00,2644,2884,catalog,,False,False
win-Australia-ASSA-20220126-044501.npy,20220126,Australia-ASSA,III,04:51:00,04:51:00,04:51:10,04:51:45,1476,1616,zero_width_default,,False,False
win-Australia-ASSA-20220127-035200.npy,20220127,Australia-ASSA,III,03:56:00,03:57:00,03:56:00,03:57:00,960,1200,catalog,,False,False
win-Australia-ASSA-20220127-050659.npy,20220127,Australia-ASSA,III,05:10:00,05:10:00,05:10:10,05:10:45,764,904,zero_width_default,,False,False
win-Australia-ASSA-20220129-083001.npy,20220129,Australia-ASSA,III,08:44:00,08:44:00,08:44:10,08:44:45,3396,3536,zero_width_default,,False,False
win-Australia-ASSA-20220130-200000.npy,20220130,Australia-ASSA,III,20:09:00,20:12:00,20:09:00,20:12:00,2160,2880,catalog,,False,False
win-Australia-ASSA-20220131-000001.npy,20220131,Australia-ASSA,III,00:04:00,00:04:00,00:04:10,00:04:45,996,1136,zero_width_default,,False,False
win-Australia-ASSA-20220131-011458.npy,20220131,Australia-ASSA,III,01:21:00,01:21:00,01:21:10,01:21:45,1488,1628,zero_width_default,,False,False
win-Australia-ASSA-20220131-015958.npy,20220131,Australia-ASSA,V,02:09:00,02:10:00,02:09:42,02:10:18,2336,2480,manual,usable,False,False
win-Australia-ASSA-20220131-015958.npy,20220131,Australia-ASSA,III,02:13:00,02:13:00,02:13:10,02:13:45,3168,3308,zero_width_default,,False,False
win-Australia-ASSA-20220131-022958.npy,20220131,Australia-ASSA,V,02:31:00,02:32:00,02:31:00,02:32:45,248,668,manual,usable,False,False
win-Australia-ASSA-20220131-040000.npy,20220131,Australia-ASSA,III,04:13:00,04:17:00,04:13:00,04:17:00,3120,3600,catalog,,False,True
win-Australia-ASSA-20220131-041500.npy,20220131,Australia-ASSA,III,04:13:00,04:17:00,04:13:00,04:17:00,0,480,catalog,,False,True
win-Australia-ASSA-20220131-043000.npy,20220131,Australia-ASSA,III,04:39:00,04:39:00,04:39:10,04:39:45,2200,2340,zero_width_default,,False,False
win-Australia-ASSA-20220131-052959.npy,20220131,Australia-ASSA,III,05:35:00,05:37:00,05:35:00,05:37:00,1204,1684,catalog,,False,False
win-Australia-ASSA-20220131-064459.npy,20220131,Australia-ASSA,V,06:47:00,06:48:00,06:47:42,06:48:28,652,836,manual,usable,False,False
win-Australia-ASSA-20220131-071459.npy,20220131,Australia-ASSA,III,07:18:00,07:18:00,07:18:10,07:18:45,764,904,zero_width_default,,False,False
win-Australia-ASSA-20220131-201500.npy,20220131,Australia-ASSA,III,20:17:00,20:17:00,20:17:10,20:17:45,520,660,zero_width_default,,False,False
win-Australia-ASSA-20220131-203000.npy,20220131,Australia-ASSA,III,20:30:00,20:35:00,20:30:00,20:35:00,0,1200,catalog,,False,False
win-Australia-ASSA-20220131-214500.npy,20220131,Australia-ASSA,III,21:49:00,21:49:00,21:49:10,21:49:45,1000,1140,zero_width_default,,False,False
win-Australia-ASSA-20220131-215959.npy,20220131,Australia-ASSA,III,22:09:00,22:09:00,22:09:10,22:09:45,2204,2344,zero_width_default,,False,False
win-Australia-ASSA-20220201-014458.npy,20220201,Australia-ASSA,III,01:54:00,01:55:00,01:54:00,01:55:00,2168,2408,catalog,,False,False
win-Australia-ASSA-20220201-022958.npy,20220201,Australia-ASSA,III,02:35:00,02:35:00,02:35:10,02:35:45,1248,1388,zero_width_default,,False,False
win-Australia-ASSA-20220201-024500.npy,20220201,Australia-ASSA,III,02:52:00,02:52:00,02:52:10,02:52:45,1720,1860,zero_width_default,,False,False
win-Australia-ASSA-20220201-034500.npy,20220201,Australia-ASSA,III,03:54:00,03:54:00,03:54:10,03:54:45,2200,2340,zero_width_default,,False,False
win-Australia-ASSA-20220201-072959.npy,20220201,Australia-ASSA,III,07:34:00,07:35:00,07:34:00,07:35:00,964,1204,catalog,,False,False
win-Australia-ASSA-20220201-203000.npy,20220201,Australia-ASSA,III,20:42:00,20:46:00,20:42:00,20:46:00,2880,3600,catalog,,False,True
win-Australia-ASSA-20220201-204500.npy,20220201,Australia-ASSA,III,20:42:00,20:46:00,20:42:00,20:46:00,0,240,catalog,,False,True
win-Australia-ASSA-20220201-211500.npy,20220201,Australia-ASSA,III,21:26:00,21:26:00,21:26:10,21:26:45,2680,2820,zero_width_default,,False,False
win-Australia-ASSA-20220202-000000.npy,20220202,Australia-ASSA,III,00:03:00,00:03:00,00:03:10,00:03:45,760,900,zero_width_default,,False,False
win-Australia-ASSA-20220202-020003.npy,20220202,Australia-ASSA,V,02:05:00,02:11:00,02:07:59,02:08:45,1904,2088,manual,usable,False,False
win-Australia-ASSA-20220202-052959.npy,20220202,Australia-ASSA,III,05:35:00,05:36:00,05:35:00,05:36:00,1204,1444,catalog,,False,False
win-Australia-ASSA-20220202-062959.npy,20220202,Australia-ASSA,III,06:40:00,06:40:00,06:40:10,06:40:45,2444,2584,zero_width_default,,False,False
win-Australia-ASSA-20220202-064459.npy,20220202,Australia-ASSA,III,06:58:00,07:00:00,06:58:00,07:00:00,3124,3600,catalog,,False,True
win-Australia-ASSA-20220203-015958.npy,20220203,Australia-ASSA,III,02:14:00,02:14:00,02:14:10,02:14:45,3408,3548,zero_width_default,,False,False
win-Australia-ASSA-20220203-022959.npy,20220203,Australia-ASSA,III,02:37:00,02:37:00,02:37:10,02:37:45,1724,1864,zero_width_default,,False,False
win-Australia-ASSA-20220203-031500.npy,20220203,Australia-ASSA,III,03:18:00,03:18:00,03:18:10,03:18:45,760,900,zero_width_default,,False,False
win-Australia-ASSA-20220203-040000.npy,20220203,Australia-ASSA,III,04:11:00,04:11:00,04:11:10,04:11:45,2680,2820,zero_width_default,,False,False
win-Australia-ASSA-20220203-041500.npy,20220203,Australia-ASSA,III,04:21:00,04:26:00,04:21:00,04:26:00,1440,2640,catalog,,False,False
win-Australia-ASSA-20220203-043000.npy,20220203,Australia-ASSA,III,04:35:00,04:36:00,04:35:00,04:36:00,1200,1440,catalog,,False,False
win-Australia-ASSA-20220203-050001.npy,20220203,Australia-ASSA,III,05:12:00,05:12:00,05:12:10,05:12:45,2916,3056,zero_width_default,,False,False
win-Australia-ASSA-20220203-054501.npy,20220203,Australia-ASSA,V,05:53:00,05:55:00,05:53:36,05:55:00,2060,2396,manual,usable,False,False
win-Australia-ASSA-20220204-030000.npy,20220204,Australia-ASSA,III,03:11:00,03:12:00,03:11:00,03:12:00,2640,2880,catalog,,False,False
win-Australia-ASSA-20220204-030000.npy,20220204,Australia-ASSA,V,03:03:00,03:05:00,03:03:52,03:04:32,928,1088,manual,usable,False,False
win-Australia-ASSA-20220204-041502.npy,20220204,Australia-ASSA,III,04:23:00,04:27:00,04:23:00,04:27:00,1912,2872,catalog,,False,False
win-Australia-ASSA-20220204-061502.npy,20220204,Australia-ASSA,III,06:28:00,06:32:00,06:28:00,06:32:00,3112,3600,catalog,,False,True
win-Australia-ASSA-20220204-063001.npy,20220204,Australia-ASSA,III,06:39:00,06:40:00,06:39:00,06:40:00,2156,2396,catalog,,False,False
win-Australia-ASSA-20220204-063001.npy,20220204,Australia-ASSA,III,06:28:00,06:32:00,06:28:00,06:32:00,0,476,catalog,,False,True
win-Australia-ASSA-20220204-214459.npy,20220204,Australia-ASSA,III,21:54:00,21:56:00,21:54:00,21:56:00,2164,2644,catalog,,False,False
win-Australia-ASSA-20220204-225959.npy,20220204,Australia-ASSA,III,23:09:00,23:09:00,23:09:10,23:09:45,2204,2344,zero_width_default,,False,False
win-Australia-ASSA-20220204-231459.npy,20220204,Australia-ASSA,III,23:23:00,23:25:00,23:23:00,23:25:00,1924,2404,catalog,,False,False
win-Australia-ASSA-20220204-232959.npy,20220204,Australia-ASSA,III,23:34:00,23:34:00,23:34:10,23:34:45,1004,1144,zero_width_default,,False,False
win-Australia-ASSA-20220205-014458.npy,20220205,Australia-ASSA,III,01:55:00,01:56:00,01:55:00,01:56:00,2408,2648,catalog,,False,False
win-Australia-ASSA-20220205-015958.npy,20220205,Australia-ASSA,III,02:01:00,02:02:00,02:01:00,02:02:00,248,488,catalog,,False,False
win-Australia-ASSA-20220205-030000.npy,20220205,Australia-ASSA,III,03:10:00,03:10:00,03:10:10,03:10:45,2440,2580,zero_width_default,,False,False
win-Australia-ASSA-20220205-031500.npy,20220205,Australia-ASSA,III,03:27:00,03:28:00,03:27:00,03:28:00,2880,3120,catalog,,False,False
win-Australia-ASSA-20220205-054503.npy,20220205,Australia-ASSA,III,05:49:00,05:49:00,05:49:10,05:49:45,988,1128,zero_width_default,,False,False
win-Australia-ASSA-20220205-201500.npy,20220205,Australia-ASSA,III,20:28:00,20:28:00,20:28:10,20:28:45,3160,3300,zero_width_default,,False,False
win-Australia-ASSA-20220206-000000.npy,20220206,Australia-ASSA,III,00:11:00,00:11:00,00:11:10,00:11:45,2680,2820,zero_width_default,,False,False
win-Australia-ASSA-20220206-004459.npy,20220206,Australia-ASSA,III,00:52:00,00:55:00,00:52:00,00:55:00,1684,2404,catalog,,False,False
win-Australia-ASSA-20220206-012959.npy,20220206,Australia-ASSA,III,01:38:00,01:39:00,01:38:00,01:39:00,1924,2164,catalog,,False,False
win-Australia-ASSA-20220207-011502.npy,20220207,Australia-ASSA,III,01:21:00,01:21:00,01:21:10,01:21:45,1472,1612,zero_width_default,,False,False
win-Australia-ASSA-20220207-051459.npy,20220207,Australia-ASSA,III,05:22:00,05:23:00,05:22:00,05:23:00,1684,1924,catalog,,False,False
win-Australia-ASSA-20220208-011458.npy,20220208,Australia-ASSA,III,01:22:00,01:22:00,01:22:10,01:22:45,1728,1868,zero_width_default,,False,False
win-Australia-ASSA-20220208-044500.npy,20220208,Australia-ASSA,III,04:46:00,04:46:00,04:46:10,04:46:45,280,420,zero_width_default,,False,False
win-Australia-ASSA-20220208-052959.npy,20220208,Australia-ASSA,III,05:39:00,05:40:00,05:39:00,05:40:00,2164,2404,catalog,,False,False
win-Australia-ASSA-20220208-074459.npy,20220208,Australia-ASSA,III,07:45:00,07:45:00,07:45:10,07:45:45,44,184,zero_width_default,,False,False
win-Australia-ASSA-20220209-004458.npy,20220209,Australia-ASSA,III,00:48:00,00:48:00,00:48:10,00:48:45,768,908,zero_width_default,,False,False
win-Australia-ASSA-20220209-030003.npy,20220209,Australia-ASSA,III,03:02:00,03:02:00,03:02:10,03:02:45,508,648,zero_width_default,,False,False
win-Australia-ASSA-20220209-031503.npy,20220209,Australia-ASSA,III,03:20:00,03:21:00,03:20:00,03:21:00,1188,1428,catalog,,False,False
win-Australia-ASSA-20220209-033003.npy,20220209,Australia-ASSA,III,03:36:00,03:36:00,03:36:10,03:36:45,1468,1608,zero_width_default,,False,False
win-Australia-ASSA-20220209-060002.npy,20220209,Australia-ASSA,III,06:00:00,06:00:00,06:00:10,06:00:45,32,172,zero_width_default,,False,False
win-Australia-ASSA-20220209-063002.npy,20220209,Australia-ASSA,III,06:44:00,06:44:00,06:44:10,06:44:45,3392,3532,zero_width_default,,False,False
win-Australia-ASSA-20220210-024501.npy,20220210,Australia-ASSA,V,02:47:00,02:49:00,02:47:35,02:49:22,616,1044,manual,usable,False,False
win-Australia-ASSA-20220210-051502.npy,20220210,Australia-ASSA,V,05:18:00,05:18:00,05:18:29,05:18:52,828,920,manual,usable,False,False
win-Australia-ASSA-20220211-010000.npy,20220211,Australia-ASSA,III,01:01:00,01:03:00,01:01:00,01:03:00,240,720,catalog,,False,False
win-Australia-ASSA-20220211-012959.npy,20220211,Australia-ASSA,III,01:35:00,01:40:00,01:35:00,01:40:00,1204,2404,catalog,,False,False
win-Australia-ASSA-20220212-030000.npy,20220212,Australia-ASSA,III,03:07:00,03:07:00,03:07:10,03:07:45,1720,1860,zero_width_default,,False,False
win-Australia-ASSA-20220212-070003.npy,20220212,Australia-ASSA,III,07:06:00,07:06:00,07:06:10,07:06:45,1468,1608,zero_width_default,,False,False
win-Australia-ASSA-20220212-081503.npy,20220212,Australia-ASSA,III,08:29:00,08:31:00,08:29:00,08:31:00,3348,3600,catalog,,False,True
win-Australia-ASSA-20220212-083003.npy,20220212,Australia-ASSA,II,08:33:00,08:47:00,08:39:02,08:45:03,2156,3600,manual,usable,False,True
win-Australia-ASSA-20220212-083003.npy,20220212,Australia-ASSA,III,08:29:00,08:31:00,08:29:00,08:31:00,0,228,catalog,,False,True
win-Australia-ASSA-20220212-084503.npy,20220212,Australia-ASSA,II,08:33:00,08:47:00,08:33:00,08:47:00,0,468,catalog,usable,False,True
win-Australia-ASSA-20220213-011459.npy,20220213,Australia-ASSA,III,01:17:00,01:17:00,01:17:10,01:17:45,524,664,zero_width_default,,False,False
win-Australia-ASSA-20220213-014459.npy,20220213,Australia-ASSA,III,01:55:00,01:55:00,01:55:10,01:55:45,2444,2584,zero_width_default,,False,False
win-Australia-ASSA-20220213-015959.npy,20220213,Australia-ASSA,III,02:03:00,02:09:00,02:03:00,02:09:00,724,2164,catalog,,False,False
win-Australia-ASSA-20220213-021459.npy,20220213,Australia-ASSA,II,02:20:00,02:38:00,02:20:00,02:38:00,1204,3600,catalog,usable,False,True
win-Australia-ASSA-20220213-022959.npy,20220213,Australia-ASSA,II,02:20:00,02:38:00,02:29:59,02:40:09,0,2440,manual,usable,False,True
win-Australia-ASSA-20220213-030000.npy,20220213,Australia-ASSA,III,03:08:00,03:09:00,03:08:00,03:09:00,1920,2160,catalog,,False,False
win-Australia-ASSA-20220213-031500.npy,20220213,Australia-ASSA,III,03:16:00,03:17:00,03:16:00,03:17:00,240,480,catalog,,False,False
win-Australia-ASSA-20220213-041501.npy,20220213,Australia-ASSA,III,04:17:00,04:18:00,04:17:00,04:18:00,476,716,catalog,,False,False
win-Australia-ASSA-20220213-060005.npy,20220213,Australia-ASSA,III,05:59:00,06:06:00,05:59:00,06:06:00,0,1420,catalog,,False,True
win-Australia-ASSA-20220213-074506.npy,20220213,Australia-ASSA,III,07:49:00,07:49:00,07:49:10,07:49:45,976,1116,zero_width_default,,False,False
win-Australia-ASSA-20220215-041500.npy,20220215,Australia-ASSA,III,04:19:00,04:22:00,04:19:00,04:22:00,960,1680,catalog,,False,False
win-Australia-ASSA-20220215-050001.npy,20220215,Australia-ASSA,III,05:13:00,05:13:00,05:13:10,05:13:45,3156,3296,zero_width_default,,False,False
win-Australia-ASSA-20220215-061500.npy,20220215,Australia-ASSA,III,06:17:00,06:17:00,06:17:10,06:17:45,520,660,zero_width_default,,False,False
win-Australia-ASSA-20220215-073000.npy,20220215,Australia-ASSA,III,07:39:00,07:39:00,07:39:10,07:39:45,2200,2340,zero_width_default,,False,False
win-Australia-ASSA-20220216-034500.npy,20220216,Australia-ASSA,III,03:46:00,03:46:00,03:46:10,03:46:45,280,420,zero_width_default,,False,False
win-Australia-ASSA-20220220-040001.npy,20220220,Australia-ASSA,II,04:13:00,04:19:00,04:13:00,04:19:00,3116,3600,catalog,usable,False,True
win-Australia-ASSA-20220220-041501.npy,20220220,Australia-ASSA,II,04:13:00,04:19:00,04:15:01,04:18:31,0,840,manual,usable,False,True
win-Australia-ASSA-20220224-041500.npy,20220224,Australia-ASSA,III,04:17:00,04:17:00,04:17:10,04:17:45,520,660,zero_width_default,,False,False
win-Australia-ASSA-20220227-061503.npy,20220227,Australia-ASSA,III,06:25:00,06:25:00,06:25:10,06:25:45,2428,2568,zero_width_default,,False,False
win-Australia-ASSA-20220228-061500.npy,20220228,Australia-ASSA,III,06:17:00,06:20:00,06:17:00,06:20:00,480,1200,catalog,,False,False
win-Australia-ASSA-20220301-040000.npy,20220301,Australia-ASSA,III,04:13:00,04:13:00,04:13:10,04:13:45,3160,3300,zero_width_default,,False,False
win-Australia-ASSA-20220303-021458.npy,20220303,Australia-ASSA,III,02:19:00,02:19:00,02:19:10,02:19:45,1008,1148,zero_width_default,,False,False
win-Australia-ASSA-20220303-021458.npy,20220303,Australia-ASSA,III,02:29:00,02:29:00,02:29:10,02:29:45,3408,3548,zero_width_default,,False,False
win-Australia-ASSA-20220303-033001.npy,20220303,Australia-ASSA,III,03:31:00,03:31:00,03:31:10,03:31:45,276,416,zero_width_default,,False,False
win-Australia-ASSA-20220304-024501.npy,20220304,Australia-ASSA,III,02:59:00,03:01:00,02:59:00,03:01:00,3356,3600,catalog,,False,True
win-Australia-ASSA-20220304-030001.npy,20220304,Australia-ASSA,III,02:59:00,03:01:00,02:59:00,03:01:00,0,236,catalog,,False,True
win-Australia-ASSA-20220304-060001.npy,20220304,Australia-ASSA,III,06:01:00,06:01:00,06:01:10,06:01:45,276,416,zero_width_default,,False,False
win-Australia-ASSA-20220305-040000.npy,20220305,Australia-ASSA,III,04:13:00,04:13:00,04:13:10,04:13:45,3160,3300,zero_width_default,,False,False
win-Australia-ASSA-20220305-234459.npy,20220305,Australia-ASSA,III,23:54:00,23:59:00,23:54:00,23:59:00,2164,3364,catalog,,False,False
win-Australia-ASSA-20220306-002959.npy,20220306,Australia-ASSA,III,00:30:00,00:34:00,00:30:00,00:34:00,4,964,catalog,,False,False
win-Australia-ASSA-20220306-011458.npy,20220306,Australia-ASSA,III,01:23:00,01:24:00,01:23:00,01:24:00,1928,2168,catalog,,False,False
win-Australia-ASSA-20220306-052959.npy,20220306,Australia-ASSA,III,05:38:00,05:40:00,05:38:00,05:40:00,1924,2404,catalog,,False,False
win-Australia-ASSA-20220306-054459.npy,20220306,Australia-ASSA,III,05:52:00,05:52:00,05:52:10,05:52:45,1724,1864,zero_width_default,,False,False
win-Australia-ASSA-20220306-064459.npy,20220306,Australia-ASSA,III,06:53:00,06:53:00,06:53:10,06:53:45,1964,2104,zero_width_default,,False,False
win-Australia-ASSA-20220306-074459.npy,20220306,Australia-ASSA,III,07:58:00,07:59:00,07:58:00,07:59:00,3124,3364,catalog,,False,False
win-Australia-ASSA-20220306-234459.npy,20220306,Australia-ASSA,III,23:51:00,23:54:00,23:51:00,23:54:00,1444,2164,catalog,,False,False
win-Australia-ASSA-20220307-044500.npy,20220307,Australia-ASSA,III,04:50:00,04:50:00,04:50:10,04:50:45,1240,1380,zero_width_default,,False,False
win-Australia-ASSA-20220307-234459.npy,20220307,Australia-ASSA,III,23:46:00,23:52:00,23:46:00,23:52:00,244,1684,catalog,,False,False
win-Australia-ASSA-20220308-014458.npy,20220308,Australia-ASSA,III,01:57:00,01:57:00,01:57:10,01:57:45,2928,3068,zero_width_default,,False,False
win-Australia-ASSA-20220308-033000.npy,20220308,Australia-ASSA,III,03:32:00,03:33:00,03:32:00,03:33:00,480,720,catalog,,False,False
win-Australia-ASSA-20220308-074459.npy,20220308,Australia-ASSA,III,07:45:00,07:46:00,07:45:00,07:46:00,4,244,catalog,,False,False
win-Australia-ASSA-20220308-215959.npy,20220308,Australia-ASSA,III,22:14:00,22:14:00,22:14:10,22:14:45,3404,3544,zero_width_default,,False,False
win-Australia-ASSA-20220308-221459.npy,20220308,Australia-ASSA,III,22:26:00,22:26:00,22:26:10,22:26:45,2684,2824,zero_width_default,,False,False
win-Australia-ASSA-20220309-001459.npy,20220309,Australia-ASSA,III,00:16:00,00:16:00,00:16:10,00:16:45,284,424,zero_width_default,,False,False
win-Australia-ASSA-20220309-031500.npy,20220309,Australia-ASSA,III,03:22:00,03:23:00,03:22:00,03:23:00,1680,1920,catalog,,False,False
win-Australia-ASSA-20220309-233000.npy,20220309,Australia-ASSA,III,23:32:00,23:32:00,23:32:10,23:32:45,520,660,zero_width_default,,False,False
win-Australia-ASSA-20220309-234500.npy,20220309,Australia-ASSA,III,23:48:00,23:49:00,23:48:00,23:49:00,720,960,catalog,,False,False
win-Australia-ASSA-20220310-014503.npy,20220310,Australia-ASSA,III,01:54:00,01:55:00,01:54:00,01:55:00,1074,1194,catalog,,False,False
win-Australia-ASSA-20220311-060003.npy,20220311,Australia-ASSA,III,06:00:00,06:01:00,06:00:00,06:01:00,0,228,catalog,,False,True
win-Australia-ASSA-20220311-070003.npy,20220311,Australia-ASSA,III,07:12:00,07:13:00,07:12:00,07:13:00,2868,3108,catalog,,False,False
win-Australia-ASSA-20220311-073003.npy,20220311,Australia-ASSA,III,07:40:00,07:40:00,07:40:10,07:40:45,2428,2568,zero_width_default,,False,False
win-Australia-ASSA-20220312-004458.npy,20220312,Australia-ASSA,III,00:55:00,00:56:00,00:55:00,00:56:00,2408,2648,catalog,,False,False
win-Australia-ASSA-20220312-030000.npy,20220312,Australia-ASSA,III,03:04:00,03:05:00,03:04:00,03:05:00,960,1200,catalog,,False,False
win-Australia-ASSA-20220312-070003.npy,20220312,Australia-ASSA,III,07:00:00,07:00:00,07:00:10,07:00:45,28,168,zero_width_default,,False,False
win-Australia-ASSA-20220313-050002.npy,20220313,Australia-ASSA,III,05:07:00,05:08:00,05:07:00,05:08:00,1672,1912,catalog,,False,False
win-Australia-ASSA-20220313-232959.npy,20220313,Australia-ASSA,II,23:39:00,23:43:00,23:40:12,23:43:02,2452,3132,manual,usable,False,False
win-Australia-ASSA-20220313-232959.npy,20220313,Australia-ASSA,III,23:33:00,23:33:00,23:33:10,23:33:45,764,904,zero_width_default,,False,False
win-Australia-ASSA-20220314-044500.npy,20220314,Australia-ASSA,III,04:58:00,04:58:00,04:58:10,04:58:45,3160,3300,zero_width_default,,False,False
win-Australia-ASSA-20220316-023000.npy,20220316,Australia-ASSA,III,02:36:00,02:36:00,02:36:10,02:36:45,1480,1620,zero_width_default,,False,False
win-Australia-ASSA-20220316-044500.npy,20220316,Australia-ASSA,III,04:51:00,04:53:00,04:51:00,04:53:00,1440,1920,catalog,,False,False
win-Australia-ASSA-20220316-061459.npy,20220316,Australia-ASSA,III,06:23:00,06:23:00,06:23:10,06:23:45,1964,2104,zero_width_default,,False,False
win-Australia-ASSA-20220317-004500.npy,20220317,Australia-ASSA,III,00:48:00,00:49:00,00:48:00,00:49:00,720,960,catalog,,False,False
win-Australia-ASSA-20220318-011458.npy,20220318,Australia-ASSA,III,01:21:00,01:21:00,01:21:10,01:21:45,1488,1628,zero_width_default,,False,False
win-Australia-ASSA-20220318-012958.npy,20220318,Australia-ASSA,III,01:35:00,01:35:00,01:35:10,01:35:45,1248,1388,zero_width_default,,False,False
win-Australia-ASSA-20220318-062959.npy,20220318,Australia-ASSA,III,06:34:00,06:34:00,06:34:10,06:34:45,1004,1144,zero_width_default,,False,False
win-Australia-ASSA-20220318-215959.npy,20220318,Australia-ASSA,III,22:12:00,22:13:00,22:12:00,22:13:00,2884,3124,catalog,,False,False
win-Australia-ASSA-20220318-231459.npy,20220318,Australia-ASSA,III,23:16:00,23:16:00,23:16:10,23:16:45,284,424,zero_width_default,,False,False
win-Australia-ASSA-20220318-232959.npy,20220318,Australia-ASSA,III,23:30:00,23:30:00,23:30:10,23:30:45,44,184,zero_width_default,,False,False
win-Australia-ASSA-20220319-022958.npy,20220319,Australia-ASSA,III,02:35:00,02:36:00,02:35:00,02:36:00,1208,1448,catalog,,False,False
win-Australia-ASSA-20220319-030000.npy,20220319,Australia-ASSA,III,03:14:00,03:15:00,03:14:00,03:15:00,3360,3600,catalog,,False,False
win-Australia-ASSA-20220319-041500.npy,20220319,Australia-ASSA,III,04:19:00,04:19:00,04:19:10,04:19:45,1000,1140,zero_width_default,,False,False
win-Australia-ASSA-20220319-044500.npy,20220319,Australia-ASSA,III,04:47:00,04:47:00,04:47:10,04:47:45,520,660,zero_width_default,,False,False
win-Australia-ASSA-20220321-034501.npy,20220321,Australia-ASSA,III,03:55:00,03:56:00,03:55:00,03:56:00,2396,2636,catalog,,False,False
win-Australia-ASSA-20220321-063001.npy,20220321,Australia-ASSA,III,06:34:00,06:36:00,06:34:00,06:36:00,956,1436,catalog,,False,False
win-Australia-ASSA-20220324-054459.npy,20220324,Australia-ASSA,III,05:52:00,05:53:00,05:52:00,05:53:00,1684,1924,catalog,,False,False
win-Australia-ASSA-20220325-022958.npy,20220325,Australia-ASSA,III,02:38:00,02:41:00,02:38:00,02:41:00,1928,2648,catalog,,False,False
win-Australia-ASSA-20220325-050000.npy,20220325,Australia-ASSA,II,05:14:00,05:18:00,05:14:23,05:14:47,3452,3548,manual,usable,False,True
win-Australia-ASSA-20220325-050000.npy,20220325,Australia-ASSA,III,05:14:00,05:14:00,05:14:10,05:14:45,3400,3540,zero_width_default,,False,False
win-Australia-ASSA-20220325-051459.npy,20220325,Australia-ASSA,II,05:22:00,05:33:00,05:21:58,05:25:18,1676,2476,manual,usable,False,True
win-Australia-ASSA-20220325-051459.npy,20220325,Australia-ASSA,II,05:14:00,05:18:00,05:15:08,05:18:19,36,800,manual,usable,False,True
win-Australia-ASSA-20220325-051459.npy,20220325,Australia-ASSA,III,05:22:00,05:22:00,05:22:10,05:22:45,1724,1864,zero_width_default,,False,False
win-Australia-ASSA-20220325-052959.npy,20220325,Australia-ASSA,II,05:22:00,05:33:00,05:33:09,05:39:25,760,2264,manual,usable,False,True
win-Australia-ASSA-20220327-053000.npy,20220327,Australia-ASSA,III,05:39:00,05:42:00,05:39:00,05:42:00,2160,2880,catalog,,False,False
win-Australia-ASSA-20220327-071459.npy,20220327,Australia-ASSA,III,07:16:00,07:21:00,07:16:00,07:21:00,244,1444,catalog,,False,False
win-Australia-ASSA-20220328-010001.npy,20220328,Australia-ASSA,III,01:12:00,01:14:00,01:12:00,01:14:00,2876,3356,catalog,,False,False
win-Australia-ASSA-20220328-034500.npy,20220328,Australia-ASSA,III,03:48:00,03:48:00,03:48:10,03:48:45,760,900,zero_width_default,,False,False
win-Australia-ASSA-20220328-055959.npy,20220328,Australia-ASSA,III,06:06:00,06:06:00,06:06:10,06:06:45,1484,1624,zero_width_default,,False,False
win-Australia-ASSA-20220329-050000.npy,20220329,Australia-ASSA,III,05:08:00,05:11:00,05:08:00,05:11:00,1920,2640,catalog,,False,False
win-Australia-ASSA-20220329-061459.npy,20220329,Australia-ASSA,III,06:20:00,06:28:00,06:20:00,06:28:00,1204,3124,catalog,,False,False
win-Australia-ASSA-20220329-062959.npy,20220329,Australia-ASSA,III,06:42:00,06:47:00,06:42:00,06:47:00,2884,3600,catalog,,False,True
win-Australia-ASSA-20220329-064459.npy,20220329,Australia-ASSA,III,06:42:00,06:47:00,06:42:00,06:47:00,0,484,catalog,,False,True
win-Australia-ASSA-20220329-065959.npy,20220329,Australia-ASSA,III,07:10:00,07:13:00,07:10:00,07:13:00,2404,3124,catalog,,False,False
win-Australia-ASSA-20220329-075959.npy,20220329,Australia-ASSA,III,08:03:00,08:05:00,08:03:00,08:05:00,724,1204,catalog,,False,False
win-Australia-ASSA-20220330-010000.npy,20220330,Australia-ASSA,III,01:07:00,01:07:00,01:07:10,01:07:45,1720,1860,zero_width_default,,False,False
win-Australia-ASSA-20220330-024500.npy,20220330,Australia-ASSA,III,02:59:00,02:59:00,02:59:10,02:59:45,3400,3540,zero_width_default,,False,False
win-Australia-ASSA-20220330-040000.npy,20220330,Australia-ASSA,III,04:07:00,04:09:00,04:07:00,04:09:00,1680,2160,catalog,,False,False
win-Australia-ASSA-20220330-044500.npy,20220330,Australia-ASSA,III,04:48:00,04:49:00,04:48:00,04:49:00,720,960,catalog,,False,False
win-Australia-ASSA-20220330-054459.npy,20220330,Australia-ASSA,III,05:50:00,05:53:00,05:50:00,05:53:00,1204,1924,catalog,,False,False
win-Australia-ASSA-20220331-030000.npy,20220331,Australia-ASSA,III,03:07:00,03:07:00,03:07:10,03:07:45,1720,1860,zero_width_default,,False,False
win-Australia-ASSA-20220401-005958.npy,20220401,Australia-ASSA,III,01:11:00,01:12:00,01:11:00,01:12:00,2648,2888,catalog,,False,False
win-Australia-ASSA-20220401-012958.npy,20220401,Australia-ASSA,III,01:35:00,01:39:00,01:35:00,01:39:00,1208,2168,catalog,,False,False
win-Australia-ASSA-20220401-021458.npy,20220401,Australia-ASSA,III,02:19:00,02:26:00,02:19:00,02:26:00,968,2648,catalog,,False,False
win-Australia-ASSA-20220401-031500.npy,20220401,Australia-ASSA,III,03:18:00,03:22:00,03:18:00,03:22:00,720,1680,catalog,,False,False
win-Australia-ASSA-20220401-043000.npy,20220401,Australia-ASSA,III,04:44:00,04:45:00,04:44:00,04:45:00,3360,3600,catalog,,False,False
win-Australia-ASSA-20220402-062959.npy,20220402,Australia-ASSA,III,06:31:00,06:31:00,06:31:10,06:31:45,284,424,zero_width_default,,False,False
win-Australia-ASSA-20220402-064459.npy,20220402,Australia-ASSA,III,06:49:00,06:49:00,06:49:10,06:49:45,1004,1144,zero_width_default,,False,False
win-Australia-ASSA-20220403-002959.npy,20220403,Australia-ASSA,III,00:34:00,00:34:00,00:34:10,00:34:45,1004,1144,zero_width_default,,False,False
win-Australia-ASSA-20220404-024500.npy,20220404,Australia-ASSA,III,02:48:00,02:48:00,02:48:10,02:48:45,760,900,zero_width_default,,False,False
win-Australia-ASSA-20220404-041500.npy,20220404,Australia-ASSA,III,04:29:00,04:29:00,04:29:10,04:29:45,3400,3540,zero_width_default,,False,False
win-Australia-ASSA-20220408-004459.npy,20220408,Australia-ASSA,III,00:49:00,00:56:00,00:49:00,00:56:00,964,2644,catalog,,False,False
win-Australia-ASSA-20220408-014459.npy,20220408,Australia-ASSA,III,01:48:00,01:48:00,01:48:10,01:48:45,764,904,zero_width_default,,False,False
win-Australia-ASSA-20220408-040000.npy,20220408,Australia-ASSA,III,04:06:00,04:07:00,04:06:00,04:07:00,1440,1680,catalog,,False,False
win-Australia-ASSA-20220410-031500.npy,20220410,Australia-ASSA,III,03:23:00,03:23:00,03:23:10,03:23:45,1960,2100,zero_width_default,,False,False
win-Australia-ASSA-20220411-050000.npy,20220411,Australia-ASSA,II,05:10:00,05:22:00,05:10:27,05:15:00,2508,3600,manual,usable,False,True
win-Australia-ASSA-20220411-051500.npy,20220411,Australia-ASSA,II,05:10:00,05:22:00,05:15:00,05:27:44,0,3056,manual,usable,False,True
win-Australia-ASSA-20220411-052959.npy,20220411,Australia-ASSA,III,05:41:00,05:42:00,05:41:00,05:42:00,2644,2884,catalog,,False,False
win-Australia-ASSA-20220413-031500.npy,20220413,Australia-ASSA,III,03:16:00,03:16:00,03:16:10,03:16:45,280,420,zero_width_default,,False,False
win-Australia-ASSA-20220415-003000.npy,20220415,Australia-ASSA,III,00:40:00,00:41:00,00:40:00,00:41:00,2400,2640,catalog,,False,False
win-Australia-ASSA-20220417-031501.npy,20220417,Australia-ASSA,II,03:28:00,03:50:00,03:28:00,03:50:00,3116,3600,catalog,discard,False,True
win-Australia-ASSA-20220417-033001.npy,20220417,Australia-ASSA,II,03:28:00,03:50:00,03:31:27,03:44:51,344,3560,manual,usable,False,True
win-Australia-ASSA-20220417-033001.npy,20220417,Australia-ASSA,III,03:33:00,03:34:00,03:33:00,03:34:00,716,956,catalog,,False,False
win-Australia-ASSA-20220417-034501.npy,20220417,Australia-ASSA,II,03:28:00,03:50:00,03:46:31,04:00:01,360,3600,manual,usable,False,True
win-Australia-ASSA-20220418-033000.npy,20220418,Australia-ASSA,III,03:31:00,03:32:00,03:31:00,03:32:00,240,480,catalog,,False,False
win-Australia-ASSA-20220418-051459.npy,20220418,Australia-ASSA,III,05:27:00,05:28:00,05:27:00,05:28:00,2884,3124,catalog,,False,False
win-Australia-ASSA-20220419-040001.npy,20220419,Australia-ASSA,III,04:14:00,04:14:00,04:14:10,04:14:45,3396,3536,zero_width_default,,False,False
win-Australia-ASSA-20220419-051501.npy,20220419,Australia-ASSA,III,05:26:00,05:27:00,05:26:00,05:27:00,2636,2876,catalog,,False,False
win-Australia-ASSA-20220419-063000.npy,20220419,Australia-ASSA,III,06:30:00,06:30:00,06:30:10,06:30:45,40,180,zero_width_default,,False,False
win-Australia-ASSA-20220419-230000.npy,20220419,Australia-ASSA,III,23:08:00,23:09:00,23:08:00,23:09:00,1920,2160,catalog,,False,False
win-Australia-ASSA-20220420-034500.npy,20220420,Australia-ASSA,II,03:55:00,04:03:00,03:54:38,04:00:00,2312,3600,manual,usable,False,True
win-Australia-ASSA-20220420-040000.npy,20220420,Australia-ASSA,II,03:55:00,04:03:00,04:00:00,04:10:21,0,2484,manual,usable,False,True
win-Australia-ASSA-20220420-044500.npy,20220420,Australia-ASSA,III,04:53:00,04:54:00,04:53:00,04:54:00,1920,2160,catalog,,False,False
win-Australia-ASSA-20220420-050000.npy,20220420,Australia-ASSA,III,05:07:00,05:08:00,05:07:00,05:08:00,1680,1920,catalog,,False,False
win-Australia-ASSA-20220420-053000.npy,20220420,Australia-ASSA,III,05:36:00,05:37:00,05:36:00,05:37:00,1440,1680,catalog,,False,False
win-Australia-ASSA-20220420-065959.npy,20220420,Australia-ASSA,III,07:02:00,07:03:00,07:02:00,07:03:00,484,724,catalog,,False,False
win-Australia-ASSA-20220421-000000.npy,20220421,Australia-ASSA,III,00:12:00,00:12:00,00:12:10,00:12:45,2920,3060,zero_width_default,,False,False
win-Australia-ASSA-20220421-014459.npy,20220421,Australia-ASSA,II,01:57:00,02:07:00,01:57:00,02:07:00,2884,3600,catalog,discard,False,True
win-Australia-ASSA-20220421-015959.npy,20220421,Australia-ASSA,II,02:08:00,02:17:00,02:10:11,02:14:59,2448,3600,manual,usable,False,True
win-Australia-ASSA-20220421-015959.npy,20220421,Australia-ASSA,II,01:57:00,02:07:00,02:00:11,02:14:59,48,3600,manual,usable,False,True
win-Australia-ASSA-20220421-021459.npy,20220421,Australia-ASSA,III,02:23:00,02:25:00,02:23:00,02:25:00,1924,2404,catalog,,False,False
win-Australia-ASSA-20220421-021459.npy,20220421,Australia-ASSA,II,02:08:00,02:17:00,02:14:59,02:18:08,0,756,manual,usable,False,True
win-Australia-ASSA-20220421-041500.npy,20220421,Australia-ASSA,III,04:26:00,04:26:00,04:26:10,04:26:45,2680,2820,zero_width_default,,False,False
win-Australia-ASSA-20220421-041500.npy,20220421,Australia-ASSA,III,04:15:00,04:15:00,04:15:10,04:15:45,40,180,zero_width_default,,False,False
win-Australia-ASSA-20220421-050000.npy,20220421,Australia-ASSA,III,05:00:00,05:06:00,05:00:00,05:06:00,0,1440,catalog,,False,False
win-Australia-ASSA-20220421-054500.npy,20220421,Australia-ASSA,III,05:47:00,05:48:00,05:47:00,05:48:00,480,720,catalog,,False,False
win-Australia-ASSA-20220421-224500.npy,20220421,Australia-ASSA,II,22:45:00,22:58:00,22:46:54,22:50:43,456,1372,manual,usable,False,False
win-Australia-ASSA-20220421-231500.npy,20220421,Australia-ASSA,III,23:23:00,23:23:00,23:23:10,23:23:45,1960,2100,zero_width_default,,False,False
win-Australia-ASSA-20220425-015959.npy,20220425,Australia-ASSA,III,02:03:00,02:05:00,02:03:00,02:05:00,724,1204,catalog,,False,False
win-Australia-ASSA-20220425-054500.npy,20220425,Australia-ASSA,III,05:53:00,05:54:00,05:53:00,05:54:00,1920,2160,catalog,,False,False
win-Australia-ASSA-20220425-234459.npy,20220425,Australia-ASSA,III,23:55:00,23:56:00,23:55:00,23:56:00,2404,2644,catalog,,False,False
win-Australia-ASSA-20220426-012959.npy,20220426,Australia-ASSA,III,01:34:00,01:35:00,01:34:00,01:35:00,964,1204,catalog,,False,False
win-Australia-ASSA-20220426-043000.npy,20220426,Australia-ASSA,III,04:31:00,04:31:00,04:31:10,04:31:45,280,420,zero_width_default,,False,False
win-Australia-ASSA-20220426-050000.npy,20220426,Australia-ASSA,III,05:06:00,05:06:00,05:06:10,05:06:45,1480,1620,zero_width_default,,False,False
win-Australia-ASSA-20220426-051500.npy,20220426,Australia-ASSA,III,05:16:00,05:17:00,05:16:00,05:17:00,240,480,catalog,,False,False
win-Australia-ASSA-20220427-001459.npy,20220427,Australia-ASSA,III,00:28:00,00:28:00,00:28:10,00:28:45,3164,3304,zero_width_default,,False,False
win-Australia-ASSA-20220427-002959.npy,20220427,Australia-ASSA,III,00:36:00,00:37:00,00:36:00,00:37:00,1444,1684,catalog,,False,False
win-Australia-ASSA-20220427-004459.npy,20220427,Australia-ASSA,III,00:52:00,00:55:00,00:52:00,00:55:00,1684,2404,catalog,,False,False
win-Australia-ASSA-20220427-012959.npy,20220427,Australia-ASSA,III,01:32:00,01:35:00,01:32:00,01:35:00,484,1204,catalog,,False,False
win-Australia-ASSA-20220427-014459.npy,20220427,Australia-ASSA,III,01:45:00,01:48:00,01:45:00,01:48:00,4,724,catalog,,False,False
win-Australia-ASSA-20220427-031500.npy,20220427,Australia-ASSA,III,03:20:00,03:21:00,03:20:00,03:21:00,1200,1440,catalog,,False,False
win-Australia-ASSA-20220427-033000.npy,20220427,Australia-ASSA,III,03:32:00,03:33:00,03:32:00,03:33:00,480,720,catalog,,False,False
win-Australia-ASSA-20220427-043000.npy,20220427,Australia-ASSA,III,04:31:00,04:33:00,04:31:00,04:33:00,240,720,catalog,,False,False
win-Australia-ASSA-20220427-055959.npy,20220427,Australia-ASSA,III,06:08:00,06:13:00,06:08:00,06:13:00,1924,3124,catalog,,False,False
win-Australia-ASSA-20220427-061459.npy,20220427,Australia-ASSA,III,06:16:00,06:16:00,06:16:10,06:16:45,284,424,zero_width_default,,False,False
win-Australia-ASSA-20220428-024500.npy,20220428,Australia-ASSA,III,02:45:00,02:51:00,02:45:00,02:51:00,0,1440,catalog,,False,False
win-Australia-ASSA-20220429-031500.npy,20220429,Australia-ASSA,III,03:21:00,03:21:00,03:21:10,03:21:45,1480,1620,zero_width_default,,False,False
win-Australia-ASSA-20220429-040000.npy,20220429,Australia-ASSA,III,04:12:00,04:16:00,04:12:00,04:16:00,2880,3600,catalog,,False,True
win-Australia-ASSA-20220429-041500.npy,20220429,Australia-ASSA,III,04:12:00,04:16:00,04:12:00,04:16:00,0,240,catalog,,False,True
win-Australia-ASSA-20220430-002459.npy,20220430,Australia-ASSA,III,00:25:00,00:30:00,00:25:00,00:30:00,4,1204,catalog,,False,False
win-Australia-ASSA-20220430-044500.npy,20220430,Australia-ASSA,III,04:56:00,05:00:00,04:56:00,05:00:00,2640,3600,catalog,,False,False
win-Australia-ASSA-20220430-052959.npy,20220430,Australia-ASSA,III,05:31:00,05:33:00,05:31:00,05:33:00,244,724,catalog,,False,False
win-Australia-ASSA-20220430-061459.npy,20220430,Australia-ASSA,III,06:24:00,06:29:00,06:24:00,06:29:00,2164,3364,catalog,,False,False
win-Australia-ASSA-20220501-010000.npy,20220501,Australia-ASSA,III,01:02:00,01:04:00,01:02:00,01:04:00,480,960,catalog,,False,False
win-Australia-ASSA-20220501-024501.npy,20220501,Australia-ASSA,III,02:47:00,02:51:00,02:47:00,02:51:00,476,1436,catalog,,False,False
win-Australia-ASSA-20220501-033001.npy,20220501,Australia-ASSA,III,03:36:00,03:37:00,03:36:00,03:37:00,1436,1676,catalog,,False,False
win-Australia-ASSA-20220501-041500.npy,20220501,Australia-ASSA,III,04:28:00,04:30:00,04:28:00,04:30:00,3120,3600,catalog,,False,False
win-Australia-ASSA-20220501-051500.npy,20220501,Australia-ASSA,III,05:22:00,05:22:00,05:22:10,05:22:45,1720,1860,zero_width_default,,False,False
win-Australia-ASSA-20220501-054500.npy,20220501,Australia-ASSA,III,05:55:00,05:55:00,05:55:10,05:55:45,2440,2580,zero_width_default,,False,False
win-Australia-ASSA-20220501-060000.npy,20220501,Australia-ASSA,III,06:12:00,06:16:00,06:12:00,06:16:00,2880,3600,catalog,,False,True
win-Australia-ASSA-20220501-061500.npy,20220501,Australia-ASSA,III,06:12:00,06:16:00,06:12:00,06:16:00,0,240,catalog,,False,True
win-Australia-ASSA-20220502-000000.npy,20220502,Australia-ASSA,III,00:07:00,00:14:00,00:07:00,00:14:00,1680,3360,catalog,,False,False
win-Australia-ASSA-20220502-005959.npy,20220502,Australia-ASSA,V,01:03:00,01:08:00,01:03:47,01:05:45,912,1384,manual,usable,False,False
win-Australia-ASSA-20220502-011459.npy,20220502,Australia-ASSA,III,01:21:00,01:21:00,01:21:10,01:21:45,1484,1624,zero_width_default,,False,False
win-Australia-ASSA-20220502-014459.npy,20220502,Australia-ASSA,III,01:45:00,01:46:00,01:45:00,01:46:00,4,244,catalog,,False,False
win-Australia-ASSA-20220502-033000.npy,20220502,Australia-ASSA,III,03:42:00,03:42:00,03:42:10,03:42:45,2920,3060,zero_width_default,,False,False
win-Australia-ASSA-20220502-041500.npy,20220502,Australia-ASSA,III,04:15:00,04:16:00,04:15:00,04:16:00,0,240,catalog,,False,False
win-Australia-ASSA-20220502-064500.npy,20220502,Australia-ASSA,III,06:49:00,06:50:00,06:49:00,06:50:00,960,1200,catalog,,False,False
win-Australia-ASSA-20220503-000000.npy,20220503,Australia-ASSA,III,00:14:00,00:15:00,00:14:00,00:15:00,3360,3600,catalog,,False,False
win-Australia-ASSA-20220503-012959.npy,20220503,Australia-ASSA,III,01:33:00,01:33:00,01:33:10,01:33:45,764,904,zero_width_default,,False,False
win-Australia-ASSA-20220503-043000.npy,20220503,Australia-ASSA,III,04:32:00,04:32:00,04:32:10,04:32:45,520,660,zero_width_default,,False,False
win-Australia-ASSA-20220504-022959.npy,20220504,Australia-ASSA,III,02:35:00,02:35:00,02:35:10,02:35:45,1244,1384,zero_width_default,,False,False
win-Australia-ASSA-20220504-043000.npy,20220504,Australia-ASSA,III,04:43:00,04:43:00,04:43:10,04:43:45,3160,3300,zero_width_default,,False,False
win-Australia-ASSA-20220504-051459.npy,20220504,Australia-ASSA,III,05:25:00,05:28:00,05:25:00,05:28:00,2404,3124,catalog,,False,False
win-Australia-ASSA-20220505-015959.npy,20220505,Australia-ASSA,III,02:14:00,02:14:00,02:14:10,02:14:45,3404,3544,zero_width_default,,False,False
win-Australia-ASSA-20220505-041500.npy,20220505,Australia-ASSA,III,04:21:00,04:24:00,04:21:00,04:24:00,1440,2160,catalog,,False,False
win-Australia-ASSA-20220507-234500.npy,20220507,Australia-ASSA,III,23:45:00,23:45:00,23:45:10,23:45:45,40,180,zero_width_default,,False,False
win-Australia-ASSA-20220508-001500.npy,20220508,Australia-ASSA,III,00:23:00,00:23:00,00:23:10,00:23:45,1960,2100,zero_width_default,,False,False
win-Australia-ASSA-20220508-003000.npy,20220508,Australia-ASSA,III,00:34:00,00:35:00,00:34:00,00:35:00,960,1200,catalog,,False,False
win-Australia-ASSA-20220508-011501.npy,20220508,Australia-ASSA,III,01:16:00,01:16:00,01:16:10,01:16:45,276,416,zero_width_default,,False,False
win-Australia-ASSA-20220508-020000.npy,20220508,Australia-ASSA,III,02:01:00,02:03:00,02:01:00,02:03:00,240,720,catalog,,False,False
win-Australia-ASSA-20220508-024500.npy,20220508,Australia-ASSA,III,02:53:00,02:54:00,02:53:00,02:54:00,1920,2160,catalog,,False,False
win-Australia-ASSA-20220508-040000.npy,20220508,Australia-ASSA,III,04:04:00,04:04:00,04:04:10,04:04:45,1000,1140,zero_width_default,,False,False
win-Australia-ASSA-20220508-041500.npy,20220508,Australia-ASSA,III,04:19:00,04:19:00,04:19:10,04:19:45,1000,1140,zero_width_default,,False,False
win-Australia-ASSA-20220508-045959.npy,20220508,Australia-ASSA,III,05:07:00,05:08:00,05:07:00,05:08:00,1684,1924,catalog,,False,False
win-Australia-ASSA-20220509-011500.npy,20220509,Australia-ASSA,III,01:27:00,01:27:00,01:27:10,01:27:45,2920,3060,zero_width_default,,False,False
win-Australia-ASSA-20220509-031500.npy,20220509,Australia-ASSA,III,03:22:00,03:23:00,03:22:00,03:23:00,1680,1920,catalog,,False,False
win-Australia-ASSA-20220509-233000.npy,20220509,Australia-ASSA,III,23:32:00,23:33:00,23:32:00,23:33:00,480,720,catalog,,False,False
win-Australia-ASSA-20220510-012959.npy,20220510,Australia-ASSA,III,01:39:00,01:41:00,01:39:00,01:41:00,2164,2644,catalog,,False,False
win-Australia-ASSA-20220510-014500.npy,20220510,Australia-ASSA,III,01:50:00,01:50:00,01:50:10,01:50:45,1240,1380,zero_width_default,,False,False
win-Australia-ASSA-20220510-024500.npy,20220510,Australia-ASSA,III,02:52:00,02:53:00,02:52:00,02:53:00,1680,1920,catalog,,False,False
win-Australia-ASSA-20220511-004459.npy,20220511,Australia-ASSA,III,00:57:00,00:57:00,00:57:10,00:57:45,2924,3064,zero_width_default,,False,False
win-Australia-ASSA-20220511-005959.npy,20220511,Australia-ASSA,III,01:05:00,01:08:00,01:05:00,01:08:00,1204,1924,catalog,,False,False
win-Australia-ASSA-20220511-014459.npy,20220511,Australia-ASSA,III,01:51:00,01:51:00,01:51:10,01:51:45,1484,1624,zero_width_default,,False,False
win-Australia-ASSA-20220511-014459.npy,20220511,Australia-ASSA,III,01:59:00,02:04:00,01:59:00,02:04:00,3364,3600,catalog,,False,True
win-Australia-ASSA-20220511-015959.npy,20220511,Australia-ASSA,III,01:59:00,02:04:00,01:59:00,02:04:00,0,964,catalog,,False,True
win-Australia-ASSA-20220511-033000.npy,20220511,Australia-ASSA,III,03:33:00,03:38:00,03:33:00,03:38:00,720,1920,catalog,,False,False
win-Australia-ASSA-20220511-051501.npy,20220511,Australia-ASSA,III,05:26:00,05:28:00,05:26:00,05:28:00,2636,3116,catalog,,False,False
win-Australia-ASSA-20220511-061502.npy,20220511,Australia-ASSA,III,06:15:00,06:15:00,06:15:10,06:15:45,32,172,zero_width_default,,False,False
win-Australia-ASSA-20220512-044500.npy,20220512,Australia-ASSA,III,04:57:00,04:57:00,04:57:10,04:57:45,2920,3060,zero_width_default,,False,False
win-Australia-ASSA-20220512-054459.npy,20220512,Australia-ASSA,III,05:47:00,05:50:00,05:47:00,05:50:00,484,1204,catalog,,False,False
win-Australia-ASSA-20220513-002959.npy,20220513,Australia-ASSA,III,00:35:00,00:35:00,00:35:10,00:35:45,1244,1384,zero_width_default,,False,False
win-Australia-ASSA-20220513-005959.npy,20220513,Australia-ASSA,III,01:00:00,01:01:00,01:00:00,01:01:00,4,244,catalog,,False,False
win-Australia-ASSA-20220513-031500.npy,20220513,Australia-ASSA,III,03:29:00,03:29:00,03:29:10,03:29:45,3400,3540,zero_width_default,,False,False
win-Australia-ASSA-20220513-033000.npy,20220513,Australia-ASSA,III,03:35:00,03:35:00,03:35:10,03:35:45,1240,1380,zero_width_default,,False,False
win-Australia-ASSA-20220513-064459.npy,20220513,Australia-ASSA,III,06:52:00,06:52:00,06:52:10,06:52:45,1724,1864,zero_width_default,,False,False
win-Australia-ASSA-20220514-013001.npy,20220514,Australia-ASSA,III,01:39:00,01:40:00,01:39:00,01:40:00,2156,2396,catalog,,False,False
win-Australia-ASSA-20220514-024500.npy,20220514,Australia-ASSA,III,02:49:00,02:55:00,02:49:00,02:55:00,960,2400,catalog,,False,False
win-Australia-ASSA-20220514-051502.npy,20220514,Australia-ASSA,III,05:26:00,05:30:00,05:26:00,05:30:00,2632,3592,catalog,,False,False
win-Australia-ASSA-20220514-224500.npy,20220514,Australia-ASSA,III,22:51:00,22:54:00,22:51:00,22:54:00,1440,2160,catalog,,False,False
win-Australia-ASSA-20220516-021459.npy,20220516,Australia-ASSA,III,02:22:00,02:22:00,02:22:10,02:22:45,1724,1864,zero_width_default,,False,False
win-Australia-ASSA-20220516-230000.npy,20220516,Australia-ASSA,III,23:05:00,23:12:00,23:05:00,23:12:00,1200,2880,catalog,,False,False
win-Australia-ASSA-20220517-034500.npy,20220517,Australia-ASSA,III,03:51:00,03:51:00,03:51:10,03:51:45,1480,1620,zero_width_default,,False,False
win-Australia-ASSA-20220518-012959.npy,20220518,Australia-ASSA,III,01:44:00,01:44:00,01:44:10,01:44:45,3404,3544,zero_width_default,,False,False
win-Australia-ASSA-20220518-022959.npy,20220518,Australia-ASSA,III,02:37:00,02:44:00,02:37:00,02:44:00,1684,3364,catalog,,False,False
win-Australia-ASSA-20220518-031500.npy,20220518,Australia-ASSA,III,03:19:00,03:19:00,03:19:10,03:19:45,1000,1140,zero_width_default,,False,False
win-Australia-ASSA-20220518-033000.npy,20220518,Australia-ASSA,III,03:38:00,03:41:00,03:38:00,03:41:00,1920,2640,catalog,,False,False
win-Australia-ASSA-20220518-233000.npy,20220518,Australia-ASSA,III,23:30:00,23:35:00,23:30:00,23:35:00,0,1200,catalog,,False,False
win-Australia-ASSA-20220518-234459.npy,20220518,Australia-ASSA,III,23:54:00,23:56:00,23:54:00,23:56:00,2164,2644,catalog,,False,False
win-Australia-ASSA-20220519-015959.npy,20220519,Australia-ASSA,III,02:03:00,02:04:00,02:03:00,02:04:00,724,964,catalog,,False,False
win-Australia-ASSA-20220519-031500.npy,20220519,Australia-ASSA,III,03:16:00,03:16:00,03:16:10,03:16:45,280,420,zero_width_default,,False,False
win-Australia-ASSA-20220520-005959.npy,20220520,Australia-ASSA,III,01:00:00,01:02:00,01:00:00,01:02:00,4,484,catalog,,False,False
win-Australia-ASSA-20220520-233000.npy,20220520,Australia-ASSA,III,23:30:00,23:37:00,23:30:00,23:37:00,0,1680,catalog,,False,False
win-Australia-ASSA-20220521-000000.npy,20220521,Australia-ASSA,III,00:09:00,00:12:00,00:09:00,00:12:00,2160,2880,catalog,,False,False
win-Australia-ASSA-20220521-004459.npy,20220521,Australia-ASSA,III,00:54:00,00:54:00,00:54:10,00:54:45,2204,2344,zero_width_default,,False,False
win-Australia-ASSA-20220521-031501.npy,20220521,Australia-ASSA,III,03:26:00,03:26:00,03:26:10,03:26:45,2676,2816,zero_width_default,,False,False
win-Australia-ASSA-20220521-034501.npy,20220521,Australia-ASSA,III,03:48:00,03:51:00,03:48:00,03:51:00,716,1436,catalog,,False,False
win-Australia-ASSA-20220521-061502.npy,20220521,Australia-ASSA,III,06:28:00,06:29:00,06:28:00,06:29:00,3112,3352,catalog,,False,False
win-Australia-ASSA-20220521-233000.npy,20220521,Australia-ASSA,III,23:37:00,23:37:00,23:37:10,23:37:45,1720,1860,zero_width_default,,False,False
win-Australia-ASSA-20220522-015959.npy,20220522,Australia-ASSA,III,02:09:00,02:10:00,02:09:00,02:10:00,2164,2404,catalog,,False,False
win-Australia-ASSA-20220522-021459.npy,20220522,Australia-ASSA,III,02:20:00,02:29:00,02:20:00,02:29:00,1204,3364,catalog,,False,False
win-Australia-ASSA-20220522-033000.npy,20220522,Australia-ASSA,III,03:42:00,03:43:00,03:42:00,03:43:00,2880,3120,catalog,,False,False
win-Australia-ASSA-20220522-051501.npy,20220522,Australia-ASSA,III,05:21:00,05:22:00,05:21:00,05:22:00,1436,1676,catalog,,False,False
win-Australia-ASSA-20220522-061503.npy,20220522,Australia-ASSA,III,06:18:00,06:18:00,06:18:10,06:18:45,748,888,zero_width_default,,False,False
win-Australia-ASSA-20220525-002959.npy,20220525,Australia-ASSA,III,00:34:00,00:34:00,00:34:10,00:34:45,1004,1144,zero_width_default,,False,False
win-Australia-ASSA-20220526-024500.npy,20220526,Australia-ASSA,III,02:57:00,02:59:00,02:57:00,02:59:00,2880,3360,catalog,,False,False
win-Australia-ASSA-20220526-040000.npy,20220526,Australia-ASSA,III,04:08:00,04:10:00,04:08:00,04:10:00,1920,2400,catalog,,False,False
win-Australia-ASSA-20220526-064459.npy,20220526,Australia-ASSA,III,06:52:00,06:53:00,06:52:00,06:53:00,1684,1924,catalog,,False,False
win-Australia-ASSA-20220527-004459.npy,20220527,Australia-ASSA,III,00:48:00,00:49:00,00:48:00,00:49:00,724,964,catalog,,False,False
win-Australia-ASSA-20220527-014459.npy,20220527,Australia-ASSA,III,01:46:00,01:46:00,01:46:10,01:46:45,284,424,zero_width_default,,False,False
win-Australia-ASSA-20220527-024500.npy,20220527,Australia-ASSA,III,02:52:00,02:52:00,02:52:10,02:52:45,1720,1860,zero_width_default,,False,False
win-Australia-ASSA-20220527-034500.npy,20220527,Australia-ASSA,III,03:53:00,03:53:00,03:53:10,03:53:45,1960,2100,zero_width_default,,False,False
win-Australia-ASSA-20220527-040000.npy,20220527,Australia-ASSA,III,04:08:00,04:08:00,04:08:10,04:08:45,1960,2100,zero_width_default,,False,False
win-Australia-ASSA-20220527-043000.npy,20220527,Australia-ASSA,III,04:42:00,04:43:00,04:42:00,04:43:00,2880,3120,catalog,,False,False
win-Australia-ASSA-20220528-013000.npy,20220528,Australia-ASSA,III,01:33:00,01:35:00,01:33:00,01:35:00,720,1200,catalog,,False,False
win-Australia-ASSA-20220528-051459.npy,20220528,Australia-ASSA,III,05:18:00,05:18:00,05:18:10,05:18:45,764,904,zero_width_default,,False,False
win-Australia-ASSA-20220528-231500.npy,20220528,Australia-ASSA,III,23:15:00,23:16:00,23:15:00,23:16:00,0,240,catalog,,False,False
win-Australia-ASSA-20220529-011459.npy,20220529,Australia-ASSA,III,01:20:00,01:25:00,01:20:00,01:25:00,1204,2404,catalog,,False,False
win-Australia-ASSA-20220530-011459.npy,20220530,Australia-ASSA,III,01:18:00,01:18:00,01:18:10,01:18:45,764,904,zero_width_default,,False,False
win-Australia-ASSA-20220531-011459.npy,20220531,Australia-ASSA,III,01:20:00,01:20:00,01:20:10,01:20:45,1244,1384,zero_width_default,,False,False
win-Australia-ASSA-20220601-002959.npy,20220601,Australia-ASSA,III,00:34:00,00:35:00,00:34:00,00:35:00,964,1204,catalog,,False,False
win-Australia-ASSA-20220601-021458.npy,20220601,Australia-ASSA,III,02:21:00,02:21:00,02:21:10,02:21:45,1488,1628,zero_width_default,,False,False
win-Australia-ASSA-20220601-024501.npy,20220601,Australia-ASSA,III,02:51:00,02:51:00,02:51:10,02:51:45,1476,1616,zero_width_default,,False,False
win-Australia-ASSA-20220601-040000.npy,20220601,Australia-ASSA,III,04:09:00,04:09:00,04:09:10,04:09:45,2200,2340,zero_width_default,,False,False
win-Australia-ASSA-20220602-024500.npy,20220602,Australia-ASSA,III,02:47:00,02:53:00,02:47:00,02:53:00,480,1920,catalog,,False,False
win-Australia-ASSA-20220602-040000.npy,20220602,Australia-ASSA,III,04:11:00,04:13:00,04:11:00,04:13:00,2640,3120,catalog,,False,False
win-Australia-ASSA-20220602-043000.npy,20220602,Australia-ASSA,III,04:41:00,04:41:00,04:41:10,04:41:45,2680,2820,zero_width_default,,False,False
win-Australia-ASSA-20220603-024500.npy,20220603,Australia-ASSA,III,02:45:00,02:50:00,02:45:00,02:50:00,0,1200,catalog,,False,False
win-Australia-ASSA-20220608-033000.npy,20220608,Australia-ASSA,III,03:33:00,03:34:00,03:33:00,03:34:00,720,960,catalog,,False,False
win-Australia-ASSA-20220612-014459.npy,20220612,Australia-ASSA,III,01:48:00,01:48:00,01:48:10,01:48:45,764,904,zero_width_default,,False,False
win-Australia-ASSA-20220612-041500.npy,20220612,Australia-ASSA,III,04:21:00,04:21:00,04:21:10,04:21:45,1480,1620,zero_width_default,,False,False
win-Australia-ASSA-20220613-031500.npy,20220613,Australia-ASSA,III,03:22:00,03:23:00,03:22:00,03:23:00,1680,1920,catalog,,False,False
win-Australia-ASSA-20220613-031500.npy,20220613,Australia-ASSA,II,03:24:00,03:32:00,03:22:48,03:30:00,1872,3600,manual,usable,False,True
win-Australia-ASSA-20220613-033000.npy,20220613,Australia-ASSA,II,03:24:00,03:32:00,03:30:00,03:32:21,0,564,manual,usable,False,True
win-Australia-ASSA-20220616-055959.npy,20220616,Australia-ASSA,III,06:04:00,06:04:00,06:04:10,06:04:45,1004,1144,zero_width_default,,False,False
win-Australia-ASSA-20220617-002959.npy,20220617,Australia-ASSA,III,00:33:00,00:47:00,00:33:00,00:47:00,724,3600,catalog,,False,True
win-Australia-ASSA-20220617-004459.npy,20220617,Australia-ASSA,III,00:33:00,00:47:00,00:33:00,00:47:00,0,484,catalog,,False,True
win-Australia-ASSA-20220617-012959.npy,20220617,Australia-ASSA,III,01:35:00,01:40:00,01:35:00,01:40:00,1204,2404,catalog,,False,False
win-Australia-ASSA-20220617-231500.npy,20220617,Australia-ASSA,III,23:20:00,23:24:00,23:20:00,23:24:00,1200,2160,catalog,,False,False
win-Australia-ASSA-20220619-001459.npy,20220619,Australia-ASSA,III,00:21:00,00:22:00,00:21:00,00:22:00,1444,1684,catalog,,False,False
win-Australia-ASSA-20220619-034500.npy,20220619,Australia-ASSA,III,03:47:00,03:47:00,03:47:10,03:47:45,520,660,zero_width_default,,False,False
win-Australia-ASSA-20220619-044501.npy,20220619,Australia-ASSA,III,04:50:00,04:51:00,04:50:00,04:51:00,1196,1436,catalog,,False,False
win-Australia-ASSA-20220622-041500.npy,20220622,Australia-ASSA,III,04:17:00,04:19:00,04:17:00,04:19:00,480,960,catalog,,False,False
win-Australia-ASSA-20220622-050000.npy,20220622,Australia-ASSA,III,05:04:00,05:05:00,05:04:00,05:05:00,960,1200,catalog,,False,False
win-Australia-ASSA-20220623-233000.npy,20220623,Australia-ASSA,III,23:39:00,23:41:00,23:39:00,23:41:00,2160,2640,catalog,,False,False
win-Australia-ASSA-20220625-040000.npy,20220625,Australia-ASSA,III,04:14:00,04:17:00,04:14:00,04:17:00,3360,3600,catalog,,False,True
win-Australia-ASSA-20220625-041500.npy,20220625,Australia-ASSA,III,04:14:00,04:17:00,04:14:00,04:17:00,0,480,catalog,,False,True
win-Australia-ASSA-20220626-001459.npy,20220626,Australia-ASSA,III,00:24:00,00:28:00,00:24:00,00:28:00,2164,3124,catalog,,False,False
win-Australia-ASSA-20220626-024501.npy,20220626,Australia-ASSA,III,02:48:00,02:56:00,02:48:00,02:56:00,716,2636,catalog,,False,False
win-Australia-ASSA-20220626-033000.npy,20220626,Australia-ASSA,III,03:36:00,03:37:00,03:36:00,03:37:00,1440,1680,catalog,,False,False
win-Australia-ASSA-20220626-223000.npy,20220626,Australia-ASSA,III,22:41:00,22:41:00,22:41:10,22:41:45,2680,2820,zero_width_default,,False,False
win-Australia-ASSA-20220626-232959.npy,20220626,Australia-ASSA,III,23:32:00,23:33:00,23:32:00,23:33:00,484,724,catalog,,False,False
win-Australia-ASSA-20220626-234459.npy,20220626,Australia-ASSA,III,23:59:00,23:59:00,23:59:10,23:59:45,3404,3544,zero_width_default,,False,False
win-Australia-ASSA-20220627-000001.npy,20220627,Australia-ASSA,III,00:00:00,00:01:00,00:00:00,00:01:00,0,236,catalog,,False,True
win-Australia-ASSA-20220627-015959.npy,20220627,Australia-ASSA,III,02:03:00,02:06:00,02:03:00,02:06:00,724,1444,catalog,,False,False
win-Australia-ASSA-20220628-021501.npy,20220628,Australia-ASSA,III,02:20:00,02:20:00,02:20:10,02:20:45,618,688,zero_width_default,,False,False
win-Australia-ASSA-20220628-024500.npy,20220628,Australia-ASSA,III,02:58:00,02:59:00,02:58:00,02:59:00,1560,1680,catalog,,False,False
win-Australia-ASSA-20220628-034500.npy,20220628,Australia-ASSA,III,03:55:00,04:01:00,03:55:00,04:01:00,1200,1800,catalog,,False,True
win-Australia-ASSA-20220628-040000.npy,20220628,Australia-ASSA,III,03:55:00,04:01:00,03:55:00,04:01:00,0,120,catalog,,False,True
win-Australia-ASSA-20220628-051501.npy,20220628,Australia-ASSA,III,05:26:00,05:29:00,05:26:00,05:29:00,1318,1678,catalog,,False,False
win-Australia-ASSA-20220628-054501.npy,20220628,Australia-ASSA,III,05:54:00,05:54:00,05:54:10,05:54:45,1098,1168,zero_width_default,,False,False
win-Australia-ASSA-20220628-061502.npy,20220628,Australia-ASSA,III,06:25:00,06:28:00,06:25:00,06:28:00,1196,1556,catalog,,False,False
win-Australia-ASSA-20220628-064502.npy,20220628,Australia-ASSA,III,06:52:00,06:52:00,06:52:10,06:52:45,856,926,zero_width_default,,False,False
win-Australia-ASSA-20220628-070002.npy,20220628,Australia-ASSA,III,07:11:00,07:18:00,07:11:00,07:18:00,1316,1800,catalog,,False,True
win-Australia-ASSA-20220628-071502.npy,20220628,Australia-ASSA,III,07:11:00,07:18:00,07:11:00,07:18:00,0,356,catalog,,False,True
win-Australia-ASSA-20220629-024500.npy,20220629,Australia-ASSA,III,02:50:00,02:51:00,02:50:00,02:51:00,600,720,catalog,,False,False
win-Australia-ASSA-20220629-230000.npy,20220629,Australia-ASSA,III,23:07:00,23:11:00,23:07:00,23:11:00,840,1320,catalog,,False,False
win-Australia-ASSA-20220630-050001.npy,20220630,Australia-ASSA,III,05:05:00,05:07:00,05:05:00,05:07:00,598,838,catalog,,False,False
win-Australia-ASSA-20220630-051501.npy,20220630,Australia-ASSA,III,05:18:00,05:20:00,05:18:00,05:20:00,358,598,catalog,,False,False
win-Australia-ASSA-20220630-231500.npy,20220630,Australia-ASSA,III,23:26:00,23:27:00,23:26:00,23:27:00,1320,1440,catalog,,False,False
win-Australia-ASSA-20220630-231500.npy,20220630,Australia-ASSA,III,23:15:00,23:16:00,23:15:00,23:16:00,0,120,catalog,,False,False
win-Australia-ASSA-20220701-031500.npy,20220701,Australia-ASSA,III,03:23:00,03:23:00,03:23:10,03:23:45,980,1050,zero_width_default,,False,False
win-Australia-ASSA-20220701-034500.npy,20220701,Australia-ASSA,III,03:50:00,03:51:00,03:50:00,03:51:00,600,720,catalog,,False,False
win-Australia-ASSA-20220701-053001.npy,20220701,Australia-ASSA,III,05:39:00,05:42:00,05:39:00,05:42:00,1078,1438,catalog,,False,False
win-Australia-ASSA-20220701-063002.npy,20220701,Australia-ASSA,III,06:42:00,06:43:00,06:42:00,06:43:00,1436,1556,catalog,,False,False
win-Australia-ASSA-20220702-011502.npy,20220702,Australia-ASSA,III,01:27:00,01:30:00,01:27:00,01:30:00,2872,3592,catalog,,False,False
win-Australia-ASSA-20220702-013002.npy,20220702,Australia-ASSA,III,01:37:00,01:37:00,01:37:10,01:37:45,1712,1852,zero_width_default,,False,False
win-Australia-ASSA-20220702-063001.npy,20220702,Australia-ASSA,III,06:30:00,06:30:00,06:30:10,06:30:45,36,176,zero_width_default,,False,False
win-Australia-ASSA-20220702-233000.npy,20220702,Australia-ASSA,III,23:42:00,23:43:00,23:42:00,23:43:00,2880,3120,catalog,,False,False
win-Australia-ASSA-20220702-234500.npy,20220702,Australia-ASSA,III,23:55:00,23:59:00,23:55:00,23:59:00,2400,3360,catalog,,False,False
win-Australia-ASSA-20220703-000000.npy,20220703,Australia-ASSA,III,00:00:00,00:00:00,00:00:10,00:00:45,20,90,zero_width_default,,False,False
win-Australia-ASSA-20220703-033000.npy,20220703,Australia-ASSA,III,03:42:00,03:47:00,03:42:00,03:47:00,1440,1800,catalog,,False,True
win-Australia-ASSA-20220703-034500.npy,20220703,Australia-ASSA,III,03:42:00,03:47:00,03:42:00,03:47:00,0,240,catalog,,False,True
win-Australia-ASSA-20220705-040000.npy,20220705,Australia-ASSA,V,04:00:00,04:03:00,04:00:20,04:04:11,80,1004,manual,usable,False,False
win-Australia-ASSA-20220705-041500.npy,20220705,Australia-ASSA,II,04:15:00,04:32:00,04:16:30,04:24:48,360,2352,manual,usable,False,True
win-Australia-ASSA-20220705-042959.npy,20220705,Australia-ASSA,II,04:15:00,04:32:00,04:30:55,04:32:16,224,548,manual,usable,False,True
win-Australia-ASSA-20220706-022958.npy,20220706,Australia-ASSA,III,02:40:00,02:46:00,02:40:00,02:46:00,2408,3597,catalog,,False,True
win-Australia-ASSA-20220706-045959.npy,20220706,Australia-ASSA,III,05:03:00,05:03:00,05:03:10,05:03:45,764,904,zero_width_default,,False,False
win-Australia-ASSA-20220706-055959.npy,20220706,Australia-ASSA,III,06:03:00,06:03:00,06:03:10,06:03:45,764,904,zero_width_default,,False,False
win-Australia-ASSA-20220706-062959.npy,20220706,Australia-ASSA,III,06:36:00,06:43:00,06:36:00,06:43:00,1444,3124,catalog,,False,False
win-Australia-ASSA-20220707-013001.npy,20220707,Australia-ASSA,III,01:35:00,01:35:00,01:35:10,01:35:45,618,688,zero_width_default,,False,False
win-Australia-ASSA-20220708-051500.npy,20220708,Australia-ASSA,III,05:20:00,05:20:00,05:20:10,05:20:45,1240,1380,zero_width_default,,False,False
win-Australia-ASSA-20220708-064501.npy,20220708,Australia-ASSA,III,06:52:00,06:54:00,06:52:00,06:54:00,1676,2156,catalog,,False,False
win-Australia-ASSA-20220709-043001.npy,20220709,Australia-ASSA,III,04:31:00,04:31:00,04:31:10,04:31:45,138,208,zero_width_default,,False,False
win-Australia-ASSA-20220709-071503.npy,20220709,Australia-ASSA,III,07:28:00,07:28:00,07:28:10,07:28:45,1574,1644,zero_width_default,,False,False
win-Australia-ASSA-20220709-223000.npy,20220709,Australia-ASSA,III,22:32:00,22:37:00,22:32:00,22:37:00,240,840,catalog,,False,False
win-Australia-ASSA-20220710-012959.npy,20220710,Australia-ASSA,III,01:30:00,01:31:00,01:30:00,01:31:00,4,244,catalog,,False,False
win-Australia-ASSA-20220714-231501.npy,20220714,Australia-ASSA,III,23:15:00,23:16:00,23:15:00,23:16:00,0,118,catalog,,False,True
win-Australia-ASSA-20220715-014500.npy,20220715,Australia-ASSA,III,01:59:00,01:59:00,01:59:10,01:59:45,3400,3540,zero_width_default,,False,False
win-Australia-ASSA-20220715-221459.npy,20220715,Australia-ASSA,III,22:19:00,22:22:00,22:19:00,22:22:00,964,1684,catalog,,False,False
win-Australia-ASSA-20220716-034459.npy,20220716,Australia-ASSA,III,03:57:00,03:58:00,03:57:00,03:58:00,2884,3124,catalog,,False,False
win-Australia-ASSA-20220716-041459.npy,20220716,Australia-ASSA,III,04:26:00,04:26:00,04:26:10,04:26:45,2684,2824,zero_width_default,,False,False
win-Australia-ASSA-20220716-071458.npy,20220716,Australia-ASSA,III,07:20:00,07:20:00,07:20:10,07:20:45,1248,1388,zero_width_default,,False,False
win-Australia-ASSA-20220719-232959.npy,20220719,Australia-ASSA,III,23:35:00,23:43:00,23:35:00,23:43:00,1204,3124,catalog,,False,False
win-Australia-ASSA-20220721-011459.npy,20220721,Australia-ASSA,II,01:21:00,01:28:00,01:20:21,01:27:10,1288,2924,manual,usable,False,False
win-Australia-ASSA-20220721-011459.npy,20220721,Australia-ASSA,III,01:20:00,01:23:00,01:20:00,01:23:00,1204,1924,catalog,,False,False
win-Australia-ASSA-20220721-032959.npy,20220721,Australia-ASSA,III,03:36:00,03:36:00,03:36:10,03:36:45,1484,1624,zero_width_default,,False,False
win-Australia-ASSA-20220722-011500.npy,20220722,Australia-ASSA,III,01:16:00,01:16:00,01:16:10,01:16:45,280,420,zero_width_default,,False,False
win-Australia-ASSA-20220722-014500.npy,20220722,Australia-ASSA,III,01:52:00,01:57:00,01:52:00,01:57:00,1680,2880,catalog,,False,False
win-Australia-ASSA-20220722-023000.npy,20220722,Australia-ASSA,III,02:40:00,02:40:00,02:40:10,02:40:45,2440,2580,zero_width_default,,False,False
win-Australia-ASSA-20220723-001459.npy,20220723,Australia-ASSA,III,00:27:00,00:27:00,00:27:10,00:27:45,2924,3064,zero_width_default,,False,False
win-Australia-ASSA-20220723-031459.npy,20220723,Australia-ASSA,III,03:26:00,03:26:00,03:26:10,03:26:45,2684,2824,zero_width_default,,False,False
win-Australia-ASSA-20220723-231459.npy,20220723,Australia-ASSA,III,23:25:00,23:35:00,23:25:00,23:35:00,2404,3600,catalog,,False,True
win-Australia-ASSA-20220723-232959.npy,20220723,Australia-ASSA,III,23:25:00,23:35:00,23:25:00,23:35:00,0,1204,catalog,,False,True
win-Australia-ASSA-20220724-032959.npy,20220724,Australia-ASSA,III,03:41:00,03:43:00,03:41:00,03:43:00,2644,3124,catalog,,False,False
win-Australia-ASSA-20220730-234459.npy,20220730,Australia-ASSA,III,23:52:00,23:53:00,23:52:00,23:53:00,1684,1924,catalog,,False,False
win-Australia-ASSA-20220731-005959.npy,20220731,Australia-ASSA,III,01:06:00,01:06:00,01:06:10,01:06:45,1484,1624,zero_width_default,,False,False
win-Australia-ASSA-20220802-222959.npy,20220802,Australia-ASSA,III,22:38:00,22:38:00,22:38:10,22:38:45,1964,2104,zero_width_default,,False,False
win-Australia-ASSA-20220803-224459.npy,20220803,Australia-ASSA,III,22:50:00,22:51:00,22:50:00,22:51:00,1204,1444,catalog,,False,False
win-Australia-ASSA-20220804-035959.npy,20220804,Australia-ASSA,III,04:02:00,04:04:00,04:02:00,04:04:00,484,964,catalog,,False,False
win-Australia-ASSA-20220805-035959.npy,20220805,Australia-ASSA,III,04:08:00,04:09:00,04:08:00,04:09:00,1924,2164,catalog,,False,False
win-Australia-ASSA-20220805-045959.npy,20220805,Australia-ASSA,III,05:12:00,05:12:00,05:12:10,05:12:45,2924,3064,zero_width_default,,False,False
win-Australia-ASSA-20220805-052959.npy,20220805,Australia-ASSA,III,05:30:00,05:30:00,05:30:10,05:30:45,44,184,zero_width_default,,False,False
win-Australia-ASSA-20220805-061458.npy,20220805,Australia-ASSA,III,06:26:00,06:28:00,06:26:00,06:28:00,2648,3128,catalog,,False,False
win-Australia-ASSA-20220805-061458.npy,20220805,Australia-ASSA,III,06:18:00,06:18:00,06:18:10,06:18:45,768,908,zero_width_default,,False,False
win-Australia-ASSA-20220805-062958.npy,20220805,Australia-ASSA,III,06:35:00,06:39:00,06:35:00,06:39:00,1208,2168,catalog,,False,False
win-Australia-ASSA-20220806-001500.npy,20220806,Australia-ASSA,III,00:16:00,00:16:00,00:16:10,00:16:45,140,210,zero_width_default,,False,False
win-Australia-ASSA-20220806-030000.npy,20220806,Australia-ASSA,III,03:05:00,03:05:00,03:05:10,03:05:45,620,690,zero_width_default,,False,False
win-Australia-ASSA-20220809-011459.npy,20220809,Australia-ASSA,III,01:26:00,01:28:00,01:26:00,01:28:00,2644,3124,catalog,,False,False
win-Australia-ASSA-20220809-012959.npy,20220809,Australia-ASSA,III,01:42:00,01:43:00,01:42:00,01:43:00,2884,3124,catalog,,False,False
win-Australia-ASSA-20220813-031500.npy,20220813,Australia-ASSA,III,03:17:00,03:17:00,03:17:10,03:17:45,260,330,zero_width_default,,False,False
win-Australia-ASSA-20220814-061459.npy,20220814,Australia-ASSA,III,06:23:00,06:23:00,06:23:10,06:23:45,1964,2104,zero_width_default,,False,False
win-Australia-ASSA-20220815-055959.npy,20220815,Australia-ASSA,III,06:08:00,06:13:00,06:08:00,06:13:00,1924,3124,catalog,,False,False
win-Australia-ASSA-20220816-015959.npy,20220816,Australia-ASSA,III,02:14:00,02:15:00,02:14:00,02:15:00,3364,3600,catalog,,False,True
win-Australia-ASSA-20220816-025959.npy,20220816,Australia-ASSA,III,03:00:00,03:04:00,03:00:00,03:04:00,4,964,catalog,,False,False
win-Australia-ASSA-20220816-041459.npy,20220816,Australia-ASSA,III,04:15:00,04:15:00,04:15:10,04:15:45,44,184,zero_width_default,,False,False
win-Australia-ASSA-20220819-042959.npy,20220819,Australia-ASSA,II,04:35:00,04:47:00,04:35:00,04:47:00,1204,3600,catalog,usable,False,True
win-Australia-ASSA-20220819-044459.npy,20220819,Australia-ASSA,II,04:35:00,04:47:00,04:45:01,04:49:01,8,968,manual,usable,False,True
win-Australia-ASSA-20220819-044459.npy,20220819,Australia-ASSA,III,04:45:00,04:48:00,04:45:00,04:48:00,4,724,catalog,,False,False
win-Australia-ASSA-20220826-072958.npy,20220826,Australia-ASSA,III,07:38:00,07:40:00,07:38:00,07:40:00,1928,2408,catalog,,False,False
win-Australia-ASSA-20220827-015959.npy,20220827,Australia-ASSA,II,02:12:00,02:14:00,02:12:07,02:14:08,2912,3396,manual,usable,False,False
win-Australia-ASSA-20220827-041459.npy,20220827,Australia-ASSA,III,04:23:00,04:23:00,04:23:10,04:23:45,1964,2104,zero_width_default,,False,False
win-Australia-ASSA-20220827-225959.npy,20220827,Australia-ASSA,III,23:02:00,23:11:00,23:02:00,23:11:00,484,2644,catalog,,False,False
win-Australia-ASSA-20220827-234459.npy,20220827,Australia-ASSA,III,23:50:00,23:50:00,23:50:10,23:50:45,1244,1384,zero_width_default,,False,False
win-Australia-ASSA-20220828-014459.npy,20220828,Australia-ASSA,III,01:58:00,01:58:00,01:58:10,01:58:45,3164,3304,zero_width_default,,False,False
win-Australia-ASSA-20220829-011459.npy,20220829,Australia-ASSA,III,01:17:00,01:22:00,01:17:00,01:22:00,484,1684,catalog,,False,False
win-Australia-ASSA-20220829-014459.npy,20220829,Australia-ASSA,III,01:59:00,01:59:00,01:59:10,01:59:45,3404,3544,zero_width_default,,False,False
win-Australia-ASSA-20220829-022959.npy,20220829,Australia-ASSA,III,02:41:00,02:47:00,02:41:00,02:47:00,2644,3600,catalog,,False,True
win-Australia-ASSA-20220829-024500.npy,20220829,Australia-ASSA,III,02:41:00,02:47:00,02:41:00,02:47:00,0,480,catalog,,False,True
win-Australia-ASSA-20220829-044459.npy,20220829,Australia-ASSA,III,04:58:00,04:59:00,04:58:00,04:59:00,3124,3364,catalog,,False,False
win-Australia-ASSA-20220829-061458.npy,20220829,Australia-ASSA,III,06:29:00,06:29:00,06:29:10,06:29:45,3408,3548,zero_width_default,,False,False
win-Australia-ASSA-20220830-005959.npy,20220830,Australia-ASSA,III,01:13:00,01:13:00,01:13:10,01:13:45,3164,3304,zero_width_default,,False,False
win-Australia-ASSA-20220830-021459.npy,20220830,Australia-ASSA,III,02:25:00,02:25:00,02:25:10,02:25:45,2444,2584,zero_width_default,,False,False
win-Australia-ASSA-20220830-042959.npy,20220830,Australia-ASSA,III,04:37:00,04:37:00,04:37:10,04:37:45,1724,1864,zero_width_default,,False,False
win-Australia-ASSA-20220901-012959.npy,20220901,Australia-ASSA,III,01:40:00,01:40:00,01:40:10,01:40:45,2444,2584,zero_width_default,,False,False
win-Australia-ASSA-20220901-021459.npy,20220901,Australia-ASSA,III,02:24:00,02:25:00,02:24:00,02:25:00,2164,2404,catalog,,False,False
win-Australia-ASSA-20220906-045959.npy,20220906,Australia-ASSA,III,05:02:00,05:02:00,05:02:10,05:02:45,524,664,zero_width_default,,False,False
win-Australia-ASSA-20220907-015959.npy,20220907,Australia-ASSA,III,02:13:00,02:13:00,02:13:10,02:13:45,3164,3304,zero_width_default,,False,False
win-Australia-ASSA-20220909-034459.npy,20220909,Australia-ASSA,III,03:59:00,03:59:00,03:59:10,03:59:45,3404,3544,zero_width_default,,False,False
win-Australia-ASSA-20220910-011459.npy,20220910,Australia-ASSA,III,01:15:00,01:15:00,01:15:10,01:15:45,44,184,zero_width_default,,False,False
win-Australia-ASSA-20220910-012959.npy,20220910,Australia-ASSA,III,01:34:00,01:35:00,01:34:00,01:35:00,964,1204,catalog,,False,False
win-Australia-ASSA-20220911-014459.npy,20220911,Australia-ASSA,III,01:47:00,01:51:00,01:47:00,01:51:00,484,1444,catalog,,False,False
win-Australia-ASSA-20220911-032959.npy,20220911,Australia-ASSA,III,03:42:00,03:42:00,03:42:10,03:42:45,2924,3064,zero_width_default,,False,False
win-Australia-ASSA-20220912-074458.npy,20220912,Australia-ASSA,III,07:47:00,07:47:00,07:47:10,07:47:45,528,668,zero_width_default,,False,False
win-Australia-ASSA-20220912-224459.npy,20220912,Australia-ASSA,III,22:56:00,22:58:00,22:56:00,22:58:00,2644,3124,catalog,,False,False
win-Australia-ASSA-20220912-231459.npy,20220912,Australia-ASSA,III,23:23:00,23:24:00,23:23:00,23:24:00,1924,2164,catalog,,False,False
win-Australia-ASSA-20220912-232959.npy,20220912,Australia-ASSA,III,23:30:00,23:32:00,23:30:00,23:32:00,4,484,catalog,,False,False
win-Australia-ASSA-20220913-035959.npy,20220913,Australia-ASSA,III,04:04:00,04:05:00,04:04:00,04:05:00,964,1204,catalog,,False,False
win-Australia-ASSA-20220915-011459.npy,20220915,Australia-ASSA,III,01:15:00,01:17:00,01:15:00,01:17:00,4,484,catalog,,False,False
win-Australia-ASSA-20220915-014459.npy,20220915,Australia-ASSA,III,01:50:00,01:50:00,01:50:10,01:50:45,1244,1384,zero_width_default,,False,False
win-Australia-ASSA-20220915-214459.npy,20220915,Australia-ASSA,III,21:51:00,21:51:00,21:51:10,21:51:45,1484,1624,zero_width_default,,False,False
win-Australia-ASSA-20220916-005959.npy,20220916,Australia-ASSA,III,01:02:00,01:03:00,01:02:00,01:03:00,484,724,catalog,,False,False
win-Australia-ASSA-20220916-011459.npy,20220916,Australia-ASSA,III,01:20:00,01:23:00,01:20:00,01:23:00,1204,1924,catalog,,False,False
win-Australia-ASSA-20220916-032959.npy,20220916,Australia-ASSA,III,03:42:00,03:47:00,03:42:00,03:47:00,2884,3600,catalog,,False,True
win-Australia-ASSA-20220916-034459.npy,20220916,Australia-ASSA,III,03:42:00,03:47:00,03:42:00,03:47:00,0,484,catalog,,False,True
win-Australia-ASSA-20220916-052959.npy,20220916,Australia-ASSA,III,05:33:00,05:33:00,05:33:10,05:33:45,764,904,zero_width_default,,False,False
win-Australia-ASSA-20220916-072958.npy,20220916,Australia-ASSA,III,07:30:00,07:30:00,07:30:10,07:30:45,48,188,zero_width_default,,False,False
win-Australia-ASSA-20220918-015959.npy,20220918,Australia-ASSA,III,02:02:00,02:03:00,02:02:00,02:03:00,484,724,catalog,,False,False
win-Australia-ASSA-20220918-045959.npy,20220918,Australia-ASSA,III,05:02:00,05:03:00,05:02:00,05:03:00,484,724,catalog,,False,False
win-Australia-ASSA-20220918-220000.npy,20220918,Australia-ASSA,V,22:11:00,22:14:00,22:11:22,22:13:44,2728,3296,manual,usable,False,False
win-Australia-ASSA-20220919-005959.npy,20220919,Australia-ASSA,III,01:13:00,01:13:00,01:13:10,01:13:45,3164,3304,zero_width_default,,False,False
win-Australia-ASSA-20220919-015959.npy,20220919,Australia-ASSA,III,02:04:00,02:04:00,02:04:10,02:04:45,1004,1144,zero_width_default,,False,False
win-Australia-ASSA-20220919-021459.npy,20220919,Australia-ASSA,V,02:26:00,02:28:00,02:25:59,02:29:36,2640,3508,manual,usable,False,False
win-Australia-ASSA-20220919-021459.npy,20220919,Australia-ASSA,III,02:17:00,02:18:00,02:17:00,02:18:00,484,724,catalog,,False,False
win-Australia-ASSA-20220919-022959.npy,20220919,Australia-ASSA,III,02:32:00,02:33:00,02:32:00,02:33:00,484,724,catalog,,False,False
win-Australia-ASSA-20220919-022959.npy,20220919,Australia-ASSA,V,02:30:00,02:32:00,02:30:07,02:32:45,32,664,manual,usable,False,False
win-Australia-ASSA-20220919-045959.npy,20220919,Australia-ASSA,III,05:12:00,05:15:00,05:12:00,05:15:00,2884,3600,catalog,,False,True
win-Australia-ASSA-20220920-004459.npy,20220920,Australia-ASSA,III,00:52:00,00:52:00,00:52:10,00:52:45,1724,1864,zero_width_default,,False,False
win-Australia-ASSA-20220920-011459.npy,20220920,Australia-ASSA,III,01:22:00,01:23:00,01:22:00,01:23:00,1684,1924,catalog,,False,False
win-Australia-ASSA-20220920-022959.npy,20220920,Australia-ASSA,III,02:32:00,02:32:00,02:32:10,02:32:45,524,664,zero_width_default,,False,False
win-Australia-ASSA-20220920-024500.npy,20220920,Australia-ASSA,III,02:50:00,02:51:00,02:50:00,02:51:00,1200,1440,catalog,,False,False
win-Australia-ASSA-20220920-031459.npy,20220920,Australia-ASSA,III,03:22:00,03:24:00,03:22:00,03:24:00,1684,2164,catalog,,False,False
win-Australia-ASSA-20220920-035959.npy,20220920,Australia-ASSA,III,04:06:00,04:06:00,04:06:10,04:06:45,1484,1624,zero_width_default,,False,False
win-Australia-ASSA-20220920-044459.npy,20220920,Australia-ASSA,III,04:59:00,04:59:00,04:59:10,04:59:45,3404,3544,zero_width_default,,False,False
win-Australia-ASSA-20220920-052959.npy,20220920,Australia-ASSA,III,05:38:00,05:39:00,05:38:00,05:39:00,1924,2164,catalog,,False,False
win-Australia-ASSA-20220920-225959.npy,20220920,Australia-ASSA,III,23:03:00,23:07:00,23:03:00,23:07:00,724,1684,catalog,,False,False
win-Australia-ASSA-20220921-011459.npy,20220921,Australia-ASSA,V,01:26:00,01:28:00,01:25:59,01:28:26,2640,3228,manual,usable,False,False
win-Australia-ASSA-20220921-015959.npy,20220921,Australia-ASSA,III,02:14:00,02:16:00,02:14:00,02:16:00,3364,3600,catalog,,False,True
win-Australia-ASSA-20220921-021459.npy,20220921,Australia-ASSA,III,02:14:00,02:16:00,02:14:00,02:16:00,0,244,catalog,,False,True
win-Australia-ASSA-20220921-045959.npy,20220921,Australia-ASSA,III,05:14:00,05:14:00,05:14:10,05:14:45,3404,3544,zero_width_default,,False,False
win-Australia-ASSA-20220922-024500.npy,20220922,Australia-ASSA,III,02:52:00,02:54:00,02:52:00,02:54:00,1680,2160,catalog,,False,False
win-Australia-ASSA-20220923-014459.npy,20220923,Australia-ASSA,III,01:56:00,01:56:00,01:56:10,01:56:45,2684,2824,zero_width_default,,False,False
win-Australia-ASSA-20220923-022959.npy,20220923,Australia-ASSA,III,02:30:00,02:32:00,02:30:00,02:32:00,4,484,catalog,,False,False
win-Australia-ASSA-20220923-051459.npy,20220923,Australia-ASSA,III,05:20:00,05:23:00,05:20:00,05:23:00,1204,1924,catalog,,False,False
win-Australia-ASSA-20220923-055959.npy,20220923,Australia-ASSA,III,06:07:00,06:07:00,06:07:10,06:07:45,1724,1864,zero_width_default,,False,False
win-Australia-ASSA-20220923-062958.npy,20220923,Australia-ASSA,III,06:39:00,06:39:00,06:39:10,06:39:45,2208,2348,zero_width_default,,False,False
win-Australia-ASSA-20220923-074458.npy,20220923,Australia-ASSA,III,07:54:00,07:57:00,07:54:00,07:57:00,2168,2888,catalog,,False,False
win-Australia-ASSA-20220923-215959.npy,20220923,Australia-ASSA,III,22:14:00,22:14:00,22:14:10,22:14:45,3404,3544,zero_width_default,,False,False
win-Australia-ASSA-20220923-224459.npy,20220923,Australia-ASSA,III,22:53:00,23:00:00,22:53:00,23:00:00,1924,3600,catalog,,False,True
win-Australia-ASSA-20220924-004459.npy,20220924,Australia-ASSA,III,00:47:00,00:47:00,00:47:10,00:47:45,524,664,zero_width_default,,False,False
win-Australia-ASSA-20220924-005959.npy,20220924,Australia-ASSA,III,01:12:00,01:14:00,01:12:00,01:14:00,2884,3364,catalog,,False,False
win-Australia-ASSA-20220924-014459.npy,20220924,Australia-ASSA,III,01:53:00,01:55:00,01:53:00,01:55:00,1924,2404,catalog,,False,False
win-Australia-ASSA-20220924-032959.npy,20220924,Australia-ASSA,III,03:33:00,03:38:00,03:33:00,03:38:00,724,1924,catalog,,False,False
win-Australia-ASSA-20220924-042959.npy,20220924,Australia-ASSA,III,04:38:00,04:44:00,04:38:00,04:44:00,1924,3364,catalog,,False,False
win-Australia-ASSA-20220924-222959.npy,20220924,Australia-ASSA,III,22:32:00,22:32:00,22:32:10,22:32:45,524,664,zero_width_default,,False,False
win-Australia-ASSA-20220925-024500.npy,20220925,Australia-ASSA,III,02:54:00,02:56:00,02:54:00,02:56:00,2160,2640,catalog,,False,False
win-Australia-ASSA-20220925-075958.npy,20220925,Australia-ASSA,III,08:12:00,08:13:00,08:12:00,08:13:00,2888,3128,catalog,,False,False
win-Australia-ASSA-20220925-222959.npy,20220925,Australia-ASSA,III,22:39:00,22:43:00,22:39:00,22:43:00,2164,3124,catalog,,False,False
win-Australia-ASSA-20220926-215959.npy,20220926,Australia-ASSA,III,22:04:00,22:05:00,22:04:00,22:05:00,964,1204,catalog,,False,False
win-Australia-ASSA-20220926-225959.npy,20220926,Australia-ASSA,III,23:09:00,23:10:00,23:09:00,23:10:00,2164,2404,catalog,,False,False
win-Australia-ASSA-20220926-231459.npy,20220926,Australia-ASSA,III,23:29:00,23:32:00,23:29:00,23:32:00,3364,3600,catalog,,False,True
win-Australia-ASSA-20220926-232959.npy,20220926,Australia-ASSA,III,23:29:00,23:32:00,23:29:00,23:32:00,0,484,catalog,,False,True
win-Australia-ASSA-20220928-204459.npy,20220928,Australia-ASSA,III,20:52:00,20:53:00,20:52:00,20:53:00,1684,1924,catalog,,False,False
win-Australia-ASSA-20220928-212959.npy,20220928,Australia-ASSA,III,21:40:00,21:41:00,21:40:00,21:41:00,2404,2644,catalog,,False,False
win-Australia-ASSA-20220930-005959.npy,20220930,Australia-ASSA,III,01:08:00,01:15:00,01:08:00,01:15:00,1924,3600,catalog,,False,True
win-Australia-ASSA-20220930-012959.npy,20220930,Australia-ASSA,III,01:40:00,01:40:00,01:40:10,01:40:45,2444,2584,zero_width_default,,False,False
win-Australia-ASSA-20220930-215959.npy,20220930,Australia-ASSA,III,22:12:00,22:13:00,22:12:00,22:13:00,2884,3124,catalog,,False,False
win-Australia-ASSA-20220930-222959.npy,20220930,Australia-ASSA,III,22:38:00,22:42:00,22:38:00,22:42:00,1924,2884,catalog,,False,False
win-Australia-ASSA-20220930-224459.npy,20220930,Australia-ASSA,III,22:49:00,22:49:00,22:49:10,22:49:45,1004,1144,zero_width_default,,False,False
win-Australia-ASSA-20220930-232959.npy,20220930,Australia-ASSA,III,23:34:00,23:39:00,23:34:00,23:39:00,964,2164,catalog,,False,False
win-Australia-ASSA-20221001-002959.npy,20221001,Australia-ASSA,III,00:39:00,00:40:00,00:39:00,00:40:00,2164,2404,catalog,,False,False
win-Australia-ASSA-20221001-004459.npy,20221001,Australia-ASSA,III,00:49:00,00:57:00,00:49:00,00:57:00,964,2884,catalog,,False,False
win-Australia-ASSA-20221001-034459.npy,20221001,Australia-ASSA,III,03:50:00,03:50:00,03:50:10,03:50:45,1244,1384,zero_width_default,,False,False
win-Australia-ASSA-20221001-044459.npy,20221001,Australia-ASSA,III,04:51:00,04:56:00,04:51:00,04:56:00,1444,2644,catalog,,False,False
win-Australia-ASSA-20221001-064458.npy,20221001,Australia-ASSA,III,06:47:00,06:52:00,06:47:00,06:52:00,488,1688,catalog,,False,False
win-Australia-ASSA-20221003-014459.npy,20221003,Australia-ASSA,III,01:50:00,01:50:00,01:50:10,01:50:45,1244,1384,zero_width_default,,False,False
win-Australia-ASSA-20221003-041459.npy,20221003,Australia-ASSA,III,04:15:00,04:20:00,04:15:00,04:20:00,4,1204,catalog,,False,False
win-Australia-ASSA-20221004-215959.npy,20221004,Australia-ASSA,III,22:13:00,22:19:00,22:13:00,22:19:00,3124,3600,catalog,,False,True
win-Australia-ASSA-20221004-221459.npy,20221004,Australia-ASSA,III,22:13:00,22:19:00,22:13:00,22:19:00,0,964,catalog,,False,True
win-Australia-ASSA-20221004-231459.npy,20221004,Australia-ASSA,III,23:17:00,23:19:00,23:17:00,23:19:00,484,964,catalog,,False,False
win-Australia-ASSA-20221007-000000.npy,20221007,Australia-ASSA,III,00:09:00,00:09:00,00:09:10,00:09:45,2200,2340,zero_width_default,,False,False
win-Australia-ASSA-20221007-004459.npy,20221007,Australia-ASSA,III,00:52:00,00:53:00,00:52:00,00:53:00,1684,1924,catalog,,False,False
win-Australia-ASSA-20221007-012959.npy,20221007,Australia-ASSA,III,01:43:00,01:44:00,01:43:00,01:44:00,3124,3364,catalog,,False,False
win-Australia-ASSA-20221007-021459.npy,20221007,Australia-ASSA,III,02:20:00,02:22:00,02:20:00,02:22:00,1204,1684,catalog,,False,False
win-Australia-ASSA-20221007-030000.npy,20221007,Australia-ASSA,III,03:14:00,03:15:00,03:14:00,03:15:00,3360,3600,catalog,,False,False
win-Australia-ASSA-20221007-225959.npy,20221007,Australia-ASSA,III,23:12:00,23:14:00,23:12:00,23:14:00,2884,3364,catalog,,False,False
win-Australia-ASSA-20221008-004459.npy,20221008,Australia-ASSA,III,00:51:00,00:51:00,00:51:10,00:51:45,1484,1624,zero_width_default,,False,False
win-Australia-ASSA-20221008-014459.npy,20221008,Australia-ASSA,III,01:54:00,01:56:00,01:54:00,01:56:00,2164,2644,catalog,,False,False
win-Australia-ASSA-20221008-045959.npy,20221008,Australia-ASSA,III,05:00:00,05:02:00,05:00:00,05:02:00,4,484,catalog,,False,False
win-Australia-ASSA-20221008-052959.npy,20221008,Australia-ASSA,III,05:35:00,05:40:00,05:35:00,05:40:00,1204,2404,catalog,,False,False
win-Australia-ASSA-20221008-061459.npy,20221008,Australia-ASSA,III,06:15:00,06:16:00,06:15:00,06:16:00,4,244,catalog,,False,False
win-Australia-ASSA-20221008-064458.npy,20221008,Australia-ASSA,III,06:53:00,06:56:00,06:53:00,06:56:00,1928,2648,catalog,,False,False
win-Australia-ASSA-20221008-234458.npy,20221008,Australia-ASSA,III,23:57:00,23:59:00,23:57:00,23:59:00,2888,3368,catalog,,False,False
win-Australia-ASSA-20221010-210000.npy,20221010,Australia-ASSA,III,21:09:00,21:10:00,21:09:00,21:10:00,2160,2400,catalog,,False,False
win-Australia-ASSA-20221010-220000.npy,20221010,Australia-ASSA,III,22:07:00,22:07:00,22:07:10,22:07:45,1720,1860,zero_width_default,,False,False
win-Australia-ASSA-20221010-234500.npy,20221010,Australia-ASSA,III,23:54:00,23:54:00,23:54:10,23:54:45,2200,2340,zero_width_default,,False,False
win-Australia-ASSA-20221011-002959.npy,20221011,Australia-ASSA,III,00:37:00,00:38:00,00:37:00,00:38:00,1684,1924,catalog,,False,False
win-Australia-ASSA-20221011-011459.npy,20221011,Australia-ASSA,III,01:26:00,01:26:00,01:26:10,01:26:45,2684,2824,zero_width_default,,False,False
win-Australia-ASSA-20221011-015959.npy,20221011,Australia-ASSA,III,02:11:00,02:11:00,02:11:10,02:11:45,2684,2824,zero_width_default,,False,False
win-Australia-ASSA-20221011-024500.npy,20221011,Australia-ASSA,III,02:45:00,02:53:00,02:45:00,02:53:00,0,1920,catalog,,False,False
win-Australia-ASSA-20221011-041459.npy,20221011,Australia-ASSA,III,04:29:00,04:32:00,04:29:00,04:32:00,3364,3600,catalog,,False,True
win-Australia-ASSA-20221011-042959.npy,20221011,Australia-ASSA,III,04:29:00,04:32:00,04:29:00,04:32:00,0,484,catalog,,False,True
win-Australia-ASSA-20221011-051459.npy,20221011,Australia-ASSA,III,05:22:00,05:23:00,05:22:00,05:23:00,1684,1924,catalog,,False,False
win-Australia-ASSA-20221011-052959.npy,20221011,Australia-ASSA,III,05:42:00,05:42:00,05:42:10,05:42:45,2924,3064,zero_width_default,,False,False
win-Australia-ASSA-20221011-082958.npy,20221011,Australia-ASSA,V,08:40:00,08:43:00,08:40:53,08:42:13,2620,2940,manual,usable,False,False
win-Australia-ASSA-20221012-002959.npy,20221012,Australia-ASSA,III,00:41:00,00:41:00,00:41:10,00:41:45,2684,2824,zero_width_default,,False,False
win-Australia-ASSA-20221012-022959.npy,20221012,Australia-ASSA,III,02:32:00,02:32:00,02:32:10,02:32:45,524,664,zero_width_default,,False,False
win-Australia-ASSA-20221012-042959.npy,20221012,Australia-ASSA,III,04:34:00,04:36:00,04:34:00,04:36:00,964,1444,catalog,,False,False
win-Australia-ASSA-20221013-011459.npy,20221013,Australia-ASSA,III,01:27:00,01:28:00,01:27:00,01:28:00,2884,3124,catalog,,False,False
win-Australia-ASSA-20221013-021459.npy,20221013,Australia-ASSA,III,02:24:00,02:31:00,02:24:00,02:31:00,2164,3600,catalog,,False,True
win-Australia-ASSA-20221013-022959.npy,20221013,Australia-ASSA,III,02:24:00,02:31:00,02:24:00,02:31:00,0,244,catalog,,False,True
win-Australia-ASSA-20221016-075958.npy,20221016,Australia-ASSA,III,08:02:00,08:02:00,08:02:10,08:02:45,528,668,zero_width_default,,False,False
win-Australia-ASSA-20221017-002959.npy,20221017,Australia-ASSA,III,00:38:00,00:38:00,00:38:10,00:38:45,1964,2104,zero_width_default,,False,False
win-Australia-ASSA-20221021-035959.npy,20221021,Australia-ASSA,III,04:08:00,04:11:00,04:08:00,04:11:00,1924,2644,catalog,,False,False
win-Australia-ASSA-20221023-051459.npy,20221023,Australia-ASSA,III,05:19:00,05:19:00,05:19:10,05:19:45,1004,1144,zero_width_default,,False,False
win-Australia-ASSA-20221023-062958.npy,20221023,Australia-ASSA,III,06:32:00,06:37:00,06:32:00,06:37:00,488,1688,catalog,,False,False
win-Australia-ASSA-20221024-021459.npy,20221024,Australia-ASSA,III,02:17:00,02:35:00,02:17:00,02:35:00,484,3600,catalog,,False,True
win-Australia-ASSA-20221024-022959.npy,20221024,Australia-ASSA,III,02:17:00,02:35:00,02:17:00,02:35:00,0,1204,catalog,,False,True
win-Australia-ASSA-20221024-061458.npy,20221024,Australia-ASSA,III,06:21:00,06:22:00,06:21:00,06:22:00,1448,1688,catalog,,False,False
win-Australia-ASSA-20221025-022959.npy,20221025,Australia-ASSA,III,02:35:00,02:36:00,02:35:00,02:36:00,1204,1444,catalog,,False,False
win-Australia-ASSA-20221025-071458.npy,20221025,Australia-ASSA,III,07:20:00,07:36:00,07:20:00,07:36:00,1208,3600,catalog,,False,True
win-Australia-ASSA-20221025-072958.npy,20221025,Australia-ASSA,III,07:20:00,07:36:00,07:20:00,07:36:00,0,1448,catalog,,False,True
win-Australia-ASSA-20221026-032959.npy,20221026,Australia-ASSA,III,03:38:00,03:38:00,03:38:10,03:38:45,1964,2104,zero_width_default,,False,False
win-Australia-ASSA-20221026-072958.npy,20221026,Australia-ASSA,III,07:40:00,07:40:00,07:40:10,07:40:45,2448,2588,zero_width_default,,False,False
win-Australia-ASSA-20221026-232959.npy,20221026,Australia-ASSA,III,23:39:00,23:44:00,23:39:00,23:44:00,2164,3364,catalog,,False,False
win-Australia-ASSA-20221027-014459.npy,20221027,Australia-ASSA,III,01:55:00,01:58:00,01:55:00,01:58:00,2404,3124,catalog,,False,False
win-Australia-ASSA-20221027-205959.npy,20221027,Australia-ASSA,III,21:08:00,21:08:00,21:08:10,21:08:45,1964,2104,zero_width_default,,False,False
win-Australia-ASSA-20221027-221459.npy,20221027,Australia-ASSA,III,22:27:00,22:28:00,22:27:00,22:28:00,2884,3124,catalog,,False,False
win-Australia-ASSA-20221029-015959.npy,20221029,Australia-ASSA,III,02:05:00,02:06:00,02:05:00,02:06:00,1204,1444,catalog,,False,False
win-Australia-ASSA-20221029-034459.npy,20221029,Australia-ASSA,III,03:50:00,03:51:00,03:50:00,03:51:00,1204,1444,catalog,,False,False
win-Australia-ASSA-20221029-062958.npy,20221029,Australia-ASSA,III,06:37:00,06:37:00,06:37:10,06:37:45,1728,1868,zero_width_default,,False,False
win-Australia-ASSA-20221029-215959.npy,20221029,Australia-ASSA,III,22:03:00,22:07:00,22:03:00,22:07:00,724,1684,catalog,,False,False
win-Australia-ASSA-20221029-221459.npy,20221029,Australia-ASSA,III,22:20:00,22:20:00,22:20:10,22:20:45,1244,1384,zero_width_default,,False,False
win-Australia-ASSA-20221029-225959.npy,20221029,Australia-ASSA,III,23:03:00,23:03:00,23:03:10,23:03:45,764,904,zero_width_default,,False,False
win-Australia-ASSA-20221030-015959.npy,20221030,Australia-ASSA,III,02:02:00,02:06:00,02:02:00,02:06:00,484,1444,catalog,,False,False
win-Australia-ASSA-20221030-071458.npy,20221030,Australia-ASSA,III,07:29:00,07:29:00,07:29:10,07:29:45,3408,3548,zero_width_default,,False,False
win-Australia-ASSA-20221030-225959.npy,20221030,Australia-ASSA,III,23:11:00,23:11:00,23:11:10,23:11:45,2684,2824,zero_width_default,,False,False
win-Australia-ASSA-20221030-234458.npy,20221030,Australia-ASSA,III,23:57:00,23:57:00,23:57:10,23:57:45,2928,3068,zero_width_default,,False,False
win-Australia-ASSA-20221102-005959.npy,20221102,Australia-ASSA,III,01:08:00,01:14:00,01:08:00,01:14:00,1924,3364,catalog,,False,False
win-Australia-ASSA-20221102-054459.npy,20221102,Australia-ASSA,III,05:50:00,05:50:00,05:50:10,05:50:45,1244,1384,zero_width_default,,False,False
win-Australia-ASSA-20221103-054459.npy,20221103,Australia-ASSA,III,05:45:00,05:45:00,05:45:10,05:45:45,44,184,zero_width_default,,False,False
win-Australia-ASSA-20221103-221459.npy,20221103,Australia-ASSA,III,22:15:00,22:16:00,22:15:00,22:16:00,4,244,catalog,,False,False
win-Australia-ASSA-20221104-001500.npy,20221104,Australia-ASSA,III,00:25:00,00:25:00,00:25:10,00:25:45,2440,2580,zero_width_default,,False,False
win-Australia-ASSA-20221105-002959.npy,20221105,Australia-ASSA,III,00:37:00,00:37:00,00:37:10,00:37:45,1724,1864,zero_width_default,,False,False
win-Australia-ASSA-20221106-002959.npy,20221106,Australia-ASSA,III,00:34:00,00:42:00,00:34:00,00:42:00,964,2884,catalog,,False,False
win-Australia-ASSA-20221106-011459.npy,20221106,Australia-ASSA,III,01:17:00,01:24:00,01:17:00,01:24:00,484,2164,catalog,,False,False
win-Australia-ASSA-20221106-012959.npy,20221106,Australia-ASSA,III,01:39:00,01:40:00,01:39:00,01:40:00,2164,2404,catalog,,False,False
win-Australia-ASSA-20221106-034459.npy,20221106,Australia-ASSA,III,03:51:00,03:51:00,03:51:10,03:51:45,1484,1624,zero_width_default,,False,False
win-Australia-ASSA-20221106-035959.npy,20221106,Australia-ASSA,III,04:05:00,04:05:00,04:05:10,04:05:45,1244,1384,zero_width_default,,False,False
win-Australia-ASSA-20221106-064458.npy,20221106,Australia-ASSA,III,06:59:00,07:00:00,06:59:00,07:00:00,3368,3600,catalog,,False,True
win-Australia-ASSA-20221107-002959.npy,20221107,Australia-ASSA,II,00:12:00,00:33:00,00:12:00,00:33:00,0,724,catalog,discard,False,True
win-Australia-ASSA-20221107-015959.npy,20221107,Australia-ASSA,III,02:11:00,02:12:00,02:11:00,02:12:00,2644,2884,catalog,,False,False
win-Australia-ASSA-20221108-024500.npy,20221108,Australia-ASSA,III,02:48:00,02:48:00,02:48:10,02:48:45,760,900,zero_width_default,,False,False
win-Australia-ASSA-20221108-032959.npy,20221108,Australia-ASSA,III,03:31:00,03:31:00,03:31:10,03:31:45,284,424,zero_width_default,,False,False
win-Australia-ASSA-20221108-041459.npy,20221108,Australia-ASSA,III,04:18:00,04:18:00,04:18:10,04:18:45,764,904,zero_width_default,,False,False
win-Australia-ASSA-20221109-023000.npy,20221109,Australia-ASSA,III,02:35:00,02:35:00,02:35:10,02:35:45,1240,1380,zero_width_default,,False,False
win-Australia-ASSA-20221109-043000.npy,20221109,Australia-ASSA,III,04:42:00,04:42:00,04:42:10,04:42:45,2920,3060,zero_width_default,,False,False
win-Australia-ASSA-20221109-051500.npy,20221109,Australia-ASSA,III,05:24:00,05:24:00,05:24:10,05:24:45,2200,2340,zero_width_default,,False,False
win-Australia-ASSA-20221110-070000.npy,20221110,Australia-ASSA,III,07:04:00,07:05:00,07:04:00,07:05:00,960,1200,catalog,,False,False
win-Australia-ASSA-20221111-002959.npy,20221111,Australia-ASSA,III,00:41:00,00:45:00,00:41:00,00:45:00,2644,3600,catalog,,False,True
win-Australia-ASSA-20221111-012959.npy,20221111,Australia-ASSA,III,01:32:00,01:36:00,01:32:00,01:36:00,484,1444,catalog,,False,False
win-Australia-ASSA-20221111-014459.npy,20221111,Australia-ASSA,III,01:45:00,01:51:00,01:45:00,01:51:00,4,1444,catalog,,False,False
win-Australia-ASSA-20221111-021459.npy,20221111,Australia-ASSA,III,02:16:00,02:20:00,02:16:00,02:20:00,244,1204,catalog,,False,False
win-Australia-ASSA-20221111-022959.npy,20221111,Australia-ASSA,III,02:34:00,02:36:00,02:34:00,02:36:00,964,1444,catalog,,False,False
win-Australia-ASSA-20221111-024500.npy,20221111,Australia-ASSA,III,02:48:00,02:49:00,02:48:00,02:49:00,720,960,catalog,,False,False
win-Australia-ASSA-20221111-042959.npy,20221111,Australia-ASSA,III,04:37:00,04:44:00,04:37:00,04:44:00,1684,3364,catalog,,False,False
win-Australia-ASSA-20221111-045959.npy,20221111,Australia-ASSA,III,05:00:00,05:01:00,05:00:00,05:01:00,4,244,catalog,,False,False
win-Australia-ASSA-20221111-045959.npy,20221111,Australia-ASSA,III,05:12:00,05:13:00,05:12:00,05:13:00,2884,3124,catalog,,False,False
win-Australia-ASSA-20221111-054459.npy,20221111,Australia-ASSA,III,05:54:00,05:57:00,05:54:00,05:57:00,2164,2884,catalog,,False,False
win-Australia-ASSA-20221111-225959.npy,20221111,Australia-ASSA,III,23:13:00,23:13:00,23:13:10,23:13:45,3164,3304,zero_width_default,,False,False
win-Australia-ASSA-20221112-001459.npy,20221112,Australia-ASSA,III,00:27:00,00:27:00,00:27:10,00:27:45,2924,3064,zero_width_default,,False,False
win-Australia-ASSA-20221112-004459.npy,20221112,Australia-ASSA,III,00:50:00,00:50:00,00:50:10,00:50:45,1244,1384,zero_width_default,,False,False
win-Australia-ASSA-20221112-011459.npy,20221112,Australia-ASSA,III,01:18:00,01:19:00,01:18:00,01:19:00,724,964,catalog,,False,False
win-Australia-ASSA-20221112-021459.npy,20221112,Australia-ASSA,III,02:18:00,02:25:00,02:18:00,02:25:00,724,2404,catalog,,False,False
win-Australia-ASSA-20221112-022959.npy,20221112,Australia-ASSA,III,02:33:00,02:35:00,02:33:00,02:35:00,724,1204,catalog,,False,False
win-Australia-ASSA-20221112-024459.npy,20221112,Australia-ASSA,III,02:49:00,02:51:00,02:49:00,02:51:00,964,1444,catalog,,False,False
win-Australia-ASSA-20221112-042959.npy,20221112,Australia-ASSA,III,04:32:00,04:37:00,04:32:00,04:37:00,484,1684,catalog,,False,False
win-Australia-ASSA-20221114-081459.npy,20221114,Australia-ASSA,III,08:22:00,08:24:00,08:22:00,08:24:00,1684,2164,catalog,,False,False
win-Australia-ASSA-20221115-004459.npy,20221115,Australia-ASSA,III,00:52:00,00:52:00,00:52:10,00:52:45,1724,1864,zero_width_default,,False,False
win-Australia-ASSA-20221115-012959.npy,20221115,Australia-ASSA,III,01:34:00,01:40:00,01:34:00,01:40:00,964,2404,catalog,,False,False
win-Australia-ASSA-20221115-072959.npy,20221115,Australia-ASSA,III,07:37:00,07:41:00,07:37:00,07:41:00,1684,2644,catalog,,False,False
win-Australia-ASSA-20221118-024500.npy,20221118,Australia-ASSA,III,02:54:00,02:55:00,02:54:00,02:55:00,1080,1200,catalog,,False,False
win-Australia-ASSA-20221118-050000.npy,20221118,Australia-ASSA,III,05:02:00,05:02:00,05:02:10,05:02:45,260,330,zero_width_default,,False,False
win-Australia-ASSA-20221118-050000.npy,20221118,Australia-ASSA,III,05:09:00,05:09:00,05:09:10,05:09:45,1100,1170,zero_width_default,,False,False
win-Australia-ASSA-20221120-035959.npy,20221120,Australia-ASSA,III,04:10:00,04:10:00,04:10:10,04:10:45,2444,2584,zero_width_default,,False,False
win-Australia-ASSA-20221122-205959.npy,20221122,Australia-ASSA,III,21:12:00,21:13:00,21:12:00,21:13:00,2884,3124,catalog,,False,False
win-Australia-ASSA-20221122-232959.npy,20221122,Australia-ASSA,III,23:31:00,23:39:00,23:31:00,23:39:00,244,2164,catalog,,False,False
win-Australia-ASSA-20221123-005959.npy,20221123,Australia-ASSA,III,01:08:00,01:12:00,01:08:00,01:12:00,1924,2884,catalog,,False,False
win-Australia-ASSA-20221123-054459.npy,20221123,Australia-ASSA,III,05:52:00,05:53:00,05:52:00,05:53:00,1684,1924,catalog,,False,False
win-Australia-ASSA-20221124-004459.npy,20221124,Australia-ASSA,III,00:54:00,00:54:00,00:54:10,00:54:45,2204,2344,zero_width_default,,False,False
win-Australia-ASSA-20221124-014459.npy,20221124,Australia-ASSA,III,01:47:00,01:48:00,01:47:00,01:48:00,484,724,catalog,,False,False
win-Australia-ASSA-20221124-060000.npy,20221124,Australia-ASSA,III,06:01:00,06:01:00,06:01:10,06:01:45,280,420,zero_width_default,,False,False
win-Australia-ASSA-20221124-064459.npy,20221124,Australia-ASSA,III,06:58:00,06:59:00,06:58:00,06:59:00,3124,3364,catalog,,False,False
win-Australia-ASSA-20221125-031459.npy,20221125,Australia-ASSA,III,03:19:00,03:20:00,03:19:00,03:20:00,964,1204,catalog,,False,False
win-Australia-ASSA-20221127-225959.npy,20221127,Australia-ASSA,III,23:04:00,23:05:00,23:04:00,23:05:00,964,1204,catalog,,False,False
win-Australia-ASSA-20221129-221500.npy,20221129,Australia-ASSA,III,22:26:00,22:27:00,22:26:00,22:27:00,2640,2880,catalog,,False,False
win-Australia-ASSA-20221130-022959.npy,20221130,Australia-ASSA,III,02:40:00,02:42:00,02:40:00,02:42:00,2404,2884,catalog,,False,False
win-Australia-ASSA-20221130-034459.npy,20221130,Australia-ASSA,III,03:58:00,03:59:00,03:58:00,03:59:00,3124,3364,catalog,,False,False
win-Australia-ASSA-20221130-052959.npy,20221130,Australia-ASSA,III,05:37:00,05:40:00,05:37:00,05:40:00,1684,2404,catalog,,False,False
win-Australia-ASSA-20221130-062959.npy,20221130,Australia-ASSA,III,06:34:00,06:34:00,06:34:10,06:34:45,1004,1144,zero_width_default,,False,False
win-Australia-ASSA-20221130-214459.npy,20221130,Australia-ASSA,III,21:50:00,21:51:00,21:50:00,21:51:00,1204,1444,catalog,,False,False
win-Australia-ASSA-20221201-034459.npy,20221201,Australia-ASSA,III,03:55:00,03:57:00,03:55:00,03:57:00,2404,2884,catalog,,False,False
win-Australia-ASSA-20221202-032959.npy,20221202,Australia-ASSA,III,03:34:00,03:35:00,03:34:00,03:35:00,964,1204,catalog,,False,False
win-Australia-ASSA-20221202-051459.npy,20221202,Australia-ASSA,III,05:29:00,05:29:00,05:29:10,05:29:45,3404,3544,zero_width_default,,False,False
win-Australia-ASSA-20221202-231459.npy,20221202,Australia-ASSA,III,23:18:00,23:20:00,23:18:00,23:20:00,724,1204,catalog,,False,False
win-Australia-ASSA-20221203-002959.npy,20221203,Australia-ASSA,III,00:32:00,00:33:00,00:32:00,00:33:00,484,724,catalog,,False,False
win-Australia-ASSA-20221203-014459.npy,20221203,Australia-ASSA,III,01:49:00,01:54:00,01:49:00,01:54:00,964,2164,catalog,,False,False
win-Australia-ASSA-20221203-032959.npy,20221203,Australia-ASSA,III,03:36:00,03:37:00,03:36:00,03:37:00,1444,1684,catalog,,False,False
win-Australia-ASSA-20221203-034459.npy,20221203,Australia-ASSA,III,03:50:00,03:51:00,03:50:00,03:51:00,1204,1444,catalog,,False,False
win-Australia-ASSA-20221203-044459.npy,20221203,Australia-ASSA,III,04:45:00,04:46:00,04:45:00,04:46:00,4,244,catalog,,False,False
win-Australia-ASSA-20221203-071459.npy,20221203,Australia-ASSA,III,07:23:00,07:23:00,07:23:10,07:23:45,1964,2104,zero_width_default,,False,False
win-Australia-ASSA-20221203-074459.npy,20221203,Australia-ASSA,III,07:52:00,07:52:00,07:52:10,07:52:45,1724,1864,zero_width_default,,False,False
win-Australia-ASSA-20221203-081459.npy,20221203,Australia-ASSA,III,08:23:00,08:23:00,08:23:10,08:23:45,1964,2104,zero_width_default,,False,False
win-Australia-ASSA-20221203-084459.npy,20221203,Australia-ASSA,III,08:50:00,08:50:00,08:50:10,08:50:45,1244,1384,zero_width_default,,False,False
win-Australia-ASSA-20221203-234459.npy,20221203,Australia-ASSA,III,23:54:00,23:54:00,23:54:10,23:54:45,2204,2344,zero_width_default,,False,False
win-Australia-ASSA-20221204-064459.npy,20221204,Australia-ASSA,III,06:49:00,06:49:00,06:49:10,06:49:45,1004,1144,zero_width_default,,False,False
win-Australia-ASSA-20221205-062959.npy,20221205,Australia-ASSA,III,06:34:00,06:35:00,06:34:00,06:35:00,964,1204,catalog,,False,False
win-Australia-ASSA-20221206-031459.npy,20221206,Australia-ASSA,III,03:25:00,03:25:00,03:25:10,03:25:45,2444,2584,zero_width_default,,False,False
win-Australia-ASSA-20221207-000000.npy,20221207,Australia-ASSA,III,00:12:00,00:14:00,00:12:00,00:14:00,2880,3360,catalog,,False,False
win-Australia-ASSA-20221207-022959.npy,20221207,Australia-ASSA,III,02:42:00,02:49:00,02:42:00,02:49:00,2884,3600,catalog,,False,True
win-Australia-ASSA-20221207-024459.npy,20221207,Australia-ASSA,III,02:42:00,02:49:00,02:42:00,02:49:00,0,964,catalog,,False,True
win-Australia-ASSA-20221207-034459.npy,20221207,Australia-ASSA,III,03:49:00,03:49:00,03:49:10,03:49:45,1004,1144,zero_width_default,,False,False
win-Australia-ASSA-20221207-082959.npy,20221207,Australia-ASSA,V,08:38:00,08:39:00,08:38:17,08:39:34,1992,2300,manual,usable,False,False
win-Australia-ASSA-20221207-084459.npy,20221207,Australia-ASSA,III,08:46:00,08:47:00,08:46:00,08:47:00,244,484,catalog,,False,False
win-Australia-ASSA-20221207-195959.npy,20221207,Australia-ASSA,III,20:09:00,20:10:00,20:09:00,20:10:00,2164,2404,catalog,,False,False
win-Australia-ASSA-20221207-201459.npy,20221207,Australia-ASSA,III,20:19:00,20:21:00,20:19:00,20:21:00,964,1444,catalog,,False,False
win-Australia-ASSA-20221207-224459.npy,20221207,Australia-ASSA,III,22:56:00,22:56:00,22:56:10,22:56:45,2684,2824,zero_width_default,,False,False
win-Australia-ASSA-20221207-225959.npy,20221207,Australia-ASSA,III,23:07:00,23:12:00,23:07:00,23:12:00,1684,2884,catalog,,False,False
win-Australia-ASSA-20221208-014459.npy,20221208,Australia-ASSA,III,01:53:00,01:59:00,01:53:00,01:59:00,1924,3364,catalog,,False,False
win-Australia-ASSA-20221208-015959.npy,20221208,Australia-ASSA,III,02:12:00,02:12:00,02:12:10,02:12:45,2924,3064,zero_width_default,,False,False
win-Australia-ASSA-20221208-091459.npy,20221208,Australia-ASSA,III,09:29:00,09:30:00,09:29:00,09:30:00,3364,3600,catalog,,False,True
win-Australia-ASSA-20221210-195959.npy,20221210,Australia-ASSA,III,20:13:00,20:14:00,20:13:00,20:14:00,3124,3364,catalog,,False,False
win-Australia-ASSA-20221210-204459.npy,20221210,Australia-ASSA,III,20:55:00,20:56:00,20:55:00,20:56:00,2404,2644,catalog,,False,False
win-Australia-ASSA-20221211-012959.npy,20221211,Australia-ASSA,III,01:38:00,01:38:00,01:38:10,01:38:45,1964,2104,zero_width_default,,False,False
win-Australia-ASSA-20221211-072959.npy,20221211,Australia-ASSA,III,07:38:00,07:39:00,07:38:00,07:39:00,1924,2164,catalog,,False,False
win-Australia-ASSA-20221211-194459.npy,20221211,Australia-ASSA,III,19:58:00,19:58:00,19:58:10,19:58:45,3164,3304,zero_width_default,,False,False
win-Australia-ASSA-20221211-195959.npy,20221211,Australia-ASSA,III,20:02:00,20:03:00,20:02:00,20:03:00,484,724,catalog,,False,False
win-Australia-ASSA-20221211-214459.npy,20221211,Australia-ASSA,III,21:47:00,21:56:00,21:47:00,21:56:00,484,2644,catalog,,False,False
win-Australia-ASSA-20221211-224459.npy,20221211,Australia-ASSA,III,22:51:00,22:56:00,22:51:00,22:56:00,1444,2644,catalog,,False,False
win-Australia-ASSA-20221212-045959.npy,20221212,Australia-ASSA,III,05:08:00,05:10:00,05:08:00,05:10:00,1924,2404,catalog,,False,False
win-Australia-ASSA-20221212-064459.npy,20221212,Australia-ASSA,III,06:50:00,06:50:00,06:50:10,06:50:45,1244,1384,zero_width_default,,False,False
win-Australia-ASSA-20221212-075959.npy,20221212,Australia-ASSA,III,08:00:00,08:03:00,08:00:00,08:03:00,4,724,catalog,,False,False
win-Australia-ASSA-20221212-205959.npy,20221212,Australia-ASSA,III,21:04:00,21:04:00,21:04:10,21:04:45,1004,1144,zero_width_default,,False,False
win-Australia-ASSA-20221212-211459.npy,20221212,Australia-ASSA,III,21:19:00,21:19:00,21:19:10,21:19:45,1004,1144,zero_width_default,,False,False
win-Australia-ASSA-20221212-231459.npy,20221212,Australia-ASSA,III,23:18:00,23:18:00,23:18:10,23:18:45,764,904,zero_width_default,,False,False
win-Australia-ASSA-20221212-234459.npy,20221212,Australia-ASSA,III,23:50:00,23:51:00,23:50:00,23:51:00,1204,1444,catalog,,False,False
win-Australia-ASSA-20221213-004459.npy,20221213,Australia-ASSA,III,00:54:00,00:56:00,00:54:00,00:56:00,2164,2644,catalog,,False,False
win-Australia-ASSA-20221213-005959.npy,20221213,Australia-ASSA,III,01:01:00,01:07:00,01:01:00,01:07:00,244,1684,catalog,,False,False
win-Australia-ASSA-20221213-012959.npy,20221213,Australia-ASSA,III,01:40:00,01:41:00,01:40:00,01:41:00,2404,2644,catalog,,False,False
win-Australia-ASSA-20221213-045959.npy,20221213,Australia-ASSA,III,05:03:00,05:05:00,05:03:00,05:05:00,724,1204,catalog,,False,False
win-Australia-ASSA-20221213-061500.npy,20221213,Australia-ASSA,III,06:22:00,06:23:00,06:22:00,06:23:00,1680,1920,catalog,,False,False
win-Australia-ASSA-20221213-071459.npy,20221213,Australia-ASSA,III,07:28:00,07:28:00,07:28:10,07:28:45,3164,3304,zero_width_default,,False,False
win-Australia-ASSA-20221213-075959.npy,20221213,Australia-ASSA,III,08:09:00,08:11:00,08:09:00,08:11:00,2164,2644,catalog,,False,False
win-Australia-ASSA-20221213-085959.npy,20221213,Australia-ASSA,III,09:03:00,09:04:00,09:03:00,09:04:00,724,964,catalog,,False,False
win-Australia-ASSA-20221213-231459.npy,20221213,Australia-ASSA,III,23:17:00,23:20:00,23:17:00,23:20:00,484,1204,catalog,,False,False
win-Australia-ASSA-20221214-011459.npy,20221214,Australia-ASSA,III,01:23:00,01:24:00,01:23:00,01:24:00,1924,2164,catalog,,False,False
win-Australia-ASSA-20221214-035959.npy,20221214,Australia-ASSA,II,04:13:00,04:22:00,04:13:14,04:14:59,3180,3600,manual,usable,False,True
win-Australia-ASSA-20221214-041459.npy,20221214,Australia-ASSA,II,04:13:00,04:22:00,04:14:59,04:22:25,0,1784,manual,usable,False,True
win-Australia-ASSA-20221214-061500.npy,20221214,Australia-ASSA,III,06:15:00,06:16:00,06:15:00,06:16:00,0,240,catalog,,False,False
win-Australia-ASSA-20221214-081459.npy,20221214,Australia-ASSA,II,08:29:00,08:37:00,08:29:06,08:29:59,3388,3600,manual,usable,False,True
win-Australia-ASSA-20221214-081459.npy,20221214,Australia-ASSA,III,08:27:00,08:28:00,08:27:00,08:28:00,2884,3124,catalog,,False,False
win-Australia-ASSA-20221214-082959.npy,20221214,Australia-ASSA,II,08:29:00,08:37:00,08:29:59,08:39:09,0,2200,manual,usable,False,True
win-Australia-ASSA-20221214-224459.npy,20221214,Australia-ASSA,III,22:56:00,22:56:00,22:56:10,22:56:45,2684,2824,zero_width_default,,False,False
win-Australia-ASSA-20221214-232959.npy,20221214,Australia-ASSA,III,23:44:00,23:45:00,23:44:00,23:45:00,3364,3600,catalog,,False,True
win-Australia-ASSA-20221215-064459.npy,20221215,Australia-ASSA,III,06:46:00,06:46:00,06:46:10,06:46:45,284,424,zero_width_default,,False,False
win-Australia-ASSA-20221215-074459.npy,20221215,Australia-ASSA,III,07:54:00,07:59:00,07:54:00,07:59:00,2164,3364,catalog,,False,False
win-Australia-ASSA-20221216-005959.npy,20221216,Australia-ASSA,III,01:02:00,01:04:00,01:02:00,01:04:00,484,964,catalog,,False,False
win-Australia-ASSA-20221216-015959.npy,20221216,Australia-ASSA,III,02:04:00,02:06:00,02:04:00,02:06:00,964,1444,catalog,,False,False
win-Australia-ASSA-20221216-035959.npy,20221216,Australia-ASSA,III,04:01:00,04:08:00,04:01:00,04:08:00,244,1924,catalog,,False,False
win-Australia-ASSA-20221216-214459.npy,20221216,Australia-ASSA,III,21:57:00,21:58:00,21:57:00,21:58:00,2884,3124,catalog,,False,False
win-Australia-ASSA-20221217-005959.npy,20221217,Australia-ASSA,III,01:11:00,01:13:00,01:11:00,01:13:00,2644,3124,catalog,,False,False
win-Australia-ASSA-20221217-014459.npy,20221217,Australia-ASSA,III,01:51:00,01:51:00,01:51:10,01:51:45,1484,1624,zero_width_default,,False,False
win-Australia-ASSA-20221217-024459.npy,20221217,Australia-ASSA,III,02:53:00,02:53:00,02:53:10,02:53:45,1964,2104,zero_width_default,,False,False
win-Australia-ASSA-20221217-034459.npy,20221217,Australia-ASSA,III,03:43:00,03:47:00,03:43:00,03:47:00,0,484,catalog,,False,True
win-Australia-ASSA-20221217-041459.npy,20221217,Australia-ASSA,III,04:25:00,04:26:00,04:25:00,04:26:00,2404,2644,catalog,,False,False
win-Australia-ASSA-20221217-042959.npy,20221217,Australia-ASSA,III,04:43:00,04:44:00,04:43:00,04:44:00,3124,3364,catalog,,False,False
win-Australia-ASSA-20221217-061500.npy,20221217,Australia-ASSA,III,06:27:00,06:28:00,06:27:00,06:28:00,2880,3120,catalog,,False,False
win-Australia-ASSA-20221217-192959.npy,20221217,Australia-ASSA,III,19:41:00,19:41:00,19:41:10,19:41:45,2684,2824,zero_width_default,,False,False
win-Australia-ASSA-20221217-201459.npy,20221217,Australia-ASSA,III,20:24:00,20:30:00,20:24:00,20:30:00,2164,3600,catalog,,False,True
win-Australia-ASSA-20221217-231459.npy,20221217,Australia-ASSA,III,23:16:00,23:17:00,23:16:00,23:17:00,244,484,catalog,,False,False
win-Australia-ASSA-20221218-005959.npy,20221218,Australia-ASSA,III,01:01:00,01:04:00,01:01:00,01:04:00,244,964,catalog,,False,False
win-Australia-ASSA-20221218-022959.npy,20221218,Australia-ASSA,III,02:34:00,02:39:00,02:34:00,02:39:00,964,2164,catalog,,False,False
win-Australia-ASSA-20221218-035959.npy,20221218,Australia-ASSA,III,04:03:00,04:06:00,04:03:00,04:06:00,724,1444,catalog,,False,False
win-Australia-ASSA-20221218-044459.npy,20221218,Australia-ASSA,III,04:45:00,04:47:00,04:45:00,04:47:00,4,484,catalog,,False,False
win-Australia-ASSA-20221218-054459.npy,20221218,Australia-ASSA,III,05:47:00,05:48:00,05:47:00,05:48:00,484,724,catalog,,False,False
win-Australia-ASSA-20221218-064459.npy,20221218,Australia-ASSA,III,06:53:00,06:55:00,06:53:00,06:55:00,1924,2404,catalog,,False,False
win-Australia-ASSA-20221218-092959.npy,20221218,Australia-ASSA,III,09:41:00,10:03:00,09:41:00,10:03:00,2644,3600,catalog,,False,True
win-Australia-ASSA-20221219-005959.npy,20221219,Australia-ASSA,III,01:04:00,01:08:00,01:04:00,01:08:00,964,1924,catalog,,False,False
win-Australia-ASSA-20221219-015959.npy,20221219,Australia-ASSA,III,02:08:00,02:09:00,02:08:00,02:09:00,1924,2164,catalog,,False,False
win-Australia-ASSA-20221219-022959.npy,20221219,Australia-ASSA,III,02:35:00,02:42:00,02:35:00,02:42:00,1204,2884,catalog,,False,False
win-Australia-ASSA-20221219-044459.npy,20221219,Australia-ASSA,III,04:46:00,04:47:00,04:46:00,04:47:00,244,484,catalog,,False,False
win-Australia-ASSA-20221219-054459.npy,20221219,Australia-ASSA,III,05:47:00,05:47:00,05:47:10,05:47:45,524,664,zero_width_default,,False,False
win-Australia-ASSA-20221219-061500.npy,20221219,Australia-ASSA,III,06:23:00,06:24:00,06:23:00,06:24:00,1920,2160,catalog,,False,False
win-Australia-ASSA-20221219-064500.npy,20221219,Australia-ASSA,III,06:51:00,06:51:00,06:51:10,06:51:45,1480,1620,zero_width_default,,False,False
win-Australia-ASSA-20221219-072959.npy,20221219,Australia-ASSA,III,07:35:00,07:36:00,07:35:00,07:36:00,1204,1444,catalog,,False,False
win-Australia-ASSA-20221219-224459.npy,20221219,Australia-ASSA,III,22:46:00,22:50:00,22:46:00,22:50:00,244,1204,catalog,,False,False
win-Australia-ASSA-20221219-225959.npy,20221219,Australia-ASSA,III,23:09:00,23:12:00,23:09:00,23:12:00,2164,2884,catalog,,False,False
win-Australia-ASSA-20221220-035959.npy,20221220,Australia-ASSA,III,04:01:00,04:10:00,04:01:00,04:10:00,244,2404,catalog,,False,False
win-Australia-ASSA-20221220-071459.npy,20221220,Australia-ASSA,III,07:15:00,07:16:00,07:15:00,07:16:00,4,244,catalog,,False,False
win-Australia-ASSA-20221220-081459.npy,20221220,Australia-ASSA,III,08:25:00,08:25:00,08:25:10,08:25:45,2444,2584,zero_width_default,,False,False
win-Australia-ASSA-20221220-202959.npy,20221220,Australia-ASSA,III,20:35:00,20:36:00,20:35:00,20:36:00,1204,1444,catalog,,False,False
win-Australia-ASSA-20221220-212959.npy,20221220,Australia-ASSA,III,21:44:00,21:44:00,21:44:10,21:44:45,3404,3544,zero_width_default,,False,False
win-Australia-ASSA-20221220-212959.npy,20221220,Australia-ASSA,III,21:31:00,21:31:00,21:31:10,21:31:45,284,424,zero_width_default,,False,False
win-Australia-ASSA-20221220-214459.npy,20221220,Australia-ASSA,III,21:51:00,21:52:00,21:51:00,21:52:00,1444,1684,catalog,,False,False
win-Australia-ASSA-20221220-222959.npy,20221220,Australia-ASSA,III,22:32:00,22:32:00,22:32:10,22:32:45,524,664,zero_width_default,,False,False
win-Australia-ASSA-20221220-232959.npy,20221220,Australia-ASSA,III,23:37:00,23:41:00,23:37:00,23:41:00,1684,2644,catalog,,False,False
win-Australia-ASSA-20221220-234459.npy,20221220,Australia-ASSA,III,23:58:00,23:59:00,23:58:00,23:59:00,3124,3364,catalog,,False,False
win-Australia-ASSA-20221220-234459.npy,20221220,Australia-ASSA,III,23:48:00,23:50:00,23:48:00,23:50:00,724,1204,catalog,,False,False
win-Australia-ASSA-20221221-044459.npy,20221221,Australia-ASSA,II,04:51:00,05:04:00,04:46:55,04:59:59,464,3600,manual,usable,False,True
win-Australia-ASSA-20221221-044459.npy,20221221,Australia-ASSA,III,04:50:00,04:54:00,04:50:00,04:54:00,1204,2164,catalog,,False,False
win-Australia-ASSA-20221221-045959.npy,20221221,Australia-ASSA,II,04:51:00,05:04:00,04:59:59,05:04:37,0,1112,manual,usable,False,True
win-Australia-ASSA-20221221-051459.npy,20221221,Australia-ASSA,III,05:18:00,05:23:00,05:18:00,05:23:00,724,1924,catalog,,False,False
win-Australia-ASSA-20221221-063000.npy,20221221,Australia-ASSA,III,06:31:00,06:32:00,06:31:00,06:32:00,240,480,catalog,,False,False
win-Australia-ASSA-20221221-064459.npy,20221221,Australia-ASSA,III,06:48:00,06:51:00,06:48:00,06:51:00,724,1444,catalog,,False,False
win-Australia-ASSA-20221221-065959.npy,20221221,Australia-ASSA,III,07:10:00,07:12:00,07:10:00,07:12:00,2404,2884,catalog,,False,False
win-Australia-ASSA-20221221-071459.npy,20221221,Australia-ASSA,II,07:17:00,07:37:00,07:17:20,07:21:20,564,1524,manual,usable,False,True
win-Australia-ASSA-20221221-072959.npy,20221221,Australia-ASSA,II,07:17:00,07:37:00,07:29:59,07:37:45,0,1864,manual,usable,False,True
win-Australia-ASSA-20221221-074459.npy,20221221,Australia-ASSA,III,07:49:00,07:52:00,07:49:00,07:52:00,964,1684,catalog,,False,False
win-Australia-ASSA-20221221-232959.npy,20221221,Australia-ASSA,III,23:40:00,23:41:00,23:40:00,23:41:00,2404,2644,catalog,,False,False
win-Australia-ASSA-20221222-024459.npy,20221222,Australia-ASSA,III,02:51:00,02:55:00,02:51:00,02:55:00,1444,2404,catalog,,False,False
win-Australia-ASSA-20221222-042959.npy,20221222,Australia-ASSA,III,04:34:00,04:35:00,04:34:00,04:35:00,964,1204,catalog,,False,False
win-Australia-ASSA-20221222-071459.npy,20221222,Australia-ASSA,III,07:25:00,07:25:00,07:25:10,07:25:45,2444,2584,zero_width_default,,False,False
win-Australia-ASSA-20221222-072959.npy,20221222,Australia-ASSA,III,07:35:00,07:42:00,07:35:00,07:42:00,1204,2884,catalog,,False,False
win-Australia-ASSA-20221222-205959.npy,20221222,Australia-ASSA,III,21:08:00,21:10:00,21:08:00,21:10:00,1924,2404,catalog,,False,False
win-Australia-ASSA-20221222-211459.npy,20221222,Australia-ASSA,III,21:27:00,21:27:00,21:27:10,21:27:45,2924,3064,zero_width_default,,False,False
win-Australia-ASSA-20221222-224459.npy,20221222,Australia-ASSA,III,22:56:00,22:57:00,22:56:00,22:57:00,2644,2884,catalog,,False,False
win-Australia-ASSA-20221223-041459.npy,20221223,Australia-ASSA,III,04:25:00,04:27:00,04:25:00,04:27:00,2404,2884,catalog,,False,False
win-Australia-ASSA-20221223-052959.npy,20221223,Australia-ASSA,III,05:36:00,05:36:00,05:36:10,05:36:45,1484,1624,zero_width_default,,False,False
win-Australia-ASSA-20221223-075959.npy,20221223,Australia-ASSA,III,08:02:00,08:03:00,08:02:00,08:03:00,484,724,catalog,,False,False
win-Australia-ASSA-20221224-035959.npy,20221224,Australia-ASSA,III,04:09:00,04:12:00,04:09:00,04:12:00,2164,2884,catalog,,False,False
win-Australia-ASSA-20221224-042959.npy,20221224,Australia-ASSA,III,04:33:00,04:36:00,04:33:00,04:36:00,724,1444,catalog,,False,False
win-Australia-ASSA-20221224-051459.npy,20221224,Australia-ASSA,III,05:18:00,05:19:00,05:18:00,05:19:00,724,964,catalog,,False,False
win-Australia-ASSA-20221224-060000.npy,20221224,Australia-ASSA,III,06:06:00,06:07:00,06:06:00,06:07:00,1440,1680,catalog,,False,False
win-Australia-ASSA-20221224-064459.npy,20221224,Australia-ASSA,III,06:50:00,06:51:00,06:50:00,06:51:00,1204,1444,catalog,,False,False
win-Australia-ASSA-20221224-210000.npy,20221224,Australia-ASSA,III,21:12:00,21:13:00,21:12:00,21:13:00,2880,3120,catalog,,False,False
win-Australia-ASSA-20221224-222959.npy,20221224,Australia-ASSA,III,22:41:00,22:41:00,22:41:10,22:41:45,2684,2824,zero_width_default,,False,False
win-Australia-ASSA-20221224-231459.npy,20221224,Australia-ASSA,III,23:16:00,23:20:00,23:16:00,23:20:00,244,1204,catalog,,False,False
win-Australia-ASSA-20221224-234459.npy,20221224,Australia-ASSA,III,23:50:00,23:56:00,23:50:00,23:56:00,1204,2644,catalog,,False,False
win-Australia-ASSA-20221225-012959.npy,20221225,Australia-ASSA,III,01:30:00,01:37:00,01:30:00,01:37:00,4,1684,catalog,,False,False
win-Australia-ASSA-20221225-064459.npy,20221225,Australia-ASSA,III,06:50:00,06:50:00,06:50:10,06:50:45,1244,1384,zero_width_default,,False,False
win-Australia-ASSA-20221225-064459.npy,20221225,Australia-ASSA,III,06:55:00,07:04:00,06:55:00,07:04:00,2404,3600,catalog,,False,True
win-Australia-ASSA-20221225-065959.npy,20221225,Australia-ASSA,III,06:55:00,07:04:00,06:55:00,07:04:00,0,964,catalog,,False,True
win-Australia-ASSA-20221225-071459.npy,20221225,Australia-ASSA,II,07:15:00,07:20:00,07:15:58,07:20:08,236,1236,manual,usable,False,False
win-Australia-ASSA-20221225-075959.npy,20221225,Australia-ASSA,III,08:02:00,08:03:00,08:02:00,08:03:00,484,724,catalog,,False,False
win-Australia-ASSA-20221226-015959.npy,20221226,Australia-ASSA,III,02:14:00,02:15:00,02:14:00,02:15:00,3364,3600,catalog,,False,True
win-Australia-ASSA-20221226-041459.npy,20221226,Australia-ASSA,III,04:19:00,04:20:00,04:19:00,04:20:00,964,1204,catalog,,False,False
win-Australia-ASSA-20221226-042959.npy,20221226,Australia-ASSA,III,04:38:00,04:38:00,04:38:10,04:38:45,1964,2104,zero_width_default,,False,False
win-Australia-ASSA-20221226-051459.npy,20221226,Australia-ASSA,III,05:15:00,05:20:00,05:15:00,05:20:00,4,1204,catalog,,False,False
win-Australia-ASSA-20221226-052959.npy,20221226,Australia-ASSA,III,05:33:00,05:33:00,05:33:10,05:33:45,764,904,zero_width_default,,False,False
win-Australia-ASSA-20221226-062959.npy,20221226,Australia-ASSA,III,06:42:00,06:43:00,06:42:00,06:43:00,2884,3124,catalog,,False,False
win-Australia-ASSA-20221226-081459.npy,20221226,Australia-ASSA,III,08:22:00,08:22:00,08:22:10,08:22:45,1724,1864,zero_width_default,,False,False
win-Australia-ASSA-20221226-081459.npy,20221226,Australia-ASSA,III,08:22:00,08:22:00,08:22:10,08:22:45,1724,1864,zero_width_default,,False,False
win-Australia-ASSA-20221226-195959.npy,20221226,Australia-ASSA,III,20:03:00,20:03:00,20:03:10,20:03:45,764,904,zero_width_default,,False,False
win-Australia-ASSA-20221226-204459.npy,20221226,Australia-ASSA,III,20:55:00,20:55:00,20:55:10,20:55:45,2444,2584,zero_width_default,,False,False
win-Australia-ASSA-20221227-004459.npy,20221227,Australia-ASSA,III,00:48:00,00:48:00,00:48:10,00:48:45,764,904,zero_width_default,,False,False
win-Australia-ASSA-20221227-005959.npy,20221227,Australia-ASSA,III,01:08:00,01:08:00,01:08:10,01:08:45,1964,2104,zero_width_default,,False,False
win-Australia-ASSA-20221227-011459.npy,20221227,Australia-ASSA,III,01:17:00,01:17:00,01:17:10,01:17:45,524,664,zero_width_default,,False,False
win-Australia-ASSA-20221227-031459.npy,20221227,Australia-ASSA,III,03:18:00,03:18:00,03:18:10,03:18:45,764,904,zero_width_default,,False,False
win-Australia-ASSA-20221227-032959.npy,20221227,Australia-ASSA,III,03:43:00,03:43:00,03:43:10,03:43:45,3164,3304,zero_width_default,,False,False
win-Australia-ASSA-20221227-041459.npy,20221227,Australia-ASSA,III,04:19:00,04:21:00,04:19:00,04:21:00,964,1444,catalog,,False,False
win-Australia-ASSA-20221228-021459.npy,20221228,Australia-ASSA,III,02:21:00,02:23:00,02:21:00,02:23:00,1444,1924,catalog,,False,False
win-Australia-ASSA-20221228-041459.npy,20221228,Australia-ASSA,III,04:19:00,04:19:00,04:19:10,04:19:45,1004,1144,zero_width_default,,False,False
win-Australia-ASSA-20221228-064459.npy,20221228,Australia-ASSA,III,06:59:00,07:00:00,06:59:00,07:00:00,3364,3600,catalog,,False,True
win-Australia-ASSA-20221228-081459.npy,20221228,Australia-ASSA,III,08:22:00,08:22:00,08:22:10,08:22:45,1724,1864,zero_width_default,,False,False
win-Australia-ASSA-20221228-085959.npy,20221228,Australia-ASSA,III,09:13:00,09:19:00,09:13:00,09:19:00,3124,3600,catalog,,False,True
win-Australia-ASSA-20221228-091459.npy,20221228,Australia-ASSA,III,09:13:00,09:19:00,09:13:00,09:19:00,0,964,catalog,,False,True
win-Australia-ASSA-20221228-204459.npy,20221228,Australia-ASSA,III,20:46:00,20:46:00,20:46:10,20:46:45,284,424,zero_width_default,,False,False
win-Australia-ASSA-20221228-225959.npy,20221228,Australia-ASSA,III,23:03:00,23:04:00,23:03:00,23:04:00,724,964,catalog,,False,False
win-Australia-ASSA-20221228-232959.npy,20221228,Australia-ASSA,III,23:43:00,23:44:00,23:43:00,23:44:00,3124,3364,catalog,,False,False
win-Australia-ASSA-20221229-204459.npy,20221229,Australia-ASSA,III,20:55:00,20:55:00,20:55:10,20:55:45,2444,2584,zero_width_default,,False,False
win-Australia-ASSA-20221229-231459.npy,20221229,Australia-ASSA,III,23:20:00,23:47:00,23:20:00,23:47:00,1204,3600,catalog,,False,True
win-Australia-ASSA-20221229-232959.npy,20221229,Australia-ASSA,III,23:20:00,23:47:00,23:20:00,23:47:00,0,3600,catalog,,False,True
win-Australia-ASSA-20221229-234459.npy,20221229,Australia-ASSA,III,23:20:00,23:47:00,23:20:00,23:47:00,0,484,catalog,,False,True
win-Australia-ASSA-20221231-004459.npy,20221231,Australia-ASSA,III,00:52:00,00:53:00,00:52:00,00:53:00,1684,1924,catalog,,False,False
win-Australia-ASSA-20221231-011459.npy,20221231,Australia-ASSA,III,01:27:00,01:27:00,01:27:10,01:27:45,2924,3064,zero_width_default,,False,False
win-Australia-ASSA-20221231-052959.npy,20221231,Australia-ASSA,III,05:36:00,05:36:00,05:36:10,05:36:45,1484,1624,zero_width_default,,False,False
win-Australia-ASSA-20221231-074459.npy,20221231,Australia-ASSA,III,07:57:00,07:57:00,07:57:10,07:57:45,2924,3064,zero_width_default,,False,False
win-Australia-ASSA-20221231-075959.npy,20221231,Australia-ASSA,III,08:10:00,08:14:00,08:10:00,08:14:00,2404,3364,catalog,,False,False
win-Australia-ASSA-20230101-014459.npy,20230101,Australia-ASSA,III,01:53:00,02:09:00,01:53:00,02:09:00,1924,3600,catalog,,False,True
win-Australia-ASSA-20230101-015959.npy,20230101,Australia-ASSA,III,01:53:00,02:09:00,01:53:00,02:09:00,0,2164,catalog,,False,True
win-Australia-ASSA-20230101-072959.npy,20230101,Australia-ASSA,III,07:42:00,07:48:00,07:42:00,07:48:00,2884,3600,catalog,,False,True
win-Australia-ASSA-20230101-074459.npy,20230101,Australia-ASSA,III,07:42:00,07:48:00,07:42:00,07:48:00,0,724,catalog,,False,True
win-Australia-ASSA-20230101-225959.npy,20230101,Australia-ASSA,III,23:09:00,23:09:00,23:09:10,23:09:45,2204,2344,zero_width_default,,False,False
win-Australia-ASSA-20230101-234459.npy,20230101,Australia-ASSA,III,23:52:00,23:53:00,23:52:00,23:53:00,1684,1924,catalog,,False,False
win-Australia-ASSA-20230102-024459.npy,20230102,Australia-ASSA,III,02:49:00,02:49:00,02:49:10,02:49:45,1004,1144,zero_width_default,,False,False
win-Australia-ASSA-20230102-044459.npy,20230102,Australia-ASSA,III,04:52:00,04:54:00,04:52:00,04:54:00,1684,2164,catalog,,False,False
win-Australia-ASSA-20230102-214459.npy,20230102,Australia-ASSA,III,21:45:00,21:46:00,21:45:00,21:46:00,4,244,catalog,,False,False
win-Australia-ASSA-20230102-224459.npy,20230102,Australia-ASSA,III,22:52:00,22:52:00,22:52:10,22:52:45,1724,1864,zero_width_default,,False,False
win-Australia-ASSA-20230103-041459.npy,20230103,Australia-ASSA,III,04:18:00,04:19:00,04:18:00,04:19:00,724,964,catalog,,False,False
win-Australia-ASSA-20230103-052959.npy,20230103,Australia-ASSA,III,05:32:00,05:33:00,05:32:00,05:33:00,484,724,catalog,,False,False
win-Australia-ASSA-20230103-052959.npy,20230103,Australia-ASSA,III,05:32:00,05:33:00,05:32:00,05:33:00,484,724,catalog,,False,False
win-Australia-ASSA-20230103-052959.npy,20230103,Australia-ASSA,III,05:32:00,05:33:00,05:32:00,05:33:00,484,724,catalog,,False,False
win-Australia-ASSA-20230103-061500.npy,20230103,Australia-ASSA,II,06:25:00,06:42:00,06:27:56,06:30:00,3104,3600,manual,usable,False,True
win-Australia-ASSA-20230103-063000.npy,20230103,Australia-ASSA,II,06:25:00,06:42:00,06:30:00,06:42:31,0,3004,manual,usable,False,True
win-Australia-ASSA-20230103-222959.npy,20230103,Australia-ASSA,III,22:42:00,22:42:00,22:42:10,22:42:45,2924,3064,zero_width_default,,False,False
win-Australia-ASSA-20230103-234459.npy,20230103,Australia-ASSA,III,23:47:00,23:54:00,23:47:00,23:54:00,484,2164,catalog,,False,False
win-Australia-ASSA-20230104-064459.npy,20230104,Australia-ASSA,III,06:57:00,06:57:00,06:57:10,06:57:45,2924,3064,zero_width_default,,False,False
win-Australia-ASSA-20230104-074459.npy,20230104,Australia-ASSA,III,07:48:00,07:48:00,07:48:10,07:48:45,764,904,zero_width_default,,False,False
win-Australia-ASSA-20230104-225959.npy,20230104,Australia-ASSA,III,23:14:00,23:15:00,23:14:00,23:15:00,3364,3600,catalog,,False,True
win-Australia-ASSA-20230104-234459.npy,20230104,Australia-ASSA,III,23:54:00,23:54:00,23:54:10,23:54:45,2204,2344,zero_width_default,,False,False
win-Australia-ASSA-20230105-042959.npy,20230105,Australia-ASSA,III,04:34:00,04:35:00,04:34:00,04:35:00,964,1204,catalog,,False,False
win-Australia-ASSA-20230105-204459.npy,20230105,Australia-ASSA,III,20:52:00,20:52:00,20:52:10,20:52:45,1724,1864,zero_width_default,,False,False
win-Australia-ASSA-20230105-232959.npy,20230105,Australia-ASSA,III,23:31:00,23:39:00,23:31:00,23:39:00,244,2164,catalog,,False,False
win-Australia-ASSA-20230106-015959.npy,20230106,Australia-ASSA,III,02:03:00,02:03:00,02:03:10,02:03:45,764,904,zero_width_default,,False,False
win-Australia-ASSA-20230106-021459.npy,20230106,Australia-ASSA,III,02:17:00,02:18:00,02:17:00,02:18:00,484,724,catalog,,False,False
win-Australia-ASSA-20230106-041459.npy,20230106,Australia-ASSA,III,04:15:00,04:16:00,04:15:00,04:16:00,4,244,catalog,,False,False
win-Australia-ASSA-20230106-054459.npy,20230106,Australia-ASSA,III,05:45:00,05:46:00,05:45:00,05:46:00,4,244,catalog,,False,False
win-Australia-ASSA-20230106-071459.npy,20230106,Australia-ASSA,III,07:24:00,07:24:00,07:24:10,07:24:45,2204,2344,zero_width_default,,False,False
win-Australia-ASSA-20230106-074459.npy,20230106,Australia-ASSA,III,07:55:00,07:56:00,07:55:00,07:56:00,2404,2644,catalog,,False,False
win-Australia-ASSA-20230106-082959.npy,20230106,Australia-ASSA,III,08:31:00,08:32:00,08:31:00,08:32:00,244,484,catalog,,False,False
win-Australia-ASSA-20230106-201500.npy,20230106,Australia-ASSA,III,20:15:00,20:15:00,20:15:10,20:15:45,40,180,zero_width_default,,False,False
win-Australia-ASSA-20230106-224500.npy,20230106,Australia-ASSA,III,22:57:00,23:01:00,22:57:00,23:01:00,2880,3600,catalog,,False,True
win-Australia-ASSA-20230106-230000.npy,20230106,Australia-ASSA,III,22:57:00,23:01:00,22:57:00,23:01:00,0,240,catalog,,False,True
win-Australia-ASSA-20230107-011459.npy,20230107,Australia-ASSA,III,01:25:00,01:30:00,01:25:00,01:30:00,2404,3600,catalog,,False,True
win-Australia-ASSA-20230107-012959.npy,20230107,Australia-ASSA,III,01:38:00,01:39:00,01:38:00,01:39:00,1924,2164,catalog,,False,False
win-Australia-ASSA-20230107-044459.npy,20230107,Australia-ASSA,III,04:46:00,04:52:00,04:46:00,04:52:00,244,1684,catalog,,False,False
win-Australia-ASSA-20230107-052959.npy,20230107,Australia-ASSA,III,05:41:00,05:41:00,05:41:10,05:41:45,2684,2824,zero_width_default,,False,False
win-Australia-ASSA-20230107-065959.npy,20230107,Australia-ASSA,III,07:08:00,07:09:00,07:08:00,07:09:00,1924,2164,catalog,,False,False
win-Australia-ASSA-20230107-072959.npy,20230107,Australia-ASSA,III,07:35:00,07:41:00,07:35:00,07:41:00,1204,2644,catalog,,False,False
win-Australia-ASSA-20230108-012959.npy,20230108,Australia-ASSA,III,01:30:00,01:33:00,01:30:00,01:33:00,4,724,catalog,,False,False
win-Australia-ASSA-20230108-014459.npy,20230108,Australia-ASSA,III,01:48:00,01:48:00,01:48:10,01:48:45,764,904,zero_width_default,,False,False
win-Australia-ASSA-20230108-014459.npy,20230108,Australia-ASSA,III,01:58:00,01:59:00,01:58:00,01:59:00,3124,3364,catalog,,False,False
win-Australia-ASSA-20230108-021459.npy,20230108,Australia-ASSA,III,02:15:00,02:21:00,02:15:00,02:21:00,4,1444,catalog,,False,False
win-Australia-ASSA-20230108-024459.npy,20230108,Australia-ASSA,III,02:46:00,02:47:00,02:46:00,02:47:00,244,484,catalog,,False,False
win-Australia-ASSA-20230108-041459.npy,20230108,Australia-ASSA,III,04:24:00,04:28:00,04:24:00,04:28:00,2164,3124,catalog,,False,False
win-Australia-ASSA-20230108-045959.npy,20230108,Australia-ASSA,III,05:07:00,05:14:00,05:07:00,05:14:00,1684,3364,catalog,,False,False
win-Australia-ASSA-20230108-052959.npy,20230108,Australia-ASSA,III,05:32:00,05:38:00,05:32:00,05:38:00,484,1924,catalog,,False,False
win-Australia-ASSA-20230108-060000.npy,20230108,Australia-ASSA,III,06:08:00,06:08:00,06:08:10,06:08:45,1960,2100,zero_width_default,,False,False
win-Australia-ASSA-20230108-071459.npy,20230108,Australia-ASSA,III,07:21:00,07:30:00,07:21:00,07:30:00,1444,3600,catalog,,False,True
win-Australia-ASSA-20230108-091458.npy,20230108,Australia-ASSA,III,09:18:00,09:21:00,09:18:00,09:21:00,728,1448,catalog,,False,False
win-Australia-ASSA-20230108-192959.npy,20230108,Australia-ASSA,III,19:39:00,19:44:00,19:39:00,19:44:00,2164,3364,catalog,,False,False
win-Australia-ASSA-20230108-202959.npy,20230108,Australia-ASSA,III,20:32:00,20:32:00,20:32:10,20:32:45,524,664,zero_width_default,,False,False
win-Australia-ASSA-20230108-212959.npy,20230108,Australia-ASSA,III,21:38:00,21:40:00,21:38:00,21:40:00,1924,2404,catalog,,False,False
win-Australia-ASSA-20230109-021459.npy,20230109,Australia-ASSA,III,02:23:00,02:23:00,02:23:10,02:23:45,1964,2104,zero_width_default,,False,False
win-Australia-ASSA-20230109-022959.npy,20230109,Australia-ASSA,III,02:36:00,02:42:00,02:36:00,02:42:00,1444,2884,catalog,,False,False
win-Australia-ASSA-20230109-042959.npy,20230109,Australia-ASSA,III,04:39:00,04:39:00,04:39:10,04:39:45,2204,2344,zero_width_default,,False,False
win-Australia-ASSA-20230109-063000.npy,20230109,Australia-ASSA,III,06:34:00,06:35:00,06:34:00,06:35:00,960,1200,catalog,,False,False
win-Australia-ASSA-20230109-084459.npy,20230109,Australia-ASSA,III,08:45:00,08:52:00,08:45:00,08:52:00,4,1684,catalog,,False,False
win-Australia-ASSA-20230109-204459.npy,20230109,Australia-ASSA,III,20:55:00,20:55:00,20:55:10,20:55:45,2444,2584,zero_width_default,,False,False
win-Australia-ASSA-20230109-211459.npy,20230109,Australia-ASSA,III,21:23:00,21:23:00,21:23:10,21:23:45,1964,2104,zero_width_default,,False,False
win-Australia-ASSA-20230109-234459.npy,20230109,Australia-ASSA,III,23:46:00,23:50:00,23:46:00,23:50:00,244,1204,catalog,,False,False
win-Australia-ASSA-20230110-021459.npy,20230110,Australia-ASSA,III,02:15:00,02:21:00,02:15:00,02:21:00,4,1444,catalog,,False,False
win-Australia-ASSA-20230110-024459.npy,20230110,Australia-ASSA,III,02:58:00,02:59:00,02:58:00,02:59:00,3124,3364,catalog,,False,False
win-Australia-ASSA-20230110-082959.npy,20230110,Australia-ASSA,III,08:30:00,08:30:00,08:30:10,08:30:45,44,184,zero_width_default,,False,False
win-Australia-ASSA-20230110-224459.npy,20230110,Australia-ASSA,III,22:47:00,22:53:00,22:47:00,22:53:00,484,1924,catalog,,False,False
win-Australia-ASSA-20230111-014459.npy,20230111,Australia-ASSA,II,01:46:00,01:54:00,01:47:19,01:53:51,560,2128,manual,usable,False,False
win-Australia-ASSA-20230111-022959.npy,20230111,Australia-ASSA,III,02:33:00,02:33:00,02:33:10,02:33:45,764,904,zero_width_default,,False,False
win-Australia-ASSA-20230111-024459.npy,20230111,Australia-ASSA,III,02:59:00,03:02:00,02:59:00,03:02:00,3364,3600,catalog,,False,True
win-Australia-ASSA-20230111-024459.npy,20230111,Australia-ASSA,III,02:45:00,02:49:00,02:45:00,02:49:00,4,964,catalog,,False,False
win-Australia-ASSA-20230111-032959.npy,20230111,Australia-ASSA,III,03:37:00,03:38:00,03:37:00,03:38:00,1684,1924,catalog,,False,False
win-Australia-ASSA-20230111-034459.npy,20230111,Australia-ASSA,III,03:59:00,03:59:00,03:59:10,03:59:45,3404,3544,zero_width_default,,False,False
win-Australia-ASSA-20230111-034459.npy,20230111,Australia-ASSA,III,03:46:00,03:51:00,03:46:00,03:51:00,244,1444,catalog,,False,False
win-Australia-ASSA-20230111-074459.npy,20230111,Australia-ASSA,III,07:54:00,07:59:00,07:54:00,07:59:00,2164,3364,catalog,,False,False
win-Australia-ASSA-20230111-204459.npy,20230111,Australia-ASSA,II,20:58:00,21:10:00,20:58:00,21:10:00,3124,3600,catalog,discard,False,True
win-Australia-ASSA-20230111-205959.npy,20230111,Australia-ASSA,II,20:58:00,21:10:00,21:00:26,21:04:34,108,1100,manual,usable,False,True
win-Australia-ASSA-20230111-224459.npy,20230111,Australia-ASSA,III,22:55:00,22:55:00,22:55:10,22:55:45,2444,2584,zero_width_default,,False,False
win-Australia-ASSA-20230111-225959.npy,20230111,Australia-ASSA,III,23:08:00,23:09:00,23:08:00,23:09:00,1924,2164,catalog,,False,False
win-Australia-ASSA-20230111-232959.npy,20230111,Australia-ASSA,III,23:43:00,23:43:00,23:43:10,23:43:45,3164,3304,zero_width_default,,False,False
win-Australia-ASSA-20230112-004459.npy,20230112,Australia-ASSA,III,00:55:00,01:00:00,00:55:00,01:00:00,2404,3600,catalog,,False,True
win-Australia-ASSA-20230112-052959.npy,20230112,Australia-ASSA,III,05:30:00,05:30:00,05:30:10,05:30:45,44,184,zero_width_default,,False,False
win-Australia-ASSA-20230113-012959.npy,20230113,Australia-ASSA,III,01:40:00,01:40:00,01:40:10,01:40:45,2444,2584,zero_width_default,,False,False
win-Australia-ASSA-20230113-044459.npy,20230113,Australia-ASSA,III,04:47:00,04:48:00,04:47:00,04:48:00,484,724,catalog,,False,False
win-Australia-ASSA-20230113-061500.npy,20230113,Australia-ASSA,III,06:23:00,06:23:00,06:23:10,06:23:45,1960,2100,zero_width_default,,False,False
win-Australia-ASSA-20230114-002959.npy,20230114,Australia-ASSA,III,00:41:00,00:41:00,00:41:10,00:41:45,2684,2824,zero_width_default,,False,False
win-Australia-ASSA-20230114-211459.npy,20230114,Australia-ASSA,III,21:22:00,21:23:00,21:22:00,21:23:00,1684,1924,catalog,,False,False
win-Australia-ASSA-20230114-224459.npy,20230114,Australia-ASSA,III,22:50:00,22:50:00,22:50:10,22:50:45,1244,1384,zero_width_default,,False,False
win-Australia-ASSA-20230114-231459.npy,20230114,Australia-ASSA,V,23:22:00,23:25:00,23:22:17,23:26:44,1752,2820,manual,usable,False,False
win-Australia-ASSA-20230115-002959.npy,20230115,Australia-ASSA,III,00:41:00,00:42:00,00:41:00,00:42:00,2644,2884,catalog,,False,False
win-Australia-ASSA-20230115-014459.npy,20230115,Australia-ASSA,III,01:58:00,02:06:00,01:58:00,02:06:00,3124,3600,catalog,,False,True
win-Australia-ASSA-20230115-015959.npy,20230115,Australia-ASSA,III,01:58:00,02:06:00,01:58:00,02:06:00,0,1444,catalog,,False,True
win-Australia-ASSA-20230115-214459.npy,20230115,Australia-ASSA,III,21:55:00,21:55:00,21:55:10,21:55:45,2444,2584,zero_width_default,,False,False
win-Australia-ASSA-20230116-034459.npy,20230116,Australia-ASSA,III,03:45:00,03:47:00,03:45:00,03:47:00,4,484,catalog,,False,False
win-Australia-ASSA-20230116-035959.npy,20230116,Australia-ASSA,III,04:02:00,04:03:00,04:02:00,04:03:00,484,724,catalog,,False,False
win-Australia-ASSA-20230116-042959.npy,20230116,Australia-ASSA,III,04:35:00,04:40:00,04:35:00,04:40:00,1204,2404,catalog,,False,False
win-Australia-ASSA-20230116-044459.npy,20230116,Australia-ASSA,III,04:59:00,05:00:00,04:59:00,05:00:00,3364,3600,catalog,,False,True
win-Australia-ASSA-20230116-054459.npy,20230116,Australia-ASSA,III,05:58:00,05:58:00,05:58:10,05:58:45,3164,3304,zero_width_default,,False,False
win-Australia-ASSA-20230116-065959.npy,20230116,Australia-ASSA,III,07:14:00,07:15:00,07:14:00,07:15:00,3364,3600,catalog,,False,True
win-Australia-ASSA-20230116-084459.npy,20230116,Australia-ASSA,III,08:56:00,08:56:00,08:56:10,08:56:45,2684,2824,zero_width_default,,False,False
win-Australia-ASSA-20230116-202959.npy,20230116,Australia-ASSA,III,20:37:00,20:37:00,20:37:10,20:37:45,1724,1864,zero_width_default,,False,False
win-Australia-ASSA-20230117-002959.npy,20230117,Australia-ASSA,III,00:31:00,00:33:00,00:31:00,00:33:00,244,724,catalog,,False,False
win-Australia-ASSA-20230117-015959.npy,20230117,Australia-ASSA,III,02:11:00,02:12:00,02:11:00,02:12:00,2644,2884,catalog,,False,False
win-Australia-ASSA-20230117-052959.npy,20230117,Australia-ASSA,III,05:38:00,05:39:00,05:38:00,05:39:00,1924,2164,catalog,,False,False
win-Australia-ASSA-20230117-214459.npy,20230117,Australia-ASSA,III,21:56:00,21:57:00,21:56:00,21:57:00,2644,2884,catalog,,False,False
win-Australia-ASSA-20230117-232959.npy,20230117,Australia-ASSA,III,23:43:00,23:44:00,23:43:00,23:44:00,3124,3364,catalog,,False,False
win-Australia-ASSA-20230117-234459.npy,20230117,Australia-ASSA,III,23:55:00,23:56:00,23:55:00,23:56:00,2404,2644,catalog,,False,False
win-Australia-ASSA-20230118-002959.npy,20230118,Australia-ASSA,III,00:40:00,00:40:00,00:40:10,00:40:45,2444,2584,zero_width_default,,False,False
win-Australia-ASSA-20230118-032959.npy,20230118,Australia-ASSA,III,03:35:00,03:36:00,03:35:00,03:36:00,1204,1444,catalog,,False,False
win-Australia-ASSA-20230118-034459.npy,20230118,Australia-ASSA,III,03:49:00,03:56:00,03:49:00,03:56:00,964,2644,catalog,,False,False
win-Australia-ASSA-20230118-035959.npy,20230118,Australia-ASSA,III,04:07:00,04:11:00,04:07:00,04:11:00,1684,2644,catalog,,False,False
win-Australia-ASSA-20230118-064459.npy,20230118,Australia-ASSA,III,06:50:00,06:51:00,06:50:00,06:51:00,1204,1444,catalog,,False,False
win-Australia-ASSA-20230119-032959.npy,20230119,Australia-ASSA,III,03:36:00,03:39:00,03:36:00,03:39:00,1444,2164,catalog,,False,False
win-Australia-ASSA-20230119-051459.npy,20230119,Australia-ASSA,III,05:16:00,05:25:00,05:16:00,05:25:00,244,2404,catalog,,False,False
win-Australia-ASSA-20230119-061500.npy,20230119,Australia-ASSA,III,06:27:00,06:27:00,06:27:10,06:27:45,2920,3060,zero_width_default,,False,False
win-Australia-ASSA-20230119-231459.npy,20230119,Australia-ASSA,III,23:16:00,23:17:00,23:16:00,23:17:00,244,484,catalog,,False,False
win-Australia-ASSA-20230120-024459.npy,20230120,Australia-ASSA,III,02:46:00,02:47:00,02:46:00,02:47:00,244,484,catalog,,False,False
win-Australia-ASSA-20230120-035959.npy,20230120,Australia-ASSA,III,04:00:00,04:06:00,04:00:00,04:06:00,4,1444,catalog,,False,False
win-Australia-ASSA-20230120-044459.npy,20230120,Australia-ASSA,III,04:52:00,04:52:00,04:52:10,04:52:45,1724,1864,zero_width_default,,False,False
win-Australia-ASSA-20230120-052959.npy,20230120,Australia-ASSA,III,05:42:00,05:45:00,05:42:00,05:45:00,2884,3600,catalog,,False,True
win-Australia-ASSA-20230121-032959.npy,20230121,Australia-ASSA,III,03:39:00,03:41:00,03:39:00,03:41:00,2164,2644,catalog,,False,False
win-Australia-ASSA-20230121-044459.npy,20230121,Australia-ASSA,III,04:49:00,04:49:00,04:49:10,04:49:45,1004,1144,zero_width_default,,False,False
win-Australia-ASSA-20230121-211459.npy,20230121,Australia-ASSA,III,21:29:00,21:30:00,21:29:00,21:30:00,3364,3600,catalog,,False,True
win-Australia-ASSA-20230121-224459.npy,20230121,Australia-ASSA,III,22:46:00,22:48:00,22:46:00,22:48:00,244,724,catalog,,False,False
win-Australia-ASSA-20230121-231459.npy,20230121,Australia-ASSA,III,23:17:00,23:18:00,23:17:00,23:18:00,484,724,catalog,,False,False
win-Australia-ASSA-20230122-015959.npy,20230122,Australia-ASSA,III,02:04:00,02:04:00,02:04:10,02:04:45,1004,1144,zero_width_default,,False,False
win-Australia-ASSA-20230122-021459.npy,20230122,Australia-ASSA,III,02:15:00,02:15:00,02:15:10,02:15:45,44,184,zero_width_default,,False,False
win-Australia-ASSA-20230124-012959.npy,20230124,Australia-ASSA,III,01:35:00,01:35:00,01:35:10,01:35:45,1244,1384,zero_width_default,,False,False
win-Australia-ASSA-20230124-015959.npy,20230124,Australia-ASSA,III,02:07:00,02:08:00,02:07:00,02:08:00,1684,1924,catalog,,False,False
win-Australia-ASSA-20230124-022959.npy,20230124,Australia-ASSA,III,02:39:00,02:39:00,02:39:10,02:39:45,2204,2344,zero_width_default,,False,False
win-Australia-ASSA-20230124-024459.npy,20230124,Australia-ASSA,III,02:45:00,02:48:00,02:45:00,02:48:00,4,724,catalog,,False,False
win-Australia-ASSA-20230124-035959.npy,20230124,Australia-ASSA,III,04:01:00,04:08:00,04:01:00,04:08:00,244,1924,catalog,,False,False
win-Australia-ASSA-20230125-012959.npy,20230125,Australia-ASSA,III,01:33:00,01:38:00,01:33:00,01:38:00,724,1924,catalog,,False,False
win-Australia-ASSA-20230125-014459.npy,20230125,Australia-ASSA,III,01:56:00,01:56:00,01:56:10,01:56:45,2684,2824,zero_width_default,,False,False
win-Australia-ASSA-20230125-015959.npy,20230125,Australia-ASSA,III,02:13:00,02:20:00,02:13:00,02:20:00,3124,3600,catalog,,False,True
win-Australia-ASSA-20230125-021459.npy,20230125,Australia-ASSA,III,02:13:00,02:20:00,02:13:00,02:20:00,0,1204,catalog,,False,True
win-Australia-ASSA-20230125-051459.npy,20230125,Australia-ASSA,III,05:17:00,05:17:00,05:17:10,05:17:45,524,664,zero_width_default,,False,False
win-Australia-ASSA-20230125-081459.npy,20230125,Australia-ASSA,III,08:18:00,08:23:00,08:18:00,08:23:00,724,1924,catalog,,False,False
win-Australia-ASSA-20230125-224459.npy,20230125,Australia-ASSA,III,22:49:00,22:49:00,22:49:10,22:49:45,1004,1144,zero_width_default,,False,False
win-Australia-ASSA-20230125-232959.npy,20230125,Australia-ASSA,III,23:37:00,23:37:00,23:37:10,23:37:45,1724,1864,zero_width_default,,False,False
win-Australia-ASSA-20230126-024459.npy,20230126,Australia-ASSA,III,02:46:00,02:47:00,02:46:00,02:47:00,244,484,catalog,,False,False
win-Australia-ASSA-20230126-024459.npy,20230126,Australia-ASSA,II,02:49:00,02:55:00,02:51:11,02:55:26,1488,2508,manual,usable,False,False
win-Australia-ASSA-20230127-015959.npy,20230127,Australia-ASSA,III,02:05:00,02:07:00,02:05:00,02:07:00,1204,1684,catalog,,False,False
win-Australia-ASSA-20230127-022959.npy,20230127,Australia-ASSA,III,02:38:00,02:41:00,02:38:00,02:41:00,1924,2644,catalog,,False,False
win-Australia-ASSA-20230127-032959.npy,20230127,Australia-ASSA,III,03:35:00,03:44:00,03:35:00,03:44:00,1204,3364,catalog,,False,False
win-Australia-ASSA-20230127-035959.npy,20230127,Australia-ASSA,III,04:08:00,04:14:00,04:08:00,04:14:00,1924,3364,catalog,,False,False
win-Australia-ASSA-20230127-052959.npy,20230127,Australia-ASSA,III,05:42:00,05:44:00,05:42:00,05:44:00,2884,3364,catalog,,False,False
win-Australia-ASSA-20230127-064459.npy,20230127,Australia-ASSA,III,06:51:00,06:53:00,06:51:00,06:53:00,1444,1924,catalog,,False,False
win-Australia-ASSA-20230128-042959.npy,20230128,Australia-ASSA,III,04:30:00,04:30:00,04:30:10,04:30:45,44,184,zero_width_default,,False,False
win-Australia-ASSA-20230129-225959.npy,20230129,Australia-ASSA,III,23:00:00,23:01:00,23:00:00,23:01:00,4,244,catalog,,False,False
win-Australia-ASSA-20230130-005959.npy,20230130,Australia-ASSA,III,01:09:00,01:10:00,01:09:00,01:10:00,2164,2404,catalog,,False,False
win-Australia-ASSA-20230130-075959.npy,20230130,Australia-ASSA,III,08:08:00,08:09:00,08:08:00,08:09:00,1924,2164,catalog,,False,False
win-Australia-ASSA-20230131-012959.npy,20230131,Australia-ASSA,III,01:36:00,01:36:00,01:36:10,01:36:45,1484,1624,zero_width_default,,False,False
win-Australia-ASSA-20230131-034459.npy,20230131,Australia-ASSA,III,03:45:00,03:46:00,03:45:00,03:46:00,4,244,catalog,,False,False
win-Australia-ASSA-20230131-064459.npy,20230131,Australia-ASSA,III,06:57:00,06:57:00,06:57:10,06:57:45,2924,3064,zero_width_default,,False,False
win-Australia-ASSA-20230131-085959.npy,20230131,Australia-ASSA,III,09:04:00,09:04:00,09:04:10,09:04:45,1004,1144,zero_width_default,,False,False
win-Australia-ASSA-20230201-054459.npy,20230201,Australia-ASSA,III,05:58:00,05:58:00,05:58:10,05:58:45,3164,3304,zero_width_default,,False,False
win-Australia-ASSA-20230201-075959.npy,20230201,Australia-ASSA,III,08:03:00,08:03:00,08:03:10,08:03:45,764,904,zero_width_default,,False,False
win-Australia-ASSA-20230203-232959.npy,20230203,Australia-ASSA,III,23:39:00,23:39:00,23:39:10,23:39:45,2204,2344,zero_width_default,,False,False
win-Australia-ASSA-20230203-234459.npy,20230203,Australia-ASSA,III,23:47:00,23:47:00,23:47:10,23:47:45,524,664,zero_width_default,,False,False
win-Australia-ASSA-20230204-014459.npy,20230204,Australia-ASSA,III,01:57:00,01:58:00,01:57:00,01:58:00,2884,3124,catalog,,False,False
win-Australia-ASSA-20230204-015959.npy,20230204,Australia-ASSA,III,02:09:00,02:11:00,02:09:00,02:11:00,2164,2644,catalog,,False,False
win-Australia-ASSA-20230204-021459.npy,20230204,Australia-ASSA,III,02:25:00,02:26:00,02:25:00,02:26:00,2404,2644,catalog,,False,False
win-Australia-ASSA-20230204-045959.npy,20230204,Australia-ASSA,III,05:08:00,05:16:00,05:08:00,05:16:00,1924,3600,catalog,,False,True
win-Australia-ASSA-20230204-051459.npy,20230204,Australia-ASSA,III,05:08:00,05:16:00,05:08:00,05:16:00,0,244,catalog,,False,True
win-Australia-ASSA-20230204-062959.npy,20230204,Australia-ASSA,III,06:42:00,06:43:00,06:42:00,06:43:00,2884,3124,catalog,,False,False
win-Australia-ASSA-20230204-072959.npy,20230204,Australia-ASSA,III,07:34:00,07:35:00,07:34:00,07:35:00,964,1204,catalog,,False,False
win-Australia-ASSA-20230204-091459.npy,20230204,Australia-ASSA,III,09:29:00,09:33:00,09:29:00,09:33:00,3364,3600,catalog,,False,True
win-Australia-ASSA-20230204-092958.npy,20230204,Australia-ASSA,III,09:29:00,09:33:00,09:29:00,09:33:00,0,728,catalog,,False,True
win-Australia-ASSA-20230205-024459.npy,20230205,Australia-ASSA,III,02:47:00,02:49:00,02:47:00,02:49:00,484,964,catalog,,False,False
win-Australia-ASSA-20230205-084459.npy,20230205,Australia-ASSA,III,08:49:00,08:50:00,08:49:00,08:50:00,964,1204,catalog,,False,False
win-Australia-ASSA-20230206-234459.npy,20230206,Australia-ASSA,III,23:51:00,23:52:00,23:51:00,23:52:00,1444,1684,catalog,,False,False
win-Australia-ASSA-20230207-074459.npy,20230207,Australia-ASSA,III,07:54:00,07:56:00,07:54:00,07:56:00,2164,2644,catalog,,False,False
win-Australia-ASSA-20230207-231459.npy,20230207,Australia-ASSA,III,23:24:00,23:28:00,23:24:00,23:28:00,2164,3124,catalog,,False,False
win-Australia-ASSA-20230208-061459.npy,20230208,Australia-ASSA,III,06:27:00,06:27:00,06:27:10,06:27:45,2924,3064,zero_width_default,,False,False
win-Australia-ASSA-20230208-074459.npy,20230208,Australia-ASSA,III,07:47:00,07:47:00,07:47:10,07:47:45,524,664,zero_width_default,,False,False
win-Australia-ASSA-20230209-024459.npy,20230209,Australia-ASSA,III,02:49:00,02:49:00,02:49:10,02:49:45,1004,1144,zero_width_default,,False,False
win-Australia-ASSA-20230209-032959.npy,20230209,Australia-ASSA,III,03:43:00,03:43:00,03:43:10,03:43:45,3164,3304,zero_width_default,,False,False
win-Australia-ASSA-20230209-054459.npy,20230209,Australia-ASSA,III,05:59:00,06:00:00,05:59:00,06:00:00,3364,3600,catalog,,False,True
win-Australia-ASSA-20230209-062959.npy,20230209,Australia-ASSA,III,06:39:00,06:39:00,06:39:10,06:39:45,2204,2344,zero_width_default,,False,False
win-Australia-ASSA-20230209-071459.npy,20230209,Australia-ASSA,III,07:16:00,07:18:00,07:16:00,07:18:00,244,724,catalog,,False,False
win-Australia-ASSA-20230209-071459.npy,20230209,Australia-ASSA,II,07:25:00,07:28:00,07:25:01,07:27:45,2408,3064,manual,usable,False,False
win-Australia-ASSA-20230209-091459.npy,20230209,Australia-ASSA,III,09:16:00,09:16:00,09:16:10,09:16:45,284,424,zero_width_default,,False,False
win-Australia-ASSA-20230209-213000.npy,20230209,Australia-ASSA,III,21:39:00,21:40:00,21:39:00,21:40:00,2160,2400,catalog,,False,False
win-Australia-ASSA-20230210-014500.npy,20230210,Australia-ASSA,III,01:48:00,01:48:00,01:48:10,01:48:45,760,900,zero_width_default,,False,False
win-Australia-ASSA-20230210-041500.npy,20230210,Australia-ASSA,III,04:15:00,04:15:00,04:15:10,04:15:45,40,180,zero_width_default,,False,False
win-Australia-ASSA-20230210-090000.npy,20230210,Australia-ASSA,III,09:00:00,09:03:00,09:00:00,09:03:00,0,720,catalog,,False,False
win-Australia-ASSA-20230210-201500.npy,20230210,Australia-ASSA,III,20:27:00,20:28:00,20:27:00,20:28:00,2880,3120,catalog,,False,False
win-Australia-ASSA-20230210-213000.npy,20230210,Australia-ASSA,III,21:40:00,21:40:00,21:40:10,21:40:45,2440,2580,zero_width_default,,False,False
win-Australia-ASSA-20230210-224459.npy,20230210,Australia-ASSA,III,22:50:00,22:52:00,22:50:00,22:52:00,1204,1684,catalog,,False,False
win-Australia-ASSA-20230211-052959.npy,20230211,Australia-ASSA,III,05:34:00,05:34:00,05:34:10,05:34:45,1004,1144,zero_width_default,,False,False
win-Australia-ASSA-20230211-060000.npy,20230211,Australia-ASSA,III,06:08:00,06:13:00,06:08:00,06:13:00,1920,3120,catalog,,False,False
win-Australia-ASSA-20230212-032959.npy,20230212,Australia-ASSA,III,03:37:00,03:44:00,03:37:00,03:44:00,1684,3364,catalog,,False,False
win-Australia-ASSA-20230212-041459.npy,20230212,Australia-ASSA,III,04:20:00,04:20:00,04:20:10,04:20:45,1244,1384,zero_width_default,,False,False
win-Australia-ASSA-20230213-205959.npy,20230213,Australia-ASSA,III,21:08:00,21:09:00,21:08:00,21:09:00,1924,2164,catalog,,False,False
win-Australia-ASSA-20230213-231459.npy,20230213,Australia-ASSA,III,23:25:00,23:30:00,23:25:00,23:30:00,2404,3600,catalog,,False,True
win-Australia-ASSA-20230214-034459.npy,20230214,Australia-ASSA,III,03:58:00,03:58:00,03:58:10,03:58:45,3164,3304,zero_width_default,,False,False
win-Australia-ASSA-20230214-045959.npy,20230214,Australia-ASSA,III,05:01:00,05:02:00,05:01:00,05:02:00,244,484,catalog,,False,False
win-Australia-ASSA-20230216-001459.npy,20230216,Australia-ASSA,III,00:22:00,00:24:00,00:22:00,00:24:00,1684,2164,catalog,,False,False
win-Australia-ASSA-20230216-002959.npy,20230216,Australia-ASSA,III,00:36:00,00:37:00,00:36:00,00:37:00,1444,1684,catalog,,False,False
win-Australia-ASSA-20230216-031459.npy,20230216,Australia-ASSA,III,03:24:00,03:25:00,03:24:00,03:25:00,2164,2404,catalog,,False,False
win-Australia-ASSA-20230216-062959.npy,20230216,Australia-ASSA,III,06:43:00,06:43:00,06:43:10,06:43:45,3164,3304,zero_width_default,,False,False
win-Australia-ASSA-20230216-225959.npy,20230216,Australia-ASSA,III,23:02:00,23:03:00,23:02:00,23:03:00,484,724,catalog,,False,False
win-Australia-ASSA-20230216-234459.npy,20230216,Australia-ASSA,III,23:52:00,23:55:00,23:52:00,23:55:00,1684,2404,catalog,,False,False
win-Australia-ASSA-20230217-001459.npy,20230217,Australia-ASSA,III,00:18:00,00:18:00,00:18:10,00:18:45,764,904,zero_width_default,,False,False
win-Australia-ASSA-20230217-044459.npy,20230217,Australia-ASSA,III,04:49:00,04:50:00,04:49:00,04:50:00,964,1204,catalog,,False,False
win-Australia-ASSA-20230218-004459.npy,20230218,Australia-ASSA,III,00:59:00,01:01:00,00:59:00,01:01:00,3364,3600,catalog,,False,True
win-Australia-ASSA-20230218-005959.npy,20230218,Australia-ASSA,III,00:59:00,01:01:00,00:59:00,01:01:00,0,244,catalog,,False,True
win-Australia-ASSA-20230218-044459.npy,20230218,Australia-ASSA,III,04:54:00,04:55:00,04:54:00,04:55:00,2164,2404,catalog,,False,False
win-Australia-ASSA-20230219-001459.npy,20230219,Australia-ASSA,III,00:18:00,00:18:00,00:18:10,00:18:45,764,904,zero_width_default,,False,False
win-Australia-ASSA-20230219-002959.npy,20230219,Australia-ASSA,III,00:42:00,00:43:00,00:42:00,00:43:00,2884,3124,catalog,,False,False
win-Australia-ASSA-20230219-011459.npy,20230219,Australia-ASSA,III,01:23:00,01:26:00,01:23:00,01:26:00,1924,2644,catalog,,False,False
win-Australia-ASSA-20230219-015959.npy,20230219,Australia-ASSA,III,02:05:00,02:05:00,02:05:10,02:05:45,1244,1384,zero_width_default,,False,False
win-Australia-ASSA-20230219-034459.npy,20230219,Australia-ASSA,III,03:51:00,03:51:00,03:51:10,03:51:45,1484,1624,zero_width_default,,False,False
win-Australia-ASSA-20230219-035959.npy,20230219,Australia-ASSA,III,04:00:00,04:03:00,04:00:00,04:03:00,4,724,catalog,,False,False
win-Australia-ASSA-20230219-045959.npy,20230219,Australia-ASSA,III,05:05:00,05:06:00,05:05:00,05:06:00,1204,1444,catalog,,False,False
win-Australia-ASSA-20230219-054459.npy,20230219,Australia-ASSA,III,05:47:00,05:48:00,05:47:00,05:48:00,484,724,catalog,,False,False
win-Australia-ASSA-20230219-214459.npy,20230219,Australia-ASSA,III,21:48:00,21:48:00,21:48:10,21:48:45,764,904,zero_width_default,,False,False
win-Australia-ASSA-20230220-002959.npy,20230220,Australia-ASSA,III,00:44:00,00:44:00,00:44:10,00:44:45,3404,3544,zero_width_default,,False,False
win-Australia-ASSA-20230220-004459.npy,20230220,Australia-ASSA,III,00:48:00,00:48:00,00:48:10,00:48:45,764,904,zero_width_default,,False,False
win-Australia-ASSA-20230220-011459.npy,20230220,Australia-ASSA,III,01:22:00,01:23:00,01:22:00,01:23:00,1684,1924,catalog,,False,False
win-Australia-ASSA-20230220-012959.npy,20230220,Australia-ASSA,III,01:31:00,01:31:00,01:31:10,01:31:45,284,424,zero_width_default,,False,False
win-Australia-ASSA-20230220-014459.npy,20230220,Australia-ASSA,III,01:49:00,01:49:00,01:49:10,01:49:45,1004,1144,zero_width_default,,False,False
win-Australia-ASSA-20230220-015959.npy,20230220,Australia-ASSA,III,02:14:00,02:14:00,02:14:10,02:14:45,3404,3544,zero_width_default,,False,False
win-Australia-ASSA-20230220-065959.npy,20230220,Australia-ASSA,III,07:10:00,07:12:00,07:10:00,07:12:00,2404,2884,catalog,,False,False
win-Australia-ASSA-20230220-231459.npy,20230220,Australia-ASSA,III,23:17:00,23:18:00,23:17:00,23:18:00,484,724,catalog,,False,False
win-Australia-ASSA-20230221-002959.npy,20230221,Australia-ASSA,III,00:44:00,00:45:00,00:44:00,00:45:00,3364,3600,catalog,,False,True
win-Australia-ASSA-20230221-015959.npy,20230221,Australia-ASSA,III,02:05:00,02:09:00,02:05:00,02:09:00,1204,2164,catalog,,False,False
win-Australia-ASSA-20230221-024459.npy,20230221,Australia-ASSA,III,02:46:00,02:51:00,02:46:00,02:51:00,244,1444,catalog,,False,False
win-Australia-ASSA-20230221-031459.npy,20230221,Australia-ASSA,III,03:19:00,03:23:00,03:19:00,03:23:00,964,1924,catalog,,False,False
win-Australia-ASSA-20230221-032959.npy,20230221,Australia-ASSA,III,03:41:00,03:42:00,03:41:00,03:42:00,2644,2884,catalog,,False,False
win-Australia-ASSA-20230221-045959.npy,20230221,Australia-ASSA,III,05:02:00,05:06:00,05:02:00,05:06:00,484,1444,catalog,,False,False
win-Australia-ASSA-20230221-051459.npy,20230221,Australia-ASSA,III,05:23:00,05:24:00,05:23:00,05:24:00,1924,2164,catalog,,False,False
win-Australia-ASSA-20230221-052959.npy,20230221,Australia-ASSA,III,05:42:00,05:46:00,05:42:00,05:46:00,2884,3600,catalog,,False,True
win-Australia-ASSA-20230221-054459.npy,20230221,Australia-ASSA,III,05:42:00,05:46:00,05:42:00,05:46:00,0,244,catalog,,False,True
win-Australia-ASSA-20230221-064459.npy,20230221,Australia-ASSA,III,06:50:00,06:52:00,06:50:00,06:52:00,1204,1684,catalog,,False,False
win-Australia-ASSA-20230221-072959.npy,20230221,Australia-ASSA,III,07:35:00,07:43:00,07:35:00,07:43:00,1204,3124,catalog,,False,False
win-Australia-ASSA-20230221-074459.npy,20230221,Australia-ASSA,III,07:51:00,07:51:00,07:51:10,07:51:45,1484,1624,zero_width_default,,False,False
win-Australia-ASSA-20230221-225959.npy,20230221,Australia-ASSA,III,23:04:00,23:05:00,23:04:00,23:05:00,964,1204,catalog,,False,False
win-Australia-ASSA-20230222-224459.npy,20230222,Australia-ASSA,III,22:58:00,22:58:00,22:58:10,22:58:45,3164,3304,zero_width_default,,False,False
win-Australia-ASSA-20230223-042959.npy,20230223,Australia-ASSA,III,04:42:00,04:44:00,04:42:00,04:44:00,2884,3364,catalog,,False,False
win-Australia-ASSA-20230223-060000.npy,20230223,Australia-ASSA,II,06:14:00,06:20:00,06:12:54,06:14:37,3096,3508,manual,usable,False,True
win-Australia-ASSA-20230223-060000.npy,20230223,Australia-ASSA,V,06:12:00,06:15:00,06:12:54,06:14:44,3096,3536,manual,usable,False,False
win-Australia-ASSA-20230223-061500.npy,20230223,Australia-ASSA,II,06:14:00,06:20:00,06:15:00,06:17:34,0,616,manual,usable,False,True
win-Australia-ASSA-20230223-074459.npy,20230223,Australia-ASSA,III,07:47:00,07:50:00,07:47:00,07:50:00,484,1204,catalog,,False,False
win-Australia-ASSA-20230223-075959.npy,20230223,Australia-ASSA,III,08:08:00,08:10:00,08:08:00,08:10:00,1924,2404,catalog,,False,False
win-Australia-ASSA-20230223-231459.npy,20230223,Australia-ASSA,III,23:16:00,23:16:00,23:16:10,23:16:45,284,424,zero_width_default,,False,False
win-Australia-ASSA-20230224-041459.npy,20230224,Australia-ASSA,III,04:16:00,04:25:00,04:16:00,04:25:00,244,2404,catalog,,False,False
win-Australia-ASSA-20230224-062959.npy,20230224,Australia-ASSA,III,06:31:00,06:33:00,06:31:00,06:33:00,244,724,catalog,,False,False
win-Australia-ASSA-20230224-064459.npy,20230224,Australia-ASSA,III,06:56:00,06:57:00,06:56:00,06:57:00,2644,2884,catalog,,False,False
win-Australia-ASSA-20230224-074459.npy,20230224,Australia-ASSA,III,07:49:00,07:50:00,07:49:00,07:50:00,964,1204,catalog,,False,False
win-Australia-ASSA-20230224-212959.npy,20230224,Australia-ASSA,III,21:35:00,21:44:00,21:35:00,21:44:00,1204,3364,catalog,,False,False
win-Australia-ASSA-20230224-223000.npy,20230224,Australia-ASSA,III,22:35:00,22:39:00,22:35:00,22:39:00,1200,2160,catalog,,False,False
win-Australia-ASSA-20230224-224459.npy,20230224,Australia-ASSA,III,22:49:00,22:49:00,22:49:10,22:49:45,1004,1144,zero_width_default,,False,False
win-Australia-ASSA-20230225-005959.npy,20230225,Australia-ASSA,III,01:04:00,01:04:00,01:04:10,01:04:45,1004,1144,zero_width_default,,False,False
win-Australia-ASSA-20230225-041459.npy,20230225,Australia-ASSA,II,04:26:00,04:45:00,04:26:17,04:29:37,2712,3512,manual,usable,False,True
win-Australia-ASSA-20230225-042959.npy,20230225,Australia-ASSA,II,04:26:00,04:45:00,04:35:41,04:44:59,1368,3600,manual,usable,False,True
win-Australia-ASSA-20230225-054459.npy,20230225,Australia-ASSA,III,05:45:00,05:46:00,05:45:00,05:46:00,4,244,catalog,,False,False
win-Australia-ASSA-20230225-072959.npy,20230225,Australia-ASSA,III,07:34:00,07:35:00,07:34:00,07:35:00,964,1204,catalog,,False,False
win-Australia-ASSA-20230225-211459.npy,20230225,Australia-ASSA,III,21:18:00,21:18:00,21:18:10,21:18:45,764,904,zero_width_default,,False,False
win-Australia-ASSA-20230225-225959.npy,20230225,Australia-ASSA,III,23:12:00,23:15:00,23:12:00,23:15:00,2884,3600,catalog,,False,True
win-Australia-ASSA-20230226-000000.npy,20230226,Australia-ASSA,III,00:09:00,00:16:00,00:09:00,00:16:00,2160,3600,catalog,,False,True
win-Australia-ASSA-20230226-001459.npy,20230226,Australia-ASSA,III,00:09:00,00:16:00,00:09:00,00:16:00,0,244,catalog,,False,True
win-Australia-ASSA-20230226-034459.npy,20230226,Australia-ASSA,III,03:59:00,03:59:00,03:59:10,03:59:45,3404,3544,zero_width_default,,False,False
win-Australia-ASSA-20230226-045959.npy,20230226,Australia-ASSA,III,05:03:00,05:03:00,05:03:10,05:03:45,764,904,zero_width_default,,False,False
win-Australia-ASSA-20230227-035959.npy,20230227,Australia-ASSA,III,04:03:00,04:04:00,04:03:00,04:04:00,724,964,catalog,,False,False
win-Australia-ASSA-20230227-042959.npy,20230227,Australia-ASSA,III,04:35:00,04:35:00,04:35:10,04:35:45,1244,1384,zero_width_default,,False,False
win-Australia-ASSA-20230227-045959.npy,20230227,Australia-ASSA,III,05:01:00,05:01:00,05:01:10,05:01:45,284,424,zero_width_default,,False,False
win-Australia-ASSA-20230227-224459.npy,20230227,Australia-ASSA,III,22:53:00,22:53:00,22:53:10,22:53:45,1964,2104,zero_width_default,,False,False
win-Australia-ASSA-20230227-225959.npy,20230227,Australia-ASSA,III,23:08:00,23:10:00,23:08:00,23:10:00,1924,2404,catalog,,False,False
win-Australia-ASSA-20230228-001459.npy,20230228,Australia-ASSA,III,00:15:00,00:16:00,00:15:00,00:16:00,4,244,catalog,,False,False
win-Australia-ASSA-20230228-002959.npy,20230228,Australia-ASSA,III,00:35:00,00:40:00,00:35:00,00:40:00,1204,2404,catalog,,False,False
win-Australia-ASSA-20230228-012959.npy,20230228,Australia-ASSA,III,01:38:00,01:41:00,01:38:00,01:41:00,1924,2644,catalog,,False,False
win-Australia-ASSA-20230228-021459.npy,20230228,Australia-ASSA,III,02:18:00,02:19:00,02:18:00,02:19:00,724,964,catalog,,False,False
win-Australia-ASSA-20230228-035959.npy,20230228,Australia-ASSA,V,04:11:00,04:12:00,04:11:00,04:12:42,2644,3052,manual,usable,False,False
win-Australia-ASSA-20230228-061459.npy,20230228,Australia-ASSA,III,06:18:00,06:21:00,06:18:00,06:21:00,724,1444,catalog,,False,False
win-Australia-ASSA-20230228-071459.npy,20230228,Australia-ASSA,III,07:22:00,07:22:00,07:22:10,07:22:45,1724,1864,zero_width_default,,False,False
win-Australia-ASSA-20230301-013001.npy,20230301,Australia-ASSA,V,01:38:00,01:39:00,01:38:00,01:39:00,958,1078,catalog,,False,False
win-Australia-ASSA-20230303-034459.npy,20230303,Australia-ASSA,III,03:55:00,03:57:00,03:55:00,03:57:00,2404,2884,catalog,,False,False
win-Australia-ASSA-20230303-035959.npy,20230303,Australia-ASSA,III,04:11:00,04:11:00,04:11:10,04:11:45,2684,2824,zero_width_default,,False,False
win-Australia-ASSA-20230303-044459.npy,20230303,Australia-ASSA,III,04:48:00,04:55:00,04:48:00,04:55:00,724,2404,catalog,,False,False
win-Australia-ASSA-20230303-054459.npy,20230303,Australia-ASSA,III,05:52:00,05:53:00,05:52:00,05:53:00,1684,1924,catalog,,False,False
win-Australia-ASSA-20230303-062959.npy,20230303,Australia-ASSA,III,06:30:00,06:32:00,06:30:00,06:32:00,4,484,catalog,,False,False
win-Australia-ASSA-20230304-021459.npy,20230304,Australia-ASSA,III,02:20:00,02:22:00,02:20:00,02:22:00,1204,1684,catalog,,False,False
win-Australia-ASSA-20230304-022959.npy,20230304,Australia-ASSA,III,02:30:00,02:32:00,02:30:00,02:32:00,4,484,catalog,,False,False
win-Australia-ASSA-20230304-034459.npy,20230304,Australia-ASSA,III,03:59:00,04:07:00,03:59:00,04:07:00,3364,3600,catalog,,False,True
win-Australia-ASSA-20230304-035959.npy,20230304,Australia-ASSA,III,03:59:00,04:07:00,03:59:00,04:07:00,0,1684,catalog,,False,True
win-Australia-ASSA-20230304-044459.npy,20230304,Australia-ASSA,III,04:56:00,05:00:00,04:56:00,05:00:00,2644,3600,catalog,,False,True
win-Australia-ASSA-20230304-062959.npy,20230304,Australia-ASSA,III,06:33:00,06:34:00,06:33:00,06:34:00,724,964,catalog,,False,False
win-Australia-ASSA-20230304-065959.npy,20230304,Australia-ASSA,III,07:09:00,07:11:00,07:09:00,07:11:00,2164,2644,catalog,,False,False
win-Australia-ASSA-20230305-011459.npy,20230305,Australia-ASSA,III,01:16:00,01:19:00,01:16:00,01:19:00,244,964,catalog,,False,False
win-Australia-ASSA-20230305-072959.npy,20230305,Australia-ASSA,III,07:40:00,07:41:00,07:40:00,07:41:00,2404,2644,catalog,,False,False
win-Australia-ASSA-20230307-032959.npy,20230307,Australia-ASSA,III,03:32:00,03:33:00,03:32:00,03:33:00,484,724,catalog,,False,False
win-Australia-ASSA-20230309-005959.npy,20230309,Australia-ASSA,III,01:05:00,01:05:00,01:05:10,01:05:45,1244,1384,zero_width_default,,False,False
win-Australia-ASSA-20230309-231459.npy,20230309,Australia-ASSA,III,23:26:00,23:34:00,23:26:00,23:34:00,2644,3600,catalog,,False,True
win-Australia-ASSA-20230309-232959.npy,20230309,Australia-ASSA,III,23:26:00,23:34:00,23:26:00,23:34:00,0,964,catalog,,False,True
win-Australia-ASSA-20230311-234459.npy,20230311,Australia-ASSA,III,23:53:00,23:53:00,23:53:10,23:53:45,1964,2104,zero_width_default,,False,False
win-Australia-ASSA-20230312-024459.npy,20230312,Australia-ASSA,III,02:48:00,02:50:00,02:48:00,02:50:00,724,1204,catalog,,False,False
win-Australia-ASSA-20230312-062959.npy,20230312,Australia-ASSA,III,06:33:00,06:33:00,06:33:10,06:33:45,764,904,zero_width_default,,False,False
win-Australia-ASSA-20230313-031459.npy,20230313,Australia-ASSA,II,03:21:00,03:31:00,03:21:32,03:29:59,1572,3600,manual,usable,False,True
win-Australia-ASSA-20230313-032959.npy,20230313,Australia-ASSA,II,03:21:00,03:31:00,03:29:59,03:36:20,0,1524,manual,usable,False,True
win-Australia-ASSA-20230313-042959.npy,20230313,Australia-ASSA,III,04:37:00,04:37:00,04:37:10,04:37:45,1724,1864,zero_width_default,,False,False
win-Australia-ASSA-20230313-051459.npy,20230313,Australia-ASSA,III,05:17:00,05:25:00,05:17:00,05:25:00,484,2404,catalog,,False,False
win-Australia-ASSA-20230313-052959.npy,20230313,Australia-ASSA,III,05:39:00,05:39:00,05:39:10,05:39:45,2204,2344,zero_width_default,,False,False
win-Australia-ASSA-20230313-081459.npy,20230313,Australia-ASSA,III,08:23:00,08:23:00,08:23:10,08:23:45,1964,2104,zero_width_default,,False,False
win-Australia-ASSA-20230313-234459.npy,20230313,Australia-ASSA,III,23:56:00,23:57:00,23:56:00,23:57:00,2644,2884,catalog,,False,False
win-Australia-ASSA-20230314-031459.npy,20230314,Australia-ASSA,III,03:25:00,03:28:00,03:25:00,03:28:00,2404,3124,catalog,,False,False
win-Australia-ASSA-20230315-031459.npy,20230315,Australia-ASSA,III,03:26:00,03:27:00,03:26:00,03:27:00,2644,2884,catalog,,False,False
win-Australia-ASSA-20230315-071459.npy,20230315,Australia-ASSA,III,07:29:00,07:29:00,07:29:10,07:29:45,3404,3544,zero_width_default,,False,False
win-Australia-ASSA-20230316-012959.npy,20230316,Australia-ASSA,III,01:43:00,01:45:00,01:43:00,01:45:00,3124,3600,catalog,,False,True
win-Australia-ASSA-20230317-014459.npy,20230317,Australia-ASSA,III,01:50:00,01:51:00,01:50:00,01:51:00,1204,1444,catalog,,False,False
win-Australia-ASSA-20230317-041459.npy,20230317,Australia-ASSA,III,04:27:00,04:27:00,04:27:10,04:27:45,2924,3064,zero_width_default,,False,False
win-Australia-ASSA-20230317-064459.npy,20230317,Australia-ASSA,V,06:47:00,06:50:00,06:47:28,06:50:29,596,1320,manual,usable,False,False
win-Australia-ASSA-20230318-070000.npy,20230318,Australia-ASSA,V,07:11:00,07:16:00,07:11:19,07:14:43,2716,3532,manual,usable,False,True
win-Australia-ASSA-20230318-071500.npy,20230318,Australia-ASSA,V,07:11:00,07:16:00,07:15:05,07:16:53,20,452,manual,usable,False,True
win-Australia-ASSA-20230318-234500.npy,20230318,Australia-ASSA,III,23:55:00,23:55:00,23:55:10,23:55:45,2440,2580,zero_width_default,,False,False
win-Australia-ASSA-20230319-041500.npy,20230319,Australia-ASSA,III,04:17:00,04:17:00,04:17:10,04:17:45,520,660,zero_width_default,,False,False
win-Australia-ASSA-20230319-073000.npy,20230319,Australia-ASSA,III,07:31:00,07:31:00,07:31:10,07:31:45,280,420,zero_width_default,,False,False
win-Australia-ASSA-20230320-043001.npy,20230320,Australia-ASSA,III,04:41:00,04:41:00,04:41:10,04:41:45,1338,1408,zero_width_default,,False,False
win-Australia-ASSA-20230323-225959.npy,20230323,Australia-ASSA,III,23:07:00,23:07:00,23:07:10,23:07:45,1724,1864,zero_width_default,,False,False
win-Australia-ASSA-20230323-232959.npy,20230323,Australia-ASSA,III,23:36:00,23:40:00,23:36:00,23:40:00,1444,2404,catalog,,False,False
win-Australia-ASSA-20230324-005959.npy,20230324,Australia-ASSA,III,01:00:00,01:01:00,01:00:00,01:01:00,4,244,catalog,,False,False
win-Australia-ASSA-20230324-061459.npy,20230324,Australia-ASSA,III,06:22:00,06:23:00,06:22:00,06:23:00,1684,1924,catalog,,False,False
win-Australia-ASSA-20230324-062959.npy,20230324,Australia-ASSA,III,06:39:00,06:39:00,06:39:10,06:39:45,2204,2344,zero_width_default,,False,False
win-Australia-ASSA-20230326-044459.npy,20230326,Australia-ASSA,III,04:52:00,04:54:00,04:52:00,04:54:00,1684,2164,catalog,,False,False
win-Australia-ASSA-20230326-051459.npy,20230326,Australia-ASSA,III,05:26:00,05:29:00,05:26:00,05:29:00,2644,3364,catalog,,False,False
win-Australia-ASSA-20230326-054459.npy,20230326,Australia-ASSA,V,05:57:00,05:59:00,05:57:13,05:59:10,2936,3404,manual,usable,False,False
win-Australia-ASSA-20230326-064459.npy,20230326,Australia-ASSA,III,06:54:00,06:54:00,06:54:10,06:54:45,2204,2344,zero_width_default,,False,False
win-Australia-ASSA-20230326-222959.npy,20230326,Australia-ASSA,III,22:34:00,22:34:00,22:34:10,22:34:45,1004,1144,zero_width_default,,False,False
win-Australia-ASSA-20230327-012959.npy,20230327,Australia-ASSA,III,01:36:00,01:39:00,01:36:00,01:39:00,1444,2164,catalog,,False,False
win-Australia-ASSA-20230327-014459.npy,20230327,Australia-ASSA,III,01:51:00,01:57:00,01:51:00,01:57:00,1444,2884,catalog,,False,False
win-Australia-ASSA-20230327-022959.npy,20230327,Australia-ASSA,III,02:31:00,02:37:00,02:31:00,02:37:00,244,1684,catalog,,False,False
win-Australia-ASSA-20230327-024459.npy,20230327,Australia-ASSA,III,02:56:00,02:56:00,02:56:10,02:56:45,2684,2824,zero_width_default,,False,False
win-Australia-ASSA-20230327-041459.npy,20230327,Australia-ASSA,III,04:19:00,04:22:00,04:19:00,04:22:00,964,1684,catalog,,False,False
win-Australia-ASSA-20230327-220000.npy,20230327,Australia-ASSA,III,22:04:00,22:05:00,22:04:00,22:05:00,960,1200,catalog,,False,False
win-Australia-ASSA-20230327-232959.npy,20230327,Australia-ASSA,III,23:44:00,23:44:00,23:44:10,23:44:45,3404,3544,zero_width_default,,False,False
win-Australia-ASSA-20230327-234459.npy,20230327,Australia-ASSA,III,23:51:00,23:52:00,23:51:00,23:52:00,1444,1684,catalog,,False,False
win-Australia-ASSA-20230328-021459.npy,20230328,Australia-ASSA,III,02:29:00,02:29:00,02:29:10,02:29:45,3404,3544,zero_width_default,,False,False
win-Australia-ASSA-20230330-005959.npy,20230330,Australia-ASSA,III,01:00:00,01:06:00,01:00:00,01:06:00,4,1444,catalog,,False,False
win-Australia-ASSA-20230330-011459.npy,20230330,Australia-ASSA,III,01:22:00,01:23:00,01:22:00,01:23:00,1684,1924,catalog,,False,False
win-Australia-ASSA-20230330-021459.npy,20230330,Australia-ASSA,III,02:17:00,02:20:00,02:17:00,02:20:00,484,1204,catalog,,False,False
win-Australia-ASSA-20230330-024459.npy,20230330,Australia-ASSA,III,02:59:00,02:59:00,02:59:10,02:59:45,3404,3544,zero_width_default,,False,False
win-Australia-ASSA-20230330-035959.npy,20230330,Australia-ASSA,III,04:08:00,04:10:00,04:08:00,04:10:00,1924,2404,catalog,,False,False
win-Australia-ASSA-20230330-041459.npy,20230330,Australia-ASSA,III,04:18:00,04:19:00,04:18:00,04:19:00,724,964,catalog,,False,False
win-Australia-ASSA-20230330-065959.npy,20230330,Australia-ASSA,III,07:08:00,07:09:00,07:08:00,07:09:00,1924,2164,catalog,,False,False
win-Australia-ASSA-20230330-072959.npy,20230330,Australia-ASSA,II,07:36:00,07:41:00,07:36:00,07:41:00,1444,2644,catalog,usable,False,False
win-Australia-ASSA-20230330-072959.npy,20230330,Australia-ASSA,III,07:35:00,07:37:00,07:35:00,07:37:00,1204,1684,catalog,,False,False
win-Australia-ASSA-20230330-072959.npy,20230330,Australia-ASSA,V,07:34:00,07:35:00,07:34:07,07:37:23,992,1776,manual,usable,False,False
win-Australia-ASSA-20230330-225959.npy,20230330,Australia-ASSA,III,23:11:00,23:12:00,23:11:00,23:12:00,2644,2884,catalog,,False,False
win-Australia-ASSA-20230331-004459.npy,20230331,Australia-ASSA,III,00:47:00,00:48:00,00:47:00,00:48:00,484,724,catalog,,False,False
win-Australia-ASSA-20230331-035959.npy,20230331,Australia-ASSA,III,04:07:00,04:07:00,04:07:10,04:07:45,1724,1864,zero_width_default,,False,False
win-Australia-ASSA-20230401-024459.npy,20230401,Australia-ASSA,III,02:59:00,03:04:00,02:59:00,03:04:00,3364,3600,catalog,,False,True
win-Australia-ASSA-20230401-065959.npy,20230401,Australia-ASSA,III,07:01:00,07:02:00,07:01:00,07:02:00,244,484,catalog,,False,False
win-Australia-ASSA-20230402-011459.npy,20230402,Australia-ASSA,III,01:22:00,01:24:00,01:22:00,01:24:00,1684,2164,catalog,,False,False
win-Australia-ASSA-20230402-021459.npy,20230402,Australia-ASSA,III,02:18:00,02:18:00,02:18:10,02:18:45,764,904,zero_width_default,,False,False
win-Australia-ASSA-20230403-022959.npy,20230403,Australia-ASSA,III,02:35:00,02:35:00,02:35:10,02:35:45,1244,1384,zero_width_default,,False,False
win-Australia-ASSA-20230404-011459.npy,20230404,Australia-ASSA,III,01:15:00,01:20:00,01:15:00,01:20:00,4,1204,catalog,,False,False
win-Australia-ASSA-20230404-021459.npy,20230404,Australia-ASSA,III,02:25:00,02:28:00,02:25:00,02:28:00,2404,3124,catalog,,False,False
win-Australia-ASSA-20230404-022959.npy,20230404,Australia-ASSA,III,02:31:00,02:34:00,02:31:00,02:34:00,244,964,catalog,,False,False
win-Australia-ASSA-20230404-024459.npy,20230404,Australia-ASSA,III,02:51:00,02:51:00,02:51:10,02:51:45,1484,1624,zero_width_default,,False,False
win-Australia-ASSA-20230404-031459.npy,20230404,Australia-ASSA,III,03:17:00,03:18:00,03:17:00,03:18:00,484,724,catalog,,False,False
win-Australia-ASSA-20230404-041459.npy,20230404,Australia-ASSA,III,04:15:00,04:17:00,04:15:00,04:17:00,4,484,catalog,,False,False
win-Australia-ASSA-20230404-054459.npy,20230404,Australia-ASSA,III,05:47:00,05:48:00,05:47:00,05:48:00,484,724,catalog,,False,False
win-Australia-ASSA-20230407-022959.npy,20230407,Australia-ASSA,III,02:41:00,02:44:00,02:41:00,02:44:00,2644,3364,catalog,,False,False
win-Australia-ASSA-20230407-232959.npy,20230407,Australia-ASSA,III,23:33:00,23:33:00,23:33:10,23:33:45,764,904,zero_width_default,,False,False
win-Australia-ASSA-20230411-031459.npy,20230411,Australia-ASSA,III,03:18:00,03:19:00,03:18:00,03:19:00,724,964,catalog,,False,False
win-Australia-ASSA-20230411-044459.npy,20230411,Australia-ASSA,III,04:45:00,04:45:00,04:45:10,04:45:45,44,184,zero_width_default,,False,False
win-Australia-ASSA-20230412-001459.npy,20230412,Australia-ASSA,III,00:23:00,00:26:00,00:23:00,00:26:00,1924,2644,catalog,,False,False
win-Australia-ASSA-20230412-005959.npy,20230412,Australia-ASSA,III,01:05:00,01:07:00,01:05:00,01:07:00,1204,1684,catalog,,False,False
win-Australia-ASSA-20230412-035959.npy,20230412,Australia-ASSA,III,04:10:00,04:11:00,04:10:00,04:11:00,2404,2644,catalog,,False,False
win-Australia-ASSA-20230413-001459.npy,20230413,Australia-ASSA,III,00:24:00,00:26:00,00:24:00,00:26:00,2164,2644,catalog,,False,False
win-Australia-ASSA-20230413-005959.npy,20230413,Australia-ASSA,III,01:04:00,01:05:00,01:04:00,01:05:00,964,1204,catalog,,False,False
win-Australia-ASSA-20230413-035959.npy,20230413,Australia-ASSA,III,04:11:00,04:16:00,04:11:00,04:16:00,2644,3600,catalog,,False,True
win-Australia-ASSA-20230413-041459.npy,20230413,Australia-ASSA,III,04:11:00,04:16:00,04:11:00,04:16:00,0,244,catalog,,False,True
win-Australia-ASSA-20230413-062959.npy,20230413,Australia-ASSA,III,06:31:00,06:31:00,06:31:10,06:31:45,284,424,zero_width_default,,False,False
win-Australia-ASSA-20230415-021459.npy,20230415,Australia-ASSA,III,02:23:00,02:23:00,02:23:10,02:23:45,1964,2104,zero_width_default,,False,False
win-Australia-ASSA-20230416-005959.npy,20230416,Australia-ASSA,III,01:01:00,01:01:00,01:01:10,01:01:45,284,424,zero_width_default,,False,False
win-Australia-ASSA-20230416-015959.npy,20230416,Australia-ASSA,III,02:05:00,02:06:00,02:05:00,02:06:00,1204,1444,catalog,,False,False
win-Australia-ASSA-20230416-032959.npy,20230416,Australia-ASSA,III,03:33:00,03:33:00,03:33:10,03:33:45,764,904,zero_width_default,,False,False
win-Australia-ASSA-20230416-041459.npy,20230416,Australia-ASSA,III,04:20:00,04:20:00,04:20:10,04:20:45,1244,1384,zero_width_default,,False,False
win-Australia-ASSA-20230416-052959.npy,20230416,Australia-ASSA,III,05:37:00,05:39:00,05:37:00,05:39:00,1684,2164,catalog,,False,False
win-Australia-ASSA-20230416-232959.npy,20230416,Australia-ASSA,III,23:31:00,23:32:00,23:31:00,23:32:00,244,484,catalog,,False,False
win-Australia-ASSA-20230417-005959.npy,20230417,Australia-ASSA,III,01:10:00,01:12:00,01:10:00,01:12:00,2404,2884,catalog,,False,False
win-Australia-ASSA-20230417-012959.npy,20230417,Australia-ASSA,III,01:30:00,01:31:00,01:30:00,01:31:00,4,244,catalog,,False,False
win-Australia-ASSA-20230417-012959.npy,20230417,Australia-ASSA,III,01:38:00,01:42:00,01:38:00,01:42:00,1924,2884,catalog,,False,False
win-Australia-ASSA-20230417-021459.npy,20230417,Australia-ASSA,III,02:24:00,02:24:00,02:24:10,02:24:45,2204,2344,zero_width_default,,False,False
win-Australia-ASSA-20230417-031459.npy,20230417,Australia-ASSA,III,03:24:00,03:30:00,03:24:00,03:30:00,2164,3600,catalog,,False,True
win-Australia-ASSA-20230417-061459.npy,20230417,Australia-ASSA,III,06:26:00,06:28:00,06:26:00,06:28:00,2644,3124,catalog,,False,False
win-Australia-ASSA-20230417-062959.npy,20230417,Australia-ASSA,III,06:31:00,06:35:00,06:31:00,06:35:00,244,1204,catalog,,False,False
win-Australia-ASSA-20230417-065959.npy,20230417,Australia-ASSA,III,07:00:00,07:00:00,07:00:10,07:00:45,44,184,zero_width_default,,False,False
win-Australia-ASSA-20230417-234459.npy,20230417,Australia-ASSA,III,23:48:00,23:49:00,23:48:00,23:49:00,724,964,catalog,,False,False
win-Australia-ASSA-20230418-024459.npy,20230418,Australia-ASSA,III,02:58:00,02:58:00,02:58:10,02:58:45,3164,3304,zero_width_default,,False,False
win-Australia-ASSA-20230418-042959.npy,20230418,Australia-ASSA,III,04:30:00,04:30:00,04:30:10,04:30:45,44,184,zero_width_default,,False,False
win-Australia-ASSA-20230418-045959.npy,20230418,Australia-ASSA,III,05:05:00,05:06:00,05:05:00,05:06:00,1204,1444,catalog,,False,False
win-Australia-ASSA-20230418-223000.npy,20230418,Australia-ASSA,III,22:41:00,22:42:00,22:41:00,22:42:00,2640,2880,catalog,,False,False
win-Australia-ASSA-20230418-232959.npy,20230418,Australia-ASSA,III,23:36:00,23:37:00,23:36:00,23:37:00,1444,1684,catalog,,False,False
win-Australia-ASSA-20230419-234459.npy,20230419,Australia-ASSA,III,23:56:00,23:57:00,23:56:00,23:57:00,2644,2884,catalog,,False,False
win-Australia-ASSA-20230420-014459.npy,20230420,Australia-ASSA,III,01:54:00,01:56:00,01:54:00,01:56:00,2164,2644,catalog,,False,False
win-Australia-ASSA-20230420-022959.npy,20230420,Australia-ASSA,III,02:40:00,02:47:00,02:40:00,02:47:00,2404,3600,catalog,,False,True
win-Australia-ASSA-20230420-024459.npy,20230420,Australia-ASSA,III,02:40:00,02:47:00,02:40:00,02:47:00,0,484,catalog,,False,True
win-Australia-ASSA-20230420-031459.npy,20230420,Australia-ASSA,III,03:17:00,03:17:00,03:17:10,03:17:45,524,664,zero_width_default,,False,False
win-Australia-ASSA-20230420-034459.npy,20230420,Australia-ASSA,III,03:49:00,03:54:00,03:49:00,03:54:00,964,2164,catalog,,False,False
win-Australia-ASSA-20230420-065959.npy,20230420,Australia-ASSA,III,07:03:00,07:22:00,07:03:00,07:22:00,724,3600,catalog,,False,True
win-Australia-ASSA-20230420-071459.npy,20230420,Australia-ASSA,III,07:03:00,07:22:00,07:03:00,07:22:00,0,1684,catalog,,False,True
win-Australia-ASSA-20230421-045959.npy,20230421,Australia-ASSA,III,05:09:00,05:10:00,05:09:00,05:10:00,2164,2404,catalog,,False,False
win-Australia-ASSA-20230421-062959.npy,20230421,Australia-ASSA,III,06:30:00,06:31:00,06:30:00,06:31:00,4,244,catalog,,False,False
win-Australia-ASSA-20230421-074459.npy,20230421,Australia-ASSA,III,07:54:00,07:55:00,07:54:00,07:55:00,2164,2404,catalog,,False,False
win-Australia-ASSA-20230422-015959.npy,20230422,Australia-ASSA,III,02:01:00,02:02:00,02:01:00,02:02:00,244,484,catalog,,False,False
win-Australia-ASSA-20230422-021459.npy,20230422,Australia-ASSA,III,02:19:00,02:20:00,02:19:00,02:20:00,964,1204,catalog,,False,False
win-Australia-ASSA-20230422-024459.npy,20230422,Australia-ASSA,III,02:45:00,02:47:00,02:45:00,02:47:00,4,484,catalog,,False,False
win-Australia-ASSA-20230422-031459.npy,20230422,Australia-ASSA,III,03:25:00,03:32:00,03:25:00,03:32:00,2404,3600,catalog,,False,True
win-Australia-ASSA-20230422-032959.npy,20230422,Australia-ASSA,III,03:25:00,03:32:00,03:25:00,03:32:00,0,484,catalog,,False,True
win-Australia-ASSA-20230422-034459.npy,20230422,Australia-ASSA,III,03:46:00,03:47:00,03:46:00,03:47:00,244,484,catalog,,False,False
win-Australia-ASSA-20230422-042959.npy,20230422,Australia-ASSA,III,04:35:00,04:37:00,04:35:00,04:37:00,1204,1684,catalog,,False,False
win-Australia-ASSA-20230425-234459.npy,20230425,Australia-ASSA,III,23:57:00,23:57:00,23:57:10,23:57:45,2924,3064,zero_width_default,,False,False
win-Australia-ASSA-20230427-015959.npy,20230427,Australia-ASSA,III,02:02:00,02:02:00,02:02:10,02:02:45,524,664,zero_width_default,,False,False
win-Australia-ASSA-20230428-041459.npy,20230428,Australia-ASSA,III,04:20:00,04:20:00,04:20:10,04:20:45,1244,1384,zero_width_default,,False,False
win-Australia-ASSA-20230429-015959.npy,20230429,Australia-ASSA,III,02:11:00,02:12:00,02:11:00,02:12:00,2644,2884,catalog,,False,False
win-Australia-ASSA-20230429-225959.npy,20230429,Australia-ASSA,V,23:00:00,23:03:00,23:00:56,23:03:26,228,828,manual,usable,False,False
win-Australia-ASSA-20230430-015959.npy,20230430,Australia-ASSA,V,02:10:00,02:13:00,02:10:51,02:13:11,2608,3168,manual,usable,False,False
win-Australia-ASSA-20230430-021459.npy,20230430,Australia-ASSA,III,02:17:00,02:18:00,02:17:00,02:18:00,484,724,catalog,,False,False
win-Australia-ASSA-20230430-044459.npy,20230430,Australia-ASSA,III,04:50:00,04:51:00,04:50:00,04:51:00,1204,1444,catalog,,False,False
win-Australia-ASSA-20230430-063000.npy,20230430,Australia-ASSA,III,06:40:00,06:41:00,06:40:00,06:41:00,2400,2640,catalog,,False,False
win-Australia-ASSA-20230430-223000.npy,20230430,Australia-ASSA,III,22:39:00,22:41:00,22:39:00,22:41:00,2160,2640,catalog,,False,False
win-Australia-ASSA-20230501-065959.npy,20230501,Australia-ASSA,III,07:01:00,07:04:00,07:01:00,07:04:00,244,964,catalog,,False,False
win-Australia-ASSA-20230501-072959.npy,20230501,Australia-ASSA,III,07:42:00,07:44:00,07:42:00,07:44:00,2884,3364,catalog,,False,False
win-Australia-ASSA-20230501-221500.npy,20230501,Australia-ASSA,III,22:18:00,22:23:00,22:18:00,22:23:00,720,1920,catalog,,False,False
win-Australia-ASSA-20230501-225959.npy,20230501,Australia-ASSA,III,23:08:00,23:08:00,23:08:10,23:08:45,1964,2104,zero_width_default,,False,False
win-Australia-ASSA-20230502-004459.npy,20230502,Australia-ASSA,III,00:59:00,00:59:00,00:59:10,00:59:45,3404,3544,zero_width_default,,False,False
win-Australia-ASSA-20230502-022959.npy,20230502,Australia-ASSA,III,02:32:00,03:21:00,02:32:00,03:21:00,484,3600,catalog,,False,True
win-Australia-ASSA-20230502-024459.npy,20230502,Australia-ASSA,III,02:32:00,03:21:00,02:32:00,03:21:00,0,3600,catalog,,False,True
win-Australia-ASSA-20230502-031459.npy,20230502,Australia-ASSA,III,02:32:00,03:21:00,02:32:00,03:21:00,0,1444,catalog,,False,True
win-Australia-ASSA-20230502-035959.npy,20230502,Australia-ASSA,III,04:00:00,04:01:00,04:00:00,04:01:00,4,244,catalog,,False,False
win-Australia-ASSA-20230502-051459.npy,20230502,Australia-ASSA,III,05:18:00,05:24:00,05:18:00,05:24:00,724,2164,catalog,,False,False
win-Australia-ASSA-20230503-071459.npy,20230503,Australia-ASSA,III,07:26:00,07:31:00,07:26:00,07:31:00,2644,3600,catalog,,False,True
win-Australia-ASSA-20230503-072959.npy,20230503,Australia-ASSA,III,07:26:00,07:31:00,07:26:00,07:31:00,0,244,catalog,,False,True
win-Australia-ASSA-20230505-002959.npy,20230505,Australia-ASSA,III,00:34:00,00:35:00,00:34:00,00:35:00,964,1204,catalog,,False,False
win-Australia-ASSA-20230505-005959.npy,20230505,Australia-ASSA,III,01:08:00,01:11:00,01:08:00,01:11:00,1924,2644,catalog,,False,False
win-Australia-ASSA-20230505-034459.npy,20230505,Australia-ASSA,III,03:54:00,03:55:00,03:54:00,03:55:00,2164,2404,catalog,,False,False
win-Australia-ASSA-20230505-051459.npy,20230505,Australia-ASSA,III,05:19:00,05:20:00,05:19:00,05:20:00,964,1204,catalog,,False,False
win-Australia-ASSA-20230505-052959.npy,20230505,Australia-ASSA,III,05:33:00,05:33:00,05:33:10,05:33:45,764,904,zero_width_default,,False,False
win-Australia-ASSA-20230505-065959.npy,20230505,Australia-ASSA,III,07:05:00,07:05:00,07:05:10,07:05:45,1244,1384,zero_width_default,,False,False
win-Australia-ASSA-20230505-065959.npy,20230505,Australia-ASSA,II,07:08:00,07:20:00,07:08:00,07:20:00,1924,3600,catalog,discard,False,True
win-Australia-ASSA-20230505-071459.npy,20230505,Australia-ASSA,II,07:08:00,07:20:00,07:14:59,07:18:11,0,768,manual,usable,False,True
win-Australia-ASSA-20230505-234459.npy,20230505,Australia-ASSA,III,23:46:00,23:47:00,23:46:00,23:47:00,244,484,catalog,,False,False
win-Australia-ASSA-20230506-002959.npy,20230506,Australia-ASSA,V,00:40:00,00:42:00,00:40:10,00:41:54,2444,2860,manual,usable,False,False
win-Australia-ASSA-20230506-002959.npy,20230506,Australia-ASSA,II,00:41:00,01:08:00,00:42:03,00:44:59,2896,3600,manual,usable,False,True
win-Australia-ASSA-20230506-004459.npy,20230506,Australia-ASSA,II,00:41:00,01:08:00,00:45:56,00:59:59,228,3600,manual,usable,False,True
win-Australia-ASSA-20230506-005959.npy,20230506,Australia-ASSA,II,00:41:00,01:08:00,01:00:01,01:11:15,8,2704,manual,usable,False,True
win-Australia-ASSA-20230506-011459.npy,20230506,Australia-ASSA,III,01:20:00,01:21:00,01:20:00,01:21:00,1204,1444,catalog,,False,False
win-Australia-ASSA-20230506-012959.npy,20230506,Australia-ASSA,III,01:30:00,01:31:00,01:30:00,01:31:00,4,244,catalog,,False,False
win-Australia-ASSA-20230506-024459.npy,20230506,Australia-ASSA,III,02:52:00,02:56:00,02:52:00,02:56:00,1684,2644,catalog,,False,False
win-Australia-ASSA-20230506-032959.npy,20230506,Australia-ASSA,III,03:34:00,03:34:00,03:34:10,03:34:45,1004,1144,zero_width_default,,False,False
win-Australia-ASSA-20230506-035959.npy,20230506,Australia-ASSA,III,04:13:00,04:14:00,04:13:00,04:14:00,3124,3364,catalog,,False,False
win-Australia-ASSA-20230506-063000.npy,20230506,Australia-ASSA,III,06:42:00,06:45:00,06:42:00,06:45:00,2880,3600,catalog,,False,False
win-Australia-ASSA-20230506-064459.npy,20230506,Australia-ASSA,III,06:53:00,06:55:00,06:53:00,06:55:00,1924,2404,catalog,,False,False
win-Australia-ASSA-20230507-015959.npy,20230507,Australia-ASSA,III,02:03:00,02:12:00,02:03:00,02:12:00,724,2884,catalog,,False,False
win-Australia-ASSA-20230507-041500.npy,20230507,Australia-ASSA,III,04:29:00,04:32:00,04:29:00,04:32:00,3360,3600,catalog,,False,True
win-Australia-ASSA-20230507-041500.npy,20230507,Australia-ASSA,III,04:17:00,04:18:00,04:17:00,04:18:00,480,720,catalog,,False,False
win-Australia-ASSA-20230507-043000.npy,20230507,Australia-ASSA,III,04:29:00,04:32:00,04:29:00,04:32:00,0,480,catalog,,False,True
win-Australia-ASSA-20230507-063000.npy,20230507,Australia-ASSA,III,06:30:00,06:33:00,06:30:00,06:33:00,0,720,catalog,,False,False
win-Australia-ASSA-20230507-224459.npy,20230507,Australia-ASSA,III,22:48:00,22:48:00,22:48:10,22:48:45,764,904,zero_width_default,,False,False
win-Australia-ASSA-20230508-011459.npy,20230508,Australia-ASSA,III,01:16:00,01:18:00,01:16:00,01:18:00,244,724,catalog,,False,False
win-Australia-ASSA-20230508-012959.npy,20230508,Australia-ASSA,III,01:41:00,01:44:00,01:41:00,01:44:00,2644,3364,catalog,,False,False
win-Australia-ASSA-20230508-015959.npy,20230508,Australia-ASSA,III,02:06:00,02:07:00,02:06:00,02:07:00,1444,1684,catalog,,False,False
win-Australia-ASSA-20230508-021459.npy,20230508,Australia-ASSA,III,02:19:00,02:22:00,02:19:00,02:22:00,964,1684,catalog,,False,False
win-Australia-ASSA-20230508-034459.npy,20230508,Australia-ASSA,III,03:52:00,03:57:00,03:52:00,03:57:00,1684,2884,catalog,,False,False
win-Australia-ASSA-20230508-063000.npy,20230508,Australia-ASSA,III,06:42:00,06:43:00,06:42:00,06:43:00,2880,3120,catalog,,False,False
win-Australia-ASSA-20230508-065959.npy,20230508,Australia-ASSA,III,07:07:00,07:09:00,07:07:00,07:09:00,1684,2164,catalog,,False,False
win-Australia-ASSA-20230509-001459.npy,20230509,Australia-ASSA,II,00:17:00,00:25:00,00:18:11,00:24:54,768,2380,manual,usable,False,False
win-Australia-ASSA-20230509-034459.npy,20230509,Australia-ASSA,III,03:48:00,03:54:00,03:48:00,03:54:00,724,2164,catalog,,False,False
win-Australia-ASSA-20230509-232959.npy,20230509,Australia-ASSA,III,23:31:00,23:33:00,23:31:00,23:33:00,244,724,catalog,,False,False
win-Australia-ASSA-20230510-011459.npy,20230510,Australia-ASSA,III,01:24:00,01:26:00,01:24:00,01:26:00,2164,2644,catalog,,False,False
win-Australia-ASSA-20230510-012959.npy,20230510,Australia-ASSA,III,01:41:00,01:42:00,01:41:00,01:42:00,2644,2884,catalog,,False,False
win-Australia-ASSA-20230510-035959.npy,20230510,Australia-ASSA,III,04:08:00,04:16:00,04:08:00,04:16:00,1924,3600,catalog,,False,True
win-Australia-ASSA-20230510-041459.npy,20230510,Australia-ASSA,III,04:08:00,04:16:00,04:08:00,04:16:00,0,244,catalog,,False,True
win-Australia-ASSA-20230511-005959.npy,20230511,Australia-ASSA,II,01:06:00,01:08:00,01:04:08,01:08:09,996,1960,manual,usable,False,False
win-Australia-ASSA-20230511-005959.npy,20230511,Australia-ASSA,III,01:03:00,01:09:00,01:03:00,01:09:00,724,2164,catalog,,False,False
win-Australia-ASSA-20230511-011459.npy,20230511,Australia-ASSA,III,01:17:00,01:19:00,01:17:00,01:19:00,484,964,catalog,,False,False
win-Australia-ASSA-20230511-030000.npy,20230511,Australia-ASSA,III,03:13:00,03:15:00,03:13:00,03:15:00,3120,3600,catalog,,False,False
win-Australia-ASSA-20230511-032959.npy,20230511,Australia-ASSA,III,03:30:00,03:30:00,03:30:10,03:30:45,44,184,zero_width_default,,False,False
win-Australia-ASSA-20230511-042959.npy,20230511,Australia-ASSA,III,04:35:00,04:40:00,04:35:00,04:40:00,1204,2404,catalog,,False,False
win-Australia-ASSA-20230511-044459.npy,20230511,Australia-ASSA,III,04:48:00,05:00:00,04:48:00,05:00:00,724,3600,catalog,,False,True
win-Australia-ASSA-20230511-052959.npy,20230511,Australia-ASSA,III,05:32:00,05:34:00,05:32:00,05:34:00,484,964,catalog,,False,False
win-Australia-ASSA-20230512-035959.npy,20230512,Australia-ASSA,III,04:09:00,04:10:00,04:09:00,04:10:00,2164,2404,catalog,,False,False
win-Australia-ASSA-20230514-231459.npy,20230514,Australia-ASSA,III,23:27:00,23:28:00,23:27:00,23:28:00,2884,3124,catalog,,False,False
win-Australia-ASSA-20230516-065959.npy,20230516,Australia-ASSA,III,07:02:00,07:02:00,07:02:10,07:02:45,524,664,zero_width_default,,False,False
win-Australia-ASSA-20230517-005959.npy,20230517,Australia-ASSA,III,01:07:00,01:07:00,01:07:10,01:07:45,1724,1864,zero_width_default,,False,False
win-Australia-ASSA-20230517-051459.npy,20230517,Australia-ASSA,III,05:24:00,05:25:00,05:24:00,05:25:00,2164,2404,catalog,,False,False
win-Australia-ASSA-20230518-054459.npy,20230518,Australia-ASSA,III,05:46:00,05:46:00,05:46:10,05:46:45,284,424,zero_width_default,,False,False
win-Australia-ASSA-20230518-221459.npy,20230518,Australia-ASSA,III,22:28:00,22:28:00,22:28:10,22:28:45,3164,3304,zero_width_default,,False,False
win-Australia-ASSA-20230519-025959.npy,20230519,Australia-ASSA,III,03:01:00,03:02:00,03:01:00,03:02:00,244,484,catalog,,False,False
win-Australia-ASSA-20230520-041459.npy,20230520,Australia-ASSA,III,04:20:00,04:24:00,04:20:00,04:24:00,1204,2164,catalog,,False,False
win-Australia-ASSA-20230520-042959.npy,20230520,Australia-ASSA,III,04:41:00,04:48:00,04:41:00,04:48:00,2644,3600,catalog,,False,True
win-Australia-ASSA-20230604-234459.npy,20230604,Australia-ASSA,III,23:52:00,23:52:00,23:52:10,23:52:45,1724,1864,zero_width_default,,False,False
win-Australia-ASSA-20230605-022959.npy,20230605,Australia-ASSA,III,02:30:00,02:31:00,02:30:00,02:31:00,4,244,catalog,,False,False
win-Australia-ASSA-20230605-034459.npy,20230605,Australia-ASSA,III,03:52:00,03:52:00,03:52:10,03:52:45,1724,1864,zero_width_default,,False,False
win-Australia-ASSA-20230605-041459.npy,20230605,Australia-ASSA,III,04:20:00,04:20:00,04:20:10,04:20:45,1244,1384,zero_width_default,,False,False
win-Australia-ASSA-20230605-051459.npy,20230605,Australia-ASSA,III,05:20:00,05:28:00,05:20:00,05:28:00,1204,3124,catalog,,False,False
win-Australia-ASSA-20230605-222959.npy,20230605,Australia-ASSA,III,22:31:00,22:32:00,22:31:00,22:32:00,244,484,catalog,,False,False
win-Australia-ASSA-20230606-012959.npy,20230606,Australia-ASSA,III,01:40:00,01:40:00,01:40:10,01:40:45,2444,2584,zero_width_default,,False,False
win-Australia-ASSA-20230606-034459.npy,20230606,Australia-ASSA,III,03:59:00,03:59:00,03:59:10,03:59:45,3404,3544,zero_width_default,,False,False
win-Australia-ASSA-20230613-230000.npy,20230613,Australia-ASSA,III,23:03:00,23:04:00,23:03:00,23:04:00,720,960,catalog,,False,False
win-Australia-ASSA-20230614-224459.npy,20230614,Australia-ASSA,III,22:50:00,22:51:00,22:50:00,22:51:00,1204,1444,catalog,,False,False
win-Australia-ASSA-20230615-051459.npy,20230615,Australia-ASSA,III,05:12:00,05:17:00,05:12:00,05:17:00,0,484,catalog,,False,True
win-Australia-ASSA-20230618-025959.npy,20230618,Australia-ASSA,III,03:05:00,03:06:00,03:05:00,03:06:00,1204,1444,catalog,,False,False
win-Australia-ASSA-20230618-041459.npy,20230618,Australia-ASSA,III,04:26:00,04:27:00,04:26:00,04:27:00,2644,2884,catalog,,False,False
win-Australia-ASSA-20230619-031500.npy,20230619,Australia-ASSA,III,03:21:00,03:21:00,03:21:10,03:21:45,1480,1620,zero_width_default,,False,False
win-Australia-ASSA-20230619-034500.npy,20230619,Australia-ASSA,II,03:52:00,04:00:00,03:55:35,04:00:00,2540,3600,manual,usable,False,False
win-Australia-ASSA-20230620-032959.npy,20230620,Australia-ASSA,III,03:39:00,03:39:00,03:39:10,03:39:45,2204,2344,zero_width_default,,False,False
win-Australia-ASSA-20230622-041459.npy,20230622,Australia-ASSA,III,04:17:00,04:17:00,04:17:10,04:17:45,524,664,zero_width_default,,False,False
win-Australia-ASSA-20230623-041459.npy,20230623,Australia-ASSA,III,04:20:00,04:20:00,04:20:10,04:20:45,1244,1384,zero_width_default,,False,False
win-Australia-ASSA-20230623-230000.npy,20230623,Australia-ASSA,III,23:03:00,23:10:00,23:03:00,23:10:00,720,2400,catalog,,False,False
win-Australia-ASSA-20230623-231459.npy,20230623,Australia-ASSA,III,23:24:00,23:25:00,23:24:00,23:25:00,2164,2404,catalog,,False,False
win-Australia-ASSA-20230624-040000.npy,20230624,Australia-ASSA,III,04:13:00,04:14:00,04:13:00,04:14:00,3120,3360,catalog,,False,False
win-Australia-ASSA-20230624-060000.npy,20230624,Australia-ASSA,III,06:13:00,06:13:00,06:13:10,06:13:45,3160,3300,zero_width_default,,False,False
win-Australia-ASSA-20230624-231500.npy,20230624,Australia-ASSA,III,23:23:00,23:23:00,23:23:10,23:23:45,1960,2100,zero_width_default,,False,False
win-Australia-ASSA-20230702-022959.npy,20230702,Australia-ASSA,III,02:32:00,02:34:00,02:32:00,02:34:00,484,964,catalog,,False,False
win-Australia-ASSA-20230702-022959.npy,20230702,Australia-ASSA,II,02:34:00,02:42:00,02:33:34,02:42:53,860,3096,manual,usable,False,False
win-Australia-ASSA-20230702-232959.npy,20230702,Australia-ASSA,III,23:44:00,23:44:00,23:44:10,23:44:45,3404,3544,zero_width_default,,False,False
win-Australia-ASSA-20230703-005959.npy,20230703,Australia-ASSA,III,01:12:00,01:13:00,01:12:00,01:13:00,2884,3124,catalog,,False,False
win-Australia-ASSA-20230703-012959.npy,20230703,Australia-ASSA,III,01:33:00,01:34:00,01:33:00,01:34:00,724,964,catalog,,False,False
win-Australia-ASSA-20230703-021459.npy,20230703,Australia-ASSA,III,02:16:00,02:16:00,02:16:10,02:16:45,284,424,zero_width_default,,False,False
win-Australia-ASSA-20230703-221459.npy,20230703,Australia-ASSA,III,22:16:00,22:18:00,22:16:00,22:18:00,244,724,catalog,,False,False
win-Australia-ASSA-20230704-021459.npy,20230704,Australia-ASSA,III,02:23:00,02:25:00,02:23:00,02:25:00,1924,2404,catalog,,False,False
win-Australia-ASSA-20230704-022959.npy,20230704,Australia-ASSA,III,02:43:00,02:44:00,02:43:00,02:44:00,3124,3364,catalog,,False,False
win-Australia-ASSA-20230704-025959.npy,20230704,Australia-ASSA,III,03:14:00,03:17:00,03:14:00,03:17:00,3364,3600,catalog,,False,True
win-Australia-ASSA-20230704-035959.npy,20230704,Australia-ASSA,III,04:00:00,04:02:00,04:00:00,04:02:00,4,484,catalog,,False,False
win-Australia-ASSA-20230704-062959.npy,20230704,Australia-ASSA,III,06:37:00,06:41:00,06:37:00,06:41:00,1684,2644,catalog,,False,False
win-Australia-ASSA-20230705-011459.npy,20230705,Australia-ASSA,III,01:21:00,01:22:00,01:21:00,01:22:00,1444,1684,catalog,,False,False
win-Australia-ASSA-20230706-035959.npy,20230706,Australia-ASSA,III,04:09:00,04:10:00,04:09:00,04:10:00,2164,2404,catalog,,False,False
win-Australia-ASSA-20230706-052959.npy,20230706,Australia-ASSA,III,05:30:00,05:30:00,05:30:10,05:30:45,44,184,zero_width_default,,False,False
win-Australia-ASSA-20230706-071459.npy,20230706,Australia-ASSA,III,07:16:00,07:18:00,07:16:00,07:18:00,244,724,catalog,,False,False
win-Australia-ASSA-20230707-004459.npy,20230707,Australia-ASSA,III,00:53:00,00:54:00,00:53:00,00:54:00,1924,2164,catalog,,False,False
win-Australia-ASSA-20230707-012959.npy,20230707,Australia-ASSA,III,01:36:00,01:36:00,01:36:10,01:36:45,1484,1624,zero_width_default,,False,False
win-Australia-ASSA-20230707-012959.npy,20230707,Australia-ASSA,V,01:33:00,01:34:00,01:33:07,01:34:40,752,1124,manual,usable,False,False
win-Australia-ASSA-20230707-042959.npy,20230707,Australia-ASSA,III,04:43:00,04:46:00,04:43:00,04:46:00,3124,3600,catalog,,False,True
win-Australia-ASSA-20230707-051459.npy,20230707,Australia-ASSA,III,05:29:00,05:29:00,05:29:10,05:29:45,3404,3544,zero_width_default,,False,False
win-Australia-ASSA-20230708-012959.npy,20230708,Australia-ASSA,III,01:37:00,01:37:00,01:37:10,01:37:45,1724,1864,zero_width_default,,False,False
win-Australia-ASSA-20230708-224459.npy,20230708,Australia-ASSA,III,22:52:00,22:54:00,22:52:00,22:54:00,1684,2164,catalog,,False,False
win-Australia-ASSA-20230709-005959.npy,20230709,Australia-ASSA,III,01:07:00,01:09:00,01:07:00,01:09:00,1684,2164,catalog,,False,False
win-Australia-ASSA-20230709-012959.npy,20230709,Australia-ASSA,III,01:30:00,01:36:00,01:30:00,01:36:00,4,1444,catalog,,False,False
win-Australia-ASSA-20230709-022959.npy,20230709,Australia-ASSA,III,02:31:00,02:40:00,02:31:00,02:40:00,244,2404,catalog,,False,False
win-Australia-ASSA-20230709-222959.npy,20230709,Australia-ASSA,III,22:35:00,22:37:00,22:35:00,22:37:00,1204,1684,catalog,,False,False
win-Australia-ASSA-20230709-224459.npy,20230709,Australia-ASSA,III,22:57:00,22:58:00,22:57:00,22:58:00,2884,3124,catalog,,False,False
win-Australia-ASSA-20230710-034459.npy,20230710,Australia-ASSA,II,03:45:00,04:03:00,03:45:00,04:03:00,4,3600,catalog,usable,False,True
win-Australia-ASSA-20230710-035959.npy,20230710,Australia-ASSA,II,03:45:00,04:03:00,03:59:59,04:04:45,0,1144,manual,usable,False,True
win-Australia-ASSA-20230714-021459.npy,20230714,Australia-ASSA,III,02:15:00,02:15:00,02:15:10,02:15:45,44,184,zero_width_default,,False,False
win-Australia-ASSA-20230714-035959.npy,20230714,Australia-ASSA,III,04:04:00,04:05:00,04:04:00,04:05:00,964,1204,catalog,,False,False
win-Australia-ASSA-20230714-071459.npy,20230714,Australia-ASSA,III,07:24:00,07:25:00,07:24:00,07:25:00,2164,2404,catalog,,False,False
win-Australia-ASSA-20230715-032959.npy,20230715,Australia-ASSA,III,03:38:00,03:38:00,03:38:10,03:38:45,1964,2104,zero_width_default,,False,False
win-Australia-ASSA-20230715-042959.npy,20230715,Australia-ASSA,III,04:40:00,04:40:00,04:40:10,04:40:45,2444,2584,zero_width_default,,False,False
win-Australia-ASSA-20230715-055959.npy,20230715,Australia-ASSA,III,06:04:00,06:06:00,06:04:00,06:06:00,964,1444,catalog,,False,False
win-Australia-ASSA-20230715-062959.npy,20230715,Australia-ASSA,III,06:37:00,06:37:00,06:37:10,06:37:45,1724,1864,zero_width_default,,False,False
win-Australia-ASSA-20230715-065959.npy,20230715,Australia-ASSA,III,07:00:00,07:01:00,07:00:00,07:01:00,4,244,catalog,,False,False
win-Australia-ASSA-20230715-071459.npy,20230715,Australia-ASSA,III,07:27:00,07:30:00,07:27:00,07:30:00,2884,3600,catalog,,False,True
win-Australia-ASSA-20230717-004459.npy,20230717,Australia-ASSA,II,00:48:00,00:52:00,00:48:00,00:52:00,724,1684,catalog,,False,False
win-Australia-ASSA-20230717-004459.npy,20230717,Australia-ASSA,III,00:48:00,00:49:00,00:47:58,00:49:06,716,988,manual,usable,False,False
win-Australia-ASSA-20230717-005959.npy,20230717,Australia-ASSA,III,01:00:00,01:06:00,01:00:00,01:06:00,4,1444,catalog,,False,False
win-Australia-ASSA-20230717-011459.npy,20230717,Australia-ASSA,III,01:20:00,01:21:00,01:20:00,01:21:00,1204,1444,catalog,,False,False
win-Australia-ASSA-20230717-032959.npy,20230717,Australia-ASSA,III,03:44:00,03:44:00,03:44:10,03:44:45,3404,3544,zero_width_default,,False,False
win-Australia-ASSA-20230717-034459.npy,20230717,Australia-ASSA,III,03:59:00,04:00:00,03:59:00,04:00:00,3364,3600,catalog,,False,True
win-Australia-ASSA-20230717-062959.npy,20230717,Australia-ASSA,III,06:41:00,06:42:00,06:41:00,06:42:00,2644,2884,catalog,,False,False
win-Australia-ASSA-20230717-231459.npy,20230717,Australia-ASSA,III,23:18:00,23:23:00,23:18:00,23:23:00,724,1924,catalog,,False,False
win-Australia-ASSA-20230718-055959.npy,20230718,Australia-ASSA,III,06:08:00,06:09:00,06:08:00,06:09:00,1924,2164,catalog,,False,False
win-Australia-ASSA-20230718-232959.npy,20230718,Australia-ASSA,III,23:39:00,23:44:00,23:39:00,23:44:00,2164,3364,catalog,,False,False
win-Australia-ASSA-20230719-022959.npy,20230719,Australia-ASSA,III,02:41:00,02:43:00,02:41:00,02:43:00,2644,3124,catalog,,False,False
win-Australia-ASSA-20230719-032959.npy,20230719,Australia-ASSA,III,03:33:00,03:36:00,03:33:00,03:36:00,724,1444,catalog,,False,False
win-Australia-ASSA-20230719-035959.npy,20230719,Australia-ASSA,III,04:06:00,04:13:00,04:06:00,04:13:00,1444,3124,catalog,,False,False
win-Australia-ASSA-20230720-022959.npy,20230720,Australia-ASSA,III,02:41:00,02:42:00,02:41:00,02:42:00,2644,2884,catalog,,False,False
win-Australia-ASSA-20230721-052959.npy,20230721,Australia-ASSA,III,05:36:00,05:37:00,05:36:00,05:37:00,1444,1684,catalog,,False,False
win-Australia-ASSA-20230721-063000.npy,20230721,Australia-ASSA,III,06:40:00,06:41:00,06:40:00,06:41:00,2400,2640,catalog,,False,False
win-Australia-ASSA-20230722-005959.npy,20230722,Australia-ASSA,III,01:12:00,01:13:00,01:12:00,01:13:00,2884,3124,catalog,,False,False
win-Australia-ASSA-20230722-035959.npy,20230722,Australia-ASSA,III,04:01:00,04:09:00,04:01:00,04:09:00,244,2164,catalog,,False,False
win-Australia-ASSA-20230722-065959.npy,20230722,Australia-ASSA,III,07:13:00,07:14:00,07:13:00,07:14:00,3124,3364,catalog,,False,False
win-Australia-ASSA-20230724-041459.npy,20230724,Australia-ASSA,III,04:23:00,04:26:00,04:23:00,04:26:00,1924,2644,catalog,,False,False
win-Australia-ASSA-20230726-001500.npy,20230726,Australia-ASSA,III,00:17:00,00:18:00,00:17:00,00:18:00,240,360,catalog,,False,False
win-Australia-ASSA-20230726-040000.npy,20230726,Australia-ASSA,III,04:07:00,04:07:00,04:07:10,04:07:45,860,930,zero_width_default,,False,False
win-Australia-ASSA-20230726-044500.npy,20230726,Australia-ASSA,III,04:54:00,05:02:00,04:54:00,05:02:00,1080,1800,catalog,,False,True
win-Australia-ASSA-20230726-050000.npy,20230726,Australia-ASSA,III,04:54:00,05:02:00,04:54:00,05:02:00,0,240,catalog,,False,True
win-Australia-ASSA-20230727-054459.npy,20230727,Australia-ASSA,III,05:53:00,05:53:00,05:53:10,05:53:45,1964,2104,zero_width_default,,False,False
win-Australia-ASSA-20230728-041459.npy,20230728,Australia-ASSA,III,04:23:00,04:23:00,04:23:10,04:23:45,1964,2104,zero_width_default,,False,False
win-Australia-ASSA-20230729-002959.npy,20230729,Australia-ASSA,III,00:39:00,00:39:00,00:39:10,00:39:45,2204,2344,zero_width_default,,False,False
win-Australia-ASSA-20230729-005959.npy,20230729,Australia-ASSA,III,01:03:00,01:04:00,01:03:00,01:04:00,724,964,catalog,,False,False
win-Australia-ASSA-20230729-034459.npy,20230729,Australia-ASSA,III,03:55:00,04:00:00,03:55:00,04:00:00,2404,3600,catalog,,False,True
win-Australia-ASSA-20230729-051459.npy,20230729,Australia-ASSA,III,05:28:00,05:30:00,05:28:00,05:30:00,3124,3600,catalog,,False,True
win-Australia-ASSA-20230729-065959.npy,20230729,Australia-ASSA,III,07:06:00,07:07:00,07:06:00,07:07:00,1444,1684,catalog,,False,False
win-Australia-ASSA-20230729-071459.npy,20230729,Australia-ASSA,II,07:27:00,07:37:00,07:27:41,07:29:59,3048,3600,manual,usable,False,True
win-Australia-ASSA-20230729-072959.npy,20230729,Australia-ASSA,II,07:27:00,07:37:00,07:27:00,07:37:00,0,1684,catalog,discard,False,True
win-Australia-ASSA-20230730-061500.npy,20230730,Australia-ASSA,III,06:17:00,06:18:00,06:17:00,06:18:00,480,720,catalog,,False,False
win-Australia-ASSA-20230730-231500.npy,20230730,Australia-ASSA,III,23:25:00,23:32:00,23:25:00,23:32:00,2400,3600,catalog,,False,True
win-Australia-ASSA-20230730-232959.npy,20230730,Australia-ASSA,III,23:25:00,23:32:00,23:25:00,23:32:00,0,484,catalog,,False,True
win-Australia-ASSA-20230731-042959.npy,20230731,Australia-ASSA,III,04:35:00,04:42:00,04:35:00,04:42:00,1204,2884,catalog,,False,False
win-Australia-ASSA-20230731-221500.npy,20230731,Australia-ASSA,III,22:16:00,22:18:00,22:16:00,22:18:00,240,720,catalog,,False,False
win-Australia-ASSA-20230801-222959.npy,20230801,Australia-ASSA,III,22:44:00,22:46:00,22:44:00,22:46:00,3364,3600,catalog,,False,True
win-Australia-ASSA-20230801-224459.npy,20230801,Australia-ASSA,III,22:44:00,22:46:00,22:44:00,22:46:00,0,244,catalog,,False,True
win-Australia-ASSA-20230802-025959.npy,20230802,Australia-ASSA,III,03:08:00,03:09:00,03:08:00,03:09:00,1924,2164,catalog,,False,False
win-Australia-ASSA-20230802-041459.npy,20230802,Australia-ASSA,III,04:16:00,04:24:00,04:16:00,04:24:00,244,2164,catalog,,False,False
win-Australia-ASSA-20230802-234459.npy,20230802,Australia-ASSA,III,23:56:00,23:56:00,23:56:10,23:56:45,2684,2824,zero_width_default,,False,False
win-Australia-ASSA-20230804-025959.npy,20230804,Australia-ASSA,III,03:12:00,03:15:00,03:12:00,03:15:00,2884,3600,catalog,,False,True
win-Australia-ASSA-20230805-025959.npy,20230805,Australia-ASSA,III,03:06:00,03:13:00,03:06:00,03:13:00,1444,3124,catalog,,False,False
win-Australia-ASSA-20230805-051459.npy,20230805,Australia-ASSA,III,05:23:00,05:25:00,05:23:00,05:25:00,1924,2404,catalog,,False,False
win-Australia-ASSA-20230805-232959.npy,20230805,Australia-ASSA,III,23:44:00,23:48:00,23:44:00,23:48:00,3364,3600,catalog,,False,True
win-Australia-ASSA-20230805-234459.npy,20230805,Australia-ASSA,III,23:44:00,23:48:00,23:44:00,23:48:00,0,724,catalog,,False,True
win-Australia-ASSA-20230806-012959.npy,20230806,Australia-ASSA,III,01:42:00,01:43:00,01:42:00,01:43:00,2884,3124,catalog,,False,False
win-Australia-ASSA-20230806-064500.npy,20230806,Australia-ASSA,III,06:51:00,06:55:00,06:51:00,06:55:00,1440,2400,catalog,,False,False
win-Australia-ASSA-20230806-222959.npy,20230806,Australia-ASSA,III,22:35:00,22:42:00,22:35:00,22:42:00,1204,2884,catalog,,False,False
win-Australia-ASSA-20230807-024459.npy,20230807,Australia-ASSA,III,02:58:00,03:06:00,02:58:00,03:06:00,3124,3600,catalog,,False,True
win-Australia-ASSA-20230807-025959.npy,20230807,Australia-ASSA,III,02:58:00,03:06:00,02:58:00,03:06:00,0,1444,catalog,,False,True
win-Australia-ASSA-20230807-042959.npy,20230807,Australia-ASSA,III,04:32:00,04:35:00,04:32:00,04:35:00,484,1204,catalog,,False,False
win-Australia-ASSA-20230807-063000.npy,20230807,Australia-ASSA,III,06:34:00,06:34:00,06:34:10,06:34:45,1000,1140,zero_width_default,,False,False
win-Australia-ASSA-20230810-022959.npy,20230810,Australia-ASSA,III,02:34:00,02:36:00,02:34:00,02:36:00,964,1444,catalog,,False,False
win-Australia-ASSA-20230810-024459.npy,20230810,Australia-ASSA,II,02:45:00,02:59:00,02:45:00,02:59:00,4,3364,catalog,usable,False,False
win-Australia-ASSA-20230811-024459.npy,20230811,Australia-ASSA,III,02:47:00,02:47:00,02:47:10,02:47:45,524,664,zero_width_default,,False,False
win-Australia-ASSA-20230811-045959.npy,20230811,Australia-ASSA,III,05:00:00,05:07:00,05:00:00,05:07:00,4,1684,catalog,,False,False
win-Australia-ASSA-20230812-071459.npy,20230812,Australia-ASSA,III,07:16:00,07:26:00,07:16:00,07:26:00,244,2644,catalog,,False,False
win-Australia-ASSA-20230813-063000.npy,20230813,Australia-ASSA,III,06:32:00,06:35:00,06:32:00,06:35:00,480,1200,catalog,,False,False
win-Australia-ASSA-20230814-011459.npy,20230814,Australia-ASSA,III,01:16:00,01:18:00,01:16:00,01:18:00,244,724,catalog,,False,False
win-Australia-ASSA-20230814-032959.npy,20230814,Australia-ASSA,III,03:36:00,03:36:00,03:36:10,03:36:45,1484,1624,zero_width_default,,False,False
win-Australia-ASSA-20230817-022959.npy,20230817,Australia-ASSA,II,02:30:00,02:44:00,02:30:34,02:44:59,140,3600,manual,usable,False,False
win-Australia-ASSA-20230817-024459.npy,20230817,Australia-ASSA,III,02:47:00,02:49:00,02:47:00,02:49:00,484,964,catalog,,False,False
win-Australia-ASSA-20230817-025959.npy,20230817,Australia-ASSA,III,03:03:00,03:04:00,03:03:00,03:04:00,724,964,catalog,,False,False
win-Australia-ASSA-20230817-052959.npy,20230817,Australia-ASSA,III,05:43:00,05:44:00,05:43:00,05:44:00,3124,3364,catalog,,False,False
win-Australia-ASSA-20230818-222959.npy,20230818,Australia-ASSA,III,22:43:00,22:49:00,22:43:00,22:49:00,3124,3600,catalog,,False,True
win-Australia-ASSA-20230818-224459.npy,20230818,Australia-ASSA,III,22:43:00,22:49:00,22:43:00,22:49:00,0,964,catalog,,False,True
win-Australia-ASSA-20230819-051459.npy,20230819,Australia-ASSA,III,05:15:00,05:15:00,05:15:10,05:15:45,44,184,zero_width_default,,False,False
win-Australia-ASSA-20230819-212959.npy,20230819,Australia-ASSA,III,21:44:00,21:46:00,21:44:00,21:46:00,3364,3600,catalog,,False,True
win-Australia-ASSA-20230819-214459.npy,20230819,Australia-ASSA,III,21:44:00,21:46:00,21:44:00,21:46:00,0,244,catalog,,False,True
win-Australia-ASSA-20230820-024459.npy,20230820,Australia-ASSA,III,02:49:00,02:50:00,02:49:00,02:50:00,964,1204,catalog,,False,False
win-Australia-ASSA-20230821-002959.npy,20230821,Australia-ASSA,III,00:35:00,00:35:00,00:35:10,00:35:45,1244,1384,zero_width_default,,False,False
win-Australia-ASSA-20230823-021459.npy,20230823,Australia-ASSA,III,02:15:00,02:20:00,02:15:00,02:20:00,4,1204,catalog,,False,False
win-Australia-ASSA-20230823-022959.npy,20230823,Australia-ASSA,III,02:43:00,02:43:00,02:43:10,02:43:45,3164,3304,zero_width_default,,False,False
win-Australia-ASSA-20230823-051459.npy,20230823,Australia-ASSA,III,05:29:00,05:30:00,05:29:00,05:30:00,3364,3600,catalog,,False,True
win-Australia-ASSA-20230824-221459.npy,20230824,Australia-ASSA,III,22:15:00,22:16:00,22:15:00,22:16:00,4,244,catalog,,False,False
win-Australia-ASSA-20230825-005959.npy,20230825,Australia-ASSA,III,01:03:00,01:06:00,01:03:00,01:06:00,724,1444,catalog,,False,False
win-Australia-ASSA-20230828-222959.npy,20230828,Australia-ASSA,III,22:43:00,22:44:00,22:43:00,22:44:00,3124,3364,catalog,,False,False
win-Australia-ASSA-20230829-012959.npy,20230829,Australia-ASSA,III,01:32:00,01:33:00,01:32:00,01:33:00,484,724,catalog,,False,False
win-Australia-ASSA-20230829-021459.npy,20230829,Australia-ASSA,III,02:18:00,02:19:00,02:18:00,02:19:00,724,964,catalog,,False,False
win-Australia-ASSA-20230829-024459.npy,20230829,Australia-ASSA,III,02:45:00,02:47:00,02:45:00,02:47:00,4,484,catalog,,False,False
win-Australia-ASSA-20230829-025959.npy,20230829,Australia-ASSA,III,03:11:00,03:12:00,03:11:00,03:12:00,2644,2884,catalog,,False,False
win-Australia-ASSA-20230829-071459.npy,20230829,Australia-ASSA,III,07:24:00,07:25:00,07:24:00,07:25:00,2164,2404,catalog,,False,False
win-Australia-ASSA-20230830-004459.npy,20230830,Australia-ASSA,III,00:49:00,00:50:00,00:49:00,00:50:00,964,1204,catalog,,False,False
win-Australia-ASSA-20230830-024459.npy,20230830,Australia-ASSA,III,02:54:00,02:54:00,02:54:10,02:54:45,2204,2344,zero_width_default,,False,False
win-Australia-ASSA-20230830-042959.npy,20230830,Australia-ASSA,III,04:30:00,04:30:00,04:30:10,04:30:45,44,184,zero_width_default,,False,False
win-Australia-ASSA-20230831-021500.npy,20230831,Australia-ASSA,III,02:17:00,02:26:00,02:17:00,02:26:00,240,1320,catalog,,False,False
win-Australia-ASSA-20230831-043000.npy,20230831,Australia-ASSA,III,04:34:00,04:43:00,04:34:00,04:43:00,480,1560,catalog,,False,False
win-Australia-ASSA-20230831-230000.npy,20230831,Australia-ASSA,III,23:05:00,23:06:00,23:05:00,23:06:00,600,720,catalog,,False,False
win-Australia-ASSA-20230901-022959.npy,20230901,Australia-ASSA,III,02:35:00,02:36:00,02:35:00,02:36:00,1204,1444,catalog,,False,False
win-Australia-ASSA-20230901-025959.npy,20230901,Australia-ASSA,II,03:08:00,03:16:00,03:03:44,03:14:59,900,3600,manual,usable,False,True
win-Australia-ASSA-20230901-041459.npy,20230901,Australia-ASSA,III,04:20:00,04:22:00,04:20:00,04:22:00,1204,1684,catalog,,False,False
win-Australia-ASSA-20230901-054459.npy,20230901,Australia-ASSA,III,05:45:00,05:48:00,05:45:00,05:48:00,4,724,catalog,,False,False
win-Australia-ASSA-20230901-064459.npy,20230901,Australia-ASSA,III,06:57:00,06:57:00,06:57:10,06:57:45,2924,3064,zero_width_default,,False,False
win-Australia-ASSA-20230901-221459.npy,20230901,Australia-ASSA,III,22:19:00,22:24:00,22:19:00,22:24:00,964,2164,catalog,,False,False
win-Australia-ASSA-20230903-001500.npy,20230903,Australia-ASSA,III,00:16:00,00:20:00,00:16:00,00:20:00,120,600,catalog,,False,False
win-Australia-ASSA-20230903-013000.npy,20230903,Australia-ASSA,III,01:38:00,01:39:00,01:38:00,01:39:00,960,1080,catalog,,False,False
win-Australia-ASSA-20230903-031500.npy,20230903,Australia-ASSA,III,03:17:00,03:19:00,03:17:00,03:19:00,240,480,catalog,,False,False
win-Australia-ASSA-20230904-005959.npy,20230904,Australia-ASSA,III,01:01:00,01:03:00,01:01:00,01:03:00,244,724,catalog,,False,False
win-Australia-ASSA-20230905-024459.npy,20230905,Australia-ASSA,III,02:53:00,02:53:00,02:53:10,02:53:45,1964,2104,zero_width_default,,False,False
win-Australia-ASSA-20230905-221459.npy,20230905,Australia-ASSA,III,22:17:00,22:21:00,22:17:00,22:21:00,484,1444,catalog,,False,False
win-Australia-ASSA-20230907-005959.npy,20230907,Australia-ASSA,III,01:07:00,01:12:00,01:07:00,01:12:00,1684,2884,catalog,,False,False
win-Australia-ASSA-20230907-025959.npy,20230907,Australia-ASSA,III,03:14:00,03:15:00,03:14:00,03:15:00,3364,3600,catalog,,False,True
win-Australia-ASSA-20230908-002959.npy,20230908,Australia-ASSA,III,00:44:00,00:45:00,00:44:00,00:45:00,3364,3600,catalog,,False,True
win-Australia-ASSA-20230908-042959.npy,20230908,Australia-ASSA,III,04:36:00,04:36:00,04:36:10,04:36:45,1484,1624,zero_width_default,,False,False
win-Australia-ASSA-20230908-072959.npy,20230908,Australia-ASSA,III,07:39:00,07:48:00,07:39:00,07:48:00,2164,3600,catalog,,False,True
win-Australia-ASSA-20230908-074500.npy,20230908,Australia-ASSA,III,07:39:00,07:48:00,07:39:00,07:48:00,0,720,catalog,,False,True
win-Australia-ASSA-20230908-222959.npy,20230908,Australia-ASSA,III,22:36:00,22:39:00,22:36:00,22:39:00,1444,2164,catalog,,False,False
win-Australia-ASSA-20230908-224459.npy,20230908,Australia-ASSA,III,22:55:00,22:57:00,22:55:00,22:57:00,2404,2884,catalog,,False,False
win-Australia-ASSA-20230909-024459.npy,20230909,Australia-ASSA,III,02:59:00,02:59:00,02:59:10,02:59:45,3404,3544,zero_width_default,,False,False
win-Australia-ASSA-20230909-035959.npy,20230909,Australia-ASSA,III,04:05:00,04:06:00,04:05:00,04:06:00,1204,1444,catalog,,False,False
win-Australia-ASSA-20230909-222959.npy,20230909,Australia-ASSA,III,22:42:00,22:44:00,22:42:00,22:44:00,2884,3364,catalog,,False,False
win-Australia-ASSA-20230911-011459.npy,20230911,Australia-ASSA,II,01:21:00,01:35:00,01:21:45,01:29:59,1624,3600,manual,usable,False,True
win-Australia-ASSA-20230911-012959.npy,20230911,Australia-ASSA,III,01:42:00,01:44:00,01:42:00,01:44:00,2884,3364,catalog,,False,False
win-Australia-ASSA-20230911-012959.npy,20230911,Australia-ASSA,II,01:21:00,01:35:00,01:30:00,01:35:10,4,1244,manual,usable,False,True
win-Australia-ASSA-20230914-024459.npy,20230914,Australia-ASSA,III,02:58:00,02:59:00,02:58:00,02:59:00,3124,3364,catalog,,False,False
win-Australia-ASSA-20230914-065959.npy,20230914,Australia-ASSA,III,07:10:00,07:13:00,07:10:00,07:13:00,2404,3124,catalog,,False,False
win-Australia-ASSA-20230915-012959.npy,20230915,Australia-ASSA,III,01:32:00,01:32:00,01:32:10,01:32:45,524,664,zero_width_default,,False,False
win-Australia-ASSA-20230915-022959.npy,20230915,Australia-ASSA,III,02:36:00,02:37:00,02:36:00,02:37:00,1444,1684,catalog,,False,False
win-Australia-ASSA-20230915-025959.npy,20230915,Australia-ASSA,III,03:10:00,03:10:00,03:10:10,03:10:45,2444,2584,zero_width_default,,False,False
win-Australia-ASSA-20230915-054459.npy,20230915,Australia-ASSA,III,05:53:00,06:00:00,05:53:00,06:00:00,1924,3600,catalog,,False,True
win-Australia-ASSA-20231018-012959.npy,20231018,Australia-ASSA,III,01:35:00,01:36:00,01:35:00,01:36:00,1204,1444,catalog,,False,False
win-Australia-ASSA-20231019-042959.npy,20231019,Australia-ASSA,III,04:42:00,04:44:00,04:42:00,04:44:00,2884,3364,catalog,,False,False
win-Australia-ASSA-20231019-054459.npy,20231019,Australia-ASSA,III,05:58:00,05:58:00,05:58:10,05:58:45,3164,3304,zero_width_default,,False,False
win-Australia-ASSA-20231021-222959.npy,20231021,Australia-ASSA,III,22:44:00,22:45:00,22:44:00,22:45:00,3364,3600,catalog,,False,True
win-Australia-ASSA-20231026-231500.npy,20231026,Australia-ASSA,II,23:17:00,23:34:00,23:17:00,23:34:00,240,1800,catalog,,False,True
win-Australia-ASSA-20231026-233000.npy,20231026,Australia-ASSA,II,23:17:00,23:34:00,23:17:00,23:34:00,0,480,catalog,,False,True
win-Australia-ASSA-20231030-024459.npy,20231030,Australia-ASSA,III,02:50:00,02:52:00,02:50:00,02:52:00,1204,1684,catalog,,False,False
win-Australia-ASSA-20231031-201500.npy,20231031,Australia-ASSA,III,20:20:00,20:22:00,20:20:00,20:22:00,1200,1680,catalog,,False,False
win-Australia-ASSA-20231031-210000.npy,20231031,Australia-ASSA,II,21:04:00,21:13:00,21:04:25,21:13:59,1060,3356,manual,usable,False,False
win-Australia-ASSA-20231103-012959.npy,20231103,Australia-ASSA,III,01:42:00,01:43:00,01:42:00,01:43:00,2884,3124,catalog,,False,False
win-Australia-ASSA-20231104-012959.npy,20231104,Australia-ASSA,III,01:40:00,01:43:00,01:40:00,01:43:00,2404,3124,catalog,,False,False
win-Australia-ASSA-20231104-064459.npy,20231104,Australia-ASSA,III,06:50:00,06:51:00,06:50:00,06:51:00,1204,1444,catalog,,False,False
win-Australia-ASSA-20231104-222959.npy,20231104,Australia-ASSA,III,22:39:00,22:39:00,22:39:10,22:39:45,2204,2344,zero_width_default,,False,False
win-Australia-ASSA-20231104-224459.npy,20231104,Australia-ASSA,III,22:52:00,22:53:00,22:52:00,22:53:00,1684,1924,catalog,,False,False
win-Australia-ASSA-20231105-211500.npy,20231105,Australia-ASSA,III,21:18:00,21:24:00,21:18:00,21:24:00,720,2160,catalog,,False,False
win-Australia-ASSA-20231106-024459.npy,20231106,Australia-ASSA,III,02:55:00,02:56:00,02:55:00,02:56:00,2404,2644,catalog,,False,False
win-Australia-ASSA-20231106-234459.npy,20231106,Australia-ASSA,III,23:47:00,23:53:00,23:47:00,23:53:00,484,1924,catalog,,False,False
win-Australia-ASSA-20231107-004459.npy,20231107,Australia-ASSA,III,00:58:00,00:58:00,00:58:10,00:58:45,3164,3304,zero_width_default,,False,False
win-Australia-ASSA-20231108-072959.npy,20231108,Australia-ASSA,III,07:37:00,07:37:00,07:37:10,07:37:45,1724,1864,zero_width_default,,False,False
win-Australia-ASSA-20231109-234459.npy,20231109,Australia-ASSA,III,23:57:00,23:58:00,23:57:00,23:58:00,2884,3124,catalog,,False,False
win-Australia-ASSA-20231110-040000.npy,20231110,Australia-ASSA,III,04:09:00,04:09:00,04:09:10,04:09:45,1100,1170,zero_width_default,,False,False
win-Australia-ASSA-20231112-002959.npy,20231112,Australia-ASSA,III,00:40:00,00:41:00,00:40:00,00:41:00,2404,2644,catalog,,False,False
win-Australia-ASSA-20231112-214459.npy,20231112,Australia-ASSA,III,21:58:00,22:00:00,21:58:00,22:00:00,3124,3600,catalog,,False,True
win-Australia-ASSA-20231113-051459.npy,20231113,Australia-ASSA,III,05:19:00,05:20:00,05:19:00,05:20:00,964,1204,catalog,,False,False
win-Australia-ASSA-20231114-004459.npy,20231114,Australia-ASSA,III,00:51:00,00:52:00,00:51:00,00:52:00,1444,1684,catalog,,False,False
win-Australia-ASSA-20231114-021459.npy,20231114,Australia-ASSA,III,02:20:00,02:22:00,02:20:00,02:22:00,1204,1684,catalog,,False,False
win-Australia-ASSA-20231114-042959.npy,20231114,Australia-ASSA,III,04:39:00,04:46:00,04:39:00,04:46:00,2164,3600,catalog,,False,True
win-Australia-ASSA-20231114-044459.npy,20231114,Australia-ASSA,III,04:39:00,04:46:00,04:39:00,04:46:00,0,244,catalog,,False,True
win-Australia-ASSA-20231114-224459.npy,20231114,Australia-ASSA,III,22:49:00,22:50:00,22:49:00,22:50:00,964,1204,catalog,,False,False
win-Australia-ASSA-20231116-004459.npy,20231116,Australia-ASSA,III,00:55:00,00:56:00,00:55:00,00:56:00,2404,2644,catalog,,False,False
win-Australia-ASSA-20231116-021459.npy,20231116,Australia-ASSA,III,02:25:00,02:25:00,02:25:10,02:25:45,2444,2584,zero_width_default,,False,False
win-Australia-ASSA-20231116-082959.npy,20231116,Australia-ASSA,III,08:30:00,08:32:00,08:30:00,08:32:00,4,484,catalog,,False,False
win-Australia-ASSA-20231117-022959.npy,20231117,Australia-ASSA,III,02:38:00,02:39:00,02:38:00,02:39:00,1924,2164,catalog,,False,False
win-Australia-ASSA-20231119-222959.npy,20231119,Australia-ASSA,III,22:44:00,22:44:00,22:44:10,22:44:45,3404,3544,zero_width_default,,False,False
win-Australia-ASSA-20231121-210000.npy,20231121,Australia-ASSA,III,21:10:00,21:10:00,21:10:10,21:10:45,2440,2580,zero_width_default,,False,False
win-Australia-ASSA-20231122-014459.npy,20231122,Australia-ASSA,III,01:51:00,01:52:00,01:51:00,01:52:00,1444,1684,catalog,,False,False
win-Australia-ASSA-20231122-034459.npy,20231122,Australia-ASSA,III,03:56:00,03:56:00,03:56:10,03:56:45,2684,2824,zero_width_default,,False,False
win-Australia-ASSA-20231122-051459.npy,20231122,Australia-ASSA,III,05:21:00,05:21:00,05:21:10,05:21:45,1484,1624,zero_width_default,,False,False
win-Australia-ASSA-20231122-202959.npy,20231122,Australia-ASSA,III,20:35:00,20:36:00,20:35:00,20:36:00,1204,1444,catalog,,False,False
win-Australia-ASSA-20231122-224459.npy,20231122,Australia-ASSA,III,22:57:00,22:59:00,22:57:00,22:59:00,2884,3364,catalog,,False,False
win-Australia-ASSA-20231122-232959.npy,20231122,Australia-ASSA,III,23:41:00,23:43:00,23:41:00,23:43:00,2644,3124,catalog,,False,False
win-Australia-ASSA-20231123-004459.npy,20231123,Australia-ASSA,III,00:58:00,00:58:00,00:58:10,00:58:45,3164,3304,zero_width_default,,False,False
win-Australia-ASSA-20231123-042959.npy,20231123,Australia-ASSA,III,04:36:00,04:37:00,04:36:00,04:37:00,1444,1684,catalog,,False,False
win-Australia-ASSA-20231123-202959.npy,20231123,Australia-ASSA,III,20:37:00,20:42:00,20:37:00,20:42:00,1684,2884,catalog,,False,False
win-Australia-ASSA-20231123-210000.npy,20231123,Australia-ASSA,III,21:00:00,21:04:00,21:00:00,21:04:00,0,960,catalog,,False,False
win-Australia-ASSA-20231123-214459.npy,20231123,Australia-ASSA,III,21:59:00,22:00:00,21:59:00,22:00:00,3364,3600,catalog,,False,True
win-Australia-ASSA-20231123-224459.npy,20231123,Australia-ASSA,III,22:50:00,22:54:00,22:50:00,22:54:00,1204,2164,catalog,,False,False
win-Australia-ASSA-20231124-010000.npy,20231124,Australia-ASSA,III,01:06:00,01:06:00,01:06:10,01:06:45,740,810,zero_width_default,,False,False
win-Australia-ASSA-20231124-220000.npy,20231124,Australia-ASSA,III,22:01:00,22:01:00,22:01:10,22:01:45,140,210,zero_width_default,,False,False
win-Australia-ASSA-20231124-223000.npy,20231124,Australia-ASSA,III,22:34:00,22:43:00,22:34:00,22:43:00,480,1560,catalog,,False,False
win-Australia-ASSA-20231124-234500.npy,20231124,Australia-ASSA,III,23:46:00,23:46:00,23:46:10,23:46:45,140,210,zero_width_default,,False,False
win-Australia-ASSA-20231125-010000.npy,20231125,Australia-ASSA,III,01:08:00,01:08:00,01:08:10,01:08:45,980,1050,zero_width_default,,False,False
win-Australia-ASSA-20231125-014500.npy,20231125,Australia-ASSA,III,01:55:00,01:56:00,01:55:00,01:56:00,1200,1320,catalog,,False,False
win-Australia-ASSA-20231125-021500.npy,20231125,Australia-ASSA,III,02:15:00,02:22:00,02:15:00,02:22:00,0,840,catalog,,False,False
win-Australia-ASSA-20231125-040000.npy,20231125,Australia-ASSA,III,04:06:00,04:08:00,04:06:00,04:08:00,720,960,catalog,,False,False
win-Australia-ASSA-20231125-043000.npy,20231125,Australia-ASSA,III,04:43:00,04:46:00,04:43:00,04:46:00,1560,1800,catalog,,False,True
win-Australia-ASSA-20231125-044500.npy,20231125,Australia-ASSA,III,04:43:00,04:46:00,04:43:00,04:46:00,0,120,catalog,,False,True
win-Australia-ASSA-20231125-073000.npy,20231125,Australia-ASSA,III,07:39:00,07:40:00,07:39:00,07:40:00,1080,1200,catalog,,False,False
win-Australia-ASSA-20231125-210000.npy,20231125,Australia-ASSA,III,21:04:00,21:05:00,21:04:00,21:05:00,480,599,catalog,,False,True
win-Australia-ASSA-20231126-012959.npy,20231126,Australia-ASSA,III,01:33:00,01:37:00,01:33:00,01:37:00,724,1684,catalog,,False,False
win-Australia-ASSA-20231126-052959.npy,20231126,Australia-ASSA,III,05:38:00,05:42:00,05:38:00,05:42:00,1924,2884,catalog,,False,False
win-Australia-ASSA-20231126-074459.npy,20231126,Australia-ASSA,II,07:47:00,07:51:00,07:48:00,07:50:05,724,1224,manual,usable,False,False
win-Australia-ASSA-20231126-090000.npy,20231126,Australia-ASSA,III,09:10:00,09:12:00,09:10:00,09:12:00,2400,2880,catalog,,False,False
win-Australia-ASSA-20231126-200000.npy,20231126,Australia-ASSA,III,20:02:00,20:12:00,20:02:00,20:12:00,480,2880,catalog,,False,False
win-Australia-ASSA-20231126-202959.npy,20231126,Australia-ASSA,III,20:30:00,20:39:00,20:30:00,20:39:00,4,2164,catalog,,False,False
win-Australia-ASSA-20231126-232959.npy,20231126,Australia-ASSA,III,23:36:00,23:38:00,23:36:00,23:38:00,1444,1924,catalog,,False,False
win-Australia-ASSA-20231126-234459.npy,20231126,Australia-ASSA,III,23:58:00,23:59:00,23:58:00,23:59:00,3124,3364,catalog,,False,False
win-Australia-ASSA-20231128-004459.npy,20231128,Australia-ASSA,III,00:45:00,00:46:00,00:45:00,00:46:00,4,244,catalog,,False,False
win-Australia-ASSA-20231128-032959.npy,20231128,Australia-ASSA,III,03:38:00,03:39:00,03:38:00,03:39:00,1924,2164,catalog,,False,False
win-Australia-ASSA-20231128-054459.npy,20231128,Australia-ASSA,III,05:51:00,05:52:00,05:51:00,05:52:00,1444,1684,catalog,,False,False
win-Australia-ASSA-20231128-064459.npy,20231128,Australia-ASSA,III,06:45:00,06:47:00,06:45:00,06:47:00,4,484,catalog,,False,False
win-Australia-ASSA-20231128-222959.npy,20231128,Australia-ASSA,III,22:33:00,22:37:00,22:33:00,22:37:00,724,1684,catalog,,False,False
win-Australia-ASSA-20231129-021459.npy,20231129,Australia-ASSA,III,02:29:00,02:32:00,02:29:00,02:32:00,3364,3600,catalog,,False,True
win-Australia-ASSA-20231129-022959.npy,20231129,Australia-ASSA,III,02:29:00,02:32:00,02:29:00,02:32:00,0,484,catalog,,False,True
win-Australia-ASSA-20231129-080000.npy,20231129,Australia-ASSA,III,08:08:00,08:08:00,08:08:10,08:08:45,1960,2100,zero_width_default,,False,False
win-Australia-ASSA-20231129-194459.npy,20231129,Australia-ASSA,III,19:46:00,19:47:00,19:46:00,19:47:00,244,484,catalog,,False,False
win-Australia-ASSA-20231129-204459.npy,20231129,Australia-ASSA,III,20:53:00,20:54:00,20:53:00,20:54:00,1924,2164,catalog,,False,False
win-Australia-ASSA-20231130-004459.npy,20231130,Australia-ASSA,III,00:55:00,00:56:00,00:55:00,00:56:00,2404,2644,catalog,,False,False
win-Australia-ASSA-20231130-014459.npy,20231130,Australia-ASSA,III,01:48:00,01:49:00,01:48:00,01:49:00,724,964,catalog,,False,False
win-Australia-ASSA-20231130-024459.npy,20231130,Australia-ASSA,III,02:55:00,02:59:00,02:55:00,02:59:00,2404,3364,catalog,,False,False
win-Australia-ASSA-20231130-054459.npy,20231130,Australia-ASSA,III,05:54:00,05:56:00,05:54:00,05:56:00,2164,2644,catalog,,False,False
win-Australia-ASSA-20231130-222959.npy,20231130,Australia-ASSA,V,22:31:00,22:33:00,22:31:21,22:33:15,328,784,manual,usable,False,False
win-Australia-ASSA-20231201-024459.npy,20231201,Australia-ASSA,III,02:54:00,02:55:00,02:54:00,02:55:00,2164,2404,catalog,,False,False
win-Australia-ASSA-20231201-034459.npy,20231201,Australia-ASSA,III,03:52:00,03:57:00,03:52:00,03:57:00,1684,2884,catalog,,False,False
win-Australia-ASSA-20231201-054459.npy,20231201,Australia-ASSA,III,05:52:00,05:59:00,05:52:00,05:59:00,1684,3364,catalog,,False,False
win-Australia-ASSA-20231201-232959.npy,20231201,Australia-ASSA,III,23:44:00,23:52:00,23:44:00,23:52:00,3364,3600,catalog,,False,True
win-Australia-ASSA-20231201-234459.npy,20231201,Australia-ASSA,III,23:44:00,23:52:00,23:44:00,23:52:00,0,1684,catalog,,False,True
win-Australia-ASSA-20231202-022959.npy,20231202,Australia-ASSA,III,02:37:00,02:39:00,02:37:00,02:39:00,1684,2164,catalog,,False,False
win-Australia-ASSA-20231202-080000.npy,20231202,Australia-ASSA,III,08:00:00,08:01:00,08:00:00,08:01:00,0,240,catalog,,False,False
win-Australia-ASSA-20231203-012959.npy,20231203,Australia-ASSA,III,01:39:00,01:40:00,01:39:00,01:40:00,2164,2404,catalog,,False,False
win-Australia-ASSA-20231203-014459.npy,20231203,Australia-ASSA,III,01:54:00,01:55:00,01:54:00,01:55:00,2164,2404,catalog,,False,False
win-Australia-ASSA-20231203-202959.npy,20231203,Australia-ASSA,III,20:38:00,20:47:00,20:38:00,20:47:00,1924,3600,catalog,,False,True
win-Australia-ASSA-20231203-204459.npy,20231203,Australia-ASSA,III,20:38:00,20:47:00,20:38:00,20:47:00,0,484,catalog,,False,True
win-Australia-ASSA-20231204-021459.npy,20231204,Australia-ASSA,III,02:26:00,02:37:00,02:26:00,02:37:00,2644,3600,catalog,,False,True
win-Australia-ASSA-20231204-022959.npy,20231204,Australia-ASSA,III,02:26:00,02:37:00,02:26:00,02:37:00,0,1684,catalog,,False,True
win-Australia-ASSA-20231204-204459.npy,20231204,Australia-ASSA,III,20:51:00,20:57:00,20:51:00,20:57:00,1444,2884,catalog,,False,False
win-Australia-ASSA-20231204-231459.npy,20231204,Australia-ASSA,III,23:29:00,23:34:00,23:29:00,23:34:00,3364,3600,catalog,,False,True
win-Australia-ASSA-20231204-232959.npy,20231204,Australia-ASSA,III,23:29:00,23:34:00,23:29:00,23:34:00,0,964,catalog,,False,True
win-Australia-ASSA-20231205-022959.npy,20231205,Australia-ASSA,III,02:33:00,02:34:00,02:33:00,02:34:00,724,964,catalog,,False,False
win-Australia-ASSA-20231205-064459.npy,20231205,Australia-ASSA,III,06:49:00,06:50:00,06:49:00,06:50:00,964,1204,catalog,,False,False
win-Australia-ASSA-20231206-052959.npy,20231206,Australia-ASSA,III,05:37:00,05:37:00,05:37:10,05:37:45,1724,1864,zero_width_default,,False,False
win-Australia-ASSA-20231208-232959.npy,20231208,Australia-ASSA,V,23:34:00,23:35:00,23:34:03,23:35:31,976,1328,manual,usable,False,False
win-Australia-ASSA-20231208-232959.npy,20231208,Australia-ASSA,III,23:42:00,23:43:00,23:42:00,23:43:00,2884,3124,catalog,,False,False
win-Australia-ASSA-20231209-012959.npy,20231209,Australia-ASSA,III,01:33:00,01:34:00,01:33:00,01:34:00,724,964,catalog,,False,False
win-Australia-ASSA-20231209-034459.npy,20231209,Australia-ASSA,III,03:59:00,04:06:00,03:59:00,04:06:00,3364,3600,catalog,,False,True
win-Australia-ASSA-20231209-041459.npy,20231209,Australia-ASSA,III,04:18:00,04:21:00,04:18:00,04:21:00,724,1444,catalog,,False,False
win-Australia-ASSA-20231209-202959.npy,20231209,Australia-ASSA,V,20:33:00,20:34:00,20:33:29,20:34:43,840,1136,manual,usable,False,False
win-Australia-ASSA-20231209-224459.npy,20231209,Australia-ASSA,III,22:46:00,22:46:00,22:46:10,22:46:45,284,424,zero_width_default,,False,False
win-Australia-ASSA-20231209-231459.npy,20231209,Australia-ASSA,III,23:20:00,23:20:00,23:20:10,23:20:45,1244,1384,zero_width_default,,False,False
win-Australia-ASSA-20231209-234459.npy,20231209,Australia-ASSA,III,23:53:00,23:55:00,23:53:00,23:55:00,1924,2404,catalog,,False,False
win-Australia-ASSA-20231210-054459.npy,20231210,Australia-ASSA,III,05:45:00,05:53:00,05:45:00,05:53:00,4,1924,catalog,,False,False
win-Australia-ASSA-20231210-234459.npy,20231210,Australia-ASSA,III,23:57:00,23:58:00,23:57:00,23:58:00,2884,3124,catalog,,False,False
win-Australia-ASSA-20231211-214459.npy,20231211,Australia-ASSA,III,21:59:00,22:03:00,21:59:00,22:03:00,3364,3600,catalog,,False,True
win-Australia-ASSA-20231212-012959.npy,20231212,Australia-ASSA,III,01:43:00,01:43:00,01:43:10,01:43:45,3164,3304,zero_width_default,,False,False
win-Australia-ASSA-20231214-231459.npy,20231214,Australia-ASSA,III,23:23:00,23:23:00,23:23:10,23:23:45,1964,2104,zero_width_default,,False,False
win-Australia-ASSA-20231215-004459.npy,20231215,Australia-ASSA,III,00:59:00,00:59:00,00:59:10,00:59:45,3404,3544,zero_width_default,,False,False
win-Australia-ASSA-20231215-014459.npy,20231215,Australia-ASSA,III,01:53:00,01:57:00,01:53:00,01:57:00,1924,2884,catalog,,False,False
win-Australia-ASSA-20231215-024459.npy,20231215,Australia-ASSA,III,02:56:00,02:58:00,02:56:00,02:58:00,2644,3124,catalog,,False,False
win-Australia-ASSA-20231215-042959.npy,20231215,Australia-ASSA,III,04:35:00,04:35:00,04:35:10,04:35:45,1244,1384,zero_width_default,,False,False
win-Australia-ASSA-20231215-051459.npy,20231215,Australia-ASSA,III,05:14:00,05:19:00,05:14:00,05:19:00,0,964,catalog,,False,True
win-Australia-ASSA-20231215-052959.npy,20231215,Australia-ASSA,III,05:31:00,05:36:00,05:31:00,05:36:00,244,1444,catalog,,False,False
win-Australia-ASSA-20231215-082959.npy,20231215,Australia-ASSA,III,08:30:00,08:31:00,08:30:00,08:31:00,4,244,catalog,,False,False
win-Australia-ASSA-20231217-042959.npy,20231217,Australia-ASSA,III,04:40:00,04:46:00,04:40:00,04:46:00,2404,3600,catalog,,False,True
win-Australia-ASSA-20231217-044459.npy,20231217,Australia-ASSA,III,04:40:00,04:46:00,04:40:00,04:46:00,0,244,catalog,,False,True
win-Australia-ASSA-20231217-210000.npy,20231217,Australia-ASSA,III,21:06:00,21:15:00,21:06:00,21:15:00,1440,3600,catalog,,False,False
win-Australia-ASSA-20231219-024459.npy,20231219,Australia-ASSA,III,02:57:00,02:59:00,02:57:00,02:59:00,2884,3364,catalog,,False,False
win-Australia-ASSA-20231220-042959.npy,20231220,Australia-ASSA,III,04:34:00,04:37:00,04:34:00,04:37:00,964,1684,catalog,,False,False
win-Australia-ASSA-20231220-201459.npy,20231220,Australia-ASSA,III,20:15:00,20:18:00,20:15:00,20:18:00,4,724,catalog,,False,False
win-Australia-ASSA-20231220-210000.npy,20231220,Australia-ASSA,III,21:00:00,21:04:00,21:00:00,21:04:00,0,960,catalog,,False,False
win-Australia-ASSA-20231220-222959.npy,20231220,Australia-ASSA,III,22:36:00,22:38:00,22:36:00,22:38:00,1444,1924,catalog,,False,False
win-Australia-ASSA-20231220-224459.npy,20231220,Australia-ASSA,III,22:52:00,22:52:00,22:52:10,22:52:45,1724,1864,zero_width_default,,False,False
win-Australia-ASSA-20231220-234459.npy,20231220,Australia-ASSA,III,23:59:00,23:59:00,23:59:10,23:59:45,3404,3544,zero_width_default,,False,False
win-Australia-ASSA-20231221-021459.npy,20231221,Australia-ASSA,V,02:23:00,02:25:00,02:23:43,02:24:53,2096,2376,manual,usable,False,False
win-Australia-ASSA-20231221-024459.npy,20231221,Australia-ASSA,III,02:52:00,02:53:00,02:52:00,02:53:00,1684,1924,catalog,,False,False
win-Australia-ASSA-20231221-034459.npy,20231221,Australia-ASSA,III,03:49:00,03:55:00,03:49:00,03:55:00,964,2404,catalog,,False,False
win-Australia-ASSA-20231221-052959.npy,20231221,Australia-ASSA,III,05:40:00,05:47:00,05:40:00,05:47:00,2404,3600,catalog,,False,True
win-Australia-ASSA-20231221-054459.npy,20231221,Australia-ASSA,III,05:40:00,05:47:00,05:40:00,05:47:00,0,484,catalog,,False,True
win-Australia-ASSA-20231221-202959.npy,20231221,Australia-ASSA,III,20:34:00,20:37:00,20:34:00,20:37:00,964,1684,catalog,,False,False
win-Australia-ASSA-20231222-042959.npy,20231222,Australia-ASSA,III,04:37:00,04:39:00,04:37:00,04:39:00,1684,2164,catalog,,False,False
win-Australia-ASSA-20231222-044459.npy,20231222,Australia-ASSA,III,04:48:00,04:56:00,04:48:00,04:56:00,724,2644,catalog,,False,False
win-Australia-ASSA-20231222-222959.npy,20231222,Australia-ASSA,III,22:36:00,22:36:00,22:36:10,22:36:45,1484,1624,zero_width_default,,False,False
win-Australia-ASSA-20231223-234459.npy,20231223,Australia-ASSA,III,23:48:00,23:48:00,23:48:10,23:48:45,764,904,zero_width_default,,False,False
win-Australia-ASSA-20231224-044459.npy,20231224,Australia-ASSA,III,04:46:00,04:46:00,04:46:10,04:46:45,284,424,zero_width_default,,False,False
win-Australia-ASSA-20231225-034459.npy,20231225,Australia-ASSA,III,03:51:00,03:56:00,03:51:00,03:56:00,1444,2644,catalog,,False,False
win-Australia-ASSA-20231225-071459.npy,20231225,Australia-ASSA,III,07:16:00,07:16:00,07:16:10,07:16:45,284,424,zero_width_default,,False,False
win-Australia-ASSA-20231225-222959.npy,20231225,Australia-ASSA,III,22:28:00,22:31:00,22:28:00,22:31:00,0,244,catalog,,False,True
win-Australia-ASSA-20231225-231459.npy,20231225,Australia-ASSA,III,23:24:00,23:27:00,23:24:00,23:27:00,2164,2884,catalog,,False,False
win-Australia-ASSA-20231225-232959.npy,20231225,Australia-ASSA,III,23:43:00,23:48:00,23:43:00,23:48:00,3124,3600,catalog,,False,True
win-Australia-ASSA-20231225-234459.npy,20231225,Australia-ASSA,III,23:43:00,23:48:00,23:43:00,23:48:00,0,724,catalog,,False,True
win-Australia-ASSA-20231226-021459.npy,20231226,Australia-ASSA,III,02:29:00,02:29:00,02:29:10,02:29:45,3404,3544,zero_width_default,,False,False
win-Australia-ASSA-20231226-022959.npy,20231226,Australia-ASSA,III,02:35:00,02:40:00,02:35:00,02:40:00,1204,2404,catalog,,False,False
win-Australia-ASSA-20231226-074459.npy,20231226,Australia-ASSA,III,07:56:00,07:56:00,07:56:10,07:56:45,2684,2824,zero_width_default,,False,False
win-Australia-ASSA-20231228-034459.npy,20231228,Australia-ASSA,III,03:57:00,03:57:00,03:57:10,03:57:45,2924,3064,zero_width_default,,False,False
win-Australia-ASSA-20231230-214459.npy,20231230,Australia-ASSA,III,21:53:00,21:54:00,21:53:00,21:54:00,1924,2164,catalog,,False,False
win-Australia-ASSA-20231231-012959.npy,20231231,Australia-ASSA,III,01:38:00,01:40:00,01:38:00,01:40:00,1924,2404,catalog,,False,False
win-Australia-ASSA-20231231-214459.npy,20231231,Australia-ASSA,V,21:46:00,21:52:00,21:44:59,21:55:23,0,2496,manual,usable,False,False
win-Australia-ASSA-20240101-231459.npy,20240101,Australia-ASSA,III,23:20:00,23:21:00,23:20:00,23:21:00,1204,1444,catalog,,False,False
win-Australia-ASSA-20240102-024459.npy,20240102,Australia-ASSA,III,02:48:00,02:48:00,02:48:10,02:48:45,764,904,zero_width_default,,False,False
win-Australia-ASSA-20240103-004459.npy,20240103,Australia-ASSA,III,00:48:00,00:48:00,00:48:10,00:48:45,764,904,zero_width_default,,False,False
win-Australia-ASSA-20240103-014459.npy,20240103,Australia-ASSA,III,01:47:00,01:47:00,01:47:10,01:47:45,524,664,zero_width_default,,False,False
win-Australia-ASSA-20240103-072959.npy,20240103,Australia-ASSA,III,07:38:00,07:38:00,07:38:10,07:38:45,1964,2104,zero_width_default,,False,False
win-Australia-ASSA-20240104-034459.npy,20240104,Australia-ASSA,III,03:52:00,03:52:00,03:52:10,03:52:45,1724,1864,zero_width_default,,False,False
win-Australia-ASSA-20240104-051459.npy,20240104,Australia-ASSA,III,05:22:00,05:23:00,05:22:00,05:23:00,1684,1924,catalog,,False,False
win-Australia-ASSA-20240104-080000.npy,20240104,Australia-ASSA,III,08:00:00,08:00:00,08:00:10,08:00:45,40,180,zero_width_default,,False,False
win-Australia-ASSA-20240104-091500.npy,20240104,Australia-ASSA,III,09:25:00,09:25:00,09:25:10,09:25:45,2440,2580,zero_width_default,,False,False
win-Australia-ASSA-20240105-082959.npy,20240105,Australia-ASSA,III,08:40:00,08:41:00,08:40:00,08:41:00,2404,2644,catalog,,False,False
win-Australia-ASSA-20240106-021459.npy,20240106,Australia-ASSA,III,02:29:00,02:32:00,02:29:00,02:32:00,3364,3600,catalog,,False,True
win-Australia-ASSA-20240106-022959.npy,20240106,Australia-ASSA,III,02:29:00,02:32:00,02:29:00,02:32:00,0,484,catalog,,False,True
win-Australia-ASSA-20240106-044459.npy,20240106,Australia-ASSA,III,04:45:00,04:48:00,04:45:00,04:48:00,4,724,catalog,,False,False
win-Australia-ASSA-20240106-074459.npy,20240106,Australia-ASSA,III,07:56:00,07:58:00,07:56:00,07:58:00,2644,3124,catalog,,False,False
win-Australia-ASSA-20240106-210000.npy,20240106,Australia-ASSA,III,21:12:00,21:12:00,21:12:10,21:12:45,2920,3060,zero_width_default,,False,False
win-Australia-ASSA-20240110-031459.npy,20240110,Australia-ASSA,III,03:24:00,03:25:00,03:24:00,03:25:00,2164,2404,catalog,,False,False
win-Australia-ASSA-20240110-214459.npy,20240110,Australia-ASSA,III,21:55:00,21:56:00,21:55:00,21:56:00,2404,2644,catalog,,False,False
win-Australia-ASSA-20240110-232959.npy,20240110,Australia-ASSA,III,23:31:00,23:35:00,23:31:00,23:35:00,244,1204,catalog,,False,False
win-Australia-ASSA-20240112-024459.npy,20240112,Australia-ASSA,III,02:57:00,02:57:00,02:57:10,02:57:45,2924,3064,zero_width_default,,False,False
win-Australia-ASSA-20240112-232959.npy,20240112,Australia-ASSA,III,23:38:00,23:43:00,23:38:00,23:43:00,1924,3124,catalog,,False,False
win-Australia-ASSA-20240113-071459.npy,20240113,Australia-ASSA,III,07:19:00,07:19:00,07:19:10,07:19:45,1004,1144,zero_width_default,,False,False
win-Australia-ASSA-20240113-083000.npy,20240113,Australia-ASSA,III,08:38:00,08:38:00,08:38:10,08:38:45,1960,2100,zero_width_default,,False,False
win-Australia-ASSA-20240114-001459.npy,20240114,Australia-ASSA,V,00:15:00,00:19:00,00:15:10,00:18:18,44,796,manual,usable,False,False
win-Australia-ASSA-20240114-061459.npy,20240114,Australia-ASSA,III,06:24:00,06:25:00,06:24:00,06:25:00,2164,2404,catalog,,False,False
win-Australia-ASSA-20240115-214459.npy,20240115,Australia-ASSA,III,21:56:00,21:56:00,21:56:10,21:56:45,2684,2824,zero_width_default,,False,False
win-Australia-ASSA-20240116-001459.npy,20240116,Australia-ASSA,III,00:17:00,00:19:00,00:17:00,00:19:00,484,964,catalog,,False,False
win-Australia-ASSA-20240117-061459.npy,20240117,Australia-ASSA,III,06:29:00,06:35:00,06:29:00,06:35:00,3364,3600,catalog,,False,True
win-Australia-ASSA-20240117-062959.npy,20240117,Australia-ASSA,III,06:29:00,06:35:00,06:29:00,06:35:00,0,1204,catalog,,False,True
win-Australia-ASSA-20240118-004459.npy,20240118,Australia-ASSA,III,00:46:00,00:46:00,00:46:10,00:46:45,284,424,zero_width_default,,False,False
win-Australia-ASSA-20240119-052959.npy,20240119,Australia-ASSA,III,05:33:00,05:37:00,05:33:00,05:37:00,724,1684,catalog,,False,False
win-Australia-ASSA-20240120-054459.npy,20240120,Australia-ASSA,V,05:54:00,05:57:00,05:54:57,05:56:57,2392,2872,manual,usable,False,False
win-Australia-ASSA-20240120-084459.npy,20240120,Australia-ASSA,III,08:52:00,08:52:00,08:52:10,08:52:45,1724,1864,zero_width_default,,False,False
win-Australia-ASSA-20240120-232959.npy,20240120,Australia-ASSA,III,23:34:00,23:47:00,23:34:00,23:47:00,964,3600,catalog,,False,True
win-Australia-ASSA-20240120-234459.npy,20240120,Australia-ASSA,III,23:34:00,23:47:00,23:34:00,23:47:00,0,484,catalog,,False,True
win-Australia-ASSA-20240121-061459.npy,20240121,Australia-ASSA,III,06:15:00,06:18:00,06:15:00,06:18:00,4,724,catalog,,False,False
win-Australia-ASSA-20240121-062959.npy,20240121,Australia-ASSA,III,06:38:00,06:38:00,06:38:10,06:38:45,1964,2104,zero_width_default,,False,False
win-Australia-ASSA-20240121-091459.npy,20240121,Australia-ASSA,III,09:15:00,09:19:00,09:15:00,09:19:00,4,964,catalog,,False,False
win-Australia-ASSA-20240122-004459.npy,20240122,Australia-ASSA,III,00:57:00,01:01:00,00:57:00,01:01:00,2884,3600,catalog,,False,True
win-Australia-ASSA-20240122-232959.npy,20240122,Australia-ASSA,III,23:37:00,23:38:00,23:37:00,23:38:00,1684,1924,catalog,,False,False
win-Australia-ASSA-20240123-074459.npy,20240123,Australia-ASSA,III,07:52:00,07:54:00,07:52:00,07:54:00,1684,2164,catalog,,False,False
win-Australia-ASSA-20240124-234459.npy,20240124,Australia-ASSA,III,23:56:00,23:59:00,23:56:00,23:59:00,2644,3364,catalog,,False,False
win-Australia-ASSA-20240126-034459.npy,20240126,Australia-ASSA,III,03:55:00,03:55:00,03:55:10,03:55:45,2444,2584,zero_width_default,,False,False
win-Australia-ASSA-20240128-021459.npy,20240128,Australia-ASSA,V,02:28:00,02:31:00,02:28:37,02:29:59,3272,3600,manual,usable,False,True
win-Australia-ASSA-20240128-022959.npy,20240128,Australia-ASSA,II,02:34:00,02:50:00,02:36:23,02:44:59,1536,3600,manual,usable,False,True
win-Australia-ASSA-20240128-022959.npy,20240128,Australia-ASSA,V,02:28:00,02:31:00,02:28:00,02:31:00,0,244,catalog,usable,False,True
win-Australia-ASSA-20240128-024459.npy,20240128,Australia-ASSA,II,02:34:00,02:50:00,02:44:59,02:49:54,0,1180,manual,usable,False,True
win-Australia-ASSA-20240128-062959.npy,20240128,Australia-ASSA,III,06:35:00,06:36:00,06:35:00,06:36:00,1204,1444,catalog,,False,False
win-Australia-ASSA-20240129-012959.npy,20240129,Australia-ASSA,III,01:30:00,01:38:00,01:30:00,01:38:00,4,1924,catalog,,False,False
win-Australia-ASSA-20240129-021459.npy,20240129,Australia-ASSA,III,02:20:00,02:21:00,02:20:00,02:21:00,1204,1444,catalog,,False,False
win-Australia-ASSA-20240129-042959.npy,20240129,Australia-ASSA,II,04:07:00,04:56:00,04:07:00,04:56:00,0,3600,catalog,usable,False,True
win-Australia-ASSA-20240129-044459.npy,20240129,Australia-ASSA,II,04:07:00,04:56:00,04:44:59,04:55:33,0,2536,manual,usable,False,True
win-Australia-ASSA-20240129-052959.npy,20240129,Australia-ASSA,III,05:36:00,05:39:00,05:36:00,05:39:00,1444,2164,catalog,,False,False
win-Australia-ASSA-20240129-234459.npy,20240129,Australia-ASSA,III,23:51:00,23:58:00,23:51:00,23:58:00,1444,3124,catalog,,False,False
win-Australia-ASSA-20240130-042959.npy,20240130,Australia-ASSA,III,04:31:00,04:35:00,04:31:00,04:35:00,244,1204,catalog,,False,False
win-Australia-ASSA-20240130-051459.npy,20240130,Australia-ASSA,III,05:19:00,05:20:00,05:19:00,05:20:00,964,1204,catalog,,False,False
win-Australia-ASSA-20240131-004459.npy,20240131,Australia-ASSA,III,00:46:00,00:47:00,00:46:00,00:47:00,244,484,catalog,,False,False
win-Australia-ASSA-20240131-051459.npy,20240131,Australia-ASSA,III,05:16:00,05:25:00,05:16:00,05:25:00,244,2404,catalog,,False,False
win-Australia-ASSA-20240131-072959.npy,20240131,Australia-ASSA,III,07:38:00,07:38:00,07:38:10,07:38:45,1964,2104,zero_width_default,,False,False
win-Australia-ASSA-20240131-090000.npy,20240131,Australia-ASSA,III,09:11:00,09:12:00,09:11:00,09:12:00,2640,2880,catalog,,False,False
win-Australia-ASSA-20240201-021459.npy,20240201,Australia-ASSA,III,02:21:00,02:27:00,02:21:00,02:27:00,1444,2884,catalog,,False,False
win-Australia-ASSA-20240201-034459.npy,20240201,Australia-ASSA,III,03:37:00,03:46:00,03:37:00,03:46:00,0,244,catalog,,False,True
win-Australia-ASSA-20240201-051459.npy,20240201,Australia-ASSA,III,05:24:00,05:33:00,05:24:00,05:33:00,2164,3600,catalog,,False,True
win-Australia-ASSA-20240201-052959.npy,20240201,Australia-ASSA,III,05:24:00,05:33:00,05:24:00,05:33:00,0,724,catalog,,False,True
win-Australia-ASSA-20240201-090000.npy,20240201,Australia-ASSA,III,09:09:00,09:10:00,09:09:00,09:10:00,2160,2400,catalog,,False,False
win-Australia-ASSA-20240201-091500.npy,20240201,Australia-ASSA,III,09:27:00,09:28:00,09:27:00,09:28:00,2880,3120,catalog,,False,False
win-Australia-ASSA-20240201-202959.npy,20240201,Australia-ASSA,V,20:43:00,20:45:00,20:43:18,20:44:59,3196,3600,manual,usable,False,True
win-Australia-ASSA-20240201-210000.npy,20240201,Australia-ASSA,III,21:00:00,21:05:00,21:00:00,21:05:00,0,1200,catalog,,False,False
win-Australia-ASSA-20240201-211500.npy,20240201,Australia-ASSA,III,21:21:00,21:22:00,21:21:00,21:22:00,1440,1680,catalog,,False,False
win-Australia-ASSA-20240201-222959.npy,20240201,Australia-ASSA,V,22:30:00,22:31:00,22:30:04,22:31:11,20,288,manual,usable,False,False
win-Australia-ASSA-20240201-234459.npy,20240201,Australia-ASSA,III,23:46:00,23:52:00,23:46:00,23:52:00,244,1684,catalog,,False,False
win-Australia-ASSA-20240202-004459.npy,20240202,Australia-ASSA,III,00:49:00,00:50:00,00:49:00,00:50:00,964,1204,catalog,,False,False
win-Australia-ASSA-20240202-014459.npy,20240202,Australia-ASSA,III,01:45:00,01:53:00,01:45:00,01:53:00,4,1924,catalog,,False,False
win-Australia-ASSA-20240202-052959.npy,20240202,Australia-ASSA,II,05:36:00,05:39:00,05:36:57,05:38:57,1672,2152,manual,usable,False,False
win-Australia-ASSA-20240202-054459.npy,20240202,Australia-ASSA,III,05:57:00,05:58:00,05:57:00,05:58:00,2884,3124,catalog,,False,False
win-Australia-ASSA-20240202-074459.npy,20240202,Australia-ASSA,III,07:58:00,08:03:00,07:58:00,08:03:00,3124,3600,catalog,,False,True
win-Australia-ASSA-20240202-204459.npy,20240202,Australia-ASSA,III,20:52:00,20:53:00,20:52:00,20:53:00,1684,1924,catalog,,False,False
win-Australia-ASSA-20240202-210000.npy,20240202,Australia-ASSA,III,21:11:00,21:19:00,21:11:00,21:19:00,2640,3600,catalog,,False,True
win-Australia-ASSA-20240202-211500.npy,20240202,Australia-ASSA,III,21:11:00,21:19:00,21:11:00,21:19:00,0,960,catalog,,False,True
win-Australia-ASSA-20240202-214459.npy,20240202,Australia-ASSA,III,21:47:00,21:50:00,21:47:00,21:50:00,484,1204,catalog,,False,False
win-Australia-ASSA-20240202-234459.npy,20240202,Australia-ASSA,III,23:51:00,23:54:00,23:51:00,23:54:00,1444,2164,catalog,,False,False
win-Australia-ASSA-20240203-021459.npy,20240203,Australia-ASSA,III,02:15:00,02:23:00,02:15:00,02:23:00,4,1924,catalog,,False,False
win-Australia-ASSA-20240203-042959.npy,20240203,Australia-ASSA,III,04:30:00,04:38:00,04:30:00,04:38:00,4,1924,catalog,,False,False
win-Australia-ASSA-20240203-054459.npy,20240203,Australia-ASSA,III,05:47:00,05:54:00,05:47:00,05:54:00,484,2164,catalog,,False,False
win-Australia-ASSA-20240203-062959.npy,20240203,Australia-ASSA,III,06:44:00,06:45:00,06:44:00,06:45:00,3364,3600,catalog,,False,True
win-Australia-ASSA-20240203-091459.npy,20240203,Australia-ASSA,III,09:16:00,09:17:00,09:16:00,09:17:00,244,484,catalog,,False,False
win-Australia-ASSA-20240204-062959.npy,20240204,Australia-ASSA,III,06:31:00,06:32:00,06:31:00,06:32:00,244,484,catalog,,False,False
win-Australia-ASSA-20240204-210000.npy,20240204,Australia-ASSA,II,21:03:00,21:15:00,21:03:17,21:15:00,788,3600,manual,usable,False,False
win-Australia-ASSA-20240204-222959.npy,20240204,Australia-ASSA,III,22:32:00,22:33:00,22:32:00,22:33:00,484,724,catalog,,False,False
win-Australia-ASSA-20240205-034459.npy,20240205,Australia-ASSA,III,03:45:00,03:45:00,03:45:10,03:45:45,44,184,zero_width_default,,False,False
win-Australia-ASSA-20240205-224459.npy,20240205,Australia-ASSA,III,22:55:00,22:58:00,22:55:00,22:58:00,2404,3124,catalog,,False,False
win-Australia-ASSA-20240205-234459.npy,20240205,Australia-ASSA,III,23:46:00,23:47:00,23:46:00,23:47:00,244,484,catalog,,False,False
win-Australia-ASSA-20240207-012959.npy,20240207,Australia-ASSA,III,01:41:00,01:43:00,01:41:00,01:43:00,2644,3124,catalog,,False,False
win-Australia-ASSA-20240207-021459.npy,20240207,Australia-ASSA,III,02:15:00,02:16:00,02:15:00,02:16:00,4,244,catalog,,False,False
win-Australia-ASSA-20240207-044459.npy,20240207,Australia-ASSA,III,04:52:00,04:54:00,04:52:00,04:54:00,1684,2164,catalog,,False,False
win-Australia-ASSA-20240207-074459.npy,20240207,Australia-ASSA,III,07:59:00,08:00:00,07:59:00,08:00:00,3364,3600,catalog,,False,True
win-Australia-ASSA-20240208-014459.npy,20240208,Australia-ASSA,III,01:46:00,01:49:00,01:46:00,01:49:00,244,964,catalog,,False,False
win-Australia-ASSA-20240208-022959.npy,20240208,Australia-ASSA,III,02:34:00,02:39:00,02:34:00,02:39:00,964,2164,catalog,,False,False
win-Australia-ASSA-20240208-044459.npy,20240208,Australia-ASSA,III,04:45:00,04:54:00,04:45:00,04:54:00,4,2164,catalog,,False,False
win-Australia-ASSA-20240208-051459.npy,20240208,Australia-ASSA,III,05:17:00,05:21:00,05:17:00,05:21:00,484,1444,catalog,,False,False
win-Australia-ASSA-20240208-232959.npy,20240208,Australia-ASSA,III,23:31:00,23:31:00,23:31:10,23:31:45,284,424,zero_width_default,,False,False
win-Australia-ASSA-20240210-022959.npy,20240210,Australia-ASSA,III,02:37:00,02:38:00,02:37:00,02:38:00,1684,1924,catalog,,False,False
win-Australia-ASSA-20240210-224459.npy,20240210,Australia-ASSA,III,22:56:00,22:57:00,22:56:00,22:57:00,2644,2884,catalog,,False,False
win-Australia-ASSA-20240210-231459.npy,20240210,Australia-ASSA,II,23:06:00,23:37:00,23:14:59,23:25:08,0,2436,manual,usable,False,True
win-Australia-ASSA-20240210-232959.npy,20240210,Australia-ASSA,II,23:06:00,23:37:00,23:29:59,23:37:27,0,1792,manual,usable,False,True
win-Australia-ASSA-20240211-044459.npy,20240211,Australia-ASSA,III,04:59:00,05:00:00,04:59:00,05:00:00,3364,3600,catalog,,False,True
win-Australia-ASSA-20240211-062959.npy,20240211,Australia-ASSA,III,06:41:00,06:44:00,06:41:00,06:44:00,2644,3364,catalog,,False,False
win-Australia-ASSA-20240212-014459.npy,20240212,Australia-ASSA,III,01:54:00,01:55:00,01:54:00,01:55:00,2164,2404,catalog,,False,False
win-Australia-ASSA-20240212-024459.npy,20240212,Australia-ASSA,III,02:47:00,02:49:00,02:47:00,02:49:00,484,964,catalog,,False,False
win-Australia-ASSA-20240214-031459.npy,20240214,Australia-ASSA,III,03:22:00,03:24:00,03:22:00,03:24:00,1684,2164,catalog,,False,False
win-Australia-ASSA-20240214-034459.npy,20240214,Australia-ASSA,II,03:55:00,04:04:00,03:55:38,03:59:59,2556,3600,manual,usable,False,True
win-Australia-ASSA-20240214-040000.npy,20240214,Australia-ASSA,II,03:55:00,04:04:00,04:00:00,04:15:00,0,3600,manual,usable,False,True
win-Australia-ASSA-20240214-084459.npy,20240214,Australia-ASSA,III,08:52:00,08:54:00,08:52:00,08:54:00,1684,2164,catalog,,False,False
win-Australia-ASSA-20240215-024459.npy,20240215,Australia-ASSA,III,02:47:00,02:50:00,02:47:00,02:50:00,484,1204,catalog,,False,False
win-Australia-ASSA-20240215-034459.npy,20240215,Australia-ASSA,III,03:56:00,04:00:00,03:56:00,04:00:00,2644,3600,catalog,,False,True
win-Australia-ASSA-20240215-214500.npy,20240215,Australia-ASSA,III,21:46:00,21:48:00,21:46:00,21:48:00,240,720,catalog,,False,False
win-Australia-ASSA-20240216-084459.npy,20240216,Australia-ASSA,III,08:51:00,08:52:00,08:51:00,08:52:00,1444,1684,catalog,,False,False
win-Australia-ASSA-20240217-004459.npy,20240217,Australia-ASSA,III,00:54:00,00:55:00,00:54:00,00:55:00,2164,2404,catalog,,False,False
win-Australia-ASSA-20240217-031459.npy,20240217,Australia-ASSA,III,03:23:00,03:25:00,03:23:00,03:25:00,1924,2404,catalog,,False,False
win-Australia-ASSA-20240217-044459.npy,20240217,Australia-ASSA,III,04:56:00,04:56:00,04:56:10,04:56:45,2684,2824,zero_width_default,,False,False
win-Australia-ASSA-20240219-032959.npy,20240219,Australia-ASSA,III,03:40:00,03:47:00,03:40:00,03:47:00,2404,3600,catalog,,False,True
win-Australia-ASSA-20240219-034459.npy,20240219,Australia-ASSA,III,03:40:00,03:47:00,03:40:00,03:47:00,0,484,catalog,,False,True
win-Australia-ASSA-20240220-054459.npy,20240220,Australia-ASSA,III,05:48:00,05:49:00,05:48:00,05:49:00,724,964,catalog,,False,False
win-Australia-ASSA-20240221-001459.npy,20240221,Australia-ASSA,III,00:22:00,00:29:00,00:22:00,00:29:00,1684,3364,catalog,,False,False
win-Australia-ASSA-20240221-024459.npy,20240221,Australia-ASSA,III,02:47:00,02:48:00,02:47:00,02:48:00,484,724,catalog,,False,False
win-Australia-ASSA-20240224-043000.npy,20240224,Australia-ASSA,III,04:34:00,04:35:00,04:34:00,04:35:00,480,600,catalog,,False,False
win-Australia-ASSA-20240224-071500.npy,20240224,Australia-ASSA,III,07:28:00,07:31:00,07:28:00,07:31:00,1560,1800,catalog,,False,True
win-Australia-ASSA-20240224-073000.npy,20240224,Australia-ASSA,III,07:28:00,07:31:00,07:28:00,07:31:00,0,120,catalog,,False,True
win-Australia-ASSA-20240224-221500.npy,20240224,Australia-ASSA,III,22:18:00,22:19:00,22:18:00,22:19:00,360,480,catalog,,False,False
win-Australia-ASSA-20240224-224500.npy,20240224,Australia-ASSA,III,22:55:00,22:56:00,22:55:00,22:56:00,1200,1320,catalog,,False,False
win-Australia-ASSA-20240224-230000.npy,20240224,Australia-ASSA,III,23:04:00,23:04:00,23:04:10,23:04:45,500,570,zero_width_default,,False,False
win-Australia-ASSA-20240224-234459.npy,20240224,Australia-ASSA,III,23:45:00,23:49:00,23:45:00,23:49:00,2,482,catalog,,False,False
win-Australia-ASSA-20240225-011500.npy,20240225,Australia-ASSA,III,01:18:00,01:19:00,01:18:00,01:19:00,360,480,catalog,,False,False
win-Australia-ASSA-20240225-014500.npy,20240225,Australia-ASSA,III,01:55:00,01:57:00,01:55:00,01:57:00,1200,1440,catalog,,False,False
win-Australia-ASSA-20240225-040000.npy,20240225,Australia-ASSA,III,04:00:00,04:02:00,04:00:00,04:02:00,0,240,catalog,,False,False
win-Australia-ASSA-20240226-051500.npy,20240226,Australia-ASSA,III,05:27:00,05:34:00,05:27:00,05:34:00,1440,1800,catalog,,False,True
win-Australia-ASSA-20240226-052959.npy,20240226,Australia-ASSA,III,05:27:00,05:34:00,05:27:00,05:34:00,0,482,catalog,,False,True
win-Australia-ASSA-20240226-060000.npy,20240226,Australia-ASSA,III,06:04:00,06:10:00,06:04:00,06:10:00,480,1200,catalog,,False,False
win-Australia-ASSA-20240226-070000.npy,20240226,Australia-ASSA,III,07:06:00,07:06:00,07:06:10,07:06:45,740,810,zero_width_default,,False,False
win-Australia-ASSA-20240226-090000.npy,20240226,Australia-ASSA,III,09:11:00,09:11:00,09:11:10,09:11:45,1340,1410,zero_width_default,,False,False
win-Australia-ASSA-20240227-010000.npy,20240227,Australia-ASSA,III,01:06:00,01:06:00,01:06:10,01:06:45,740,810,zero_width_default,,False,False
win-Australia-ASSA-20240227-064500.npy,20240227,Australia-ASSA,III,06:53:00,06:53:00,06:53:10,06:53:45,980,1050,zero_width_default,,False,False
win-Australia-ASSA-20240227-071500.npy,20240227,Australia-ASSA,III,07:16:00,07:16:00,07:16:10,07:16:45,140,210,zero_width_default,,False,False
win-Australia-ASSA-20240228-011500.npy,20240228,Australia-ASSA,III,01:21:00,01:23:00,01:21:00,01:23:00,720,960,catalog,,False,False
win-Australia-ASSA-20240228-013000.npy,20240228,Australia-ASSA,III,01:43:00,01:44:00,01:43:00,01:44:00,1560,1680,catalog,,False,False
win-Australia-ASSA-20240228-020000.npy,20240228,Australia-ASSA,V,02:05:00,02:06:00,02:05:00,02:06:00,600,720,catalog,,False,False
win-Australia-ASSA-20240228-024459.npy,20240228,Australia-ASSA,III,02:49:00,02:50:00,02:49:00,02:50:00,482,602,catalog,,False,False
win-Australia-ASSA-20240228-034500.npy,20240228,Australia-ASSA,III,03:53:00,03:53:00,03:53:10,03:53:45,980,1050,zero_width_default,,False,False
win-Australia-ASSA-20240228-044459.npy,20240228,Australia-ASSA,III,04:49:00,04:50:00,04:49:00,04:50:00,482,602,catalog,,False,False
win-Australia-ASSA-20240228-050000.npy,20240228,Australia-ASSA,III,05:12:00,05:13:00,05:12:00,05:13:00,1440,1560,catalog,,False,False
win-Australia-ASSA-20240228-071459.npy,20240228,Australia-ASSA,III,07:15:00,07:19:00,07:15:00,07:19:00,2,482,catalog,,False,False
win-Australia-ASSA-20240228-220000.npy,20240228,Australia-ASSA,III,22:01:00,22:01:00,22:01:10,22:01:45,140,210,zero_width_default,,False,False
win-Australia-ASSA-20240301-060000.npy,20240301,Australia-ASSA,III,06:03:00,06:04:00,06:03:00,06:04:00,360,480,catalog,,False,False
win-Australia-ASSA-20240302-224459.npy,20240302,Australia-ASSA,III,22:52:00,22:52:00,22:52:10,22:52:45,862,932,zero_width_default,,False,False
win-Australia-ASSA-20240302-234459.npy,20240302,Australia-ASSA,III,23:47:00,23:47:00,23:47:10,23:47:45,262,332,zero_width_default,,False,False
win-Australia-ASSA-20240303-031500.npy,20240303,Australia-ASSA,III,03:20:00,03:20:00,03:20:10,03:20:45,620,690,zero_width_default,,False,False
win-Australia-ASSA-20240303-214459.npy,20240303,Australia-ASSA,III,21:52:00,21:52:00,21:52:10,21:52:45,862,932,zero_width_default,,False,False
win-Australia-ASSA-20240304-232959.npy,20240304,Australia-ASSA,III,23:42:00,23:44:00,23:42:00,23:44:00,1442,1682,catalog,,False,False
win-Australia-ASSA-20240305-021500.npy,20240305,Australia-ASSA,III,02:16:00,02:24:00,02:16:00,02:24:00,120,1080,catalog,,False,False
win-Australia-ASSA-20240305-234459.npy,20240305,Australia-ASSA,III,23:46:00,23:49:00,23:46:00,23:49:00,122,482,catalog,,False,False
win-Australia-ASSA-20240306-000000.npy,20240306,Australia-ASSA,III,00:00:00,00:01:00,00:00:00,00:01:00,0,120,catalog,,False,False
win-Australia-ASSA-20240306-020000.npy,20240306,Australia-ASSA,III,02:07:00,02:09:00,02:07:00,02:09:00,840,1080,catalog,,False,False
win-Australia-ASSA-20240306-033000.npy,20240306,Australia-ASSA,II,03:33:00,03:45:00,03:33:00,03:45:00,360,1800,catalog,,False,False
win-Australia-ASSA-20240307-050000.npy,20240307,Australia-ASSA,III,05:07:00,05:09:00,05:07:00,05:09:00,840,1080,catalog,,False,False
win-Australia-ASSA-20240307-054459.npy,20240307,Australia-ASSA,III,05:59:00,06:00:00,05:59:00,06:00:00,1682,1800,catalog,,False,True
win-Australia-ASSA-20240307-221459.npy,20240307,Australia-ASSA,II,22:25:00,22:45:00,22:25:00,22:45:00,1202,1800,catalog,,False,True
win-Australia-ASSA-20240307-222959.npy,20240307,Australia-ASSA,II,22:25:00,22:45:00,22:25:00,22:45:00,0,1800,catalog,,False,True
win-Australia-ASSA-20240308-033000.npy,20240308,Australia-ASSA,III,03:36:00,03:38:00,03:36:00,03:38:00,720,960,catalog,,False,False
win-Australia-ASSA-20240308-033000.npy,20240308,Australia-ASSA,II,03:40:00,03:52:00,03:40:00,03:52:00,1200,1800,catalog,,False,True
win-Australia-ASSA-20240308-034500.npy,20240308,Australia-ASSA,II,03:40:00,03:52:00,03:40:00,03:52:00,0,840,catalog,,False,True
win-Australia-ASSA-20240308-234500.npy,20240308,Australia-ASSA,III,23:51:00,23:51:00,23:51:10,23:51:45,740,810,zero_width_default,,False,False
win-Australia-ASSA-20240309-004459.npy,20240309,Australia-ASSA,III,00:59:00,00:59:00,00:59:10,00:59:45,1702,1772,zero_width_default,,False,False
win-Australia-ASSA-20240310-222959.npy,20240310,Australia-ASSA,III,22:41:00,22:46:00,22:41:00,22:46:00,1322,1800,catalog,,False,True
win-Australia-ASSA-20240310-224459.npy,20240310,Australia-ASSA,III,22:41:00,22:46:00,22:41:00,22:46:00,0,122,catalog,,False,True
win-Australia-ASSA-20240311-003000.npy,20240311,Australia-ASSA,III,00:37:00,00:38:00,00:37:00,00:38:00,840,960,catalog,,False,False
win-Australia-ASSA-20240312-061500.npy,20240312,Australia-ASSA,III,06:17:00,06:18:00,06:17:00,06:18:00,240,360,catalog,,False,False
win-Australia-ASSA-20240313-230000.npy,20240313,Australia-ASSA,III,23:03:00,23:04:00,23:03:00,23:04:00,360,480,catalog,,False,False
win-Australia-ASSA-20240314-020000.npy,20240314,Australia-ASSA,III,02:11:00,02:11:00,02:11:10,02:11:45,1340,1410,zero_width_default,,False,False
win-Australia-ASSA-20240314-060000.npy,20240314,Australia-ASSA,III,06:00:00,06:00:00,06:00:10,06:00:45,20,90,zero_width_default,,False,False
win-Australia-ASSA-20240317-002959.npy,20240317,Australia-ASSA,III,00:36:00,00:40:00,00:36:00,00:40:00,722,1202,catalog,,False,False
win-Australia-ASSA-20240319-030000.npy,20240319,Australia-ASSA,III,03:01:00,03:02:00,03:01:00,03:02:00,120,240,catalog,,False,False
win-Australia-ASSA-20240320-004500.npy,20240320,Australia-ASSA,III,00:53:00,00:58:00,00:53:00,00:58:00,960,1560,catalog,,False,False
win-Australia-ASSA-20240320-014500.npy,20240320,Australia-ASSA,III,01:54:00,01:55:00,01:54:00,01:55:00,1080,1200,catalog,,False,False
win-Australia-ASSA-20240321-012959.npy,20240321,Australia-ASSA,III,01:41:00,01:41:00,01:41:10,01:41:45,1342,1412,zero_width_default,,False,False
win-Australia-ASSA-20240321-042959.npy,20240321,Australia-ASSA,III,04:36:00,04:45:00,04:36:00,04:45:00,722,1800,catalog,,False,True
win-Australia-ASSA-20240321-220000.npy,20240321,Australia-ASSA,III,22:10:00,22:10:00,22:10:10,22:10:45,1220,1290,zero_width_default,,False,False
win-Australia-ASSA-20240322-224459.npy,20240322,Australia-ASSA,III,22:49:00,22:53:00,22:49:00,22:53:00,482,962,catalog,,False,False
win-Australia-ASSA-20240323-010000.npy,20240323,Australia-ASSA,II,01:09:00,01:12:00,01:09:00,01:12:00,1080,1440,catalog,,False,False
win-Australia-ASSA-20240324-070000.npy,20240324,Australia-ASSA,III,07:13:00,07:17:00,07:13:00,07:17:00,1560,1799,catalog,,False,True
win-Australia-ASSA-20240324-071500.npy,20240324,Australia-ASSA,III,07:13:00,07:17:00,07:13:00,07:17:00,0,240,catalog,,False,True
win-Australia-ASSA-20240325-000000.npy,20240325,Australia-ASSA,III,00:05:00,00:10:00,00:05:00,00:10:00,600,1200,catalog,,False,False
win-Australia-ASSA-20240325-031500.npy,20240325,Australia-ASSA,III,03:15:00,03:16:00,03:15:00,03:16:00,0,120,catalog,,False,False
win-Australia-ASSA-20240325-061500.npy,20240325,Australia-ASSA,III,06:18:00,06:18:00,06:18:10,06:18:45,380,450,zero_width_default,,False,False
win-Australia-ASSA-20240325-063000.npy,20240325,Australia-ASSA,V,06:43:00,06:44:00,06:43:00,06:44:00,1560,1680,catalog,,False,False
win-Australia-ASSA-20240325-063000.npy,20240325,Australia-ASSA,III,06:32:00,06:32:00,06:32:10,06:32:45,260,330,zero_width_default,,False,False
win-Australia-ASSA-20240325-220000.npy,20240325,Australia-ASSA,III,22:11:00,22:12:00,22:11:00,22:12:00,1320,1440,catalog,,False,False
win-Australia-ASSA-20240325-222959.npy,20240325,Australia-ASSA,III,22:29:00,22:31:00,22:29:00,22:31:00,0,122,catalog,,False,True
win-Australia-ASSA-20240325-224459.npy,20240325,Australia-ASSA,III,22:54:00,22:55:00,22:54:00,22:55:00,1082,1202,catalog,,False,False
win-Australia-ASSA-20240325-233000.npy,20240325,Australia-ASSA,III,23:34:00,23:34:00,23:34:10,23:34:45,500,570,zero_width_default,,False,False
win-Australia-ASSA-20240326-000000.npy,20240326,Australia-ASSA,III,00:09:00,00:14:00,00:09:00,00:14:00,1080,1680,catalog,,False,False
win-Australia-ASSA-20240326-003000.npy,20240326,Australia-ASSA,V,00:34:00,00:40:00,00:34:00,00:40:00,480,1200,catalog,,False,False
win-Australia-ASSA-20240326-003000.npy,20240326,Australia-ASSA,III,00:34:00,00:35:00,00:34:00,00:35:00,480,600,catalog,,False,False
win-Australia-ASSA-20240326-021500.npy,20240326,Australia-ASSA,III,02:20:00,02:27:00,02:20:00,02:27:00,600,1440,catalog,,False,False
win-Australia-ASSA-20240326-040000.npy,20240326,Australia-ASSA,III,04:14:00,04:15:00,04:14:00,04:15:00,1680,1800,catalog,,False,False
win-Australia-ASSA-20240326-042959.npy,20240326,Australia-ASSA,III,04:36:00,04:39:00,04:36:00,04:39:00,722,1082,catalog,,False,False
win-Australia-ASSA-20240326-051500.npy,20240326,Australia-ASSA,III,05:24:00,05:25:00,05:24:00,05:25:00,1080,1200,catalog,,False,False
win-Australia-ASSA-20240326-074459.npy,20240326,Australia-ASSA,III,07:47:00,07:47:00,07:47:10,07:47:45,262,332,zero_width_default,,False,False
win-Australia-ASSA-20240327-060000.npy,20240327,Australia-ASSA,III,06:04:00,06:04:00,06:04:10,06:04:45,500,570,zero_width_default,,False,False
win-Australia-ASSA-20240327-062959.npy,20240327,Australia-ASSA,III,06:34:00,06:35:00,06:34:00,06:35:00,482,602,catalog,,False,False
win-Australia-ASSA-20240327-230000.npy,20240327,Australia-ASSA,III,23:14:00,23:16:00,23:14:00,23:16:00,1680,1800,catalog,,False,True
win-Australia-ASSA-20240327-231500.npy,20240327,Australia-ASSA,III,23:14:00,23:16:00,23:14:00,23:16:00,0,120,catalog,,False,True
win-Australia-ASSA-20240328-004500.npy,20240328,Australia-ASSA,III,00:47:00,00:48:00,00:47:00,00:48:00,240,360,catalog,,False,False
win-Australia-ASSA-20240328-040000.npy,20240328,Australia-ASSA,III,04:01:00,04:03:00,04:01:00,04:03:00,120,360,catalog,,False,False
win-Australia-ASSA-20240328-060000.npy,20240328,Australia-ASSA,III,06:02:00,06:04:00,06:02:00,06:04:00,240,480,catalog,,False,False
win-Australia-ASSA-20240329-000000.npy,20240329,Australia-ASSA,III,00:04:00,00:04:00,00:04:10,00:04:45,500,570,zero_width_default,,False,False
win-Australia-ASSA-20240329-004459.npy,20240329,Australia-ASSA,V,00:52:00,00:55:00,00:52:00,00:55:00,842,1202,catalog,,False,False
win-Australia-ASSA-20240329-021500.npy,20240329,Australia-ASSA,III,02:18:00,02:21:00,02:18:00,02:21:00,360,720,catalog,,False,False
win-Australia-ASSA-20240329-023000.npy,20240329,Australia-ASSA,III,02:35:00,02:36:00,02:35:00,02:36:00,600,720,catalog,,False,False
win-Australia-ASSA-20240329-030000.npy,20240329,Australia-ASSA,III,03:06:00,03:07:00,03:06:00,03:07:00,720,840,catalog,,False,False
win-Australia-ASSA-20240329-032959.npy,20240329,Australia-ASSA,III,03:40:00,03:47:00,03:40:00,03:47:00,1202,1800,catalog,,False,True
win-Australia-ASSA-20240329-034459.npy,20240329,Australia-ASSA,III,03:40:00,03:47:00,03:40:00,03:47:00,0,242,catalog,,False,True
win-Australia-ASSA-20240329-223000.npy,20240329,Australia-ASSA,III,22:41:00,22:41:00,22:41:10,22:41:45,1340,1410,zero_width_default,,False,False
win-Australia-ASSA-20240330-031500.npy,20240330,Australia-ASSA,III,03:17:00,03:20:00,03:17:00,03:20:00,240,600,catalog,,False,False
win-Australia-ASSA-20240330-040000.npy,20240330,Australia-ASSA,III,04:08:00,04:09:00,04:08:00,04:09:00,960,1080,catalog,,False,False
win-Australia-ASSA-20240330-050000.npy,20240330,Australia-ASSA,III,05:13:00,05:14:00,05:13:00,05:14:00,1560,1680,catalog,,False,False
win-Australia-ASSA-20240330-222959.npy,20240330,Australia-ASSA,III,22:30:00,22:31:00,22:30:00,22:31:00,2,122,catalog,,False,False
win-Australia-ASSA-20240330-233000.npy,20240330,Australia-ASSA,III,23:33:00,23:34:00,23:33:00,23:34:00,360,480,catalog,,False,False
win-Australia-ASSA-20240331-033000.npy,20240331,Australia-ASSA,III,03:38:00,03:39:00,03:38:00,03:39:00,960,1080,catalog,,False,False
