file_name,status,notes,override_params_json,reviewed_at,manual_burst_range_json,problem_tags,auto_retry_done
burst-Arecibo-Observatory-10-10-2021-125500-125600-typeIII.npy,discard,,,2026-08-11T01:26:15+00:00,,,
burst-Arecibo-Observatory-10-10-2021-150000-150000-typeIII.npy,discard,,,2026-08-11T01:26:20+00:00,,,
burst-Arecibo-Observatory-10-13-2021-115100-115200-typeIII.npy,discard,,,2026-08-11T01:26:24+00:00,,,
burst-Arecibo-Observatory-10-23-2021-151000-151300-typeIII.npy,discard,,,2026-08-11T01:26:29+00:00,,,
burst-Arecibo-Observatory-10-25-2021-180500-180500-typeIII.npy,discard,,,2026-08-11T01:26:33+00:00,,,
burst-Arecibo-Observatory-10-26-2021-140600-141300-typeIII.npy,usable,,"{""known_burst_margin"": 10, ""base_threshold_sigma"": 12.0, ""suppression_ramp"": 2.0, ""burst_sigma"": 2.0, ""vrfi_coverage_threshold"": 0.1, ""vrfi_sigma"": 3.0}",2026-08-12T19:34:13+00:00,"{""start_s"": 68.0, ""end_s"": 102.0}",,
burst-Arecibo-Observatory-10-28-2021-124600-124700-typeIII.npy,discard,,,2026-08-11T01:26:58+00:00,,,
burst-Arecibo-Observatory-10-30-2021-171800-171800-typeIII.npy,discard,,,2026-08-11T01:27:04+00:00,,,
burst-Arecibo-Observatory-10-30-2021-160900-160900-typeIII.npy,discard,,,2026-08-11T01:27:08+00:00,,,
burst-Arecibo-Observatory-10-31-2021-152600-152700-typeIII.npy,usable,,"{""known_burst_margin"": 10, ""base_threshold_sigma"": 12.0, ""suppression_ramp"": 2.0, ""burst_sigma"": 2.0, ""vrfi_coverage_threshold"": 0.1, ""vrfi_sigma"": 3.0}",2026-08-11T01:27:34+00:00,"{""start_s"": 90.001, ""end_s"": 120.0}",,
burst-Arecibo-Observatory-11-01-2021-110600-110700-typeIII.npy,discard,,,2026-08-11T01:27:39+00:00,,,
burst-Arecibo-Observatory-11-03-2021-140600-140800-typeIII.npy,discard,,,2026-08-11T01:27:49+00:00,,,
burst-Arecibo-Observatory-11-17-2021-140900-140900-typeV.npy,discard,,,2026-08-11T01:28:23+00:00,,,
burst-Arecibo-Observatory-12-15-2021-143200-143200-typeIII.npy,usable,,"{""known_burst_margin"": 10, ""base_threshold_sigma"": 12.0, ""suppression_ramp"": 2.0, ""burst_sigma"": 2.0, ""vrfi_coverage_threshold"": 0.1, ""vrfi_sigma"": 3.0}",2026-08-11T01:29:02+00:00,"{""start_s"": 65.0, ""end_s"": 90.0}",,
burst-Arecibo-Observatory-12-21-2021-174300-174400-typeIII.npy,discard,,,2026-08-11T01:29:11+00:00,,,
burst-Arecibo-Observatory-12-23-2021-175500-175800-typeIII.npy,usable,,"{""known_burst_margin"": 10, ""base_threshold_sigma"": 12.0, ""suppression_ramp"": 2.0, ""burst_sigma"": 2.0, ""vrfi_coverage_threshold"": 0.1, ""vrfi_sigma"": 3.0}",2026-08-11T01:29:30+00:00,"{""start_s"": 100.0, ""end_s"": 180.0}",,
burst-Arecibo-Observatory-12-23-2021-183100-183100-typeIII.npy,usable,,"{""known_burst_margin"": 10, ""base_threshold_sigma"": 12.0, ""suppression_ramp"": 2.0, ""burst_sigma"": 2.0, ""vrfi_coverage_threshold"": 0.1, ""vrfi_sigma"": 3.0}",2026-08-11T01:29:49+00:00,"{""start_s"": 80.0, ""end_s"": 95.0}",,
burst-Arecibo-Observatory-12-28-2021-152700-152700-typeIII.npy,discard,,,2026-08-11T01:29:55+00:00,,,
burst-Arecibo-Observatory-01-01-2022-134200-134500-typeIII.npy,usable,,"{""known_burst_margin"": 10, ""base_threshold_sigma"": 12.0, ""suppression_ramp"": 2.0, ""burst_sigma"": 2.0, ""vrfi_coverage_threshold"": 0.1, ""vrfi_sigma"": 3.0}",2026-08-11T01:30:25+00:00,"{""start_s"": 95.0, ""end_s"": 165.001}",,
burst-Arecibo-Observatory-01-07-2022-121100-121100-typeIII.npy,usable,,"{""known_burst_margin"": 10, ""base_threshold_sigma"": 12.0, ""suppression_ramp"": 2.0, ""burst_sigma"": 2.0, ""vrfi_coverage_threshold"": 0.1, ""vrfi_sigma"": 3.0}",2026-08-11T01:30:48+00:00,"{""start_s"": 85.0, ""end_s"": 95.001}",,
burst-Arecibo-Observatory-01-09-2022-181800-182400-typeIII.npy,discard,,,2026-08-11T01:30:59+00:00,,,
burst-Arecibo-Observatory-01-10-2022-184800-184800-typeIII.npy,usable,,"{""known_burst_margin"": 10, ""base_threshold_sigma"": 12.0, ""suppression_ramp"": 2.0, ""burst_sigma"": 2.0, ""vrfi_coverage_threshold"": 0.1, ""vrfi_sigma"": 3.0}",2026-08-11T01:31:19+00:00,"{""start_s"": 85.0, ""end_s"": 115.0}",,
burst-Arecibo-Observatory-01-10-2022-163600-163600-typeIII.npy,usable,,"{""known_burst_margin"": 10, ""base_threshold_sigma"": 12.0, ""suppression_ramp"": 2.0, ""burst_sigma"": 2.0, ""vrfi_coverage_threshold"": 0.1, ""vrfi_sigma"": 3.0}",2026-08-11T01:31:58+00:00,"{""start_s"": 70.0, ""end_s"": 80.0}",,
burst-Arecibo-Observatory-01-11-2022-181000-181000-typeIII.npy,discard,,,2026-08-11T01:32:04+00:00,,,
burst-Arecibo-Observatory-01-12-2022-143200-143200-typeV.npy,usable,,"{""known_burst_margin"": 10, ""base_threshold_sigma"": 12.0, ""suppression_ramp"": 2.0, ""burst_sigma"": 2.0, ""vrfi_coverage_threshold"": 0.1, ""vrfi_sigma"": 3.0}",2026-08-11T01:32:22+00:00,"{""start_s"": 70.0, ""end_s"": 90.0}",,
burst-Arecibo-Observatory-01-13-2022-170900-171000-typeIII.npy,usable,,"{""known_burst_margin"": 10, ""base_threshold_sigma"": 12.0, ""suppression_ramp"": 2.0, ""burst_sigma"": 2.0, ""vrfi_coverage_threshold"": 0.1, ""vrfi_sigma"": 3.0}",2026-08-11T01:32:49+00:00,"{""start_s"": 105.001, ""end_s"": 120.0}",,
burst-Arecibo-Observatory-01-13-2022-113300-113300-typeIII.npy,discard,,,2026-08-11T01:32:54+00:00,,,
burst-Arecibo-Observatory-01-27-2022-144500-144600-typeV.npy,discard,,,2026-08-11T01:32:59+00:00,,,
burst-Arecibo-Observatory-01-29-2022-180600-180700-typeIII.npy,usable,,"{""known_burst_margin"": 10, ""base_threshold_sigma"": 12.0, ""suppression_ramp"": 2.0, ""burst_sigma"": 2.0, ""vrfi_coverage_threshold"": 0.1, ""vrfi_sigma"": 3.0}",2026-08-12T19:37:28+00:00,"{""start_s"": 63.0, ""end_s"": 139.0}",,
burst-Arecibo-Observatory-01-29-2022-180100-180100-typeIII.npy,usable,,"{""known_burst_margin"": 10, ""base_threshold_sigma"": 12.0, ""suppression_ramp"": 2.0, ""burst_sigma"": 2.0, ""vrfi_coverage_threshold"": 0.1, ""vrfi_sigma"": 3.0}",2026-08-11T01:33:45+00:00,"{""start_s"": 88.0, ""end_s"": 110.0}",,
burst-Arecibo-Observatory-01-29-2022-175000-175600-typeIII.npy,usable,,"{""known_burst_margin"": 10, ""base_threshold_sigma"": 12.0, ""suppression_ramp"": 2.0, ""burst_sigma"": 2.0, ""vrfi_coverage_threshold"": 0.1, ""vrfi_sigma"": 3.0}",2026-08-11T01:34:06+00:00,"{""start_s"": 270.0, ""end_s"": 420.0}",,
burst-Arecibo-Observatory-01-29-2022-173100-173100-typeIII.npy,usable,,"{""known_burst_margin"": 10, ""base_threshold_sigma"": 12.0, ""suppression_ramp"": 2.0, ""burst_sigma"": 2.0, ""vrfi_coverage_threshold"": 0.1, ""vrfi_sigma"": 3.0}",2026-08-11T01:34:22+00:00,"{""start_s"": 90.0, ""end_s"": 100.0}",,
burst-Arecibo-Observatory-01-29-2022-153000-153000-typeIII.npy,usable,,"{""known_burst_margin"": 10, ""base_threshold_sigma"": 12.0, ""suppression_ramp"": 2.0, ""burst_sigma"": 2.0, ""vrfi_coverage_threshold"": 0.1, ""vrfi_sigma"": 3.0}",2026-08-12T19:37:55+00:00,"{""start_s"": 62.0, ""end_s"": 78.0}",,
burst-Arecibo-Observatory-01-29-2022-135700-135700-typeIII.npy,discard,,,2026-08-11T01:34:40+00:00,,,
burst-Arecibo-Observatory-01-29-2022-133700-133800-typeIII.npy,discard,,,2026-08-11T01:34:58+00:00,,,
burst-Arecibo-Observatory-01-29-2022-123200-123200-typeIII.npy,discard,,,2026-08-11T01:35:04+00:00,,,
burst-Arecibo-Observatory-01-29-2022-155300-155400-typeIII.npy,usable,,"{""known_burst_margin"": 10, ""base_threshold_sigma"": 12.0, ""suppression_ramp"": 2.0, ""burst_sigma"": 2.0, ""vrfi_coverage_threshold"": 0.1, ""vrfi_sigma"": 3.0}",2026-08-11T01:35:26+00:00,"{""start_s"": 90.0, ""end_s"": 170.0}",,
burst-Arecibo-Observatory-01-30-2022-173800-173900-typeIII.npy,usable,,"{""known_burst_margin"": 10, ""base_threshold_sigma"": 12.0, ""suppression_ramp"": 2.0, ""burst_sigma"": 2.0, ""vrfi_coverage_threshold"": 0.1, ""vrfi_sigma"": 3.0}",2026-08-11T01:35:43+00:00,"{""start_s"": 90.0, ""end_s"": 150.0}",,
burst-Arecibo-Observatory-01-30-2022-200900-201200-typeIII.npy,usable,,"{""known_burst_margin"": 10, ""base_threshold_sigma"": 12.0, ""suppression_ramp"": 2.0, ""burst_sigma"": 2.0, ""vrfi_coverage_threshold"": 0.1, ""vrfi_sigma"": 3.0}",2026-08-11T01:36:06+00:00,"{""start_s"": 95.0, ""end_s"": 290.0}",,
burst-Arecibo-Observatory-01-30-2022-193800-193900-typeIII.npy,usable,,"{""known_burst_margin"": 10, ""base_threshold_sigma"": 12.0, ""suppression_ramp"": 2.0, ""burst_sigma"": 2.0, ""vrfi_coverage_threshold"": 0.1, ""vrfi_sigma"": 3.0}",2026-08-11T01:36:26+00:00,"{""start_s"": 100.0, ""end_s"": 165.0}",,
burst-Arecibo-Observatory-01-30-2022-191800-192000-typeIII.npy,usable,,"{""known_burst_margin"": 10, ""base_threshold_sigma"": 12.0, ""suppression_ramp"": 2.0, ""burst_sigma"": 2.0, ""vrfi_coverage_threshold"": 0.1, ""vrfi_sigma"": 3.0}",2026-08-12T19:38:11+00:00,"{""start_s"": 181.0, ""end_s"": 196.0}",,
burst-Arecibo-Observatory-01-30-2022-183200-183200-typeIII.npy,usable,,"{""known_burst_margin"": 10, ""base_threshold_sigma"": 12.0, ""suppression_ramp"": 2.0, ""burst_sigma"": 2.0, ""vrfi_coverage_threshold"": 0.1, ""vrfi_sigma"": 3.0}",2026-08-12T19:38:22+00:00,"{""start_s"": 67.0, ""end_s"": 93.0}",,
burst-Arecibo-Observatory-01-30-2022-180500-180800-typeIII.npy,usable,,,2026-08-11T01:37:00+00:00,,,
burst-Arecibo-Observatory-01-30-2022-173500-173500-typeIII.npy,usable,,"{""known_burst_margin"": 10, ""base_threshold_sigma"": 12.0, ""suppression_ramp"": 2.0, ""burst_sigma"": 2.0, ""vrfi_coverage_threshold"": 0.1, ""vrfi_sigma"": 3.0}",2026-08-11T01:37:16+00:00,"{""start_s"": 100.0, ""end_s"": 119.0}",,
burst-Arecibo-Observatory-01-30-2022-165300-165300-typeIII.npy,usable,,"{""known_burst_margin"": 10, ""base_threshold_sigma"": 12.0, ""suppression_ramp"": 2.0, ""burst_sigma"": 2.0, ""vrfi_coverage_threshold"": 0.1, ""vrfi_sigma"": 3.0}",2026-08-11T01:37:33+00:00,"{""start_s"": 80.0, ""end_s"": 95.001}",,
burst-Arecibo-Observatory-01-30-2022-164700-164700-typeV.npy,usable,,,2026-08-12T19:38:30+00:00,"{""start_s"": 69.0, ""end_s"": 92.0}",,
burst-Arecibo-Observatory-01-30-2022-142100-142100-typeIII.npy,usable,,"{""known_burst_margin"": 10, ""base_threshold_sigma"": 12.0, ""suppression_ramp"": 2.0, ""burst_sigma"": 2.0, ""vrfi_coverage_threshold"": 0.1, ""vrfi_sigma"": 3.0}",2026-08-11T01:38:17+00:00,"{""start_s"": 70.0, ""end_s"": 90.0}",,
burst-Arecibo-Observatory-01-30-2022-165900-165900-typeIII.npy,usable,,"{""known_burst_margin"": 10, ""base_threshold_sigma"": 12.0, ""suppression_ramp"": 2.0, ""burst_sigma"": 2.0, ""vrfi_coverage_threshold"": 0.1, ""vrfi_sigma"": 3.0}",2026-08-11T01:38:35+00:00,"{""start_s"": 50.0, ""end_s"": 80.0}",,
burst-Arecibo-Observatory-01-31-2022-181100-181100-typeIII.npy,usable,,"{""known_burst_margin"": 10, ""base_threshold_sigma"": 12.0, ""suppression_ramp"": 2.0, ""burst_sigma"": 2.0, ""vrfi_coverage_threshold"": 0.1, ""vrfi_sigma"": 3.0}",2026-08-11T01:39:13+00:00,"{""start_s"": 70.0, ""end_s"": 100.0}",,
burst-Arecibo-Observatory-01-31-2022-180300-180300-typeIII.npy,usable,,"{""known_burst_margin"": 10, ""base_threshold_sigma"": 12.0, ""suppression_ramp"": 2.0, ""burst_sigma"": 2.0, ""vrfi_coverage_threshold"": 0.1, ""vrfi_sigma"": 3.0}",2026-08-11T01:39:27+00:00,"{""start_s"": 100.0, ""end_s"": 119.0}",,
burst-Arecibo-Observatory-01-31-2022-174800-174900-typeIII.npy,usable,,"{""known_burst_margin"": 10, ""base_threshold_sigma"": 12.0, ""suppression_ramp"": 2.0, ""burst_sigma"": 2.0, ""vrfi_coverage_threshold"": 0.1, ""vrfi_sigma"": 3.0}",2026-08-12T19:38:38+00:00,"{""start_s"": 59.0, ""end_s"": 168.0}",,
burst-Arecibo-Observatory-01-31-2022-162000-162500-typeIII.npy,usable,,"{""known_burst_margin"": 10, ""base_threshold_sigma"": 12.0, ""suppression_ramp"": 2.0, ""burst_sigma"": 2.0, ""vrfi_coverage_threshold"": 0.1, ""vrfi_sigma"": 3.0}",2026-08-12T19:38:53+00:00,"{""start_s"": 100.0, ""end_s"": 377.0}",,
burst-Arecibo-Observatory-01-31-2022-171200-171300-typeIII.npy,usable,,"{""known_burst_margin"": 10, ""base_threshold_sigma"": 12.0, ""suppression_ramp"": 2.0, ""burst_sigma"": 2.0, ""vrfi_coverage_threshold"": 0.1, ""vrfi_sigma"": 3.0}",2026-08-11T01:40:19+00:00,"{""start_s"": 90.0, ""end_s"": 140.0}",,
burst-Arecibo-Observatory-01-31-2022-181200-181500-typeIII.npy,usable,,,2026-08-11T01:40:27+00:00,,,
burst-Arecibo-Observatory-01-31-2022-161300-161400-typeIII.npy,usable,,"{""known_burst_margin"": 10, ""base_threshold_sigma"": 12.0, ""suppression_ramp"": 2.0, ""burst_sigma"": 2.0, ""vrfi_coverage_threshold"": 0.1, ""vrfi_sigma"": 3.0}",2026-08-11T01:40:41+00:00,"{""start_s"": 100.0, ""end_s"": 120.0}",,
burst-Arecibo-Observatory-01-31-2022-173000-173500-typeIII.npy,discard,,,2026-08-11T01:40:52+00:00,,,
burst-Arecibo-Observatory-01-31-2022-184500-184600-typeIII.npy,usable,,"{""known_burst_margin"": 10, ""base_threshold_sigma"": 12.0, ""suppression_ramp"": 2.0, ""burst_sigma"": 2.0, ""vrfi_coverage_threshold"": 0.1, ""vrfi_sigma"": 3.0}",2026-08-12T19:39:11+00:00,"{""start_s"": 85.0, ""end_s"": 124.0}",,
burst-Arecibo-Observatory-01-31-2022-194700-194700-typeIII.npy,usable,,"{""known_burst_margin"": 10, ""base_threshold_sigma"": 12.0, ""suppression_ramp"": 2.0, ""burst_sigma"": 2.0, ""vrfi_coverage_threshold"": 0.1, ""vrfi_sigma"": 3.0}",2026-08-11T01:41:24+00:00,"{""start_s"": 100.0, ""end_s"": 115.0}",,
burst-Arecibo-Observatory-01-31-2022-193600-193600-typeIII.npy,discard,,,2026-08-11T01:41:36+00:00,,,
burst-Arecibo-Observatory-01-31-2022-194400-194400-typeIII.npy,usable,,"{""known_burst_margin"": 10, ""base_threshold_sigma"": 12.0, ""suppression_ramp"": 2.0, ""burst_sigma"": 2.0, ""vrfi_coverage_threshold"": 0.1, ""vrfi_sigma"": 3.0}",2026-08-11T01:41:51+00:00,"{""start_s"": 80.0, ""end_s"": 100.0}",,
burst-Arecibo-Observatory-01-31-2022-201100-201300-typeIII.npy,discard,,,2026-08-11T01:42:02+00:00,,,
burst-Arecibo-Observatory-01-31-2022-201700-201700-typeIII.npy,usable,,"{""known_burst_margin"": 10, ""base_threshold_sigma"": 12.0, ""suppression_ramp"": 2.0, ""burst_sigma"": 2.0, ""vrfi_coverage_threshold"": 0.1, ""vrfi_sigma"": 3.0}",2026-08-11T01:42:23+00:00,"{""start_s"": 110.0, ""end_s"": 119.5}",,
burst-Arecibo-Observatory-01-31-2022-203000-203500-typeIII.npy,usable,,"{""known_burst_margin"": 10, ""base_threshold_sigma"": 12.0, ""suppression_ramp"": 2.0, ""burst_sigma"": 2.0, ""vrfi_coverage_threshold"": 0.1, ""vrfi_sigma"": 3.0}",2026-08-11T01:42:44+00:00,"{""start_s"": 290.0, ""end_s"": 330.0}",,
burst-Arecibo-Observatory-01-31-2022-191500-191900-typeIII.npy,usable,,,2026-08-11T01:42:51+00:00,,,
burst-Arecibo-Observatory-01-31-2022-151300-151400-typeIII.npy,usable,,"{""known_burst_margin"": 10, ""base_threshold_sigma"": 12.0, ""suppression_ramp"": 2.0, ""burst_sigma"": 2.0, ""vrfi_coverage_threshold"": 0.1, ""vrfi_sigma"": 3.0}",2026-08-11T01:43:11+00:00,"{""start_s"": 110.0, ""end_s"": 145.0}",,
burst-Arecibo-Observatory-01-31-2022-152400-152600-typeIII.npy,usable,,"{""known_burst_margin"": 10, ""base_threshold_sigma"": 12.0, ""suppression_ramp"": 2.0, ""burst_sigma"": 2.0, ""vrfi_coverage_threshold"": 0.1, ""vrfi_sigma"": 3.0}",2026-08-12T19:39:21+00:00,"{""start_s"": 69.0, ""end_s"": 229.0}",,
burst-Arecibo-Observatory-01-31-2022-150700-150700-typeIII.npy,discard,,,2026-08-11T01:43:35+00:00,,,
burst-Arecibo-Observatory-01-31-2022-132600-132600-typeIII.npy,usable,,"{""known_burst_margin"": 10, ""base_threshold_sigma"": 12.0, ""suppression_ramp"": 2.0, ""burst_sigma"": 2.0, ""vrfi_coverage_threshold"": 0.1, ""vrfi_sigma"": 3.0}",2026-08-11T01:43:51+00:00,"{""start_s"": 80.0, ""end_s"": 105.0}",,
burst-Arecibo-Observatory-01-31-2022-133600-133600-typeIII.npy,usable,,"{""known_burst_margin"": 10, ""base_threshold_sigma"": 12.0, ""suppression_ramp"": 2.0, ""burst_sigma"": 2.0, ""vrfi_coverage_threshold"": 0.1, ""vrfi_sigma"": 3.0}",2026-08-11T01:44:07+00:00,"{""start_s"": 70.0, ""end_s"": 90.0}",,
burst-Arecibo-Observatory-02-01-2022-135600-135600-typeIII.npy,discard,,,2026-08-11T01:44:26+00:00,,,
burst-Arecibo-Observatory-02-01-2022-141900-141900-typeIII.npy,usable,,"{""known_burst_margin"": 10, ""base_threshold_sigma"": 12.0, ""suppression_ramp"": 2.0, ""burst_sigma"": 2.0, ""vrfi_coverage_threshold"": 0.1, ""vrfi_sigma"": 3.0}",2026-08-11T01:44:41+00:00,"{""start_s"": 80.0, ""end_s"": 110.0}",,
burst-Arecibo-Observatory-02-01-2022-160700-161000-typeIII.npy,usable,,,2026-08-11T01:44:51+00:00,,,
burst-Arecibo-Observatory-02-01-2022-163000-163100-typeIII.npy,usable,,,2026-08-11T01:44:57+00:00,,,
burst-Arecibo-Observatory-02-01-2022-174000-174100-typeIII.npy,usable,,"{""known_burst_margin"": 10, ""base_threshold_sigma"": 12.0, ""suppression_ramp"": 2.0, ""burst_sigma"": 2.0, ""vrfi_coverage_threshold"": 0.1, ""vrfi_sigma"": 3.0}",2026-08-11T01:45:14+00:00,"{""start_s"": 80.0, ""end_s"": 150.0}",,
burst-Arecibo-Observatory-02-01-2022-125800-130100-typeIII.npy,discard,,,2026-08-11T01:45:21+00:00,,,
burst-Arecibo-Observatory-02-01-2022-204200-204600-typeIII.npy,usable,,"{""known_burst_margin"": 10, ""base_threshold_sigma"": 12.0, ""suppression_ramp"": 2.0, ""burst_sigma"": 2.0, ""vrfi_coverage_threshold"": 0.1, ""vrfi_sigma"": 3.0}",2026-08-11T01:45:38+00:00,"{""start_s"": 100.0, ""end_s"": 350.0}",,
burst-Arecibo-Observatory-02-01-2022-173300-173300-typeIII.npy,discard,,,2026-08-11T01:45:43+00:00,,,
burst-Arecibo-Observatory-02-01-2022-170700-170700-typeIII.npy,discard,,,2026-08-11T01:45:47+00:00,,,
burst-Arecibo-Observatory-02-02-2022-140100-140200-typeIII.npy,usable,,"{""known_burst_margin"": 10, ""base_threshold_sigma"": 12.0, ""suppression_ramp"": 2.0, ""burst_sigma"": 2.0, ""vrfi_coverage_threshold"": 0.1, ""vrfi_sigma"": 3.0}",2026-08-11T01:46:05+00:00,"{""start_s"": 100.0, ""end_s"": 155.0}",,
burst-Arecibo-Observatory-02-02-2022-174200-174300-typeIII.npy,usable,,"{""known_burst_margin"": 10, ""base_threshold_sigma"": 12.0, ""suppression_ramp"": 2.0, ""burst_sigma"": 2.0, ""vrfi_coverage_threshold"": 0.1, ""vrfi_sigma"": 3.0}",2026-08-11T01:46:20+00:00,"{""start_s"": 100.0, ""end_s"": 120.0}",,
burst-Arecibo-Observatory-02-02-2022-172200-172600-typeIII.npy,discard,,,2026-08-11T01:46:27+00:00,,,
burst-Arecibo-Observatory-02-02-2022-152100-152100-typeIII.npy,usable,,"{""known_burst_margin"": 10, ""base_threshold_sigma"": 12.0, ""suppression_ramp"": 2.0, ""burst_sigma"": 2.0, ""vrfi_coverage_threshold"": 0.1, ""vrfi_sigma"": 3.0}",2026-08-12T19:39:30+00:00,"{""start_s"": 68.0, ""end_s"": 94.0}",,
burst-Arecibo-Observatory-02-02-2022-151400-151400-typeIII.npy,discard,,,2026-08-11T01:46:46+00:00,,,
burst-Arecibo-Observatory-02-03-2022-204100-204200-typeV.npy,usable,,"{""known_burst_margin"": 10, ""base_threshold_sigma"": 12.0, ""suppression_ramp"": 2.0, ""burst_sigma"": 2.0, ""vrfi_coverage_threshold"": 0.1, ""vrfi_sigma"": 3.0}",2026-08-11T01:47:00+00:00,"{""start_s"": 100.0, ""end_s"": 160.0}",,
burst-Arecibo-Observatory-02-03-2022-181200-181400-typeIII.npy,discard,,,2026-08-11T01:47:07+00:00,,,
burst-Arecibo-Observatory-02-03-2022-180500-180500-typeIII.npy,discard,,,2026-08-11T01:47:12+00:00,,,
burst-Arecibo-Observatory-02-03-2022-172000-172600-typeIII.npy,discard,,,2026-08-11T01:47:17+00:00,,,
burst-Arecibo-Observatory-02-04-2022-192900-193000-typeIII.npy,discard,,,2026-08-11T01:47:23+00:00,,,
burst-Arecibo-Observatory-02-04-2022-180000-180000-typeIII.npy,usable,,"{""known_burst_margin"": 10, ""base_threshold_sigma"": 12.0, ""suppression_ramp"": 2.0, ""burst_sigma"": 2.0, ""vrfi_coverage_threshold"": 0.1, ""vrfi_sigma"": 3.0}",2026-08-11T01:47:43+00:00,"{""start_s"": 105.0, ""end_s"": 118.0}",,
burst-Arecibo-Observatory-02-04-2022-175500-175600-typeIII.npy,usable,,"{""known_burst_margin"": 10, ""base_threshold_sigma"": 12.0, ""suppression_ramp"": 2.0, ""burst_sigma"": 2.0, ""vrfi_coverage_threshold"": 0.1, ""vrfi_sigma"": 3.0}",2026-08-11T01:47:59+00:00,"{""start_s"": 95.0, ""end_s"": 140.0}",,
burst-Arecibo-Observatory-02-04-2022-130100-130100-typeIII.npy,usable,,"{""known_burst_margin"": 10, ""base_threshold_sigma"": 12.0, ""suppression_ramp"": 2.0, ""burst_sigma"": 2.0, ""vrfi_coverage_threshold"": 0.1, ""vrfi_sigma"": 3.0}",2026-08-11T01:48:14+00:00,"{""start_s"": 80.0, ""end_s"": 105.0}",,
burst-Arecibo-Observatory-02-04-2022-144300-144300-typeIII.npy,usable,,"{""known_burst_margin"": 10, ""base_threshold_sigma"": 12.0, ""suppression_ramp"": 2.0, ""burst_sigma"": 2.0, ""vrfi_coverage_threshold"": 0.1, ""vrfi_sigma"": 3.0}",2026-08-12T19:39:41+00:00,"{""start_s"": 66.0, ""end_s"": 91.0}",,
burst-Arecibo-Observatory-02-05-2022-153700-153700-typeIII.npy,discard,,,2026-08-11T01:48:39+00:00,,,
burst-Arecibo-Observatory-02-05-2022-163100-163100-typeIII.npy,usable,,"{""known_burst_margin"": 10, ""base_threshold_sigma"": 12.0, ""suppression_ramp"": 2.0, ""burst_sigma"": 2.0, ""vrfi_coverage_threshold"": 0.1, ""vrfi_sigma"": 3.0}",2026-08-11T01:48:55+00:00,"{""start_s"": 70.0, ""end_s"": 100.0}",,
burst-Arecibo-Observatory-02-05-2022-174200-174300-typeIII.npy,usable,,"{""known_burst_margin"": 10, ""base_threshold_sigma"": 12.0, ""suppression_ramp"": 2.0, ""burst_sigma"": 2.0, ""vrfi_coverage_threshold"": 0.1, ""vrfi_sigma"": 3.0}",2026-08-11T01:49:10+00:00,"{""start_s"": 100.0, ""end_s"": 140.0}",,
burst-Arecibo-Observatory-02-05-2022-175500-175800-typeIII.npy,usable,,,2026-08-11T01:49:17+00:00,,,
burst-Arecibo-Observatory-02-05-2022-182300-182500-typeIII.npy,usable,,"{""known_burst_margin"": 10, ""base_threshold_sigma"": 12.0, ""suppression_ramp"": 2.0, ""burst_sigma"": 2.0, ""vrfi_coverage_threshold"": 0.1, ""vrfi_sigma"": 3.0}",2026-08-11T01:49:38+00:00,"{""start_s"": 110.0, ""end_s"": 200.0}",,
burst-Arecibo-Observatory-02-05-2022-131600-131800-typeIII.npy,discard,,,2026-08-11T01:49:44+00:00,,,
burst-Arecibo-Observatory-02-05-2022-184300-184300-typeIII.npy,usable,,"{""known_burst_margin"": 10, ""base_threshold_sigma"": 12.0, ""suppression_ramp"": 2.0, ""burst_sigma"": 2.0, ""vrfi_coverage_threshold"": 0.1, ""vrfi_sigma"": 3.0}",2026-08-11T01:50:01+00:00,"{""start_s"": 70.0, ""end_s"": 110.0}",,
burst-Arecibo-Observatory-02-05-2022-191800-192000-typeIII.npy,usable,,,2026-08-11T01:50:09+00:00,,,
burst-Arecibo-Observatory-02-05-2022-194100-194100-typeIII.npy,usable,,"{""known_burst_margin"": 10, ""base_threshold_sigma"": 12.0, ""suppression_ramp"": 2.0, ""burst_sigma"": 2.0, ""vrfi_coverage_threshold"": 0.1, ""vrfi_sigma"": 3.0}",2026-08-11T01:50:25+00:00,"{""start_s"": 80.0, ""end_s"": 100.001}",,
burst-Arecibo-Observatory-02-05-2022-194400-194500-typeIII.npy,usable,,"{""known_burst_margin"": 10, ""base_threshold_sigma"": 12.0, ""suppression_ramp"": 2.0, ""burst_sigma"": 2.0, ""vrfi_coverage_threshold"": 0.1, ""vrfi_sigma"": 3.0}",2026-08-11T01:50:41+00:00,"{""start_s"": 100.0, ""end_s"": 130.0}",,
burst-Arecibo-Observatory-02-05-2022-195600-195600-typeIII.npy,usable,,"{""known_burst_margin"": 10, ""base_threshold_sigma"": 12.0, ""suppression_ramp"": 2.0, ""burst_sigma"": 2.0, ""vrfi_coverage_threshold"": 0.1, ""vrfi_sigma"": 3.0}",2026-08-12T19:39:53+00:00,"{""start_s"": 63.0, ""end_s"": 79.0}",,
burst-Arecibo-Observatory-02-05-2022-202800-202800-typeIII.npy,usable,,"{""known_burst_margin"": 10, ""base_threshold_sigma"": 12.0, ""suppression_ramp"": 2.0, ""burst_sigma"": 2.0, ""vrfi_coverage_threshold"": 0.1, ""vrfi_sigma"": 3.0}",2026-08-11T01:51:13+00:00,"{""start_s"": 80.0, ""end_s"": 100.0}",,
burst-Arecibo-Observatory-02-05-2022-183200-183400-typeIII.npy,usable,,"{""known_burst_margin"": 10, ""base_threshold_sigma"": 12.0, ""suppression_ramp"": 2.0, ""burst_sigma"": 2.0, ""vrfi_coverage_threshold"": 0.1, ""vrfi_sigma"": 3.0}",2026-08-11T01:51:30+00:00,"{""start_s"": 100.0, ""end_s"": 200.0}",,
burst-Arecibo-Observatory-02-05-2022-120400-120400-typeIII.npy,discard,,,2026-08-11T01:51:36+00:00,,,
burst-Arecibo-Observatory-02-06-2022-154700-154800-typeIII.npy,usable,,,2026-08-11T01:51:44+00:00,,,
burst-Arecibo-Observatory-02-06-2022-193600-193600-typeIII.npy,usable,,"{""known_burst_margin"": 10, ""base_threshold_sigma"": 12.0, ""suppression_ramp"": 2.0, ""burst_sigma"": 2.0, ""vrfi_coverage_threshold"": 0.1, ""vrfi_sigma"": 3.0}",2026-08-11T01:51:58+00:00,"{""start_s"": 95.0, ""end_s"": 119.0}",,
burst-Arecibo-Observatory-02-06-2022-163500-163600-typeIII.npy,usable,,"{""known_burst_margin"": 10, ""base_threshold_sigma"": 12.0, ""suppression_ramp"": 2.0, ""burst_sigma"": 2.0, ""vrfi_coverage_threshold"": 0.1, ""vrfi_sigma"": 3.0}",2026-08-11T01:52:10+00:00,"{""start_s"": 80.0, ""end_s"": 120.0}",,
burst-Arecibo-Observatory-02-07-2022-162400-170000-typeIII.npy,discard,,,2026-08-11T01:52:19+00:00,,,
burst-Arecibo-Observatory-02-08-2022-163200-163500-typeIII.npy,usable,,,2026-08-11T01:52:25+00:00,,,
burst-Arecibo-Observatory-02-08-2022-133500-133500-typeIII.npy,discard,,,2026-08-11T01:52:31+00:00,,,
burst-Arecibo-Observatory-02-09-2022-184900-185000-typeIII.npy,usable,,"{""known_burst_margin"": 10, ""base_threshold_sigma"": 12.0, ""suppression_ramp"": 2.0, ""burst_sigma"": 2.0, ""vrfi_coverage_threshold"": 0.1, ""vrfi_sigma"": 3.0}",2026-08-11T01:52:47+00:00,"{""start_s"": 100.0, ""end_s"": 150.0}",,
burst-Arecibo-Observatory-02-09-2022-192500-192500-typeIII.npy,usable,,"{""known_burst_margin"": 30, ""base_threshold_sigma"": 12.0, ""suppression_ramp"": 3.0, ""burst_sigma"": 2.0, ""vrfi_coverage_threshold"": 0.1, ""vrfi_sigma"": 3.0}",2026-08-12T01:51:16+00:00,"{""start_s"": 70.0, ""end_s"": 85.0}",,
burst-Arecibo-Observatory-02-09-2022-181300-181300-typeIII.npy,discard,,,2026-08-11T01:53:10+00:00,,,
burst-Arecibo-Observatory-02-09-2022-172300-172300-typeIII.npy,usable,,"{""known_burst_margin"": 10, ""base_threshold_sigma"": 12.0, ""suppression_ramp"": 2.0, ""burst_sigma"": 2.0, ""vrfi_coverage_threshold"": 0.1, ""vrfi_sigma"": 3.0}",2026-08-11T01:53:25+00:00,"{""start_s"": 75.0, ""end_s"": 100.0}",,
burst-Arecibo-Observatory-02-09-2022-142300-142300-typeIII.npy,discard,,,2026-08-11T01:53:31+00:00,,,
burst-Arecibo-Observatory-02-09-2022-164200-164200-typeIII.npy,discard,,,2026-08-11T01:53:36+00:00,,,
burst-Arecibo-Observatory-02-10-2022-162600-162700-typeIII.npy,usable,,"{""known_burst_margin"": 10, ""base_threshold_sigma"": 12.0, ""suppression_ramp"": 2.0, ""burst_sigma"": 2.0, ""vrfi_coverage_threshold"": 0.1, ""vrfi_sigma"": 3.0}",2026-08-11T01:53:55+00:00,"{""start_s"": 90.0, ""end_s"": 125.001}",,
burst-Arecibo-Observatory-02-10-2022-193200-193200-typeIII.npy,discard,,,2026-08-11T01:54:00+00:00,,,
burst-Arecibo-Observatory-02-10-2022-173700-173700-typeIII.npy,discard,,,2026-08-11T01:54:06+00:00,,,
burst-Arecibo-Observatory-02-10-2022-201300-201500-typeIII.npy,discard,,,2026-08-11T01:54:12+00:00,,,
burst-Arecibo-Observatory-02-11-2022-150900-151000-typeIII.npy,usable,,"{""known_burst_margin"": 10, ""base_threshold_sigma"": 12.0, ""suppression_ramp"": 2.0, ""burst_sigma"": 2.0, ""vrfi_coverage_threshold"": 0.1, ""vrfi_sigma"": 3.0}",2026-08-11T01:54:25+00:00,"{""start_s"": 100.0, ""end_s"": 120.0}",,
burst-Arecibo-Observatory-02-11-2022-133200-133200-typeIII.npy,usable,,"{""known_burst_margin"": 10, ""base_threshold_sigma"": 12.0, ""suppression_ramp"": 2.0, ""burst_sigma"": 2.0, ""vrfi_coverage_threshold"": 0.1, ""vrfi_sigma"": 3.0}",2026-08-11T01:54:40+00:00,"{""start_s"": 100.0, ""end_s"": 119.0}",,
burst-Arecibo-Observatory-02-11-2022-194100-194100-typeIII.npy,discard,,,2026-08-11T01:54:46+00:00,,,
burst-Arecibo-Observatory-02-12-2022-172200-172700-typeIII.npy,usable,,"{""known_burst_margin"": 10, ""base_threshold_sigma"": 12.0, ""suppression_ramp"": 2.0, ""burst_sigma"": 2.0, ""vrfi_coverage_threshold"": 0.1, ""vrfi_sigma"": 3.0}",2026-08-12T19:40:08+00:00,"{""start_s"": 65.0, ""end_s"": 140.0}",,
burst-Arecibo-Observatory-02-12-2022-190200-190400-typeIII.npy,usable,,,2026-08-11T01:55:12+00:00,,,
burst-Arecibo-Observatory-02-12-2022-183600-183600-typeIII.npy,discard,,,2026-08-11T01:55:29+00:00,,,
burst-Arecibo-Observatory-02-12-2022-170600-170600-typeIII.npy,discard,,,2026-08-11T01:55:34+00:00,,,
burst-Arecibo-Observatory-02-12-2022-141300-141400-typeIII.npy,discard,,,2026-08-11T01:55:40+00:00,,,
burst-Arecibo-Observatory-02-12-2022-154700-154800-typeIII.npy,usable,,,2026-08-11T01:55:48+00:00,,,
burst-Arecibo-Observatory-02-12-2022-163100-163200-typeIII.npy,usable,,"{""known_burst_margin"": 10, ""base_threshold_sigma"": 12.0, ""suppression_ramp"": 2.0, ""burst_sigma"": 2.0, ""vrfi_coverage_threshold"": 0.1, ""vrfi_sigma"": 3.0}",2026-08-11T01:56:05+00:00,"{""start_s"": 100.0, ""end_s"": 160.0}",,
burst-Arecibo-Observatory-02-13-2022-192600-192700-typeIII.npy,discard,,,2026-08-11T01:56:23+00:00,,,
burst-Arecibo-Observatory-02-13-2022-174700-174800-typeIII.npy,usable,,,2026-08-11T01:56:29+00:00,,,
burst-Arecibo-Observatory-02-13-2022-160800-161200-typeIII.npy,usable,,"{""known_burst_margin"": 10, ""base_threshold_sigma"": 12.0, ""suppression_ramp"": 2.0, ""burst_sigma"": 2.0, ""vrfi_coverage_threshold"": 0.1, ""vrfi_sigma"": 3.0}",2026-08-11T01:56:51+00:00,"{""start_s"": 150.0, ""end_s"": 350.0}",,
burst-Arecibo-Observatory-02-13-2022-152500-152700-typeIII.npy,usable,,,2026-08-11T01:56:58+00:00,,,
burst-Arecibo-Observatory-02-13-2022-134500-134600-typeIII.npy,usable,,"{""known_burst_margin"": 30, ""base_threshold_sigma"": 12.06, ""suppression_ramp"": 2.21, ""burst_sigma"": 2.6, ""vrfi_coverage_threshold"": 0.1, ""vrfi_sigma"": 3.0}",2026-08-12T01:52:31+00:00,"{""start_s"": 90.0, ""end_s"": 179.0}",,
burst-Arecibo-Observatory-02-14-2022-122100-122100-typeIII.npy,discard,,,2026-08-11T01:57:25+00:00,,,
burst-Arecibo-Observatory-02-15-2022-143700-144200-typeIII.npy,discard,,,2026-08-11T01:57:32+00:00,,,
burst-Arecibo-Observatory-02-15-2022-150600-151200-typeIII.npy,usable,,,2026-08-11T01:57:40+00:00,,,
burst-Arecibo-Observatory-02-16-2022-142500-142700-typeIII.npy,discard,,,2026-08-11T01:57:47+00:00,,,
burst-Arecibo-Observatory-02-16-2022-153200-153400-typeIII.npy,usable,,"{""known_burst_margin"": 10, ""base_threshold_sigma"": 12.0, ""suppression_ramp"": 2.0, ""burst_sigma"": 2.0, ""vrfi_coverage_threshold"": 0.1, ""vrfi_sigma"": 3.0}",2026-08-11T01:58:12+00:00,"{""start_s"": 180.0, ""end_s"": 239.0}",,
burst-Arecibo-Observatory-02-16-2022-153400-153500-typeV.npy,usable,,,2026-08-11T01:58:19+00:00,,,
burst-Arecibo-Observatory-02-18-2022-191100-191200-typeIII.npy,discard,,,2026-08-11T01:58:26+00:00,,,
burst-Arecibo-Observatory-02-18-2022-191700-192200-typeII.npy,usable,,,2026-08-12T19:40:22+00:00,"{""start_s"": 71.0, ""end_s"": 167.0}",,
burst-Arecibo-Observatory-02-28-2022-122900-123000-typeIII.npy,usable,,"{""known_burst_margin"": 10, ""base_threshold_sigma"": 12.0, ""suppression_ramp"": 2.0, ""burst_sigma"": 2.0, ""vrfi_coverage_threshold"": 0.1, ""vrfi_sigma"": 3.0}",2026-08-11T01:59:03+00:00,"{""start_s"": 85.0, ""end_s"": 140.0}",,
burst-Arecibo-Observatory-02-28-2022-135600-135600-typeIII.npy,usable,,"{""known_burst_margin"": 10, ""base_threshold_sigma"": 12.0, ""suppression_ramp"": 2.0, ""burst_sigma"": 2.0, ""vrfi_coverage_threshold"": 0.1, ""vrfi_sigma"": 3.0}",2026-08-11T01:59:17+00:00,"{""start_s"": 80.0, ""end_s"": 100.0}",,
burst-Arecibo-Observatory-03-01-2022-170100-170300-typeIII.npy,discard,,,2026-08-11T01:59:24+00:00,,,
burst-Arecibo-Observatory-03-02-2022-183500-183500-typeIII.npy,usable,,"{""known_burst_margin"": 10, ""base_threshold_sigma"": 12.0, ""suppression_ramp"": 2.0, ""burst_sigma"": 2.0, ""vrfi_coverage_threshold"": 0.1, ""vrfi_sigma"": 3.0}",2026-08-11T01:59:41+00:00,"{""start_s"": 110.0, ""end_s"": 119.0}",,
burst-Arecibo-Observatory-03-02-2022-173900-175600-typeII.npy,usable,,,2026-08-12T19:40:37+00:00,"{""start_s"": 82.0, ""end_s"": 1136.0}",,
burst-Arecibo-Observatory-03-02-2022-155200-155800-typeIII.npy,usable,,"{""known_burst_margin"": 10, ""base_threshold_sigma"": 12.0, ""suppression_ramp"": 2.0, ""burst_sigma"": 2.0, ""vrfi_coverage_threshold"": 0.1, ""vrfi_sigma"": 3.0}",2026-08-12T19:40:50+00:00,"{""start_s"": 84.0, ""end_s"": 106.0}",,
burst-Arecibo-Observatory-03-02-2022-122300-122300-typeIII.npy,discard,,,2026-08-11T02:00:48+00:00,,,
burst-Arecibo-Observatory-03-03-2022-124800-124900-typeIII.npy,usable,,"{""known_burst_margin"": 10, ""base_threshold_sigma"": 12.0, ""suppression_ramp"": 2.0, ""burst_sigma"": 2.0, ""vrfi_coverage_threshold"": 0.1, ""vrfi_sigma"": 3.0}",2026-08-11T02:01:06+00:00,"{""start_s"": 80.0, ""end_s"": 130.0}",,
burst-Arecibo-Observatory-03-03-2022-161600-161700-typeIII.npy,usable,,,2026-08-11T02:01:13+00:00,,,
burst-Arecibo-Observatory-03-04-2022-120500-120800-typeIII.npy,usable,,"{""known_burst_margin"": 30, ""base_threshold_sigma"": 12.0, ""suppression_ramp"": 3.0, ""burst_sigma"": 2.0, ""vrfi_coverage_threshold"": 0.1, ""vrfi_sigma"": 3.0}",2026-08-12T02:21:56+00:00,"{""start_s"": 100.0, ""end_s"": 150.0}",,
burst-Arecibo-Observatory-03-04-2022-180600-180700-typeIII.npy,usable,,,2026-08-11T02:01:40+00:00,,,
burst-Arecibo-Observatory-03-05-2022-171900-171900-typeIII.npy,usable,,"{""known_burst_margin"": 10, ""base_threshold_sigma"": 12.0, ""suppression_ramp"": 2.0, ""burst_sigma"": 2.0, ""vrfi_coverage_threshold"": 0.1, ""vrfi_sigma"": 3.0}",2026-08-11T02:04:36+00:00,"{""start_s"": 70.0, ""end_s"": 110.0}",,
burst-Arecibo-Observatory-03-05-2022-172900-172900-typeIII.npy,usable,,"{""known_burst_margin"": 10, ""base_threshold_sigma"": 12.0, ""suppression_ramp"": 2.0, ""burst_sigma"": 2.0, ""vrfi_coverage_threshold"": 0.1, ""vrfi_sigma"": 3.0}",2026-08-11T02:04:52+00:00,"{""start_s"": 100.0, ""end_s"": 119.0}",,
burst-Arecibo-Observatory-03-05-2022-154600-154700-typeIII.npy,discard,,,2026-08-11T02:04:58+00:00,,,
burst-Arecibo-Observatory-03-05-2022-133800-133800-typeIII.npy,discard,,,2026-08-11T02:05:05+00:00,,,
burst-Arecibo-Observatory-03-05-2022-162600-162600-typeIII.npy,discard,,,2026-08-11T02:05:30+00:00,,,
burst-Arecibo-Observatory-03-06-2022-165600-165800-typeIII.npy,usable,,"{""known_burst_margin"": 10, ""base_threshold_sigma"": 12.0, ""suppression_ramp"": 2.0, ""burst_sigma"": 2.0, ""vrfi_coverage_threshold"": 0.1, ""vrfi_sigma"": 3.0}",2026-08-11T02:06:01+00:00,"{""start_s"": 100.0, ""end_s"": 120.0}",,
burst-Arecibo-Observatory-03-06-2022-160700-161300-typeIII.npy,discard,,,2026-08-11T02:06:10+00:00,,,
burst-Arecibo-Observatory-03-06-2022-153800-154300-typeIII.npy,discard,,,2026-08-11T02:06:29+00:00,,,
burst-Arecibo-Observatory-03-06-2022-144800-151000-typeIII.npy,discard,,,2026-08-11T02:06:57+00:00,,,
burst-Arecibo-Observatory-03-06-2022-141800-142200-typeIII.npy,usable,,"{""known_burst_margin"": 30, ""base_threshold_sigma"": 12.0, ""suppression_ramp"": 3.0, ""burst_sigma"": 2.0, ""vrfi_coverage_threshold"": 0.1, ""vrfi_sigma"": 3.0}",2026-08-12T02:22:02+00:00,"{""start_s"": 220.0, ""end_s"": 300.0}",,
burst-Arecibo-Observatory-03-06-2022-133900-134000-typeIII.npy,usable,,"{""known_burst_margin"": 10, ""base_threshold_sigma"": 12.0, ""suppression_ramp"": 2.0, ""burst_sigma"": 2.0, ""vrfi_coverage_threshold"": 0.1, ""vrfi_sigma"": 3.0}",2026-08-11T02:07:39+00:00,"{""start_s"": 105.0, ""end_s"": 165.0}",,
burst-Arecibo-Observatory-03-06-2022-125600-125700-typeIII.npy,discard,,,2026-08-11T02:07:47+00:00,,,
burst-Arecibo-Observatory-03-07-2022-173100-173500-typeIII.npy,usable,,"{""known_burst_margin"": 10, ""base_threshold_sigma"": 12.0, ""suppression_ramp"": 2.0, ""burst_sigma"": 2.0, ""vrfi_coverage_threshold"": 0.1, ""vrfi_sigma"": 3.0}",2026-08-11T02:09:16+00:00,"{""start_s"": 55.0, ""end_s"": 170.0}",,
burst-Arecibo-Observatory-03-07-2022-182700-182700-typeIII.npy,usable,,"{""known_burst_margin"": 10, ""base_threshold_sigma"": 12.0, ""suppression_ramp"": 2.0, ""burst_sigma"": 2.0, ""vrfi_coverage_threshold"": 0.1, ""vrfi_sigma"": 3.0}",2026-08-11T02:09:34+00:00,"{""start_s"": 70.0, ""end_s"": 90.0}",,
burst-Arecibo-Observatory-03-07-2022-180300-180500-typeIII.npy,usable,,"{""known_burst_margin"": 10, ""base_threshold_sigma"": 12.0, ""suppression_ramp"": 2.0, ""burst_sigma"": 2.0, ""vrfi_coverage_threshold"": 0.1, ""vrfi_sigma"": 3.0}",2026-08-11T02:11:12+00:00,"{""start_s"": 220.0, ""end_s"": 239.0}",,
burst-Arecibo-Observatory-03-07-2022-145000-145000-typeIII.npy,discard,,,2026-08-11T02:11:19+00:00,,,
burst-Arecibo-Observatory-03-07-2022-150000-150200-typeIII.npy,usable,,,2026-08-11T02:11:30+00:00,,,
burst-Arecibo-Observatory-03-07-2022-133600-133600-typeIII.npy,usable,,"{""known_burst_margin"": 10, ""base_threshold_sigma"": 12.0, ""suppression_ramp"": 2.0, ""burst_sigma"": 2.0, ""vrfi_coverage_threshold"": 0.1, ""vrfi_sigma"": 3.0}",2026-08-11T02:11:50+00:00,"{""start_s"": 85.0, ""end_s"": 100.0}",,
burst-Arecibo-Observatory-03-08-2022-210400-210500-typeIII.npy,discard,,,2026-08-11T02:11:57+00:00,,,
burst-Arecibo-Observatory-03-08-2022-191800-191900-typeIII.npy,usable,,"{""known_burst_margin"": 10, ""base_threshold_sigma"": 12.0, ""suppression_ramp"": 2.0, ""burst_sigma"": 2.0, ""vrfi_coverage_threshold"": 0.1, ""vrfi_sigma"": 3.0}",2026-08-11T02:12:17+00:00,"{""start_s"": 110.0, ""end_s"": 120.0}",,
burst-Arecibo-Observatory-03-08-2022-190300-190300-typeIII.npy,usable,,"{""known_burst_margin"": 10, ""base_threshold_sigma"": 12.0, ""suppression_ramp"": 2.0, ""burst_sigma"": 2.0, ""vrfi_coverage_threshold"": 0.1, ""vrfi_sigma"": 3.0}",2026-08-12T19:41:02+00:00,"{""start_s"": 64.0, ""end_s"": 95.0}",,
burst-Arecibo-Observatory-03-08-2022-185600-185900-typeIII.npy,discard,,,2026-08-11T02:12:39+00:00,,,
burst-Arecibo-Observatory-03-08-2022-160300-160700-typeIII.npy,discard,,,2026-08-11T02:12:47+00:00,,,
burst-Arecibo-Observatory-03-08-2022-150100-150900-typeIII.npy,discard,,,2026-08-11T02:13:21+00:00,,,
burst-Arecibo-Observatory-03-08-2022-135500-135500-typeIII.npy,discard,,,2026-08-11T02:14:42+00:00,,,
burst-Arecibo-Observatory-03-09-2022-174900-175000-typeIII.npy,usable,,,2026-08-11T02:14:50+00:00,,,
burst-Arecibo-Observatory-03-09-2022-190000-190000-typeIII.npy,usable,,"{""known_burst_margin"": 10, ""base_threshold_sigma"": 12.0, ""suppression_ramp"": 2.0, ""burst_sigma"": 2.0, ""vrfi_coverage_threshold"": 0.1, ""vrfi_sigma"": 3.0}",2026-08-11T02:15:10+00:00,"{""start_s"": 70.0, ""end_s"": 90.0}",,
burst-Arecibo-Observatory-03-09-2022-182400-182500-typeIII.npy,usable,,"{""known_burst_margin"": 30, ""base_threshold_sigma"": 12.0, ""suppression_ramp"": 3.0, ""burst_sigma"": 2.0, ""vrfi_coverage_threshold"": 0.1, ""vrfi_sigma"": 3.0}",2026-08-12T02:22:10+00:00,"{""start_s"": 100.0, ""end_s"": 150.0}",,
burst-Arecibo-Observatory-03-11-2022-125100-125300-typeIII.npy,usable,,,2026-08-11T02:15:46+00:00,,,
burst-Arecibo-Observatory-03-12-2022-132500-132600-typeIII.npy,discard,,,2026-08-11T02:15:54+00:00,,,
burst-Arecibo-Observatory-03-12-2022-174500-174700-typeIII.npy,usable,,"{""known_burst_margin"": 10, ""base_threshold_sigma"": 12.0, ""suppression_ramp"": 2.0, ""burst_sigma"": 2.0, ""vrfi_coverage_threshold"": 0.1, ""vrfi_sigma"": 3.0}",2026-08-11T02:16:15+00:00,"{""start_s"": 100.0, ""end_s"": 150.0}",,
burst-Arecibo-Observatory-03-12-2022-182400-182500-typeIII.npy,discard,,,2026-08-11T02:16:23+00:00,,,
burst-Arecibo-Observatory-03-12-2022-165100-165100-typeIII.npy,discard,,,2026-08-11T02:16:29+00:00,,,
burst-Arecibo-Observatory-03-12-2022-155400-155500-typeIII.npy,discard,,,2026-08-11T02:16:45+00:00,,,
burst-Arecibo-Observatory-03-12-2022-140700-141100-typeIII.npy,usable,,,2026-08-11T02:16:55+00:00,,,
burst-Arecibo-Observatory-03-12-2022-131600-131700-typeIII.npy,discard,,,2026-08-11T02:17:03+00:00,,,
burst-Arecibo-Observatory-03-13-2022-193700-193700-typeIII.npy,usable,,"{""known_burst_margin"": 10, ""base_threshold_sigma"": 12.0, ""suppression_ramp"": 2.0, ""burst_sigma"": 2.0, ""vrfi_coverage_threshold"": 0.1, ""vrfi_sigma"": 3.0}",2026-08-11T02:17:23+00:00,"{""start_s"": 70.0, ""end_s"": 90.0}",,
burst-Arecibo-Observatory-03-13-2022-184300-184400-typeIII.npy,usable,,"{""known_burst_margin"": 10, ""base_threshold_sigma"": 12.0, ""suppression_ramp"": 2.0, ""burst_sigma"": 2.0, ""vrfi_coverage_threshold"": 0.1, ""vrfi_sigma"": 3.0}",2026-08-11T02:17:40+00:00,"{""start_s"": 120.0, ""end_s"": 150.0}",,
burst-Arecibo-Observatory-03-13-2022-161700-161800-typeIII.npy,usable,,"{""known_burst_margin"": 10, ""base_threshold_sigma"": 12.0, ""suppression_ramp"": 2.0, ""burst_sigma"": 2.0, ""vrfi_coverage_threshold"": 0.1, ""vrfi_sigma"": 3.0}",2026-08-11T02:19:29+00:00,"{""start_s"": 80.0, ""end_s"": 120.0}",,
burst-Arecibo-Observatory-03-13-2022-142600-142600-typeIII.npy,usable,,"{""known_burst_margin"": 10, ""base_threshold_sigma"": 12.0, ""suppression_ramp"": 2.0, ""burst_sigma"": 2.0, ""vrfi_coverage_threshold"": 0.1, ""vrfi_sigma"": 3.0}",2026-08-11T02:20:53+00:00,"{""start_s"": 70.0, ""end_s"": 110.0}",,
burst-Arecibo-Observatory-03-13-2022-125100-125100-typeIII.npy,usable,,"{""known_burst_margin"": 10, ""base_threshold_sigma"": 12.0, ""suppression_ramp"": 2.0, ""burst_sigma"": 2.0, ""vrfi_coverage_threshold"": 0.1, ""vrfi_sigma"": 3.0}",2026-08-11T02:21:16+00:00,"{""start_s"": 70.0, ""end_s"": 100.0}",,
burst-Arecibo-Observatory-03-13-2022-182200-182500-typeIII.npy,usable,,,2026-08-11T02:21:25+00:00,,,
burst-Arecibo-Observatory-03-14-2022-185300-185300-typeIII.npy,usable,,"{""known_burst_margin"": 10, ""base_threshold_sigma"": 12.0, ""suppression_ramp"": 2.0, ""burst_sigma"": 2.0, ""vrfi_coverage_threshold"": 0.1, ""vrfi_sigma"": 3.0}",2026-08-11T02:21:41+00:00,"{""start_s"": 80.0, ""end_s"": 100.0}",,
burst-Arecibo-Observatory-03-16-2022-184100-184100-typeIII.npy,discard,,,2026-08-11T02:25:59+00:00,,,
burst-Arecibo-Observatory-03-16-2022-153200-153200-typeIII.npy,usable,,"{""known_burst_margin"": 10, ""base_threshold_sigma"": 12.0, ""suppression_ramp"": 2.0, ""burst_sigma"": 2.0, ""vrfi_coverage_threshold"": 0.1, ""vrfi_sigma"": 3.0}",2026-08-12T19:41:15+00:00,"{""start_s"": 68.0, ""end_s"": 99.0}",,
burst-Arecibo-Observatory-03-16-2022-132600-132700-typeIII.npy,usable,,"{""known_burst_margin"": 10, ""base_threshold_sigma"": 12.0, ""suppression_ramp"": 2.0, ""burst_sigma"": 2.0, ""vrfi_coverage_threshold"": 0.1, ""vrfi_sigma"": 3.0}",2026-08-11T02:26:36+00:00,"{""start_s"": 105.0, ""end_s"": 125.0}",,
burst-Arecibo-Observatory-03-17-2022-150000-150000-typeIII.npy,usable,,"{""known_burst_margin"": 10, ""base_threshold_sigma"": 12.0, ""suppression_ramp"": 2.0, ""burst_sigma"": 2.0, ""vrfi_coverage_threshold"": 0.1, ""vrfi_sigma"": 3.0}",2026-08-11T02:26:56+00:00,"{""start_s"": 70.0, ""end_s"": 90.0}",,
burst-Arecibo-Observatory-03-17-2022-154800-154800-typeIII.npy,usable,,"{""known_burst_margin"": 10, ""base_threshold_sigma"": 12.0, ""suppression_ramp"": 2.0, ""burst_sigma"": 2.0, ""vrfi_coverage_threshold"": 0.1, ""vrfi_sigma"": 3.0}",2026-08-11T02:28:33+00:00,"{""start_s"": 80.0, ""end_s"": 100.0}",,
burst-Arecibo-Observatory-03-18-2022-130900-130900-typeIII.npy,discard,,,2026-08-11T02:28:40+00:00,,,
burst-Arecibo-Observatory-03-18-2022-183700-183700-typeIII.npy,usable,,"{""known_burst_margin"": 10, ""base_threshold_sigma"": 12.0, ""suppression_ramp"": 2.0, ""burst_sigma"": 2.0, ""vrfi_coverage_threshold"": 0.1, ""vrfi_sigma"": 3.0}",2026-08-11T02:28:56+00:00,"{""start_s"": 90.0, ""end_s"": 110.0}",,
burst-Arecibo-Observatory-03-18-2022-163200-163200-typeIII.npy,usable,,"{""known_burst_margin"": 10, ""base_threshold_sigma"": 12.0, ""suppression_ramp"": 2.0, ""burst_sigma"": 2.0, ""vrfi_coverage_threshold"": 0.1, ""vrfi_sigma"": 3.0}",2026-08-11T02:31:31+00:00,"{""start_s"": 90.0, ""end_s"": 110.0}",,
burst-Arecibo-Observatory-03-18-2022-121500-121500-typeIII.npy,usable,,"{""known_burst_margin"": 10, ""base_threshold_sigma"": 12.0, ""suppression_ramp"": 2.0, ""burst_sigma"": 2.0, ""vrfi_coverage_threshold"": 0.1, ""vrfi_sigma"": 3.0}",2026-08-11T02:31:47+00:00,"{""start_s"": 100.0, ""end_s"": 119.0}",,
burst-Arecibo-Observatory-03-19-2022-170900-171000-typeIII.npy,usable,,"{""known_burst_margin"": 10, ""base_threshold_sigma"": 12.0, ""suppression_ramp"": 2.0, ""burst_sigma"": 2.0, ""vrfi_coverage_threshold"": 0.1, ""vrfi_sigma"": 3.0}",2026-08-11T02:32:04+00:00,"{""start_s"": 105.0, ""end_s"": 120.0}",,
burst-Arecibo-Observatory-03-19-2022-165300-165300-typeIII.npy,usable,,"{""known_burst_margin"": 10, ""base_threshold_sigma"": 12.0, ""suppression_ramp"": 2.0, ""burst_sigma"": 2.0, ""vrfi_coverage_threshold"": 0.1, ""vrfi_sigma"": 3.0}",2026-08-12T19:41:28+00:00,"{""start_s"": 63.0, ""end_s"": 77.0}",,
burst-Arecibo-Observatory-03-19-2022-151400-151400-typeIII.npy,usable,,,2026-08-11T02:32:25+00:00,,,
burst-Arecibo-Observatory-03-19-2022-150400-150400-typeIII.npy,discard,,,2026-08-11T02:32:36+00:00,,,
burst-Arecibo-Observatory-03-21-2022-124100-124200-typeIII.npy,discard,,,2026-08-11T02:32:40+00:00,,,
burst-Arecibo-Observatory-03-26-2022-125800-125800-typeIII.npy,usable,,"{""known_burst_margin"": 10, ""base_threshold_sigma"": 12.0, ""suppression_ramp"": 2.0, ""burst_sigma"": 2.0, ""vrfi_coverage_threshold"": 0.1, ""vrfi_sigma"": 3.0}",2026-08-11T02:33:51+00:00,"{""start_s"": 80.0, ""end_s"": 100.0}",,
burst-Arecibo-Observatory-03-26-2022-155800-155800-typeIII.npy,usable,,"{""known_burst_margin"": 10, ""base_threshold_sigma"": 12.0, ""suppression_ramp"": 2.0, ""burst_sigma"": 2.0, ""vrfi_coverage_threshold"": 0.1, ""vrfi_sigma"": 3.0}",2026-08-11T02:34:10+00:00,"{""start_s"": 80.0, ""end_s"": 110.0}",,
burst-Arecibo-Observatory-03-26-2022-160100-160100-typeIII.npy,usable,,"{""known_burst_margin"": 10, ""base_threshold_sigma"": 12.0, ""suppression_ramp"": 2.0, ""burst_sigma"": 2.0, ""vrfi_coverage_threshold"": 0.1, ""vrfi_sigma"": 3.0}",2026-08-11T02:34:25+00:00,"{""start_s"": 80.0, ""end_s"": 110.0}",,
burst-Arecibo-Observatory-03-27-2022-192200-192300-typeIII.npy,discard,,,2026-08-11T02:34:34+00:00,,,
burst-Arecibo-Observatory-03-28-2022-124900-125000-typeIII.npy,usable,,"{""known_burst_margin"": 10, ""base_threshold_sigma"": 12.0, ""suppression_ramp"": 2.0, ""burst_sigma"": 2.0, ""vrfi_coverage_threshold"": 0.1, ""vrfi_sigma"": 3.0}",2026-08-11T02:34:51+00:00,"{""start_s"": 100.0, ""end_s"": 140.0}",,
burst-Arecibo-Observatory-03-28-2022-112300-113800-typeII.npy,usable,,,2026-08-12T02:22:18+00:00,,,
burst-Arecibo-Observatory-03-29-2022-115500-115500-typeIII.npy,discard,,,2026-08-11T02:35:10+00:00,,,
burst-Arecibo-Observatory-03-29-2022-124800-124800-typeIII.npy,discard,,,2026-08-11T02:35:18+00:00,,,
burst-Arecibo-Observatory-03-29-2022-185900-185900-typeIII.npy,usable,,"{""known_burst_margin"": 10, ""base_threshold_sigma"": 12.0, ""suppression_ramp"": 2.0, ""burst_sigma"": 2.0, ""vrfi_coverage_threshold"": 0.1, ""vrfi_sigma"": 3.0}",2026-08-11T02:35:35+00:00,"{""start_s"": 110.0, ""end_s"": 119.0}",,
burst-Arecibo-Observatory-03-29-2022-192500-192500-typeIII.npy,discard,,,2026-08-11T02:36:25+00:00,,,
burst-Arecibo-Observatory-03-29-2022-173500-173500-typeIII.npy,usable,,"{""known_burst_margin"": 10, ""base_threshold_sigma"": 12.0, ""suppression_ramp"": 2.0, ""burst_sigma"": 2.0, ""vrfi_coverage_threshold"": 0.1, ""vrfi_sigma"": 3.0}",2026-08-12T19:41:42+00:00,"{""start_s"": 62.0, ""end_s"": 109.0}",,
burst-Arecibo-Observatory-03-30-2022-143600-143600-typeIII.npy,usable,,"{""known_burst_margin"": 10, ""base_threshold_sigma"": 12.0, ""suppression_ramp"": 2.0, ""burst_sigma"": 2.0, ""vrfi_coverage_threshold"": 0.1, ""vrfi_sigma"": 3.0}",2026-08-11T02:37:12+00:00,"{""start_s"": 90.0, ""end_s"": 110.0}",,
burst-Arecibo-Observatory-03-30-2022-173100-175500-typeII.npy,usable,,,2026-08-12T02:22:26+00:00,,,
burst-Arecibo-Observatory-03-30-2022-140000-140100-typeIII.npy,usable,,"{""known_burst_margin"": 10, ""base_threshold_sigma"": 12.0, ""suppression_ramp"": 2.0, ""burst_sigma"": 2.0, ""vrfi_coverage_threshold"": 0.1, ""vrfi_sigma"": 3.0}",2026-08-11T02:37:45+00:00,"{""start_s"": 80.0, ""end_s"": 150.0}",,
burst-Arecibo-Observatory-03-30-2022-131500-131600-typeIII.npy,usable,,,2026-08-11T02:37:53+00:00,,,
burst-Arecibo-Observatory-03-31-2022-192900-193900-typeII.npy,usable,,,2026-08-12T02:22:34+00:00,,,
burst-Arecibo-Observatory-03-31-2022-183400-185500-typeII.npy,usable,,,2026-08-11T02:38:18+00:00,,,
burst-Arecibo-Observatory-03-31-2022-165400-165400-typeIII.npy,discard,,,2026-08-11T02:38:26+00:00,,,
burst-Arecibo-Observatory-03-31-2022-141700-141700-typeIII.npy,discard,,,2026-08-11T02:38:54+00:00,,,
burst-Arecibo-Observatory-04-01-2022-133500-134100-typeIII.npy,discard,,,2026-08-11T02:39:03+00:00,,,
burst-Arecibo-Observatory-04-01-2022-185100-185100-typeIII.npy,discard,,,2026-08-11T02:39:11+00:00,,,
burst-Arecibo-Observatory-04-01-2022-153700-154000-typeIII.npy,discard,,,2026-08-11T02:39:17+00:00,,,
burst-Arecibo-Observatory-04-01-2022-135200-135300-typeIII.npy,discard,,,2026-08-11T02:39:24+00:00,,,
burst-Arecibo-Observatory-04-01-2022-130200-130600-typeIII.npy,discard,,,2026-08-11T02:39:31+00:00,,,
burst-Arecibo-Observatory-04-02-2022-154100-154100-typeIII.npy,usable,,"{""known_burst_margin"": 10, ""base_threshold_sigma"": 12.0, ""suppression_ramp"": 2.0, ""burst_sigma"": 2.0, ""vrfi_coverage_threshold"": 0.1, ""vrfi_sigma"": 3.0}",2026-08-12T19:41:55+00:00,"{""start_s"": 63.0, ""end_s"": 77.0}",,
burst-Arecibo-Observatory-04-02-2022-132300-133800-typeII.npy,usable,,,2026-08-12T02:22:41+00:00,,,
burst-Arecibo-Observatory-04-03-2022-161800-162000-typeIII.npy,discard,,,2026-08-11T02:40:09+00:00,,,
burst-Arecibo-Observatory-04-03-2022-151700-152000-typeIII.npy,usable,,,2026-08-11T02:40:17+00:00,,,
burst-Arecibo-Observatory-04-03-2022-131400-131400-typeIII.npy,usable,,"{""known_burst_margin"": 10, ""base_threshold_sigma"": 12.0, ""suppression_ramp"": 2.0, ""burst_sigma"": 2.0, ""vrfi_coverage_threshold"": 0.1, ""vrfi_sigma"": 3.0}",2026-08-12T19:42:06+00:00,"{""start_s"": 65.0, ""end_s"": 86.0}",,
burst-Arecibo-Observatory-04-04-2022-132800-132800-typeIII.npy,discard,,,2026-08-11T02:41:41+00:00,,,
burst-Arecibo-Observatory-04-04-2022-150300-150300-typeIII.npy,discard,,,2026-08-11T02:41:48+00:00,,,
burst-Arecibo-Observatory-04-04-2022-173000-173000-typeIII.npy,usable,,"{""known_burst_margin"": 10, ""base_threshold_sigma"": 12.0, ""suppression_ramp"": 2.0, ""burst_sigma"": 2.0, ""vrfi_coverage_threshold"": 0.1, ""vrfi_sigma"": 3.0}",2026-08-11T02:42:05+00:00,"{""start_s"": 70.0, ""end_s"": 90.0}",,
burst-Arecibo-Observatory-04-08-2022-172400-172800-typeV.npy,usable,,,2026-08-12T19:42:21+00:00,"{""start_s"": 65.0, ""end_s"": 336.0}",,
burst-Arecibo-Observatory-04-08-2022-154100-154200-typeIII.npy,usable,,"{""known_burst_margin"": 10, ""base_threshold_sigma"": 12.0, ""suppression_ramp"": 2.0, ""burst_sigma"": 2.0, ""vrfi_coverage_threshold"": 0.1, ""vrfi_sigma"": 3.0}",2026-08-11T02:43:16+00:00,"{""start_s"": 90.0, ""end_s"": 140.0}",,
burst-Arecibo-Observatory-04-08-2022-152600-152900-typeIII.npy,usable,,"{""known_burst_margin"": 10, ""base_threshold_sigma"": 12.0, ""suppression_ramp"": 2.0, ""burst_sigma"": 2.0, ""vrfi_coverage_threshold"": 0.1, ""vrfi_sigma"": 3.0}",2026-08-12T19:42:35+00:00,"{""start_s"": 86.0, ""end_s"": 284.0}",,
burst-Arecibo-Observatory-04-08-2022-143000-143100-typeIII.npy,usable,,,2026-08-11T02:43:47+00:00,,,
burst-Arecibo-Observatory-04-08-2022-174800-174900-typeIII.npy,discard,,,2026-08-11T02:43:55+00:00,,,
burst-Arecibo-Observatory-04-08-2022-130800-130800-typeIII.npy,usable,,"{""known_burst_margin"": 10, ""base_threshold_sigma"": 12.0, ""suppression_ramp"": 2.0, ""burst_sigma"": 2.0, ""vrfi_coverage_threshold"": 0.1, ""vrfi_sigma"": 3.0}",2026-08-11T02:44:14+00:00,"{""start_s"": 75.0, ""end_s"": 110.0}",,
burst-Arecibo-Observatory-04-08-2022-114800-114800-typeIII.npy,discard,,,2026-08-11T02:45:02+00:00,,,
burst-Arecibo-Observatory-04-09-2022-112100-112100-typeIII.npy,discard,,,2026-08-11T02:45:11+00:00,,,
burst-Arecibo-Observatory-04-09-2022-131200-131200-typeIII.npy,discard,,,2026-08-11T02:45:18+00:00,,,
burst-Arecibo-Observatory-04-09-2022-144000-144000-typeIII.npy,usable,,"{""known_burst_margin"": 10, ""base_threshold_sigma"": 12.0, ""suppression_ramp"": 2.0, ""burst_sigma"": 2.0, ""vrfi_coverage_threshold"": 0.1, ""vrfi_sigma"": 3.0}",2026-08-12T19:42:45+00:00,"{""start_s"": 59.0, ""end_s"": 101.0}",,
burst-Arecibo-Observatory-04-12-2022-143400-143400-typeIII.npy,discard,,,2026-08-11T02:45:41+00:00,,,
burst-Arecibo-Observatory-04-12-2022-160200-160200-typeIII.npy,discard,,,2026-08-11T02:45:48+00:00,,,
burst-Arecibo-Observatory-04-12-2022-163500-163500-typeIII.npy,discard,,,2026-08-11T02:45:55+00:00,,,
burst-Arecibo-Observatory-04-13-2022-180500-180600-typeIII.npy,discard,,,2026-08-11T02:46:02+00:00,,,
burst-Arecibo-Observatory-04-14-2022-161300-161400-typeIII.npy,usable,,,2026-08-11T02:46:38+00:00,,,
burst-Arecibo-Observatory-04-14-2022-113500-113500-typeIII.npy,discard,,,2026-08-11T02:46:45+00:00,,,
burst-Arecibo-Observatory-04-14-2022-133900-134000-typeIII.npy,discard,,,2026-08-11T02:46:55+00:00,,,
burst-Arecibo-Observatory-04-15-2022-184800-185400-typeIII.npy,discard,,,2026-08-11T02:47:02+00:00,,,
burst-Arecibo-Observatory-04-15-2022-160300-160300-typeIII.npy,discard,,,2026-08-11T02:47:10+00:00,,,
burst-Arecibo-Observatory-04-15-2022-143600-143600-typeIII.npy,usable,,"{""known_burst_margin"": 10, ""base_threshold_sigma"": 12.0, ""suppression_ramp"": 2.0, ""burst_sigma"": 2.0, ""vrfi_coverage_threshold"": 0.1, ""vrfi_sigma"": 3.0}",2026-08-11T02:47:31+00:00,"{""start_s"": 85.0, ""end_s"": 110.0}",,
burst-Arecibo-Observatory-04-15-2022-142700-142700-typeIII.npy,usable,,"{""known_burst_margin"": 10, ""base_threshold_sigma"": 12.0, ""suppression_ramp"": 2.0, ""burst_sigma"": 2.0, ""vrfi_coverage_threshold"": 0.1, ""vrfi_sigma"": 3.0}",2026-08-11T02:48:23+00:00,"{""start_s"": 80.0, ""end_s"": 110.0}",,
burst-Arecibo-Observatory-04-15-2022-131000-131700-typeV.npy,usable,,,2026-08-12T02:22:47+00:00,,,
burst-Arecibo-Observatory-04-15-2022-122400-122800-typeIII.npy,usable,,"{""known_burst_margin"": 30, ""base_threshold_sigma"": 12.0, ""suppression_ramp"": 1.9, ""burst_sigma"": 2.0, ""vrfi_coverage_threshold"": 0.1, ""vrfi_sigma"": 3.0}",2026-08-12T02:23:08+00:00,"{""start_s"": 110.0, ""end_s"": 180.0}",,
burst-Arecibo-Observatory-04-15-2022-115800-115900-typeIII.npy,usable,,"{""known_burst_margin"": 10, ""base_threshold_sigma"": 12.0, ""suppression_ramp"": 2.0, ""burst_sigma"": 2.0, ""vrfi_coverage_threshold"": 0.1, ""vrfi_sigma"": 3.0}",2026-08-11T02:49:24+00:00,"{""start_s"": 80.0, ""end_s"": 130.0}",,
burst-Arecibo-Observatory-04-15-2022-140000-140900-typeIII.npy,discard,,,2026-08-11T04:12:56+00:00,,,
burst-Arecibo-Observatory-04-16-2022-153500-153500-typeIII.npy,usable,,"{""known_burst_margin"": 10, ""base_threshold_sigma"": 12.0, ""suppression_ramp"": 2.0, ""burst_sigma"": 2.0, ""vrfi_coverage_threshold"": 0.1, ""vrfi_sigma"": 3.0}",2026-08-11T04:13:19+00:00,"{""start_s"": 65.0, ""end_s"": 85.0}",,
burst-Arecibo-Observatory-04-17-2022-115200-115200-typeIII.npy,discard,,,2026-08-11T04:13:27+00:00,,,
burst-Arecibo-Observatory-04-17-2022-144000-144000-typeIII.npy,usable,,"{""known_burst_margin"": 30, ""base_threshold_sigma"": 12.0, ""suppression_ramp"": 3.0, ""burst_sigma"": 2.0, ""vrfi_coverage_threshold"": 0.1, ""vrfi_sigma"": 3.0}",2026-08-12T02:23:14+00:00,"{""start_s"": 90.0, ""end_s"": 105.0}",,
burst-Arecibo-Observatory-04-18-2022-142400-142400-typeIII.npy,usable,,"{""known_burst_margin"": 10, ""base_threshold_sigma"": 12.0, ""suppression_ramp"": 2.0, ""burst_sigma"": 2.0, ""vrfi_coverage_threshold"": 0.1, ""vrfi_sigma"": 3.0}",2026-08-12T19:42:58+00:00,"{""start_s"": 62.0, ""end_s"": 79.0}",,
burst-Arecibo-Observatory-04-18-2022-132100-132200-typeIII.npy,usable,,"{""known_burst_margin"": 30, ""base_threshold_sigma"": 12.0, ""suppression_ramp"": 3.0, ""burst_sigma"": 2.0, ""vrfi_coverage_threshold"": 0.1, ""vrfi_sigma"": 3.0}",2026-08-12T02:23:25+00:00,"{""start_s"": 100.0, ""end_s"": 120.0}",,
burst-Arecibo-Observatory-04-18-2022-113200-113200-typeIII.npy,discard,,,2026-08-11T23:28:39+00:00,,,
burst-Arecibo-Observatory-04-20-2022-153100-153500-typeIII.npy,usable,,"{""known_burst_margin"": 10, ""base_threshold_sigma"": 12.0, ""suppression_ramp"": 2.0, ""burst_sigma"": 2.0, ""vrfi_coverage_threshold"": 0.1, ""vrfi_sigma"": 3.0}",2026-08-12T19:43:13+00:00,"{""start_s"": 64.0, ""end_s"": 319.0}",,
burst-Arecibo-Observatory-04-20-2022-162300-162500-typeIII.npy,usable,,"{""known_burst_margin"": 10, ""base_threshold_sigma"": 12.0, ""suppression_ramp"": 2.0, ""burst_sigma"": 2.0, ""vrfi_coverage_threshold"": 0.1, ""vrfi_sigma"": 3.0}",2026-08-11T23:35:52+00:00,"{""start_s"": 100.0, ""end_s"": 239.0}",,
burst-Arecibo-Observatory-04-20-2022-172800-173100-typeIII.npy,usable,,,2026-08-11T23:35:58+00:00,,,
burst-Arecibo-Observatory-04-20-2022-180600-180600-typeIII.npy,usable,,"{""known_burst_margin"": 10, ""base_threshold_sigma"": 12.0, ""suppression_ramp"": 2.0, ""burst_sigma"": 2.0, ""vrfi_coverage_threshold"": 0.1, ""vrfi_sigma"": 3.0}",2026-08-11T23:36:13+00:00,"{""start_s"": 70.0, ""end_s"": 95.0}",,
burst-Arecibo-Observatory-04-20-2022-182700-182700-typeIII.npy,usable,,"{""known_burst_margin"": 10, ""base_threshold_sigma"": 12.0, ""suppression_ramp"": 2.0, ""burst_sigma"": 2.0, ""vrfi_coverage_threshold"": 0.1, ""vrfi_sigma"": 3.0}",2026-08-12T19:43:29+00:00,"{""start_s"": 71.0, ""end_s"": 119.0}",,
burst-Arecibo-Observatory-04-20-2022-184100-184100-typeIII.npy,usable,,"{""known_burst_margin"": 10, ""base_threshold_sigma"": 12.0, ""suppression_ramp"": 2.0, ""burst_sigma"": 2.0, ""vrfi_coverage_threshold"": 0.1, ""vrfi_sigma"": 3.0}",2026-08-12T19:43:42+00:00,"{""start_s"": 59.0, ""end_s"": 90.0}",,
burst-Arecibo-Observatory-04-20-2022-194300-194300-typeIII.npy,usable,,"{""known_burst_margin"": 10, ""base_threshold_sigma"": 12.0, ""suppression_ramp"": 2.0, ""burst_sigma"": 2.0, ""vrfi_coverage_threshold"": 0.1, ""vrfi_sigma"": 3.0}",2026-08-11T23:36:51+00:00,"{""start_s"": 80.0, ""end_s"": 120.0}",,
burst-Arecibo-Observatory-04-20-2022-193000-193000-typeIII.npy,discard,,,2026-08-11T23:36:59+00:00,,,
burst-Arecibo-Observatory-04-20-2022-195900-200300-typeIII.npy,usable,,,2026-08-11T23:37:04+00:00,,,
burst-Arecibo-Observatory-04-20-2022-191800-191800-typeIII.npy,discard,,,2026-08-11T23:37:10+00:00,,,
burst-Arecibo-Observatory-04-20-2022-151100-151100-typeIII.npy,usable,,"{""known_burst_margin"": 30, ""base_threshold_sigma"": 12.0, ""suppression_ramp"": 3.0, ""burst_sigma"": 2.0, ""vrfi_coverage_threshold"": 0.1, ""vrfi_sigma"": 3.0}",2026-08-12T02:23:30+00:00,"{""start_s"": 100.0, ""end_s"": 119.0}",,
burst-Arecibo-Observatory-04-20-2022-144700-144700-typeIII.npy,usable,,"{""known_burst_margin"": 10, ""base_threshold_sigma"": 12.0, ""suppression_ramp"": 2.0, ""burst_sigma"": 2.0, ""vrfi_coverage_threshold"": 0.1, ""vrfi_sigma"": 3.0}",2026-08-12T19:44:07+00:00,"{""start_s"": 69.0, ""end_s"": 108.0}",,
burst-Arecibo-Observatory-04-20-2022-150100-150200-typeIII.npy,usable,,"{""known_burst_margin"": 10, ""base_threshold_sigma"": 12.0, ""suppression_ramp"": 2.0, ""burst_sigma"": 2.0, ""vrfi_coverage_threshold"": 0.1, ""vrfi_sigma"": 3.0}",2026-08-11T23:40:41+00:00,"{""start_s"": 120.0, ""end_s"": 160.0}",,
burst-Arecibo-Observatory-04-20-2022-115000-115100-typeIII.npy,usable,,"{""known_burst_margin"": 30, ""base_threshold_sigma"": 12.0, ""suppression_ramp"": 3.0, ""burst_sigma"": 2.0, ""vrfi_coverage_threshold"": 0.1, ""vrfi_sigma"": 3.0}",2026-08-12T02:23:35+00:00,,,
burst-Arecibo-Observatory-04-20-2022-122500-122700-typeIII.npy,usable,,"{""known_burst_margin"": 10, ""base_threshold_sigma"": 12.0, ""suppression_ramp"": 2.0, ""burst_sigma"": 2.0, ""vrfi_coverage_threshold"": 0.1, ""vrfi_sigma"": 3.0}",2026-08-11T23:46:18+00:00,"{""start_s"": 100.0, ""end_s"": 230.0}",,
burst-Arecibo-Observatory-04-20-2022-143900-144300-typeIII.npy,usable,,"{""known_burst_margin"": 10, ""base_threshold_sigma"": 12.0, ""suppression_ramp"": 2.0, ""burst_sigma"": 2.0, ""vrfi_coverage_threshold"": 0.1, ""vrfi_sigma"": 3.0}",2026-08-12T19:44:31+00:00,"{""start_s"": 89.0, ""end_s"": 136.0}",,
burst-Arecibo-Observatory-04-21-2022-120300-120300-typeIII.npy,discard,,,2026-08-12T01:00:20+00:00,,,
burst-Arecibo-Observatory-04-21-2022-132800-132900-typeIII.npy,discard,,,2026-08-12T01:00:28+00:00,,,
burst-Arecibo-Observatory-04-21-2022-183300-183300-typeIII.npy,discard,,,2026-08-12T01:01:27+00:00,,,
burst-Arecibo-Observatory-04-22-2022-165600-165700-typeIII.npy,usable,,"{""known_burst_margin"": 10, ""base_threshold_sigma"": 12.0, ""suppression_ramp"": 2.0, ""burst_sigma"": 2.0, ""vrfi_coverage_threshold"": 0.1, ""vrfi_sigma"": 3.0}",2026-08-12T01:01:43+00:00,"{""start_s"": 90.0, ""end_s"": 150.0}",,
burst-Arecibo-Observatory-04-22-2022-142000-142100-typeIII.npy,usable,,,2026-08-12T01:01:49+00:00,,,
burst-Arecibo-Observatory-04-22-2022-124400-124400-typeIII.npy,discard,,,2026-08-12T01:01:56+00:00,,,
burst-Arecibo-Observatory-04-24-2022-190300-190300-typeIII.npy,discard,,,2026-08-12T01:02:05+00:00,,,
burst-Arecibo-Observatory-04-24-2022-130200-130200-typeIII.npy,usable,,"{""known_burst_margin"": 10, ""base_threshold_sigma"": 12.0, ""suppression_ramp"": 2.0, ""burst_sigma"": 2.0, ""vrfi_coverage_threshold"": 0.1, ""vrfi_sigma"": 3.0}",2026-08-12T01:02:34+00:00,"{""start_s"": 90.0, ""end_s"": 110.001}",,
burst-Arecibo-Observatory-04-24-2022-141700-141700-typeIII.npy,discard,,,2026-08-12T01:02:39+00:00,,,
burst-Arecibo-Observatory-04-25-2022-183000-183000-typeIII.npy,usable,,"{""known_burst_margin"": 10, ""base_threshold_sigma"": 12.0, ""suppression_ramp"": 2.0, ""burst_sigma"": 2.0, ""vrfi_coverage_threshold"": 0.1, ""vrfi_sigma"": 3.0}",2026-08-12T01:02:57+00:00,"{""start_s"": 80.0, ""end_s"": 110.001}",,
burst-Arecibo-Observatory-04-25-2022-130600-130600-typeIII.npy,discard,,,2026-08-12T02:23:41+00:00,,,
burst-Arecibo-Observatory-04-25-2022-180400-181000-typeIII.npy,usable,,,2026-08-12T01:03:27+00:00,,,
burst-Arecibo-Observatory-04-26-2022-133000-133100-typeIII.npy,usable,,"{""known_burst_margin"": 10, ""base_threshold_sigma"": 12.0, ""suppression_ramp"": 2.0, ""burst_sigma"": 2.0, ""vrfi_coverage_threshold"": 0.1, ""vrfi_sigma"": 3.0}",2026-08-12T01:03:44+00:00,"{""start_s"": 100.0, ""end_s"": 120.0}",,
burst-Arecibo-Observatory-04-26-2022-151700-151900-typeIII.npy,usable,,"{""known_burst_margin"": 10, ""base_threshold_sigma"": 12.0, ""suppression_ramp"": 2.0, ""burst_sigma"": 2.0, ""vrfi_coverage_threshold"": 0.1, ""vrfi_sigma"": 3.0}",2026-08-12T19:44:45+00:00,"{""start_s"": 93.0, ""end_s"": 224.0}",,
burst-Arecibo-Observatory-04-27-2022-120400-121200-typeIII.npy,usable,,"{""known_burst_margin"": 10, ""base_threshold_sigma"": 12.0, ""suppression_ramp"": 2.0, ""burst_sigma"": 2.0, ""vrfi_coverage_threshold"": 0.1, ""vrfi_sigma"": 3.0}",2026-08-12T19:44:59+00:00,"{""start_s"": 79.0, ""end_s"": 563.0}",,
burst-Arecibo-Observatory-04-27-2022-123000-123300-typeIII.npy,usable,,"{""known_burst_margin"": 10, ""base_threshold_sigma"": 12.0, ""suppression_ramp"": 2.0, ""burst_sigma"": 2.0, ""vrfi_coverage_threshold"": 0.1, ""vrfi_sigma"": 3.0}",2026-08-12T19:45:15+00:00,"{""start_s"": 73.0, ""end_s"": 299.0}",,
burst-Arecibo-Observatory-04-27-2022-130100-130100-typeIII.npy,usable,,"{""known_burst_margin"": 10, ""base_threshold_sigma"": 12.0, ""suppression_ramp"": 2.0, ""burst_sigma"": 2.0, ""vrfi_coverage_threshold"": 0.1, ""vrfi_sigma"": 3.0}",2026-08-12T01:04:47+00:00,"{""start_s"": 80.0, ""end_s"": 100.0}",,
burst-Arecibo-Observatory-04-27-2022-135300-135500-typeIII.npy,usable,,"{""known_burst_margin"": 10, ""base_threshold_sigma"": 12.0, ""suppression_ramp"": 2.0, ""burst_sigma"": 2.0, ""vrfi_coverage_threshold"": 0.1, ""vrfi_sigma"": 3.0}",2026-08-12T01:05:02+00:00,"{""start_s"": 100.0, ""end_s"": 180.0}",,
burst-Arecibo-Observatory-04-27-2022-111800-111900-typeIII.npy,usable,,"{""known_burst_margin"": 10, ""base_threshold_sigma"": 12.0, ""suppression_ramp"": 2.0, ""burst_sigma"": 2.0, ""vrfi_coverage_threshold"": 0.1, ""vrfi_sigma"": 3.0}",2026-08-12T01:05:17+00:00,"{""start_s"": 90.0, ""end_s"": 140.0}",,
burst-Arecibo-Observatory-04-27-2022-164200-164200-typeIII.npy,usable,,"{""known_burst_margin"": 10, ""base_threshold_sigma"": 12.0, ""suppression_ramp"": 2.0, ""burst_sigma"": 2.0, ""vrfi_coverage_threshold"": 0.1, ""vrfi_sigma"": 3.0}",2026-08-12T19:45:30+00:00,"{""start_s"": 59.0, ""end_s"": 87.0}",,
burst-Arecibo-Observatory-04-27-2022-170500-170500-typeIII.npy,discard,,,2026-08-12T01:05:36+00:00,,,
burst-Arecibo-Observatory-04-27-2022-191100-191100-typeIII.npy,usable,,"{""known_burst_margin"": 10, ""base_threshold_sigma"": 12.0, ""suppression_ramp"": 2.0, ""burst_sigma"": 2.0, ""vrfi_coverage_threshold"": 0.1, ""vrfi_sigma"": 3.0}",2026-08-12T01:05:52+00:00,"{""start_s"": 80.0, ""end_s"": 119.0}",,
burst-Arecibo-Observatory-04-27-2022-110900-111100-typeIII.npy,usable,,"{""known_burst_margin"": 10, ""base_threshold_sigma"": 12.0, ""suppression_ramp"": 2.0, ""burst_sigma"": 2.0, ""vrfi_coverage_threshold"": 0.1, ""vrfi_sigma"": 3.0}",2026-08-12T01:06:23+00:00,"{""start_s"": 100.0, ""end_s"": 239.0}",,
burst-Arecibo-Observatory-04-28-2022-180300-180300-typeIII.npy,discard,,,2026-08-12T01:06:29+00:00,,,
burst-Arecibo-Observatory-04-28-2022-145200-145200-typeIII.npy,discard,,,2026-08-12T01:06:37+00:00,,,
burst-Arecibo-Observatory-04-29-2022-163400-163500-typeIII.npy,usable,,"{""known_burst_margin"": 10, ""base_threshold_sigma"": 12.0, ""suppression_ramp"": 2.0, ""burst_sigma"": 2.0, ""vrfi_coverage_threshold"": 0.1, ""vrfi_sigma"": 3.0}",2026-08-12T01:07:00+00:00,"{""start_s"": 100.0, ""end_s"": 140.0}",,
burst-Arecibo-Observatory-04-29-2022-183500-183500-typeIII.npy,discard,,,2026-08-12T01:07:08+00:00,,,
burst-Arecibo-Observatory-04-29-2022-181300-181700-typeIII.npy,usable,,"{""known_burst_margin"": 10, ""base_threshold_sigma"": 12.0, ""suppression_ramp"": 2.0, ""burst_sigma"": 2.0, ""vrfi_coverage_threshold"": 0.1, ""vrfi_sigma"": 3.0}",2026-08-12T01:07:23+00:00,"{""start_s"": 300.0, ""end_s"": 325.0}",,
burst-Arecibo-Observatory-04-29-2022-172500-172600-typeIII.npy,usable,,"{""known_burst_margin"": 30, ""base_threshold_sigma"": 12.0, ""suppression_ramp"": 3.0, ""burst_sigma"": 2.0, ""vrfi_coverage_threshold"": 0.1, ""vrfi_sigma"": 3.0}",2026-08-12T02:23:46+00:00,"{""start_s"": 100.0, ""end_s"": 120.0}",,
burst-Arecibo-Observatory-04-29-2022-131900-132000-typeIII.npy,usable,,"{""known_burst_margin"": 30, ""base_threshold_sigma"": 12.0, ""suppression_ramp"": 3.0, ""burst_sigma"": 2.0, ""vrfi_coverage_threshold"": 0.1, ""vrfi_sigma"": 3.0}",2026-08-12T02:23:52+00:00,"{""start_s"": 100.0, ""end_s"": 120.0}",,
burst-Arecibo-Observatory-04-29-2022-133500-134300-typeIII.npy,discard,,,2026-08-12T02:24:25+00:00,,,
burst-Arecibo-Observatory-04-30-2022-141800-142500-typeIII.npy,usable,,,2026-08-12T01:08:27+00:00,,,
burst-Arecibo-Observatory-04-30-2022-151000-151200-typeIII.npy,usable,,"{""known_burst_margin"": 30, ""base_threshold_sigma"": 12.0, ""suppression_ramp"": 3.0, ""burst_sigma"": 2.0, ""vrfi_coverage_threshold"": 0.1, ""vrfi_sigma"": 3.0}",2026-08-12T02:24:32+00:00,,,
burst-Arecibo-Observatory-04-30-2022-171800-172200-typeIII.npy,usable,,,2026-08-12T01:08:44+00:00,,,
burst-Arecibo-Observatory-04-30-2022-180000-180000-typeIII.npy,usable,,"{""known_burst_margin"": 10, ""base_threshold_sigma"": 12.0, ""suppression_ramp"": 2.0, ""burst_sigma"": 2.0, ""vrfi_coverage_threshold"": 0.1, ""vrfi_sigma"": 3.0}",2026-08-12T01:09:01+00:00,"{""start_s"": 75.0, ""end_s"": 110.0}",,
burst-Arecibo-Observatory-04-30-2022-190700-190900-typeIII.npy,usable,,"{""known_burst_margin"": 10, ""base_threshold_sigma"": 12.0, ""suppression_ramp"": 2.0, ""burst_sigma"": 2.0, ""vrfi_coverage_threshold"": 0.1, ""vrfi_sigma"": 3.0}",2026-08-12T19:45:44+00:00,"{""start_s"": 65.0, ""end_s"": 236.0}",,
burst-Arecibo-Observatory-04-30-2022-194700-200700-typeII.npy,usable,,,2026-08-12T02:24:45+00:00,"{""start_s"": 1.0, ""end_s"": 600.0}",,
burst-Arecibo-Observatory-04-30-2022-194500-194600-typeV.npy,usable,,"{""known_burst_margin"": 10, ""base_threshold_sigma"": 12.0, ""suppression_ramp"": 2.0, ""burst_sigma"": 2.0, ""vrfi_coverage_threshold"": 0.1, ""vrfi_sigma"": 3.0}",2026-08-12T01:10:05+00:00,"{""start_s"": 110.0, ""end_s"": 179.0}",,
burst-Arecibo-Observatory-04-30-2022-140600-140800-typeIII.npy,usable,,"{""known_burst_margin"": 30, ""base_threshold_sigma"": 12.0, ""suppression_ramp"": 3.0, ""burst_sigma"": 2.0, ""vrfi_coverage_threshold"": 0.1, ""vrfi_sigma"": 3.0}",2026-08-12T02:24:49+00:00,,,
burst-Arecibo-Observatory-04-30-2022-141000-142800-typeII.npy,usable,,,2026-08-12T02:24:55+00:00,,,
burst-Arecibo-Observatory-04-30-2022-134200-134900-typeV.npy,usable,,,2026-08-12T19:45:59+00:00,"{""start_s"": 85.0, ""end_s"": 539.0}",,
burst-Arecibo-Observatory-04-30-2022-134600-140300-typeII.npy,usable,,,2026-08-12T02:25:10+00:00,,,
burst-Arecibo-Observatory-04-30-2022-104000-104000-typeIII.npy,usable,,"{""known_burst_margin"": 10, ""base_threshold_sigma"": 12.0, ""suppression_ramp"": 2.0, ""burst_sigma"": 2.0, ""vrfi_coverage_threshold"": 0.1, ""vrfi_sigma"": 3.0}",2026-08-12T01:11:15+00:00,"{""start_s"": 70.0, ""end_s"": 110.0}",,
burst-Arecibo-Observatory-04-30-2022-111100-112100-typeIII.npy,usable,,,2026-08-12T01:11:23+00:00,,,
burst-Arecibo-Observatory-04-30-2022-113700-114000-typeIII.npy,usable,,"{""known_burst_margin"": 10, ""base_threshold_sigma"": 12.0, ""suppression_ramp"": 2.0, ""burst_sigma"": 2.0, ""vrfi_coverage_threshold"": 0.1, ""vrfi_sigma"": 3.0}",2026-08-12T19:46:12+00:00,"{""start_s"": 66.0, ""end_s"": 284.0}",,
burst-Arecibo-Observatory-04-30-2022-123100-123100-typeIII.npy,usable,,"{""known_burst_margin"": 10, ""base_threshold_sigma"": 12.0, ""suppression_ramp"": 2.0, ""burst_sigma"": 2.0, ""vrfi_coverage_threshold"": 0.1, ""vrfi_sigma"": 3.0}",2026-08-12T19:46:28+00:00,"{""start_s"": 62.0, ""end_s"": 80.0}",,
burst-Arecibo-Observatory-04-30-2022-133300-133300-typeIII.npy,usable,,"{""known_burst_margin"": 10, ""base_threshold_sigma"": 12.0, ""suppression_ramp"": 2.0, ""burst_sigma"": 2.0, ""vrfi_coverage_threshold"": 0.1, ""vrfi_sigma"": 3.0}",2026-08-12T19:46:40+00:00,"{""start_s"": 74.0, ""end_s"": 105.0}",,
burst-Arecibo-Observatory-05-01-2022-115500-115500-typeIII.npy,usable,,"{""known_burst_margin"": 10, ""base_threshold_sigma"": 12.0, ""suppression_ramp"": 2.0, ""burst_sigma"": 2.0, ""vrfi_coverage_threshold"": 0.1, ""vrfi_sigma"": 3.0}",2026-08-12T19:46:53+00:00,"{""start_s"": 64.0, ""end_s"": 84.0}",,
burst-Arecibo-Observatory-05-01-2022-142000-142000-typeIII.npy,discard,,,2026-08-12T01:12:33+00:00,,,
burst-Arecibo-Observatory-05-01-2022-151900-152000-typeIII.npy,usable,,"{""known_burst_margin"": 10, ""base_threshold_sigma"": 12.0, ""suppression_ramp"": 2.0, ""burst_sigma"": 2.0, ""vrfi_coverage_threshold"": 0.1, ""vrfi_sigma"": 3.0}",2026-08-12T01:12:44+00:00,"{""start_s"": 100.0, ""end_s"": 120.0}",,
burst-Arecibo-Observatory-05-01-2022-180200-180200-typeIII.npy,usable,,"{""known_burst_margin"": 10, ""base_threshold_sigma"": 12.0, ""suppression_ramp"": 2.0, ""burst_sigma"": 2.0, ""vrfi_coverage_threshold"": 0.1, ""vrfi_sigma"": 3.0}",2026-08-12T19:47:10+00:00,"{""start_s"": 70.0, ""end_s"": 80.0}",,
burst-Arecibo-Observatory-05-01-2022-183000-183100-typeIII.npy,discard,,,2026-08-12T01:13:07+00:00,,,
burst-Arecibo-Observatory-05-01-2022-154200-154400-typeIII.npy,usable,,"{""known_burst_margin"": 10, ""base_threshold_sigma"": 12.0, ""suppression_ramp"": 2.0, ""burst_sigma"": 2.0, ""vrfi_coverage_threshold"": 0.1, ""vrfi_sigma"": 3.0}",2026-08-12T19:47:23+00:00,"{""start_s"": 87.0, ""end_s"": 212.0}",,
burst-Arecibo-Observatory-05-01-2022-174300-174600-typeIII.npy,discard,,,2026-08-12T01:13:25+00:00,,,
burst-Arecibo-Observatory-05-02-2022-190800-191000-typeIII.npy,usable,,"{""known_burst_margin"": 30, ""base_threshold_sigma"": 12.0, ""suppression_ramp"": 3.0, ""burst_sigma"": 2.0, ""vrfi_coverage_threshold"": 0.1, ""vrfi_sigma"": 3.0}",2026-08-12T02:25:15+00:00,,,
burst-Arecibo-Observatory-05-02-2022-185200-185700-typeIII.npy,usable,,,2026-08-12T01:13:53+00:00,,,
burst-Arecibo-Observatory-05-02-2022-153600-153700-typeIII.npy,usable,,"{""known_burst_margin"": 10, ""base_threshold_sigma"": 12.0, ""suppression_ramp"": 2.0, ""burst_sigma"": 2.0, ""vrfi_coverage_threshold"": 0.1, ""vrfi_sigma"": 3.0}",2026-08-12T01:14:07+00:00,"{""start_s"": 100.0, ""end_s"": 130.0}",,
burst-Arecibo-Observatory-05-02-2022-150900-150900-typeIII.npy,usable,,"{""known_burst_margin"": 10, ""base_threshold_sigma"": 12.0, ""suppression_ramp"": 2.0, ""burst_sigma"": 2.0, ""vrfi_coverage_threshold"": 0.1, ""vrfi_sigma"": 3.0}",2026-08-12T19:47:43+00:00,"{""start_s"": 55.0, ""end_s"": 85.0}",,
burst-Arecibo-Observatory-05-03-2022-161700-162300-typeIII.npy,usable,,,2026-08-12T01:14:35+00:00,,,
burst-Arecibo-Observatory-05-03-2022-154600-154800-typeIII.npy,usable,,"{""known_burst_margin"": 10, ""base_threshold_sigma"": 12.0, ""suppression_ramp"": 2.0, ""burst_sigma"": 2.0, ""vrfi_coverage_threshold"": 0.1, ""vrfi_sigma"": 3.0}",2026-08-12T19:48:01+00:00,"{""start_s"": 86.0, ""end_s"": 205.0}",,
burst-Arecibo-Observatory-05-03-2022-135700-135700-typeIII.npy,discard,,,2026-08-12T01:15:01+00:00,,,
burst-Arecibo-Observatory-05-03-2022-123700-123800-typeIII.npy,discard,,,2026-08-12T01:15:08+00:00,,,
burst-Arecibo-Observatory-05-03-2022-112600-112600-typeIII.npy,discard,,,2026-08-12T01:15:13+00:00,,,
burst-Arecibo-Observatory-05-04-2022-190500-190500-typeIII.npy,usable,,"{""known_burst_margin"": 10, ""base_threshold_sigma"": 12.0, ""suppression_ramp"": 2.0, ""burst_sigma"": 2.0, ""vrfi_coverage_threshold"": 0.1, ""vrfi_sigma"": 3.0}",2026-08-12T01:15:35+00:00,"{""start_s"": 75.0, ""end_s"": 100.0}",,
burst-Arecibo-Observatory-05-04-2022-153200-153200-typeIII.npy,usable,,"{""known_burst_margin"": 10, ""base_threshold_sigma"": 12.0, ""suppression_ramp"": 2.0, ""burst_sigma"": 2.0, ""vrfi_coverage_threshold"": 0.1, ""vrfi_sigma"": 3.0}",2026-08-12T19:48:21+00:00,"{""start_s"": 68.0, ""end_s"": 85.0}",,
burst-Arecibo-Observatory-05-04-2022-140000-140100-typeIII.npy,discard,,,2026-08-12T01:16:02+00:00,,,
burst-Arecibo-Observatory-05-04-2022-133300-133300-typeIII.npy,usable,,"{""known_burst_margin"": 30, ""base_threshold_sigma"": 12.0, ""suppression_ramp"": 3.0, ""burst_sigma"": 2.0, ""vrfi_coverage_threshold"": 0.1, ""vrfi_sigma"": 3.0}",2026-08-12T02:25:20+00:00,"{""start_s"": 75.0, ""end_s"": 100.0}",,
burst-Arecibo-Observatory-05-04-2022-120300-121000-typeIII.npy,discard,,,2026-08-12T02:25:27+00:00,,,
burst-Arecibo-Observatory-05-04-2022-114600-114600-typeIII.npy,usable,,"{""known_burst_margin"": 10, ""base_threshold_sigma"": 12.0, ""suppression_ramp"": 2.0, ""burst_sigma"": 2.0, ""vrfi_coverage_threshold"": 0.1, ""vrfi_sigma"": 3.0}",2026-08-12T01:16:44+00:00,"{""start_s"": 70.0, ""end_s"": 90.0}",,
burst-Arecibo-Observatory-05-05-2022-163800-163900-typeIII.npy,discard,,,2026-08-12T01:16:49+00:00,,,
burst-Arecibo-Observatory-05-05-2022-170400-170400-typeIII.npy,usable,,"{""known_burst_margin"": 10, ""base_threshold_sigma"": 12.0, ""suppression_ramp"": 2.0, ""burst_sigma"": 2.0, ""vrfi_coverage_threshold"": 0.1, ""vrfi_sigma"": 3.0}",2026-08-12T19:48:36+00:00,"{""start_s"": 58.0, ""end_s"": 75.0}",,
burst-Arecibo-Observatory-05-05-2022-181600-182300-typeIII.npy,usable,,,2026-08-12T01:17:09+00:00,,,
burst-Arecibo-Observatory-05-05-2022-171800-172700-typeIII.npy,discard,,,2026-08-12T01:17:16+00:00,,,
burst-Arecibo-Observatory-05-05-2022-123000-123300-typeIII.npy,usable,,"{""known_burst_margin"": 30, ""base_threshold_sigma"": 12.0, ""suppression_ramp"": 3.0, ""burst_sigma"": 2.0, ""vrfi_coverage_threshold"": 0.1, ""vrfi_sigma"": 3.0}",2026-08-12T02:25:32+00:00,"{""start_s"": 170.0, ""end_s"": 280.0}",,
burst-Arecibo-Observatory-05-05-2022-134300-134400-typeIII.npy,usable,,"{""known_burst_margin"": 10, ""base_threshold_sigma"": 12.0, ""suppression_ramp"": 2.0, ""burst_sigma"": 2.0, ""vrfi_coverage_threshold"": 0.1, ""vrfi_sigma"": 3.0}",2026-08-12T01:17:55+00:00,"{""start_s"": 100.0, ""end_s"": 130.0}",,
burst-Arecibo-Observatory-05-06-2022-185500-185500-typeIII.npy,discard,,,2026-08-12T01:18:01+00:00,,,
burst-Arecibo-Observatory-05-06-2022-163600-163600-typeIII.npy,discard,,,2026-08-12T01:18:07+00:00,,,
burst-Arecibo-Observatory-05-06-2022-153100-153200-typeIII.npy,discard,,,2026-08-12T01:18:12+00:00,,,
burst-Arecibo-Observatory-05-06-2022-114800-114900-typeIII.npy,discard,,,2026-08-12T01:18:17+00:00,,,
burst-Arecibo-Observatory-05-06-2022-131500-131800-typeIII.npy,usable,,"{""known_burst_margin"": 10, ""base_threshold_sigma"": 12.0, ""suppression_ramp"": 2.0, ""burst_sigma"": 2.0, ""vrfi_coverage_threshold"": 0.1, ""vrfi_sigma"": 3.0}",2026-08-12T19:48:53+00:00,"{""start_s"": 100.0, ""end_s"": 128.0}",,
burst-Arecibo-Observatory-05-06-2022-151200-151300-typeIII.npy,usable,,"{""known_burst_margin"": 10, ""base_threshold_sigma"": 12.0, ""suppression_ramp"": 2.0, ""burst_sigma"": 2.0, ""vrfi_coverage_threshold"": 0.1, ""vrfi_sigma"": 3.0}",2026-08-12T01:18:44+00:00,"{""start_s"": 100.0, ""end_s"": 120.0}",,
burst-Arecibo-Observatory-05-07-2022-154100-154300-typeIII.npy,discard,,,2026-08-12T01:18:49+00:00,,,
burst-Arecibo-Observatory-05-07-2022-141500-141800-typeIII.npy,usable,,"{""known_burst_margin"": 10, ""base_threshold_sigma"": 12.0, ""suppression_ramp"": 2.0, ""burst_sigma"": 2.0, ""vrfi_coverage_threshold"": 0.1, ""vrfi_sigma"": 3.0}",2026-08-12T01:19:03+00:00,"{""start_s"": 50.0, ""end_s"": 240.0}",,
burst-Arecibo-Observatory-05-07-2022-150500-150600-typeIII.npy,usable,,"{""known_burst_margin"": 10, ""base_threshold_sigma"": 12.0, ""suppression_ramp"": 2.0, ""burst_sigma"": 2.0, ""vrfi_coverage_threshold"": 0.1, ""vrfi_sigma"": 3.0}",2026-08-12T01:19:17+00:00,"{""start_s"": 110.0, ""end_s"": 170.0}",,
burst-Arecibo-Observatory-05-07-2022-114300-114300-typeIII.npy,usable,,"{""known_burst_margin"": 30, ""base_threshold_sigma"": 12.0, ""suppression_ramp"": 3.0, ""burst_sigma"": 2.0, ""vrfi_coverage_threshold"": 0.1, ""vrfi_sigma"": 3.0}",2026-08-12T02:25:36+00:00,"{""start_s"": 75.0, ""end_s"": 90.0}",,
burst-Arecibo-Observatory-05-07-2022-130500-130600-typeIII.npy,discard,,,2026-08-12T01:19:44+00:00,,,
burst-Arecibo-Observatory-05-07-2022-103500-103600-typeIII.npy,usable,,"{""known_burst_margin"": 30, ""base_threshold_sigma"": 12.0, ""suppression_ramp"": 3.0, ""burst_sigma"": 2.0, ""vrfi_coverage_threshold"": 0.1, ""vrfi_sigma"": 3.0}",2026-08-12T02:25:41+00:00,,,
burst-Arecibo-Observatory-05-07-2022-110200-110300-typeIII.npy,usable,,"{""known_burst_margin"": 10, ""base_threshold_sigma"": 12.0, ""suppression_ramp"": 2.0, ""burst_sigma"": 2.0, ""vrfi_coverage_threshold"": 0.1, ""vrfi_sigma"": 3.0}",2026-08-12T01:20:07+00:00,"{""start_s"": 120.0, ""end_s"": 150.0}",,
burst-Arecibo-Observatory-05-07-2022-101400-101500-typeIII.npy,usable,,"{""known_burst_margin"": 10, ""base_threshold_sigma"": 12.0, ""suppression_ramp"": 2.0, ""burst_sigma"": 2.0, ""vrfi_coverage_threshold"": 0.1, ""vrfi_sigma"": 3.0}",2026-08-12T01:20:23+00:00,"{""start_s"": 110.0, ""end_s"": 150.0}",,
burst-Arecibo-Observatory-05-08-2022-201900-202000-typeIII.npy,discard,,,2026-08-12T01:20:28+00:00,,,
burst-Arecibo-Observatory-05-08-2022-193900-194200-typeIII.npy,usable,,,2026-08-12T01:20:35+00:00,,,
burst-Arecibo-Observatory-05-08-2022-191800-191800-typeIII.npy,discard,,,2026-08-12T01:20:40+00:00,,,
burst-Arecibo-Observatory-05-08-2022-171500-171700-typeIII.npy,usable,,"{""known_burst_margin"": 10, ""base_threshold_sigma"": 12.0, ""suppression_ramp"": 2.0, ""burst_sigma"": 2.0, ""vrfi_coverage_threshold"": 0.1, ""vrfi_sigma"": 3.0}",2026-08-12T01:21:02+00:00,"{""start_s"": 100.0, ""end_s"": 230.0}",,
burst-Arecibo-Observatory-05-08-2022-153300-153600-typeIII.npy,usable,,,2026-08-12T01:21:08+00:00,,,
burst-Arecibo-Observatory-05-08-2022-140100-140400-typeIII.npy,usable,,,2026-08-12T01:21:15+00:00,,,
burst-Arecibo-Observatory-05-09-2022-124000-124200-typeIII.npy,discard,,,2026-08-12T01:21:21+00:00,,,
burst-Arecibo-Observatory-05-09-2022-142200-142800-typeIII.npy,usable,,,2026-08-12T01:21:28+00:00,,,
burst-Arecibo-Observatory-05-09-2022-110200-110200-typeIII.npy,usable,,"{""known_burst_margin"": 10, ""base_threshold_sigma"": 12.0, ""suppression_ramp"": 2.0, ""burst_sigma"": 2.0, ""vrfi_coverage_threshold"": 0.1, ""vrfi_sigma"": 3.0}",2026-08-12T19:49:05+00:00,"{""start_s"": 72.0, ""end_s"": 105.0}",,
burst-Arecibo-Observatory-05-09-2022-173500-173600-typeIII.npy,usable,,"{""known_burst_margin"": 10, ""base_threshold_sigma"": 12.0, ""suppression_ramp"": 2.0, ""burst_sigma"": 2.0, ""vrfi_coverage_threshold"": 0.1, ""vrfi_sigma"": 3.0}",2026-08-12T01:21:57+00:00,"{""start_s"": 100.0, ""end_s"": 140.0}",,
burst-Arecibo-Observatory-05-09-2022-105500-105600-typeIII.npy,usable,,"{""known_burst_margin"": 10, ""base_threshold_sigma"": 12.0, ""suppression_ramp"": 2.0, ""burst_sigma"": 2.0, ""vrfi_coverage_threshold"": 0.1, ""vrfi_sigma"": 3.0}",2026-08-12T19:49:20+00:00,"{""start_s"": 83.0, ""end_s"": 127.0}",,
burst-Arecibo-Observatory-05-10-2022-191600-191700-typeIII.npy,discard,,,2026-08-12T01:22:16+00:00,,,
burst-Arecibo-Observatory-05-10-2022-154900-155000-typeIII.npy,usable,,,2026-08-12T01:22:22+00:00,,,
burst-Arecibo-Observatory-05-10-2022-142900-142900-typeIII.npy,usable,,"{""known_burst_margin"": 10, ""base_threshold_sigma"": 12.0, ""suppression_ramp"": 2.0, ""burst_sigma"": 2.0, ""vrfi_coverage_threshold"": 0.1, ""vrfi_sigma"": 3.0}",2026-08-12T19:49:35+00:00,"{""start_s"": 63.0, ""end_s"": 80.001}",,
burst-Arecibo-Observatory-05-10-2022-135800-142200-typeII.npy,usable,,,2026-08-12T02:25:48+00:00,,,
burst-Arecibo-Observatory-05-11-2022-141600-141800-typeIII.npy,usable,,"{""known_burst_margin"": 10, ""base_threshold_sigma"": 12.0, ""suppression_ramp"": 2.0, ""burst_sigma"": 2.0, ""vrfi_coverage_threshold"": 0.1, ""vrfi_sigma"": 3.0}",2026-08-12T01:23:08+00:00,"{""start_s"": 100.0, ""end_s"": 220.0}",,
burst-Arecibo-Observatory-05-11-2022-144000-144100-typeIII.npy,usable,,"{""known_burst_margin"": 10, ""base_threshold_sigma"": 12.0, ""suppression_ramp"": 2.0, ""burst_sigma"": 2.0, ""vrfi_coverage_threshold"": 0.1, ""vrfi_sigma"": 3.0}",2026-08-12T19:49:50+00:00,"{""start_s"": 89.0, ""end_s"": 132.0}",,
burst-Arecibo-Observatory-05-11-2022-150000-150000-typeIII.npy,usable,,"{""known_burst_margin"": 10, ""base_threshold_sigma"": 12.0, ""suppression_ramp"": 2.0, ""burst_sigma"": 2.0, ""vrfi_coverage_threshold"": 0.1, ""vrfi_sigma"": 3.0}",2026-08-12T19:50:05+00:00,"{""start_s"": 67.0, ""end_s"": 94.0}",,
burst-Arecibo-Observatory-05-11-2022-151200-151300-typeIII.npy,usable,,"{""known_burst_margin"": 10, ""base_threshold_sigma"": 12.0, ""suppression_ramp"": 2.0, ""burst_sigma"": 2.0, ""vrfi_coverage_threshold"": 0.1, ""vrfi_sigma"": 3.0}",2026-08-12T19:50:18+00:00,"{""start_s"": 99.0, ""end_s"": 129.0}",,
burst-Arecibo-Observatory-05-11-2022-151700-152000-typeIII.npy,usable,,"{""known_burst_margin"": 10, ""base_threshold_sigma"": 12.0, ""suppression_ramp"": 2.0, ""burst_sigma"": 2.0, ""vrfi_coverage_threshold"": 0.1, ""vrfi_sigma"": 3.0}",2026-08-12T19:50:37+00:00,"{""start_s"": 71.0, ""end_s"": 287.0}",,
burst-Arecibo-Observatory-05-11-2022-171200-171300-typeIII.npy,discard,,,2026-08-12T01:24:07+00:00,,,
burst-Arecibo-Observatory-05-11-2022-183900-185000-typeII.npy,usable,,,2026-08-12T02:25:54+00:00,,,
burst-Arecibo-Observatory-05-11-2022-185700-191500-typeII.npy,usable,,,2026-08-12T02:26:00+00:00,,,
burst-Arecibo-Observatory-05-11-2022-174500-175300-typeIII.npy,usable,,"{""known_burst_margin"": 10, ""base_threshold_sigma"": 12.0, ""suppression_ramp"": 2.0, ""burst_sigma"": 2.0, ""vrfi_coverage_threshold"": 0.1, ""vrfi_sigma"": 3.0}",2026-08-12T19:50:53+00:00,"{""start_s"": 101.0, ""end_s"": 564.0}",,
burst-Arecibo-Observatory-05-11-2022-130600-130700-typeIII.npy,discard,,,2026-08-12T01:29:29+00:00,,,
burst-Arecibo-Observatory-05-11-2022-114100-114100-typeIII.npy,discard,,,2026-08-12T01:29:34+00:00,,,
burst-Arecibo-Observatory-05-11-2022-123100-123100-typeIII.npy,discard,,,2026-08-12T01:29:40+00:00,,,
burst-Arecibo-Observatory-05-11-2022-104600-104700-typeIII.npy,usable,,"{""known_burst_margin"": 10, ""base_threshold_sigma"": 12.0, ""suppression_ramp"": 2.0, ""burst_sigma"": 2.0, ""vrfi_coverage_threshold"": 0.1, ""vrfi_sigma"": 3.0}",2026-08-12T19:51:13+00:00,"{""start_s"": 89.0, ""end_s"": 133.0}",,
burst-Arecibo-Observatory-05-11-2022-111100-111200-typeIII.npy,usable,,,2026-08-12T01:30:03+00:00,,,
burst-Arecibo-Observatory-05-12-2022-125300-125600-typeIII.npy,usable,,"{""known_burst_margin"": 10, ""base_threshold_sigma"": 12.0, ""suppression_ramp"": 2.0, ""burst_sigma"": 2.0, ""vrfi_coverage_threshold"": 0.1, ""vrfi_sigma"": 3.0}",2026-08-12T19:51:29+00:00,"{""start_s"": 70.0, ""end_s"": 293.0}",,
burst-Arecibo-Observatory-05-12-2022-114800-115100-typeIII.npy,usable,,"{""known_burst_margin"": 10, ""base_threshold_sigma"": 12.0, ""suppression_ramp"": 2.0, ""burst_sigma"": 2.0, ""vrfi_coverage_threshold"": 0.1, ""vrfi_sigma"": 3.0}",2026-08-12T19:51:44+00:00,"{""start_s"": 74.0, ""end_s"": 279.0}",,
burst-Arecibo-Observatory-05-13-2022-193700-194400-typeIII.npy,discard,,,2026-08-12T01:30:40+00:00,,,
burst-Arecibo-Observatory-05-13-2022-181100-181100-typeIII.npy,usable,,"{""known_burst_margin"": 10, ""base_threshold_sigma"": 12.0, ""suppression_ramp"": 2.0, ""burst_sigma"": 2.0, ""vrfi_coverage_threshold"": 0.1, ""vrfi_sigma"": 3.0}",2026-08-12T01:30:55+00:00,"{""start_s"": 90.0, ""end_s"": 110.0}",,
burst-Arecibo-Observatory-05-13-2022-173700-173900-typeIII.npy,usable,,,2026-08-12T01:31:01+00:00,,,
burst-Arecibo-Observatory-05-13-2022-172300-172400-typeIII.npy,usable,,"{""known_burst_margin"": 10, ""base_threshold_sigma"": 12.0, ""suppression_ramp"": 2.0, ""burst_sigma"": 2.0, ""vrfi_coverage_threshold"": 0.1, ""vrfi_sigma"": 3.0}",2026-08-12T19:52:02+00:00,"{""start_s"": 71.0, ""end_s"": 178.0}",,
burst-Arecibo-Observatory-05-13-2022-170100-170700-typeIII.npy,usable,,"{""known_burst_margin"": 10, ""base_threshold_sigma"": 12.0, ""suppression_ramp"": 2.0, ""burst_sigma"": 2.0, ""vrfi_coverage_threshold"": 0.1, ""vrfi_sigma"": 3.0}",2026-08-12T19:52:18+00:00,"{""start_s"": 79.0, ""end_s"": 447.0}",,
burst-Arecibo-Observatory-05-13-2022-145600-145600-typeIII.npy,usable,,"{""known_burst_margin"": 30, ""base_threshold_sigma"": 12.0, ""suppression_ramp"": 3.0, ""burst_sigma"": 2.0, ""vrfi_coverage_threshold"": 0.1, ""vrfi_sigma"": 3.0}",2026-08-12T02:26:06+00:00,"{""start_s"": 80.0, ""end_s"": 105.0}",,
burst-Arecibo-Observatory-05-13-2022-123800-123900-typeIII.npy,usable,,,2026-08-12T01:31:53+00:00,,,
burst-Arecibo-Observatory-05-13-2022-162200-162400-typeIII.npy,usable,,"{""known_burst_margin"": 10, ""base_threshold_sigma"": 12.0, ""suppression_ramp"": 2.0, ""burst_sigma"": 2.0, ""vrfi_coverage_threshold"": 0.1, ""vrfi_sigma"": 3.0}",2026-08-12T19:52:35+00:00,"{""start_s"": 92.0, ""end_s"": 191.0}",,
burst-Arecibo-Observatory-05-14-2022-151100-151600-typeIII.npy,usable,,"{""known_burst_margin"": 10, ""base_threshold_sigma"": 12.0, ""suppression_ramp"": 2.0, ""burst_sigma"": 2.0, ""vrfi_coverage_threshold"": 0.1, ""vrfi_sigma"": 3.0}",2026-08-12T19:52:50+00:00,"{""start_s"": 100.0, ""end_s"": 151.0}",,
burst-Arecibo-Observatory-05-14-2022-170500-170500-typeIII.npy,usable,,"{""known_burst_margin"": 10, ""base_threshold_sigma"": 12.0, ""suppression_ramp"": 2.0, ""burst_sigma"": 2.0, ""vrfi_coverage_threshold"": 0.1, ""vrfi_sigma"": 3.0}",2026-08-12T19:53:05+00:00,"{""start_s"": 63.0, ""end_s"": 73.0}",,
burst-Arecibo-Observatory-05-14-2022-160700-160800-typeIII.npy,usable,,,2026-08-12T01:33:05+00:00,,,
burst-Arecibo-Observatory-05-14-2022-154600-155000-typeIII.npy,usable,,,2026-08-12T01:33:11+00:00,,,
burst-Arecibo-Observatory-05-14-2022-145600-145800-typeIII.npy,usable,,"{""known_burst_margin"": 10, ""base_threshold_sigma"": 12.0, ""suppression_ramp"": 2.0, ""burst_sigma"": 2.0, ""vrfi_coverage_threshold"": 0.1, ""vrfi_sigma"": 3.0}",2026-08-12T01:33:51+00:00,"{""start_s"": 170.0, ""end_s"": 220.0}",,
burst-Arecibo-Observatory-05-14-2022-132600-132600-typeIII.npy,usable,,"{""known_burst_margin"": 10, ""base_threshold_sigma"": 12.0, ""suppression_ramp"": 2.0, ""burst_sigma"": 2.0, ""vrfi_coverage_threshold"": 0.1, ""vrfi_sigma"": 3.0}",2026-08-12T19:53:27+00:00,"{""start_s"": 58.0, ""end_s"": 87.0}",,
burst-Arecibo-Observatory-05-14-2022-134000-134900-typeIII.npy,usable,,"{""known_burst_margin"": 10, ""base_threshold_sigma"": 12.0, ""suppression_ramp"": 2.0, ""burst_sigma"": 2.0, ""vrfi_coverage_threshold"": 0.1, ""vrfi_sigma"": 3.0}",2026-08-12T01:34:21+00:00,"{""start_s"": 50.0, ""end_s"": 600.0}",,
burst-Arecibo-Observatory-05-14-2022-114900-115300-typeIII.npy,usable,,"{""known_burst_margin"": 10, ""base_threshold_sigma"": 12.0, ""suppression_ramp"": 2.0, ""burst_sigma"": 2.0, ""vrfi_coverage_threshold"": 0.1, ""vrfi_sigma"": 3.0}",2026-08-12T19:53:42+00:00,"{""start_s"": 108.0, ""end_s"": 334.0}",,
burst-Arecibo-Observatory-05-14-2022-142400-142600-typeIII.npy,usable,,"{""known_burst_margin"": 10, ""base_threshold_sigma"": 12.0, ""suppression_ramp"": 2.0, ""burst_sigma"": 2.0, ""vrfi_coverage_threshold"": 0.1, ""vrfi_sigma"": 3.0}",2026-08-12T19:53:57+00:00,"{""start_s"": 91.0, ""end_s"": 222.0}",,
burst-Arecibo-Observatory-05-15-2022-115600-115600-typeIII.npy,discard,,,2026-08-12T01:34:59+00:00,,,
burst-Arecibo-Observatory-05-16-2022-181200-181400-typeIII.npy,usable,,"{""known_burst_margin"": 10, ""base_threshold_sigma"": 12.0, ""suppression_ramp"": 2.0, ""burst_sigma"": 2.0, ""vrfi_coverage_threshold"": 0.1, ""vrfi_sigma"": 3.0}",2026-08-12T19:54:16+00:00,"{""start_s"": 73.0, ""end_s"": 209.0}",,
burst-Arecibo-Observatory-05-16-2022-170300-171100-typeIII.npy,discard,,,2026-08-12T01:35:22+00:00,,,
burst-Arecibo-Observatory-05-17-2022-190400-190600-typeIII.npy,discard,,,2026-08-12T01:35:28+00:00,,,
burst-Arecibo-Observatory-05-17-2022-184600-184600-typeIII.npy,discard,,,2026-08-12T01:35:36+00:00,,,
burst-Arecibo-Observatory-05-17-2022-150700-150800-typeIII.npy,usable,,"{""known_burst_margin"": 10, ""base_threshold_sigma"": 12.0, ""suppression_ramp"": 2.0, ""burst_sigma"": 2.0, ""vrfi_coverage_threshold"": 0.1, ""vrfi_sigma"": 3.0}",2026-08-12T01:35:53+00:00,"{""start_s"": 0.0, ""end_s"": 140.0}",,
burst-Arecibo-Observatory-05-17-2022-132000-132000-typeIII.npy,discard,,,2026-08-12T01:35:59+00:00,,,
burst-Arecibo-Observatory-05-17-2022-115100-115100-typeIII.npy,discard,,,2026-08-12T01:36:08+00:00,,,
burst-Arecibo-Observatory-05-18-2022-173700-174200-typeIII.npy,usable,,,2026-08-12T01:36:16+00:00,,,
burst-Arecibo-Observatory-05-18-2022-152900-152900-typeIII.npy,usable,,"{""known_burst_margin"": 10, ""base_threshold_sigma"": 12.0, ""suppression_ramp"": 2.0, ""burst_sigma"": 2.0, ""vrfi_coverage_threshold"": 0.1, ""vrfi_sigma"": 3.0}",2026-08-12T01:36:31+00:00,"{""start_s"": 75.0, ""end_s"": 100.0}",,
burst-Arecibo-Observatory-05-19-2022-175000-175100-typeIII.npy,discard,,,2026-08-12T01:36:38+00:00,,,
burst-Arecibo-Observatory-05-19-2022-161500-162000-typeIII.npy,usable,,"{""known_burst_margin"": 10, ""base_threshold_sigma"": 12.0, ""suppression_ramp"": 2.0, ""burst_sigma"": 2.0, ""vrfi_coverage_threshold"": 0.1, ""vrfi_sigma"": 3.0}",2026-08-12T01:36:54+00:00,"{""start_s"": 360.0, ""end_s"": 410.0}",,
burst-Arecibo-Observatory-05-19-2022-151600-151800-typeIII.npy,discard,,,2026-08-12T02:26:19+00:00,,,
burst-Arecibo-Observatory-05-19-2022-151200-151300-typeIII.npy,discard,,,2026-08-12T01:37:10+00:00,,,
burst-Arecibo-Observatory-05-19-2022-143100-143700-typeIII.npy,discard,,,2026-08-12T01:37:17+00:00,,,
burst-Arecibo-Observatory-05-19-2022-130600-130600-typeIII.npy,discard,,,2026-08-12T01:37:22+00:00,,,
burst-Arecibo-Observatory-05-19-2022-120500-121400-typeII.npy,discard,,,2026-08-12T01:37:29+00:00,,,
burst-Arecibo-Observatory-05-19-2022-142100-142100-typeIII.npy,discard,,,2026-08-12T01:37:35+00:00,,,
burst-Arecibo-Observatory-05-20-2022-170200-170300-typeIII.npy,usable,,"{""known_burst_margin"": 10, ""base_threshold_sigma"": 12.0, ""suppression_ramp"": 2.0, ""burst_sigma"": 2.0, ""vrfi_coverage_threshold"": 0.1, ""vrfi_sigma"": 3.0}",2026-08-12T19:54:31+00:00,"{""start_s"": 87.0, ""end_s"": 157.0}",,
burst-Arecibo-Observatory-05-20-2022-193500-193800-typeIII.npy,usable,,,2026-08-12T01:37:57+00:00,,,
burst-Arecibo-Observatory-05-20-2022-164800-164800-typeIII.npy,usable,,"{""known_burst_margin"": 10, ""base_threshold_sigma"": 12.0, ""suppression_ramp"": 2.0, ""burst_sigma"": 2.0, ""vrfi_coverage_threshold"": 0.1, ""vrfi_sigma"": 3.0}",2026-08-12T19:54:46+00:00,"{""start_s"": 67.0, ""end_s"": 92.0}",,
burst-Arecibo-Observatory-05-20-2022-114200-114800-typeIII.npy,usable,,"{""known_burst_margin"": 10, ""base_threshold_sigma"": 12.0, ""suppression_ramp"": 2.0, ""burst_sigma"": 2.0, ""vrfi_coverage_threshold"": 0.1, ""vrfi_sigma"": 3.0}",2026-08-12T19:55:03+00:00,"{""start_s"": 74.0, ""end_s"": 480.0}",,
burst-Arecibo-Observatory-05-20-2022-142400-142700-typeIII.npy,usable,,,2026-08-12T01:38:38+00:00,,,
burst-Arecibo-Observatory-05-20-2022-141500-141500-typeIII.npy,discard,,,2026-08-12T01:38:44+00:00,,,
burst-Arecibo-Observatory-05-20-2022-124800-124900-typeIII.npy,discard,,,2026-08-12T01:38:50+00:00,,,
burst-Arecibo-Observatory-05-20-2022-160400-161000-typeIII.npy,discard,,,2026-08-12T01:38:57+00:00,,,
burst-Arecibo-Observatory-05-21-2022-165600-165800-typeIII.npy,usable,,"{""known_burst_margin"": 10, ""base_threshold_sigma"": 12.0, ""suppression_ramp"": 2.0, ""burst_sigma"": 2.0, ""vrfi_coverage_threshold"": 0.1, ""vrfi_sigma"": 3.0}",2026-08-12T19:55:18+00:00,"{""start_s"": 63.0, ""end_s"": 215.0}",,
burst-Arecibo-Observatory-05-21-2022-163600-163600-typeIII.npy,usable,,"{""known_burst_margin"": 10, ""base_threshold_sigma"": 12.0, ""suppression_ramp"": 2.0, ""burst_sigma"": 2.0, ""vrfi_coverage_threshold"": 0.1, ""vrfi_sigma"": 3.0}",2026-08-12T01:39:29+00:00,"{""start_s"": 75.0, ""end_s"": 119.0}",,
burst-Arecibo-Observatory-05-21-2022-145700-145800-typeIII.npy,usable,,"{""known_burst_margin"": 10, ""base_threshold_sigma"": 12.0, ""suppression_ramp"": 2.0, ""burst_sigma"": 2.0, ""vrfi_coverage_threshold"": 0.1, ""vrfi_sigma"": 3.0}",2026-08-12T19:55:35+00:00,"{""start_s"": 81.0, ""end_s"": 142.0}",,
burst-Arecibo-Observatory-05-21-2022-144400-144500-typeIII.npy,usable,,"{""known_burst_margin"": 10, ""base_threshold_sigma"": 12.0, ""suppression_ramp"": 2.0, ""burst_sigma"": 2.0, ""vrfi_coverage_threshold"": 0.1, ""vrfi_sigma"": 3.0}",2026-08-12T19:55:50+00:00,"{""start_s"": 3.0, ""end_s"": 139.0}",,
burst-Arecibo-Observatory-05-21-2022-141100-141500-typeIII.npy,usable,,,2026-08-12T01:40:12+00:00,,,
burst-Arecibo-Observatory-05-21-2022-133700-133900-typeIII.npy,usable,,"{""known_burst_margin"": 30, ""base_threshold_sigma"": 12.0, ""suppression_ramp"": 3.0, ""burst_sigma"": 2.0, ""vrfi_coverage_threshold"": 0.1, ""vrfi_sigma"": 3.0}",2026-08-12T02:26:35+00:00,,,
burst-Arecibo-Observatory-05-21-2022-131300-131300-typeIII.npy,usable,,"{""known_burst_margin"": 10, ""base_threshold_sigma"": 12.0, ""suppression_ramp"": 2.0, ""burst_sigma"": 2.0, ""vrfi_coverage_threshold"": 0.1, ""vrfi_sigma"": 3.0}",2026-08-12T19:56:04+00:00,"{""start_s"": 58.0, ""end_s"": 80.0}",,
burst-Arecibo-Observatory-05-21-2022-141500-142100-typeIII.npy,usable,,"{""known_burst_margin"": 10, ""base_threshold_sigma"": 12.0, ""suppression_ramp"": 2.0, ""burst_sigma"": 2.0, ""vrfi_coverage_threshold"": 0.1, ""vrfi_sigma"": 3.0}",2026-08-12T19:56:23+00:00,"{""start_s"": 134.0, ""end_s"": 433.0}",,
burst-Arecibo-Observatory-05-22-2022-140900-141000-typeIII.npy,usable,,"{""known_burst_margin"": 10, ""base_threshold_sigma"": 12.0, ""suppression_ramp"": 2.0, ""burst_sigma"": 2.0, ""vrfi_coverage_threshold"": 0.1, ""vrfi_sigma"": 3.0}",2026-08-12T01:41:09+00:00,"{""start_s"": 100.0, ""end_s"": 140.0}",,
burst-Arecibo-Observatory-05-24-2022-194700-195100-typeIII.npy,discard,,,2026-08-12T01:41:17+00:00,,,
burst-Arecibo-Observatory-05-24-2022-162500-162500-typeIII.npy,usable,,"{""known_burst_margin"": 10, ""base_threshold_sigma"": 12.0, ""suppression_ramp"": 2.0, ""burst_sigma"": 2.0, ""vrfi_coverage_threshold"": 0.1, ""vrfi_sigma"": 3.0}",2026-08-12T19:56:48+00:00,"{""start_s"": 59.0, ""end_s"": 108.0}",,
burst-Arecibo-Observatory-05-24-2022-154800-154800-typeIII.npy,discard,,,2026-08-12T01:41:42+00:00,,,
burst-Arecibo-Observatory-05-24-2022-142600-142600-typeIII.npy,usable,,"{""known_burst_margin"": 10, ""base_threshold_sigma"": 12.0, ""suppression_ramp"": 2.0, ""burst_sigma"": 2.0, ""vrfi_coverage_threshold"": 0.1, ""vrfi_sigma"": 3.0}",2026-08-12T01:41:58+00:00,"{""start_s"": 70.0, ""end_s"": 110.0}",,
burst-Arecibo-Observatory-05-24-2022-160400-160600-typeIII.npy,usable,,"{""known_burst_margin"": 10, ""base_threshold_sigma"": 12.0, ""suppression_ramp"": 2.0, ""burst_sigma"": 2.0, ""vrfi_coverage_threshold"": 0.1, ""vrfi_sigma"": 3.0}",2026-08-12T01:42:31+00:00,"{""start_s"": 100.0, ""end_s"": 200.0}",,
burst-Arecibo-Observatory-05-25-2022-104800-104800-typeIII.npy,discard,,,2026-08-12T01:42:37+00:00,,,
burst-Arecibo-Observatory-05-25-2022-123600-123700-typeIII.npy,usable,,,2026-08-12T01:42:44+00:00,,,
burst-Arecibo-Observatory-05-25-2022-165300-165300-typeIII.npy,usable,,"{""known_burst_margin"": 10, ""base_threshold_sigma"": 12.0, ""suppression_ramp"": 2.0, ""burst_sigma"": 2.0, ""vrfi_coverage_threshold"": 0.1, ""vrfi_sigma"": 3.0}",2026-08-12T01:42:59+00:00,"{""start_s"": 100.0, ""end_s"": 115.0}",,
burst-Arecibo-Observatory-05-25-2022-181300-181400-typeIII.npy,usable,,"{""known_burst_margin"": 10, ""base_threshold_sigma"": 12.0, ""suppression_ramp"": 2.0, ""burst_sigma"": 2.0, ""vrfi_coverage_threshold"": 0.1, ""vrfi_sigma"": 3.0}",2026-08-12T19:57:09+00:00,"{""start_s"": 70.0, ""end_s"": 170.0}",,
burst-Arecibo-Observatory-05-25-2022-181700-182300-typeII.npy,usable,,,2026-08-12T19:57:26+00:00,"{""start_s"": 95.0, ""end_s"": 480.0}",,
burst-Arecibo-Observatory-05-26-2022-143200-143300-typeIII.npy,discard,,,2026-08-12T01:43:40+00:00,,,
burst-Arecibo-Observatory-05-26-2022-145700-145700-typeIII.npy,discard,,,2026-08-12T01:43:48+00:00,,,
burst-Arecibo-Observatory-05-27-2022-160700-161000-typeIII.npy,usable,,"{""known_burst_margin"": 10, ""base_threshold_sigma"": 12.0, ""suppression_ramp"": 2.0, ""burst_sigma"": 2.0, ""vrfi_coverage_threshold"": 0.1, ""vrfi_sigma"": 3.0}",2026-08-12T19:57:43+00:00,"{""start_s"": 76.0, ""end_s"": 294.0}",,
burst-Arecibo-Observatory-05-27-2022-193600-193700-typeIII.npy,usable,,,2026-08-12T01:44:10+00:00,,,
burst-Arecibo-Observatory-05-27-2022-184700-184800-typeIII.npy,discard,,,2026-08-12T01:44:17+00:00,,,
burst-Arecibo-Observatory-05-27-2022-164100-164200-typeIII.npy,usable,,"{""known_burst_margin"": 10, ""base_threshold_sigma"": 12.0, ""suppression_ramp"": 2.0, ""burst_sigma"": 2.0, ""vrfi_coverage_threshold"": 0.1, ""vrfi_sigma"": 3.0}",2026-08-12T19:57:59+00:00,"{""start_s"": 72.0, ""end_s"": 165.0}",,
burst-Arecibo-Observatory-05-27-2022-161300-161400-typeIII.npy,usable,,,2026-08-12T01:44:38+00:00,,,
burst-Arecibo-Observatory-05-27-2022-160100-160100-typeIII.npy,usable,,"{""known_burst_margin"": 10, ""base_threshold_sigma"": 12.0, ""suppression_ramp"": 2.0, ""burst_sigma"": 2.0, ""vrfi_coverage_threshold"": 0.1, ""vrfi_sigma"": 3.0}",2026-08-12T19:58:14+00:00,"{""start_s"": 40.0, ""end_s"": 109.0}",,
burst-Arecibo-Observatory-05-27-2022-163700-163800-typeIII.npy,usable,,"{""known_burst_margin"": 10, ""base_threshold_sigma"": 12.0, ""suppression_ramp"": 2.0, ""burst_sigma"": 2.0, ""vrfi_coverage_threshold"": 0.1, ""vrfi_sigma"": 3.0}",2026-08-12T19:58:30+00:00,"{""start_s"": 65.0, ""end_s"": 171.0}",,
burst-Arecibo-Observatory-05-27-2022-124900-125300-typeIII.npy,usable,,,2026-08-12T01:45:29+00:00,,,
burst-Arecibo-Observatory-05-27-2022-100800-100800-typeIII.npy,usable,,"{""known_burst_margin"": 10, ""base_threshold_sigma"": 12.0, ""suppression_ramp"": 2.0, ""burst_sigma"": 2.0, ""vrfi_coverage_threshold"": 0.1, ""vrfi_sigma"": 3.0}",2026-08-12T01:45:48+00:00,"{""start_s"": 80.0, ""end_s"": 119.0}",,
burst-Arecibo-Observatory-05-27-2022-105600-105600-typeIII.npy,discard,,,2026-08-12T01:46:02+00:00,,,
burst-Arecibo-Observatory-05-28-2022-185800-190300-typeIII.npy,usable,,"{""known_burst_margin"": 10, ""base_threshold_sigma"": 12.0, ""suppression_ramp"": 2.0, ""burst_sigma"": 2.0, ""vrfi_coverage_threshold"": 0.1, ""vrfi_sigma"": 3.0}",2026-08-12T19:58:46+00:00,"{""start_s"": 75.0, ""end_s"": 400.0}",,
burst-Arecibo-Observatory-05-28-2022-182300-182300-typeIII.npy,discard,,,2026-08-12T01:46:53+00:00,,,
burst-Arecibo-Observatory-05-28-2022-160000-161100-typeII.npy,usable,,,2026-08-12T02:26:51+00:00,,,
burst-Arecibo-Observatory-05-28-2022-164100-165400-typeIII.npy,usable,,,2026-08-12T01:47:16+00:00,,,
burst-Arecibo-Observatory-05-28-2022-134700-134800-typeIII.npy,usable,,"{""known_burst_margin"": 10, ""base_threshold_sigma"": 12.0, ""suppression_ramp"": 2.0, ""burst_sigma"": 2.0, ""vrfi_coverage_threshold"": 0.1, ""vrfi_sigma"": 3.0}",2026-08-12T19:59:00+00:00,"{""start_s"": 67.0, ""end_s"": 155.0}",,
burst-Arecibo-Observatory-05-28-2022-130000-130000-typeIII.npy,usable,,"{""known_burst_margin"": 10, ""base_threshold_sigma"": 12.0, ""suppression_ramp"": 2.0, ""burst_sigma"": 2.0, ""vrfi_coverage_threshold"": 0.1, ""vrfi_sigma"": 3.0}",2026-08-12T19:59:12+00:00,"{""start_s"": 66.0, ""end_s"": 101.0}",,
burst-Arecibo-Observatory-05-28-2022-120700-121100-typeIII.npy,usable,,"{""known_burst_margin"": 30, ""base_threshold_sigma"": 12.0, ""suppression_ramp"": 3.0, ""burst_sigma"": 2.0, ""vrfi_coverage_threshold"": 0.1, ""vrfi_sigma"": 3.0}",2026-08-12T02:26:58+00:00,,,
burst-Arecibo-Observatory-05-28-2022-150800-150800-typeIII.npy,discard,,,2026-08-12T01:48:28+00:00,,,
burst-Arecibo-Observatory-05-29-2022-144200-144200-typeIII.npy,discard,,,2026-08-12T01:48:40+00:00,,,
burst-Arecibo-Observatory-05-29-2022-141300-141500-typeIII.npy,usable,,"{""known_burst_margin"": 30, ""base_threshold_sigma"": 12.0, ""suppression_ramp"": 3.0, ""burst_sigma"": 2.0, ""vrfi_coverage_threshold"": 0.1, ""vrfi_sigma"": 3.0}",2026-08-12T02:27:03+00:00,,,
burst-Arecibo-Observatory-05-29-2022-105300-105300-typeIII.npy,usable,,"{""known_burst_margin"": 10, ""base_threshold_sigma"": 12.0, ""suppression_ramp"": 2.0, ""burst_sigma"": 2.0, ""vrfi_coverage_threshold"": 0.1, ""vrfi_sigma"": 3.0}",2026-08-12T01:49:18+00:00,"{""start_s"": 80.0, ""end_s"": 105.0}",,
burst-Arecibo-Observatory-05-29-2022-125600-125700-typeIII.npy,discard,,,2026-08-12T01:49:30+00:00,,,
burst-Arecibo-Observatory-05-30-2022-193100-193500-typeIII.npy,usable,,"{""known_burst_margin"": 10, ""base_threshold_sigma"": 12.0, ""suppression_ramp"": 2.0, ""burst_sigma"": 2.0, ""vrfi_coverage_threshold"": 0.1, ""vrfi_sigma"": 3.0}",2026-08-12T19:59:26+00:00,"{""start_s"": 93.0, ""end_s"": 346.0}",,
burst-Arecibo-Observatory-05-30-2022-180300-180400-typeIII.npy,usable,,,2026-08-12T01:49:58+00:00,,,
burst-Arecibo-Observatory-05-30-2022-145000-145100-typeIII.npy,usable,,"{""known_burst_margin"": 10, ""base_threshold_sigma"": 12.0, ""suppression_ramp"": 2.0, ""burst_sigma"": 2.0, ""vrfi_coverage_threshold"": 0.1, ""vrfi_sigma"": 3.0}",2026-08-12T19:59:39+00:00,"{""start_s"": 66.0, ""end_s"": 156.0}",,
burst-Arecibo-Observatory-05-30-2022-134300-134400-typeIII.npy,usable,,"{""known_burst_margin"": 10, ""base_threshold_sigma"": 12.0, ""suppression_ramp"": 2.0, ""burst_sigma"": 2.0, ""vrfi_coverage_threshold"": 0.1, ""vrfi_sigma"": 3.0}",2026-08-12T01:50:33+00:00,"{""start_s"": 140.0, ""end_s"": 171.0}",,
burst-Arecibo-Observatory-05-30-2022-113400-113400-typeIII.npy,discard,,,2026-08-12T02:04:41+00:00,,,
burst-Arecibo-Observatory-05-30-2022-150300-151100-typeIII.npy,usable,,,2026-08-12T02:27:17+00:00,,,
burst-Arecibo-Observatory-05-31-2022-173600-174200-typeIII.npy,discard,,,2026-08-12T02:27:23+00:00,,,
burst-Arecibo-Observatory-05-31-2022-184500-184700-typeIII.npy,usable,,,2026-08-12T02:27:30+00:00,,,
burst-Arecibo-Observatory-05-31-2022-182600-182600-typeIII.npy,usable,,"{""known_burst_margin"": 10, ""base_threshold_sigma"": 12.0, ""suppression_ramp"": 2.0, ""burst_sigma"": 2.0, ""vrfi_coverage_threshold"": 0.1, ""vrfi_sigma"": 3.0}",2026-08-12T02:28:13+00:00,"{""start_s"": 100.0, ""end_s"": 120.0}",,
burst-Arecibo-Observatory-05-31-2022-172200-172200-typeIII.npy,usable,,"{""known_burst_margin"": 10, ""base_threshold_sigma"": 12.0, ""suppression_ramp"": 2.0, ""burst_sigma"": 2.0, ""vrfi_coverage_threshold"": 0.1, ""vrfi_sigma"": 3.0}",2026-08-12T19:59:51+00:00,"{""start_s"": 68.0, ""end_s"": 82.0}",,
burst-Arecibo-Observatory-05-31-2022-131300-131500-typeIII.npy,flagged_for_retry,,,2026-08-12T02:28:35+00:00,,burst_faint,
burst-Arecibo-Observatory-05-31-2022-144700-144700-typeIII.npy,usable,,"{""known_burst_margin"": 10, ""base_threshold_sigma"": 12.0, ""suppression_ramp"": 2.0, ""burst_sigma"": 2.0, ""vrfi_coverage_threshold"": 0.1, ""vrfi_sigma"": 3.0}",2026-08-12T02:28:49+00:00,"{""start_s"": 70.0, ""end_s"": 90.0}",,
burst-Arecibo-Observatory-05-31-2022-122700-122700-typeIII.npy,usable,,"{""known_burst_margin"": 10, ""base_threshold_sigma"": 12.0, ""suppression_ramp"": 2.0, ""burst_sigma"": 2.0, ""vrfi_coverage_threshold"": 0.1, ""vrfi_sigma"": 3.0}",2026-08-12T02:29:02+00:00,"{""start_s"": 100.0, ""end_s"": 120.0}",,
burst-Arecibo-Observatory-05-31-2022-115000-115000-typeIII.npy,discard,,,2026-08-12T02:29:08+00:00,,,
burst-Arecibo-Observatory-05-31-2022-104200-104200-typeIII.npy,usable,,"{""known_burst_margin"": 10, ""base_threshold_sigma"": 12.0, ""suppression_ramp"": 2.0, ""burst_sigma"": 2.0, ""vrfi_coverage_threshold"": 0.1, ""vrfi_sigma"": 3.0}",2026-08-12T20:00:09+00:00,"{""start_s"": 58.0, ""end_s"": 86.0}",,
burst-Arecibo-Observatory-05-31-2022-154800-154900-typeIII.npy,flagged_for_retry,,,2026-08-12T02:29:32+00:00,,burst_faint,
burst-Arecibo-Observatory-06-01-2022-123100-123100-typeIII.npy,usable,,"{""known_burst_margin"": 10, ""base_threshold_sigma"": 12.0, ""suppression_ramp"": 2.0, ""burst_sigma"": 2.0, ""vrfi_coverage_threshold"": 0.1, ""vrfi_sigma"": 3.0}",2026-08-12T02:29:48+00:00,"{""start_s"": 90.0, ""end_s"": 105.0}",,
burst-Arecibo-Observatory-06-01-2022-131200-131200-typeIII.npy,usable,,"{""known_burst_margin"": 10, ""base_threshold_sigma"": 12.0, ""suppression_ramp"": 2.0, ""burst_sigma"": 2.0, ""vrfi_coverage_threshold"": 0.1, ""vrfi_sigma"": 3.0}",2026-08-12T19:00:26+00:00,"{""start_s"": 80.0, ""end_s"": 90.0}",,
burst-Arecibo-Observatory-06-01-2022-115900-115900-typeIII.npy,discard,,,2026-08-12T19:00:34+00:00,,,
burst-Arecibo-Observatory-06-02-2022-155200-155400-typeIII.npy,usable,,"{""known_burst_margin"": 10, ""base_threshold_sigma"": 12.0, ""suppression_ramp"": 2.0, ""burst_sigma"": 2.0, ""vrfi_coverage_threshold"": 0.1, ""vrfi_sigma"": 3.0}",2026-08-12T20:00:33+00:00,"{""start_s"": 101.0, ""end_s"": 192.0}",,
burst-Arecibo-Observatory-06-02-2022-135500-135900-typeIII.npy,usable,,,2026-08-12T19:00:57+00:00,,,
burst-Arecibo-Observatory-06-02-2022-130300-130400-typeIII.npy,usable,,"{""known_burst_margin"": 10, ""base_threshold_sigma"": 12.0, ""suppression_ramp"": 2.0, ""burst_sigma"": 2.0, ""vrfi_coverage_threshold"": 0.1, ""vrfi_sigma"": 3.0}",2026-08-12T19:01:19+00:00,"{""start_s"": 100.0, ""end_s"": 160.0}",,
burst-Arecibo-Observatory-06-03-2022-200000-200100-typeIII.npy,discard,,,2026-08-12T19:01:28+00:00,,,
burst-Arecibo-Observatory-06-06-2022-102500-102600-typeIII.npy,usable,,,2026-08-12T19:01:39+00:00,,,
burst-Arecibo-Observatory-06-09-2022-164700-164700-typeIII.npy,usable,,"{""known_burst_margin"": 10, ""base_threshold_sigma"": 12.0, ""suppression_ramp"": 2.0, ""burst_sigma"": 2.0, ""vrfi_coverage_threshold"": 0.1, ""vrfi_sigma"": 3.0}",2026-08-12T20:00:51+00:00,"{""start_s"": 67.0, ""end_s"": 82.0}",,
burst-Arecibo-Observatory-06-09-2022-134800-135500-typeIII.npy,usable,,"{""known_burst_margin"": 10, ""base_threshold_sigma"": 12.0, ""suppression_ramp"": 2.0, ""burst_sigma"": 2.0, ""vrfi_coverage_threshold"": 0.1, ""vrfi_sigma"": 3.0}",2026-08-12T20:01:06+00:00,"{""start_s"": 70.0, ""end_s"": 504.0}",,
burst-Arecibo-Observatory-06-09-2022-130300-130400-typeIII.npy,usable,,,2026-08-12T19:02:12+00:00,,,
burst-Arecibo-Observatory-06-09-2022-152700-152800-typeIII.npy,discard,,,2026-08-12T19:02:18+00:00,,,
burst-Arecibo-Observatory-06-11-2022-183200-183300-typeIII.npy,usable,,,2026-08-12T19:02:59+00:00,,,
burst-Arecibo-Observatory-06-12-2022-143200-143200-typeIII.npy,discard,,,2026-08-12T19:03:18+00:00,,,
burst-Arecibo-Observatory-06-13-2022-182200-182600-typeIII.npy,flagged_for_retry,,,2026-08-12T19:03:30+00:00,,burst_faint,
burst-Arecibo-Observatory-06-13-2022-173700-173700-typeIII.npy,usable,,"{""known_burst_margin"": 10, ""base_threshold_sigma"": 12.0, ""suppression_ramp"": 2.0, ""burst_sigma"": 2.0, ""vrfi_coverage_threshold"": 0.1, ""vrfi_sigma"": 3.0}",2026-08-12T20:01:21+00:00,"{""start_s"": 73.0, ""end_s"": 94.0}",,
burst-Arecibo-Observatory-06-13-2022-151500-151800-typeIII.npy,usable,,,2026-08-12T19:03:56+00:00,,,
burst-Arecibo-Observatory-06-13-2022-134800-135200-typeIII.npy,usable,,"{""known_burst_margin"": 10, ""base_threshold_sigma"": 12.0, ""suppression_ramp"": 2.0, ""burst_sigma"": 2.0, ""vrfi_coverage_threshold"": 0.1, ""vrfi_sigma"": 3.0}",2026-08-12T20:01:33+00:00,"{""start_s"": 65.0, ""end_s"": 320.0}",,
burst-Arecibo-Observatory-06-13-2022-191400-191400-typeIII.npy,usable,,"{""known_burst_margin"": 10, ""base_threshold_sigma"": 12.0, ""suppression_ramp"": 2.0, ""burst_sigma"": 2.0, ""vrfi_coverage_threshold"": 0.1, ""vrfi_sigma"": 3.0}",2026-08-12T20:01:45+00:00,"{""start_s"": 65.0, ""end_s"": 77.0}",,
burst-Arecibo-Observatory-06-13-2022-124000-124100-typeIII.npy,usable,,"{""known_burst_margin"": 10, ""base_threshold_sigma"": 12.0, ""suppression_ramp"": 2.0, ""burst_sigma"": 2.0, ""vrfi_coverage_threshold"": 0.1, ""vrfi_sigma"": 3.0}",2026-08-12T20:02:00+00:00,"{""start_s"": 102.0, ""end_s"": 139.0}",,
burst-Arecibo-Observatory-06-13-2022-120400-120500-typeIII.npy,usable,,,2026-08-12T19:04:51+00:00,,,
burst-Arecibo-Observatory-06-13-2022-115200-115300-typeIII.npy,discard,,,2026-08-12T19:04:58+00:00,,,
burst-Arecibo-Observatory-06-13-2022-125700-125800-typeIII.npy,usable,,"{""known_burst_margin"": 10, ""base_threshold_sigma"": 12.0, ""suppression_ramp"": 2.0, ""burst_sigma"": 2.0, ""vrfi_coverage_threshold"": 0.1, ""vrfi_sigma"": 3.0}",2026-08-12T19:05:15+00:00,"{""start_s"": 100.0, ""end_s"": 130.0}",,
burst-Arecibo-Observatory-06-14-2022-190500-191200-typeIII.npy,discard,,,2026-08-12T19:05:22+00:00,,,
burst-Arecibo-Observatory-06-14-2022-140400-140400-typeIII.npy,flagged_for_retry,,,2026-08-12T19:05:44+00:00,"{""start_s"": 95.0, ""end_s"": 120.0}",burst_faint,
burst-Arecibo-Observatory-06-24-2022-162700-162700-typeIII.npy,usable,,"{""known_burst_margin"": 10, ""base_threshold_sigma"": 12.0, ""suppression_ramp"": 2.0, ""burst_sigma"": 2.0, ""vrfi_coverage_threshold"": 0.1, ""vrfi_sigma"": 3.0}",2026-08-12T19:06:01+00:00,"{""start_s"": 80.0, ""end_s"": 119.0}",,
burst-Arecibo-Observatory-06-24-2022-134500-134900-typeIII.npy,usable,,"{""known_burst_margin"": 10, ""base_threshold_sigma"": 12.0, ""suppression_ramp"": 2.0, ""burst_sigma"": 2.0, ""vrfi_coverage_threshold"": 0.1, ""vrfi_sigma"": 3.0}",2026-08-12T20:02:10+00:00,"{""start_s"": 63.0, ""end_s"": 343.0}",,
burst-Arecibo-Observatory-06-25-2022-180800-180900-typeIII.npy,usable,,"{""known_burst_margin"": 10, ""base_threshold_sigma"": 12.0, ""suppression_ramp"": 2.0, ""burst_sigma"": 2.0, ""vrfi_coverage_threshold"": 0.1, ""vrfi_sigma"": 3.0}",2026-08-12T19:35:11+00:00,"{""start_s"": 93.0, ""end_s"": 133.0}",,
burst-Arecibo-Observatory-06-25-2022-191000-191100-typeIII.npy,discard,,,2026-08-12T19:06:42+00:00,,,
burst-Arecibo-Observatory-06-25-2022-175300-175500-typeIII.npy,usable,,,2026-08-12T19:06:50+00:00,,,
burst-Arecibo-Observatory-06-25-2022-151000-151700-typeIII.npy,usable,,,2026-08-12T19:06:57+00:00,,,
burst-Arecibo-Observatory-06-25-2022-145700-145800-typeIII.npy,usable,,"{""known_burst_margin"": 10, ""base_threshold_sigma"": 12.0, ""suppression_ramp"": 2.0, ""burst_sigma"": 2.0, ""vrfi_coverage_threshold"": 0.1, ""vrfi_sigma"": 3.0}",2026-08-12T19:35:23+00:00,"{""start_s"": 52.0, ""end_s"": 159.0}",,
burst-Arecibo-Observatory-06-25-2022-135800-140100-typeIII.npy,usable,,"{""known_burst_margin"": 10, ""base_threshold_sigma"": 12.0, ""suppression_ramp"": 2.0, ""burst_sigma"": 2.0, ""vrfi_coverage_threshold"": 0.1, ""vrfi_sigma"": 3.0}",2026-08-12T19:07:28+00:00,"{""start_s"": 40.0, ""end_s"": 280.0}",,
burst-Arecibo-Observatory-06-25-2022-162600-162700-typeIII.npy,usable,,,2026-08-12T19:07:35+00:00,,,
burst-Arecibo-Observatory-06-26-2022-172600-172600-typeIII.npy,discard,,,2026-08-12T19:07:42+00:00,,,
burst-Arecibo-Observatory-06-26-2022-112600-112600-typeIII.npy,discard,,,2026-08-12T19:08:00+00:00,,,
burst-Arecibo-Observatory-06-26-2022-155500-155600-typeIII.npy,usable,,"{""known_burst_margin"": 10, ""base_threshold_sigma"": 12.0, ""suppression_ramp"": 2.0, ""burst_sigma"": 2.0, ""vrfi_coverage_threshold"": 0.1, ""vrfi_sigma"": 3.0}",2026-08-12T19:08:16+00:00,"{""start_s"": 100.0, ""end_s"": 150.0}",,
burst-Arecibo-Observatory-06-27-2022-174500-175300-typeIII.npy,usable,,"{""known_burst_margin"": 10, ""base_threshold_sigma"": 12.0, ""suppression_ramp"": 2.0, ""burst_sigma"": 2.0, ""vrfi_coverage_threshold"": 0.1, ""vrfi_sigma"": 3.0}",2026-08-12T19:35:37+00:00,"{""start_s"": 66.0, ""end_s"": 578.0}",,
burst-Arecibo-Observatory-06-27-2022-180900-182500-typeIII.npy,usable,,,2026-08-12T19:08:41+00:00,,,
burst-Arecibo-Observatory-06-27-2022-173100-173300-typeIII.npy,usable,,"{""known_burst_margin"": 10, ""base_threshold_sigma"": 12.0, ""suppression_ramp"": 2.0, ""burst_sigma"": 2.0, ""vrfi_coverage_threshold"": 0.1, ""vrfi_sigma"": 3.0}",2026-08-12T19:35:47+00:00,"{""start_s"": 87.0, ""end_s"": 231.0}",,
burst-Arecibo-Observatory-06-27-2022-155500-160100-typeIII.npy,usable,,"{""known_burst_margin"": 10, ""base_threshold_sigma"": 12.0, ""suppression_ramp"": 2.0, ""burst_sigma"": 2.0, ""vrfi_coverage_threshold"": 0.1, ""vrfi_sigma"": 3.0}",2026-08-12T19:36:02+00:00,"{""start_s"": 89.0, ""end_s"": 459.0}",,
burst-Arecibo-Observatory-06-27-2022-140200-141000-typeIII.npy,usable,,"{""known_burst_margin"": 10, ""base_threshold_sigma"": 12.0, ""suppression_ramp"": 2.0, ""burst_sigma"": 2.0, ""vrfi_coverage_threshold"": 0.1, ""vrfi_sigma"": 3.0}",2026-08-12T19:36:19+00:00,"{""start_s"": 368.0, ""end_s"": 585.0}",,
burst-Arecibo-Observatory-06-27-2022-130900-131100-typeIII.npy,usable,,,2026-08-12T19:09:47+00:00,,,
burst-Arecibo-Observatory-06-27-2022-125000-125300-typeIII.npy,usable,,"{""known_burst_margin"": 10, ""base_threshold_sigma"": 12.0, ""suppression_ramp"": 2.0, ""burst_sigma"": 2.0, ""vrfi_coverage_threshold"": 0.1, ""vrfi_sigma"": 3.0}",2026-08-12T19:36:30+00:00,"{""start_s"": 110.0, ""end_s"": 279.0}",,
burst-Arecibo-Observatory-06-27-2022-120500-121200-typeIII.npy,usable,,"{""known_burst_margin"": 10, ""base_threshold_sigma"": 12.0, ""suppression_ramp"": 2.0, ""burst_sigma"": 2.0, ""vrfi_coverage_threshold"": 0.1, ""vrfi_sigma"": 3.0}",2026-08-12T19:37:05+00:00,"{""start_s"": 93.0, ""end_s"": 534.0}",,
burst-Arecibo-Observatory-06-27-2022-110300-110400-typeIII.npy,usable,,"{""known_burst_margin"": 10, ""base_threshold_sigma"": 12.0, ""suppression_ramp"": 2.0, ""burst_sigma"": 2.0, ""vrfi_coverage_threshold"": 0.1, ""vrfi_sigma"": 3.0}",2026-08-12T20:04:05+00:00,"{""start_s"": 87.0, ""end_s"": 116.0}",,
burst-Arecibo-Observatory-06-27-2022-104900-105600-typeIII.npy,usable,,"{""known_burst_margin"": 10, ""base_threshold_sigma"": 12.0, ""suppression_ramp"": 2.0, ""burst_sigma"": 2.0, ""vrfi_coverage_threshold"": 0.1, ""vrfi_sigma"": 3.0}",2026-08-12T20:04:20+00:00,"{""start_s"": 95.0, ""end_s"": 508.0}",,
burst-Arecibo-Observatory-06-28-2022-104000-104000-typeIII.npy,discard,,,2026-08-12T20:04:27+00:00,,,
burst-Arecibo-Observatory-07-02-2022-181500-182000-typeIII.npy,usable,,"{""known_burst_margin"": 10, ""base_threshold_sigma"": 12.0, ""suppression_ramp"": 2.0, ""burst_sigma"": 2.0, ""vrfi_coverage_threshold"": 0.1, ""vrfi_sigma"": 3.0}",2026-08-12T20:06:17+00:00,"{""start_s"": 84.0, ""end_s"": 388.0}",,
burst-Arecibo-Observatory-07-02-2022-163800-164300-typeIII.npy,usable,,"{""known_burst_margin"": 10, ""base_threshold_sigma"": 12.0, ""suppression_ramp"": 2.0, ""burst_sigma"": 2.0, ""vrfi_coverage_threshold"": 0.1, ""vrfi_sigma"": 3.0}",2026-08-12T20:06:45+00:00,"{""start_s"": 78.0, ""end_s"": 144.0}",,
burst-Arecibo-Observatory-07-02-2022-111700-111800-typeIII.npy,usable,,"{""known_burst_margin"": 10, ""base_threshold_sigma"": 12.0, ""suppression_ramp"": 2.0, ""burst_sigma"": 2.0, ""vrfi_coverage_threshold"": 0.1, ""vrfi_sigma"": 3.0}",2026-08-12T20:07:14+00:00,"{""start_s"": 110.0, ""end_s"": 131.0}",,
burst-Arecibo-Observatory-07-02-2022-162700-162800-typeIII.npy,usable,,"{""known_burst_margin"": 10, ""base_threshold_sigma"": 12.0, ""suppression_ramp"": 2.0, ""burst_sigma"": 2.0, ""vrfi_coverage_threshold"": 0.1, ""vrfi_sigma"": 3.0}",2026-08-12T20:07:33+00:00,"{""start_s"": 114.0, ""end_s"": 166.0}",,
burst-Arecibo-Observatory-07-02-2022-131300-131800-typeIII.npy,usable,,"{""known_burst_margin"": 10, ""base_threshold_sigma"": 12.0, ""suppression_ramp"": 2.0, ""burst_sigma"": 2.0, ""vrfi_coverage_threshold"": 0.1, ""vrfi_sigma"": 3.0}",2026-08-12T22:02:07+00:00,"{""start_s"": 89.0, ""end_s"": 414.0}",,
burst-Arecibo-Observatory-07-02-2022-112400-112700-typeIII.npy,usable,,"{""known_burst_margin"": 10, ""base_threshold_sigma"": 12.0, ""suppression_ramp"": 2.0, ""burst_sigma"": 2.0, ""vrfi_coverage_threshold"": 0.1, ""vrfi_sigma"": 3.0}",2026-08-12T22:03:40+00:00,"{""start_s"": 171.0, ""end_s"": 270.0}",,
burst-Arecibo-Observatory-07-04-2022-133600-135100-typeII.npy,usable,,,2026-08-12T22:04:08+00:00,"{""start_s"": 26.0, ""end_s"": 938.0}",,
burst-Arecibo-Observatory-08-03-2022-171200-172100-typeII.npy,usable,,,2026-08-12T22:04:29+00:00,"{""start_s"": 150.0, ""end_s"": 539.0}",,
burst-Arecibo-Observatory-08-07-2022-112100-112300-typeV.npy,usable,,,2026-08-12T22:04:43+00:00,"{""start_s"": 111.0, ""end_s"": 174.0}",,
burst-Arecibo-Observatory-08-14-2022-120400-120900-typeII.npy,usable,,,2026-08-12T22:04:59+00:00,"{""start_s"": 114.0, ""end_s"": 381.0}",,
burst-Arecibo-Observatory-08-15-2022-150100-150500-typeII.npy,usable,,,2026-08-12T22:05:13+00:00,"{""start_s"": 27.0, ""end_s"": 314.0}",,
burst-Arecibo-Observatory-08-15-2022-155300-155600-typeV.npy,usable,,,2026-08-12T22:05:27+00:00,"{""start_s"": 81.0, ""end_s"": 299.0}",,
burst-Arecibo-Observatory-08-18-2022-120100-121500-typeII.npy,usable,,,2026-08-12T22:05:53+00:00,"{""start_s"": 419.0, ""end_s"": 902.0}",,
burst-Arecibo-Observatory-08-18-2022-104900-110800-typeII.npy,usable,,,2026-08-12T22:06:11+00:00,"{""start_s"": 464.0, ""end_s"": 1200.0}",,
burst-Arecibo-Observatory-08-28-2022-160900-161200-typeII.npy,usable,,,2026-08-12T22:06:29+00:00,"{""start_s"": 64.0, ""end_s"": 218.0}",,
burst-Arecibo-Observatory-08-30-2022-174100-174500-typeII.npy,usable,,,2026-08-12T22:06:46+00:00,"{""start_s"": 76.0, ""end_s"": 281.0}",,
burst-Arecibo-Observatory-09-19-2022-193500-193700-typeV.npy,usable,,,2026-08-12T22:07:03+00:00,"{""start_s"": 114.0, ""end_s"": 188.0}",,
burst-Arecibo-Observatory-09-23-2022-140100-140500-typeII.npy,usable,,,2026-08-12T22:07:22+00:00,"{""start_s"": 152.0, ""end_s"": 329.0}",,
burst-Arecibo-Observatory-09-24-2022-150500-150600-typeV.npy,usable,,,2026-08-12T22:07:36+00:00,"{""start_s"": 116.0, ""end_s"": 137.0}",,
burst-Arecibo-Observatory-09-29-2022-115400-115900-typeV.npy,usable,,,2026-08-12T22:07:52+00:00,"{""start_s"": 100.0, ""end_s"": 325.0}",,
burst-Arecibo-Observatory-10-12-2022-142400-143400-typeII.npy,usable,,,2026-08-12T22:08:02+00:00,,,
burst-Arecibo-Observatory-10-25-2022-185800-190200-typeV.npy,usable,,,2026-08-12T22:08:17+00:00,"{""start_s"": 178.0, ""end_s"": 305.0}",,
burst-Arecibo-Observatory-11-10-2022-171400-171600-typeV.npy,usable,,,2026-08-12T22:08:32+00:00,"{""start_s"": 66.0, ""end_s"": 173.0}",,
burst-Arecibo-Observatory-11-12-2022-180100-180400-typeV.npy,usable,,,2026-08-12T22:08:47+00:00,"{""start_s"": 84.0, ""end_s"": 263.0}",,
burst-Arecibo-Observatory-11-19-2022-125100-130900-typeII.npy,usable,,,2026-08-12T22:09:05+00:00,"{""start_s"": 7.0, ""end_s"": 1062.0}",,
burst-Arecibo-Observatory-12-03-2022-174400-180000-typeII.npy,usable,,,2026-08-12T22:09:21+00:00,"{""start_s"": 82.0, ""end_s"": 683.0}",,
burst-Arecibo-Observatory-02-17-2023-195900-203300-typeII.npy,usable,,,2026-08-12T22:09:40+00:00,"{""start_s"": 82.0, ""end_s"": 1186.0}",,
burst-Arecibo-Observatory-02-20-2023-150700-151300-typeII.npy,usable,,,2026-08-12T22:10:02+00:00,"{""start_s"": 78.0, ""end_s"": 281.0}",,
burst-Arecibo-Observatory-02-21-2023-201900-203000-typeII.npy,discard,,,2026-08-12T22:10:15+00:00,,,
burst-Arecibo-Observatory-02-24-2023-202100-204000-typeII.npy,usable,,,2026-08-12T22:10:32+00:00,"{""start_s"": 98.0, ""end_s"": 458.0}",,
burst-Arecibo-Observatory-02-25-2023-192300-193900-typeII.npy,usable,,,2026-08-12T22:10:49+00:00,"{""start_s"": 4.0, ""end_s"": 488.0}",,
burst-Arecibo-Observatory-02-27-2023-152100-152300-typeV.npy,usable,,,2026-08-12T22:11:03+00:00,"{""start_s"": 79.0, ""end_s"": 178.0}",,
burst-Arecibo-Observatory-03-03-2023-180100-182500-typeII.npy,usable,,,2026-08-12T22:11:36+00:00,"{""start_s"": 138.0, ""end_s"": 1559.0}",,
burst-Arecibo-Observatory-03-04-2023-153100-153500-typeII.npy,usable,,,2026-08-12T22:11:51+00:00,"{""start_s"": 70.0, ""end_s"": 358.0}",,
burst-Arecibo-Observatory-04-21-2023-181500-182100-typeII.npy,usable,,,2026-08-12T22:12:06+00:00,"{""start_s"": 6.0, ""end_s"": 399.0}",,
burst-Arecibo-Observatory-04-21-2023-175900-180000-typeV.npy,usable,,,2026-08-12T22:12:24+00:00,"{""start_s"": 46.0, ""end_s"": 179.0}",,
burst-Arecibo-Observatory-04-21-2023-175500-181100-typeII.npy,usable,,,2026-08-12T22:12:40+00:00,"{""start_s"": 294.0, ""end_s"": 1080.0}",,
burst-Arecibo-Observatory-05-09-2023-184000-185100-typeII.npy,usable,,,2026-08-12T22:12:55+00:00,"{""start_s"": 88.0, ""end_s"": 780.0}",,
burst-Arecibo-Observatory-05-11-2023-180800-181000-typeV.npy,usable,,,2026-08-12T22:13:08+00:00,"{""start_s"": 90.0, ""end_s"": 179.0}",,
burst-Arecibo-Observatory-05-11-2023-183200-184200-typeII.npy,usable,,,2026-08-12T22:13:23+00:00,"{""start_s"": 116.0, ""end_s"": 505.0}",,
burst-Arecibo-Observatory-05-16-2023-173100-173800-typeII.npy,usable,,,2026-08-12T22:13:39+00:00,"{""start_s"": 107.0, ""end_s"": 537.0}",,
burst-Arecibo-Observatory-05-17-2023-150800-151100-typeV.npy,usable,,,2026-08-12T22:13:56+00:00,"{""start_s"": 96.0, ""end_s"": 246.0}",,
burst-Arecibo-Observatory-05-17-2023-152200-152700-typeII.npy,usable,,,2026-08-12T22:14:13+00:00,"{""start_s"": 71.0, ""end_s"": 300.0}",,
burst-Arecibo-Observatory-05-19-2023-153400-153500-typeV.npy,usable,,,2026-08-12T22:14:26+00:00,"{""start_s"": 101.0, ""end_s"": 177.0}",,
burst-Arecibo-Observatory-06-13-2023-174300-175100-typeII.npy,usable,,,2026-08-12T22:14:42+00:00,"{""start_s"": 105.0, ""end_s"": 536.0}",,
burst-Arecibo-Observatory-06-18-2023-135300-140700-typeII.npy,usable,,,2026-08-12T22:14:58+00:00,"{""start_s"": 42.0, ""end_s"": 735.0}",,
burst-Arecibo-Observatory-06-19-2023-121400-122400-typeII.npy,usable,,,2026-08-12T22:15:23+00:00,"{""start_s"": 155.0, ""end_s"": 443.0}",,
burst-Arecibo-Observatory-06-20-2023-170200-172800-typeII.npy,usable,,,2026-08-12T22:15:44+00:00,"{""start_s"": 80.0, ""end_s"": 1673.0}",,
burst-Arecibo-Observatory-06-21-2023-154300-154700-typeII.npy,usable,,,2026-08-12T22:16:01+00:00,"{""start_s"": 67.0, ""end_s"": 296.0}",,
burst-Arecibo-Observatory-07-03-2023-210400-210700-typeV.npy,usable,,,2026-08-12T22:16:19+00:00,"{""start_s"": 123.0, ""end_s"": 147.0}",,
burst-Arecibo-Observatory-07-03-2023-183600-183900-typeII.npy,usable,,,2026-08-12T22:16:33+00:00,"{""start_s"": 122.0, ""end_s"": 230.0}",,
burst-Arecibo-Observatory-07-08-2023-200500-200700-typeV.npy,usable,,,2026-08-12T22:16:48+00:00,"{""start_s"": 95.0, ""end_s"": 189.0}",,
burst-Arecibo-Observatory-07-10-2023-114600-115900-typeII.npy,usable,,,2026-08-12T22:17:18+00:00,"{""start_s"": 79.0, ""end_s"": 846.0}",,
burst-Arecibo-Observatory-07-14-2023-185500-185800-typeV.npy,usable,,,2026-08-12T22:17:34+00:00,"{""start_s"": 49.0, ""end_s"": 292.0}",,
burst-Arecibo-Observatory-07-14-2023-164400-165800-typeII.npy,usable,,,2026-08-12T22:17:50+00:00,"{""start_s"": 135.0, ""end_s"": 894.0}",,
burst-Arecibo-Observatory-07-14-2023-124800-125600-typeV.npy,usable,,,2026-08-12T22:18:04+00:00,"{""start_s"": 77.0, ""end_s"": 254.0}",,
burst-Arecibo-Observatory-07-15-2023-163200-164400-typeII.npy,usable,,,2026-08-12T22:18:19+00:00,"{""start_s"": 77.0, ""end_s"": 838.0}",,
burst-Arecibo-Observatory-07-15-2023-200600-201200-typeII.npy,usable,,,2026-08-12T22:18:36+00:00,"{""start_s"": 108.0, ""end_s"": 372.0}",,
burst-Arecibo-Observatory-07-15-2023-195600-200000-typeV.npy,usable,,,2026-08-12T22:18:51+00:00,"{""start_s"": 98.0, ""end_s"": 296.0}",,
burst-Arecibo-Observatory-07-15-2023-101700-102600-typeII.npy,usable,,,2026-08-12T22:19:10+00:00,"{""start_s"": 165.0, ""end_s"": 576.0}",,
burst-Arecibo-Observatory-07-18-2023-172700-174800-typeII.npy,usable,,,2026-08-12T22:19:26+00:00,"{""start_s"": 14.0, ""end_s"": 1358.0}",,
burst-Arecibo-Observatory-07-03-2022-204100-204100-typeIII.npy,usable,,"{""known_burst_margin"": 10, ""base_threshold_sigma"": 12.0, ""suppression_ramp"": 2.0, ""burst_sigma"": 2.0, ""vrfi_coverage_threshold"": 0.1, ""vrfi_sigma"": 3.0}",2026-08-12T22:19:49+00:00,"{""start_s"": 98.0, ""end_s"": 104.0}",,
burst-Arecibo-Observatory-07-03-2022-183800-183800-typeIII.npy,usable,,"{""known_burst_margin"": 10, ""base_threshold_sigma"": 12.0, ""suppression_ramp"": 2.0, ""burst_sigma"": 2.0, ""vrfi_coverage_threshold"": 0.1, ""vrfi_sigma"": 3.0}",2026-08-12T22:20:15+00:00,"{""start_s"": 72.0, ""end_s"": 106.0}",,
burst-Arecibo-Observatory-07-03-2022-172100-172400-typeIII.npy,usable,,"{""known_burst_margin"": 10, ""base_threshold_sigma"": 12.0, ""suppression_ramp"": 2.0, ""burst_sigma"": 2.0, ""vrfi_coverage_threshold"": 0.1, ""vrfi_sigma"": 3.0}",2026-08-12T22:20:30+00:00,"{""start_s"": 130.0, ""end_s"": 218.0}",,
burst-Arecibo-Observatory-07-03-2022-170000-170000-typeIII.npy,usable,,"{""known_burst_margin"": 10, ""base_threshold_sigma"": 12.0, ""suppression_ramp"": 2.0, ""burst_sigma"": 2.0, ""vrfi_coverage_threshold"": 0.1, ""vrfi_sigma"": 3.0}",2026-08-12T22:20:46+00:00,"{""start_s"": 100.0, ""end_s"": 112.0}",,
burst-Arecibo-Observatory-07-03-2022-162000-162300-typeIII.npy,usable,,"{""known_burst_margin"": 10, ""base_threshold_sigma"": 12.0, ""suppression_ramp"": 2.0, ""burst_sigma"": 2.0, ""vrfi_coverage_threshold"": 0.1, ""vrfi_sigma"": 3.0}",2026-08-12T22:21:44+00:00,"{""start_s"": 87.0, ""end_s"": 244.0}",,
burst-Arecibo-Observatory-07-03-2022-160300-160400-typeIII.npy,usable,,"{""known_burst_margin"": 10, ""base_threshold_sigma"": 12.0, ""suppression_ramp"": 2.0, ""burst_sigma"": 2.0, ""vrfi_coverage_threshold"": 0.1, ""vrfi_sigma"": 3.0}",2026-08-12T22:22:02+00:00,"{""start_s"": 34.0, ""end_s"": 138.0}",,
burst-Arecibo-Observatory-07-03-2022-150500-150500-typeIII.npy,usable,,"{""known_burst_margin"": 10, ""base_threshold_sigma"": 12.0, ""suppression_ramp"": 2.0, ""burst_sigma"": 2.0, ""vrfi_coverage_threshold"": 0.1, ""vrfi_sigma"": 3.0}",2026-08-12T22:22:14+00:00,"{""start_s"": 89.0, ""end_s"": 100.0}",,
burst-Arecibo-Observatory-07-03-2022-140800-141300-typeIII.npy,usable,,"{""known_burst_margin"": 10, ""base_threshold_sigma"": 12.0, ""suppression_ramp"": 2.0, ""burst_sigma"": 2.0, ""vrfi_coverage_threshold"": 0.1, ""vrfi_sigma"": 3.0}",2026-08-12T22:22:33+00:00,"{""start_s"": 176.0, ""end_s"": 404.0}",,
burst-Arecibo-Observatory-07-03-2022-145600-145700-typeIII.npy,usable,,"{""known_burst_margin"": 10, ""base_threshold_sigma"": 12.0, ""suppression_ramp"": 2.0, ""burst_sigma"": 2.0, ""vrfi_coverage_threshold"": 0.1, ""vrfi_sigma"": 3.0}",2026-08-12T22:22:47+00:00,"{""start_s"": 71.0, ""end_s"": 131.0}",,
burst-Arecibo-Observatory-07-03-2022-124600-125100-typeIII.npy,usable,,"{""known_burst_margin"": 10, ""base_threshold_sigma"": 12.0, ""suppression_ramp"": 2.0, ""burst_sigma"": 2.0, ""vrfi_coverage_threshold"": 0.1, ""vrfi_sigma"": 3.0}",2026-08-12T22:23:08+00:00,"{""start_s"": 100.0, ""end_s"": 397.0}",,
burst-Arecibo-Observatory-07-03-2022-131000-131100-typeIII.npy,usable,,"{""known_burst_margin"": 10, ""base_threshold_sigma"": 12.0, ""suppression_ramp"": 2.0, ""burst_sigma"": 2.0, ""vrfi_coverage_threshold"": 0.1, ""vrfi_sigma"": 3.0}",2026-08-12T22:23:23+00:00,"{""start_s"": 91.0, ""end_s"": 156.0}",,
burst-Arecibo-Observatory-07-03-2022-131700-131900-typeIII.npy,usable,,"{""known_burst_margin"": 10, ""base_threshold_sigma"": 12.0, ""suppression_ramp"": 2.0, ""burst_sigma"": 2.0, ""vrfi_coverage_threshold"": 0.1, ""vrfi_sigma"": 3.0}",2026-08-12T22:23:37+00:00,"{""start_s"": 113.0, ""end_s"": 169.0}",,
burst-Arecibo-Observatory-07-03-2022-133900-133900-typeIII.npy,usable,,"{""known_burst_margin"": 10, ""base_threshold_sigma"": 12.0, ""suppression_ramp"": 2.0, ""burst_sigma"": 2.0, ""vrfi_coverage_threshold"": 0.1, ""vrfi_sigma"": 3.0}",2026-08-12T22:23:54+00:00,"{""start_s"": 70.0, ""end_s"": 86.0}",,
burst-Arecibo-Observatory-07-04-2022-160700-160800-typeIII.npy,usable,,"{""known_burst_margin"": 10, ""base_threshold_sigma"": 12.0, ""suppression_ramp"": 2.0, ""burst_sigma"": 2.0, ""vrfi_coverage_threshold"": 0.1, ""vrfi_sigma"": 3.0}",2026-08-12T22:24:09+00:00,"{""start_s"": 105.0, ""end_s"": 118.0}",,
burst-Arecibo-Observatory-07-04-2022-193600-193600-typeIII.npy,discard,,,2026-08-12T22:24:17+00:00,,,
burst-Arecibo-Observatory-07-04-2022-172500-172500-typeIII.npy,discard,,,2026-08-12T22:24:24+00:00,,,
burst-Arecibo-Observatory-07-04-2022-155400-155400-typeIII.npy,usable,,"{""known_burst_margin"": 10, ""base_threshold_sigma"": 12.0, ""suppression_ramp"": 2.0, ""burst_sigma"": 2.0, ""vrfi_coverage_threshold"": 0.1, ""vrfi_sigma"": 3.0}",2026-08-12T22:24:40+00:00,"{""start_s"": 61.0, ""end_s"": 77.0}",,
burst-Arecibo-Observatory-07-04-2022-122100-122100-typeIII.npy,discard,,,2026-08-12T22:24:48+00:00,,,
burst-Arecibo-Observatory-07-04-2022-105700-105800-typeIII.npy,discard,,,2026-08-12T22:24:59+00:00,,,
burst-Arecibo-Observatory-07-05-2022-183500-183900-typeIII.npy,usable,,"{""known_burst_margin"": 10, ""base_threshold_sigma"": 12.0, ""suppression_ramp"": 2.0, ""burst_sigma"": 2.0, ""vrfi_coverage_threshold"": 0.1, ""vrfi_sigma"": 3.0}",2026-08-12T22:25:40+00:00,"{""start_s"": 71.0, ""end_s"": 87.0}",,
burst-Arecibo-Observatory-07-05-2022-174500-174600-typeIII.npy,usable,,"{""known_burst_margin"": 10, ""base_threshold_sigma"": 12.0, ""suppression_ramp"": 2.0, ""burst_sigma"": 2.0, ""vrfi_coverage_threshold"": 0.1, ""vrfi_sigma"": 3.0}",2026-08-12T22:26:21+00:00,"{""start_s"": 115.0, ""end_s"": 121.0}",,
burst-Arecibo-Observatory-07-05-2022-152300-152600-typeIII.npy,usable,,"{""known_burst_margin"": 10, ""base_threshold_sigma"": 12.0, ""suppression_ramp"": 2.0, ""burst_sigma"": 2.0, ""vrfi_coverage_threshold"": 0.1, ""vrfi_sigma"": 3.0}",2026-08-12T22:26:49+00:00,"{""start_s"": 61.0, ""end_s"": 282.0}",,
burst-Arecibo-Observatory-07-05-2022-151200-151300-typeIII.npy,usable,,"{""known_burst_margin"": 10, ""base_threshold_sigma"": 12.0, ""suppression_ramp"": 2.0, ""burst_sigma"": 2.0, ""vrfi_coverage_threshold"": 0.1, ""vrfi_sigma"": 3.0}",2026-08-12T22:27:19+00:00,"{""start_s"": 117.0, ""end_s"": 134.0}",,
burst-Arecibo-Observatory-07-05-2022-150000-150100-typeIII.npy,usable,,"{""known_burst_margin"": 10, ""base_threshold_sigma"": 12.0, ""suppression_ramp"": 2.0, ""burst_sigma"": 2.0, ""vrfi_coverage_threshold"": 0.1, ""vrfi_sigma"": 3.0}",2026-08-12T22:27:39+00:00,"{""start_s"": 75.0, ""end_s"": 87.0}",,
burst-Arecibo-Observatory-07-05-2022-112500-112700-typeIII.npy,usable,,"{""known_burst_margin"": 10, ""base_threshold_sigma"": 12.0, ""suppression_ramp"": 2.0, ""burst_sigma"": 2.0, ""vrfi_coverage_threshold"": 0.1, ""vrfi_sigma"": 3.0}",2026-08-12T22:28:01+00:00,"{""start_s"": 154.0, ""end_s"": 172.0}",,
burst-Arecibo-Observatory-07-05-2022-110300-111500-typeIII.npy,usable,,"{""known_burst_margin"": 10, ""base_threshold_sigma"": 12.0, ""suppression_ramp"": 2.0, ""burst_sigma"": 2.0, ""vrfi_coverage_threshold"": 0.1, ""vrfi_sigma"": 3.0}",2026-08-12T22:28:24+00:00,"{""start_s"": 682.0, ""end_s"": 776.0}",,
burst-Arecibo-Observatory-07-05-2022-125400-125800-typeIII.npy,usable,,"{""known_burst_margin"": 10, ""base_threshold_sigma"": 12.0, ""suppression_ramp"": 2.0, ""burst_sigma"": 2.0, ""vrfi_coverage_threshold"": 0.1, ""vrfi_sigma"": 3.0}",2026-08-12T22:28:46+00:00,"{""start_s"": 110.0, ""end_s"": 124.0}",,
burst-Arecibo-Observatory-07-06-2022-160600-160600-typeIII.npy,usable,,"{""known_burst_margin"": 10, ""base_threshold_sigma"": 12.0, ""suppression_ramp"": 2.0, ""burst_sigma"": 2.0, ""vrfi_coverage_threshold"": 0.1, ""vrfi_sigma"": 3.0}",2026-08-12T22:37:22+00:00,"{""start_s"": 87.0, ""end_s"": 101.0}",,
burst-Arecibo-Observatory-07-06-2022-132200-132300-typeIII.npy,discard,,,2026-08-12T22:37:32+00:00,,,
burst-Arecibo-Observatory-07-07-2022-113100-113100-typeIII.npy,discard,,,2026-08-12T23:05:19+00:00,,,
burst-Arecibo-Observatory-07-12-2022-193400-193400-typeIII.npy,usable,,"{""known_burst_margin"": 10, ""base_threshold_sigma"": 12.0, ""suppression_ramp"": 2.0, ""burst_sigma"": 2.0, ""vrfi_coverage_threshold"": 0.1, ""vrfi_sigma"": 3.0}",2026-08-12T23:09:41+00:00,"{""start_s"": 68.0, ""end_s"": 90.0}",,
burst-Arecibo-Observatory-07-13-2022-135300-135600-typeIII.npy,usable,,"{""known_burst_margin"": 10, ""base_threshold_sigma"": 12.0, ""suppression_ramp"": 2.0, ""burst_sigma"": 2.0, ""vrfi_coverage_threshold"": 0.1, ""vrfi_sigma"": 3.0}",2026-08-12T23:09:58+00:00,"{""start_s"": 62.0, ""end_s"": 252.0}",,
burst-Arecibo-Observatory-07-13-2022-161000-161000-typeIII.npy,usable,,"{""known_burst_margin"": 10, ""base_threshold_sigma"": 12.0, ""suppression_ramp"": 2.0, ""burst_sigma"": 2.0, ""vrfi_coverage_threshold"": 0.1, ""vrfi_sigma"": 3.0}",2026-08-12T23:19:37+00:00,"{""start_s"": 89.0, ""end_s"": 105.0}",,
burst-Arecibo-Observatory-07-13-2022-153600-153700-typeIII.npy,usable,,,2026-08-12T23:21:46+00:00,,,
burst-Arecibo-Observatory-07-13-2022-131700-131900-typeIII.npy,usable,,"{""known_burst_margin"": 10, ""base_threshold_sigma"": 12.0, ""suppression_ramp"": 2.0, ""burst_sigma"": 2.0, ""vrfi_coverage_threshold"": 0.1, ""vrfi_sigma"": 3.0}",2026-08-12T23:22:10+00:00,"{""start_s"": 103.0, ""end_s"": 197.0}",,
burst-Arecibo-Observatory-07-13-2022-111600-111600-typeIII.npy,usable,,"{""known_burst_margin"": 10, ""base_threshold_sigma"": 12.0, ""suppression_ramp"": 2.0, ""burst_sigma"": 2.0, ""vrfi_coverage_threshold"": 0.1, ""vrfi_sigma"": 3.0}",2026-08-12T23:22:20+00:00,"{""start_s"": 73.0, ""end_s"": 83.0}",,
burst-Arecibo-Observatory-07-14-2022-195500-195600-typeIII.npy,usable,,"{""known_burst_margin"": 10, ""base_threshold_sigma"": 12.0, ""suppression_ramp"": 2.0, ""burst_sigma"": 2.0, ""vrfi_coverage_threshold"": 0.1, ""vrfi_sigma"": 3.0}",2026-08-12T23:22:33+00:00,"{""start_s"": 101.0, ""end_s"": 123.0}",,
burst-Arecibo-Observatory-07-14-2022-170100-170100-typeIII.npy,usable,,"{""known_burst_margin"": 10, ""base_threshold_sigma"": 12.0, ""suppression_ramp"": 2.0, ""burst_sigma"": 2.0, ""vrfi_coverage_threshold"": 0.1, ""vrfi_sigma"": 3.0}",2026-08-12T23:23:11+00:00,"{""start_s"": 104.0, ""end_s"": 119.0}",,
burst-Arecibo-Observatory-07-14-2022-155800-155800-typeIII.npy,usable,,"{""known_burst_margin"": 10, ""base_threshold_sigma"": 12.0, ""suppression_ramp"": 2.0, ""burst_sigma"": 2.0, ""vrfi_coverage_threshold"": 0.1, ""vrfi_sigma"": 3.0}",2026-08-12T23:23:21+00:00,"{""start_s"": 74.0, ""end_s"": 96.0}",,
burst-Arecibo-Observatory-07-15-2022-142000-142000-typeIII.npy,discard,,,2026-08-12T23:24:00+00:00,,,
burst-Arecibo-Observatory-07-15-2022-140800-141200-typeIII.npy,usable,,"{""known_burst_margin"": 10, ""base_threshold_sigma"": 12.0, ""suppression_ramp"": 2.0, ""burst_sigma"": 2.0, ""vrfi_coverage_threshold"": 0.1, ""vrfi_sigma"": 3.0}",2026-08-12T23:24:12+00:00,"{""start_s"": 76.0, ""end_s"": 326.0}",,
burst-Arecibo-Observatory-07-15-2022-155800-160400-typeIII.npy,usable,,"{""known_burst_margin"": 10, ""base_threshold_sigma"": 12.0, ""suppression_ramp"": 2.0, ""burst_sigma"": 2.0, ""vrfi_coverage_threshold"": 0.1, ""vrfi_sigma"": 3.0}",2026-08-12T23:24:37+00:00,"{""start_s"": 88.0, ""end_s"": 432.0}",,
burst-Arecibo-Observatory-07-15-2022-115900-120400-typeIII.npy,usable,,"{""known_burst_margin"": 10, ""base_threshold_sigma"": 12.0, ""suppression_ramp"": 2.0, ""burst_sigma"": 2.0, ""vrfi_coverage_threshold"": 0.1, ""vrfi_sigma"": 3.0}",2026-08-12T23:25:24+00:00,"{""start_s"": 93.0, ""end_s"": 356.0}",,
burst-Arecibo-Observatory-07-15-2022-110600-110600-typeIII.npy,discard,,,2026-08-12T23:25:41+00:00,,,
burst-Arecibo-Observatory-07-15-2022-123900-123900-typeIII.npy,discard,,,2026-08-12T23:25:47+00:00,,,
burst-Arecibo-Observatory-07-16-2022-183500-183600-typeIII.npy,usable,,"{""known_burst_margin"": 10, ""base_threshold_sigma"": 12.0, ""suppression_ramp"": 2.0, ""burst_sigma"": 2.0, ""vrfi_coverage_threshold"": 0.1, ""vrfi_sigma"": 3.0}",2026-08-12T23:25:58+00:00,"{""start_s"": 106.0, ""end_s"": 123.0}",,
burst-Arecibo-Observatory-07-16-2022-182600-182600-typeIII.npy,usable,,"{""known_burst_margin"": 10, ""base_threshold_sigma"": 12.0, ""suppression_ramp"": 2.0, ""burst_sigma"": 2.0, ""vrfi_coverage_threshold"": 0.1, ""vrfi_sigma"": 3.0}",2026-08-12T23:26:10+00:00,"{""start_s"": 80.0, ""end_s"": 102.0}",,
burst-Arecibo-Observatory-07-17-2022-155400-155400-typeIII.npy,usable,,"{""known_burst_margin"": 10, ""base_threshold_sigma"": 12.0, ""suppression_ramp"": 2.0, ""burst_sigma"": 2.0, ""vrfi_coverage_threshold"": 0.1, ""vrfi_sigma"": 3.0}",2026-08-12T23:26:20+00:00,"{""start_s"": 66.0, ""end_s"": 75.0}",,
burst-Arecibo-Observatory-07-17-2022-172100-172100-typeIII.npy,usable,,"{""known_burst_margin"": 10, ""base_threshold_sigma"": 12.0, ""suppression_ramp"": 2.0, ""burst_sigma"": 2.0, ""vrfi_coverage_threshold"": 0.1, ""vrfi_sigma"": 3.0}",2026-08-12T23:26:30+00:00,"{""start_s"": 70.0, ""end_s"": 88.0}",,
burst-Arecibo-Observatory-07-17-2022-141000-141000-typeIII.npy,discard,,,2026-08-12T23:26:36+00:00,,,
burst-Arecibo-Observatory-07-18-2022-173800-174000-typeIII.npy,usable,,"{""known_burst_margin"": 10, ""base_threshold_sigma"": 12.0, ""suppression_ramp"": 2.0, ""burst_sigma"": 2.0, ""vrfi_coverage_threshold"": 0.1, ""vrfi_sigma"": 3.0}",2026-08-12T23:26:49+00:00,"{""start_s"": 85.0, ""end_s"": 211.0}",,
burst-Arecibo-Observatory-07-18-2022-165100-165100-typeIII.npy,discard,,,2026-08-12T23:26:54+00:00,,,
burst-Arecibo-Observatory-07-18-2022-143500-143700-typeIII.npy,usable,,"{""known_burst_margin"": 10, ""base_threshold_sigma"": 12.0, ""suppression_ramp"": 2.0, ""burst_sigma"": 2.0, ""vrfi_coverage_threshold"": 0.1, ""vrfi_sigma"": 3.0}",2026-08-12T23:27:05+00:00,"{""start_s"": 106.0, ""end_s"": 237.0}",,
burst-Arecibo-Observatory-07-18-2022-154300-154800-typeIII.npy,usable,,"{""known_burst_margin"": 10, ""base_threshold_sigma"": 12.0, ""suppression_ramp"": 2.0, ""burst_sigma"": 2.0, ""vrfi_coverage_threshold"": 0.1, ""vrfi_sigma"": 3.0}",2026-08-12T23:27:18+00:00,"{""start_s"": 64.0, ""end_s"": 380.0}",,
burst-Arecibo-Observatory-07-19-2022-185200-185200-typeIII.npy,usable,,"{""known_burst_margin"": 10, ""base_threshold_sigma"": 12.0, ""suppression_ramp"": 2.0, ""burst_sigma"": 2.0, ""vrfi_coverage_threshold"": 0.1, ""vrfi_sigma"": 3.0}",2026-08-12T23:27:28+00:00,"{""start_s"": 59.0, ""end_s"": 68.0}",,
burst-Arecibo-Observatory-07-19-2022-172100-172500-typeIII.npy,usable,,"{""known_burst_margin"": 10, ""base_threshold_sigma"": 12.0, ""suppression_ramp"": 2.0, ""burst_sigma"": 2.0, ""vrfi_coverage_threshold"": 0.1, ""vrfi_sigma"": 3.0}",2026-08-12T23:27:39+00:00,"{""start_s"": 67.0, ""end_s"": 304.0}",,
burst-Arecibo-Observatory-07-19-2022-155100-155200-typeIII.npy,usable,,"{""known_burst_margin"": 10, ""base_threshold_sigma"": 12.0, ""suppression_ramp"": 2.0, ""burst_sigma"": 2.0, ""vrfi_coverage_threshold"": 0.1, ""vrfi_sigma"": 3.0}",2026-08-12T23:27:51+00:00,"{""start_s"": 62.0, ""end_s"": 73.0}",,
burst-Arecibo-Observatory-07-19-2022-110700-111000-typeIII.npy,usable,,"{""known_burst_margin"": 10, ""base_threshold_sigma"": 12.0, ""suppression_ramp"": 2.0, ""burst_sigma"": 2.0, ""vrfi_coverage_threshold"": 0.1, ""vrfi_sigma"": 3.0}",2026-08-12T23:28:12+00:00,"{""start_s"": 129.0, ""end_s"": 154.0}",,
burst-Arecibo-Observatory-07-19-2022-180000-180500-typeIII.npy,usable,,"{""known_burst_margin"": 10, ""base_threshold_sigma"": 12.0, ""suppression_ramp"": 2.0, ""burst_sigma"": 2.0, ""vrfi_coverage_threshold"": 0.1, ""vrfi_sigma"": 3.0}",2026-08-12T23:28:34+00:00,"{""start_s"": 80.0, ""end_s"": 397.0}",,
burst-Arecibo-Observatory-07-20-2022-161400-161500-typeIII.npy,usable,,"{""known_burst_margin"": 10, ""base_threshold_sigma"": 12.0, ""suppression_ramp"": 2.0, ""burst_sigma"": 2.0, ""vrfi_coverage_threshold"": 0.1, ""vrfi_sigma"": 3.0}",2026-08-12T23:28:47+00:00,"{""start_s"": 64.0, ""end_s"": 131.0}",,
burst-Arecibo-Observatory-07-20-2022-183200-183300-typeIII.npy,usable,,"{""known_burst_margin"": 10, ""base_threshold_sigma"": 12.0, ""suppression_ramp"": 2.0, ""burst_sigma"": 2.0, ""vrfi_coverage_threshold"": 0.1, ""vrfi_sigma"": 3.0}",2026-08-12T23:29:22+00:00,"{""start_s"": 108.0, ""end_s"": 138.0}",,
burst-Arecibo-Observatory-07-20-2022-131200-131300-typeIII.npy,usable,,"{""known_burst_margin"": 10, ""base_threshold_sigma"": 12.0, ""suppression_ramp"": 2.0, ""burst_sigma"": 2.0, ""vrfi_coverage_threshold"": 0.1, ""vrfi_sigma"": 3.0}",2026-08-12T23:29:36+00:00,"{""start_s"": 109.0, ""end_s"": 124.0}",,
burst-Arecibo-Observatory-07-21-2022-193400-193400-typeIII.npy,usable,,"{""known_burst_margin"": 10, ""base_threshold_sigma"": 12.0, ""suppression_ramp"": 2.0, ""burst_sigma"": 2.0, ""vrfi_coverage_threshold"": 0.1, ""vrfi_sigma"": 3.0}",2026-08-12T23:29:45+00:00,"{""start_s"": 74.0, ""end_s"": 87.0}",,
burst-Arecibo-Observatory-07-21-2022-183600-183700-typeIII.npy,discard,,,2026-08-12T23:29:52+00:00,,,
burst-Arecibo-Observatory-07-21-2022-175800-175800-typeIII.npy,usable,,"{""known_burst_margin"": 10, ""base_threshold_sigma"": 12.0, ""suppression_ramp"": 2.0, ""burst_sigma"": 2.0, ""vrfi_coverage_threshold"": 0.1, ""vrfi_sigma"": 3.0}",2026-08-12T23:30:02+00:00,"{""start_s"": 98.0, ""end_s"": 110.0}",,
burst-Arecibo-Observatory-07-21-2022-171600-171600-typeIII.npy,usable,,"{""known_burst_margin"": 10, ""base_threshold_sigma"": 12.0, ""suppression_ramp"": 2.0, ""burst_sigma"": 2.0, ""vrfi_coverage_threshold"": 0.1, ""vrfi_sigma"": 3.0}",2026-08-12T23:30:12+00:00,"{""start_s"": 95.0, ""end_s"": 112.0}",,
burst-Arecibo-Observatory-07-21-2022-170600-170900-typeIII.npy,usable,,"{""known_burst_margin"": 10, ""base_threshold_sigma"": 12.0, ""suppression_ramp"": 2.0, ""burst_sigma"": 2.0, ""vrfi_coverage_threshold"": 0.1, ""vrfi_sigma"": 3.0}",2026-08-12T23:30:24+00:00,"{""start_s"": 12.0, ""end_s"": 248.0}",,
burst-Arecibo-Observatory-07-21-2022-160600-160700-typeIII.npy,usable,,"{""known_burst_margin"": 10, ""base_threshold_sigma"": 12.0, ""suppression_ramp"": 2.0, ""burst_sigma"": 2.0, ""vrfi_coverage_threshold"": 0.1, ""vrfi_sigma"": 3.0}",2026-08-12T23:30:36+00:00,"{""start_s"": 91.0, ""end_s"": 155.0}",,
burst-Arecibo-Observatory-07-21-2022-165100-165100-typeIII.npy,usable,,"{""known_burst_margin"": 10, ""base_threshold_sigma"": 12.0, ""suppression_ramp"": 2.0, ""burst_sigma"": 2.0, ""vrfi_coverage_threshold"": 0.1, ""vrfi_sigma"": 3.0}",2026-08-12T23:30:48+00:00,"{""start_s"": 61.0, ""end_s"": 72.0}",,
burst-Arecibo-Observatory-07-21-2022-155400-155500-typeIII.npy,usable,,"{""known_burst_margin"": 10, ""base_threshold_sigma"": 12.0, ""suppression_ramp"": 2.0, ""burst_sigma"": 2.0, ""vrfi_coverage_threshold"": 0.1, ""vrfi_sigma"": 3.0}",2026-08-12T23:30:58+00:00,"{""start_s"": 110.0, ""end_s"": 124.0}",,
burst-Arecibo-Observatory-07-22-2022-194700-194700-typeIII.npy,usable,,"{""known_burst_margin"": 10, ""base_threshold_sigma"": 12.0, ""suppression_ramp"": 2.0, ""burst_sigma"": 2.0, ""vrfi_coverage_threshold"": 0.1, ""vrfi_sigma"": 3.0}",2026-08-12T23:31:10+00:00,"{""start_s"": 95.0, ""end_s"": 111.0}",,
burst-Arecibo-Observatory-07-22-2022-182100-182100-typeIII.npy,usable,,"{""known_burst_margin"": 10, ""base_threshold_sigma"": 12.0, ""suppression_ramp"": 2.0, ""burst_sigma"": 2.0, ""vrfi_coverage_threshold"": 0.1, ""vrfi_sigma"": 3.0}",2026-08-12T23:31:21+00:00,"{""start_s"": 85.0, ""end_s"": 99.0}",,
burst-Arecibo-Observatory-07-22-2022-162000-162100-typeIII.npy,usable,,"{""known_burst_margin"": 10, ""base_threshold_sigma"": 12.0, ""suppression_ramp"": 2.0, ""burst_sigma"": 2.0, ""vrfi_coverage_threshold"": 0.1, ""vrfi_sigma"": 3.0}",2026-08-12T23:31:33+00:00,"{""start_s"": 114.0, ""end_s"": 156.0}",,
burst-Arecibo-Observatory-07-22-2022-155500-155500-typeIII.npy,usable,,"{""known_burst_margin"": 10, ""base_threshold_sigma"": 12.0, ""suppression_ramp"": 2.0, ""burst_sigma"": 2.0, ""vrfi_coverage_threshold"": 0.1, ""vrfi_sigma"": 3.0}",2026-08-12T23:31:45+00:00,"{""start_s"": 105.0, ""end_s"": 116.0}",,
burst-Arecibo-Observatory-07-22-2022-130400-130600-typeIII.npy,usable,,"{""known_burst_margin"": 10, ""base_threshold_sigma"": 12.0, ""suppression_ramp"": 2.0, ""burst_sigma"": 2.0, ""vrfi_coverage_threshold"": 0.1, ""vrfi_sigma"": 3.0}",2026-08-12T23:31:57+00:00,"{""start_s"": 57.0, ""end_s"": 194.0}",,
burst-Arecibo-Observatory-07-22-2022-180200-180200-typeIII.npy,usable,,"{""known_burst_margin"": 10, ""base_threshold_sigma"": 12.0, ""suppression_ramp"": 2.0, ""burst_sigma"": 2.0, ""vrfi_coverage_threshold"": 0.1, ""vrfi_sigma"": 3.0}",2026-08-12T23:32:08+00:00,"{""start_s"": 74.0, ""end_s"": 100.0}",,
burst-Arecibo-Observatory-07-22-2022-123000-123100-typeIII.npy,usable,,"{""known_burst_margin"": 10, ""base_threshold_sigma"": 12.0, ""suppression_ramp"": 2.0, ""burst_sigma"": 2.0, ""vrfi_coverage_threshold"": 0.1, ""vrfi_sigma"": 3.0}",2026-08-12T23:32:19+00:00,"{""start_s"": 117.0, ""end_s"": 136.0}",,
burst-Arecibo-Observatory-07-23-2022-193800-194300-typeIII.npy,usable,,"{""known_burst_margin"": 10, ""base_threshold_sigma"": 12.0, ""suppression_ramp"": 2.0, ""burst_sigma"": 2.0, ""vrfi_coverage_threshold"": 0.1, ""vrfi_sigma"": 3.0}",2026-08-12T23:32:45+00:00,"{""start_s"": 112.0, ""end_s"": 334.0}",,
burst-Arecibo-Observatory-07-23-2022-183900-183900-typeIII.npy,usable,,"{""known_burst_margin"": 10, ""base_threshold_sigma"": 12.0, ""suppression_ramp"": 2.0, ""burst_sigma"": 2.0, ""vrfi_coverage_threshold"": 0.1, ""vrfi_sigma"": 3.0}",2026-08-12T23:33:13+00:00,"{""start_s"": 65.0, ""end_s"": 97.0}",,
burst-Arecibo-Observatory-07-23-2022-141300-141300-typeIII.npy,discard,,,2026-08-12T23:33:18+00:00,,,
burst-Arecibo-Observatory-07-24-2022-111900-111900-typeIII.npy,discard,,,2026-08-12T23:33:24+00:00,,,
burst-Arecibo-Observatory-07-24-2022-131200-131400-typeIII.npy,usable,,"{""known_burst_margin"": 10, ""base_threshold_sigma"": 12.0, ""suppression_ramp"": 2.0, ""burst_sigma"": 2.0, ""vrfi_coverage_threshold"": 0.1, ""vrfi_sigma"": 3.0}",2026-08-12T23:33:35+00:00,"{""start_s"": 100.0, ""end_s"": 110.0}",,
burst-Arecibo-Observatory-07-26-2022-134800-134800-typeIII.npy,usable,,"{""known_burst_margin"": 10, ""base_threshold_sigma"": 12.0, ""suppression_ramp"": 2.0, ""burst_sigma"": 2.0, ""vrfi_coverage_threshold"": 0.1, ""vrfi_sigma"": 3.0}",2026-08-12T23:34:06+00:00,"{""start_s"": 90.0, ""end_s"": 105.0}",,
burst-Arecibo-Observatory-07-27-2022-142700-142700-typeIII.npy,usable,,"{""known_burst_margin"": 10, ""base_threshold_sigma"": 12.0, ""suppression_ramp"": 2.0, ""burst_sigma"": 2.0, ""vrfi_coverage_threshold"": 0.1, ""vrfi_sigma"": 3.0}",2026-08-12T23:34:20+00:00,"{""start_s"": 61.0, ""end_s"": 73.0}",,
burst-Arecibo-Observatory-07-30-2022-131300-131500-typeIII.npy,discard,,,2026-08-12T23:34:28+00:00,,,
burst-Arecibo-Observatory-08-02-2022-153700-153800-typeIII.npy,discard,,,2026-08-12T23:34:36+00:00,,,
burst-Arecibo-Observatory-08-02-2022-194900-194900-typeIII.npy,discard,,,2026-08-12T23:34:42+00:00,,,
burst-Arecibo-Observatory-08-03-2022-163100-163100-typeIII.npy,usable,,"{""known_burst_margin"": 10, ""base_threshold_sigma"": 12.0, ""suppression_ramp"": 2.0, ""burst_sigma"": 2.0, ""vrfi_coverage_threshold"": 0.1, ""vrfi_sigma"": 3.0}",2026-08-12T23:34:59+00:00,"{""start_s"": 71.0, ""end_s"": 112.0}",,
burst-Arecibo-Observatory-08-04-2022-130800-131300-typeIII.npy,usable,,"{""known_burst_margin"": 10, ""base_threshold_sigma"": 12.0, ""suppression_ramp"": 2.0, ""burst_sigma"": 2.0, ""vrfi_coverage_threshold"": 0.1, ""vrfi_sigma"": 3.0}",2026-08-12T23:36:17+00:00,"{""start_s"": 285.0, ""end_s"": 333.0}",,
burst-Arecibo-Observatory-08-05-2022-192900-194400-typeIII.npy,usable,,"{""known_burst_margin"": 10, ""base_threshold_sigma"": 12.0, ""suppression_ramp"": 2.0, ""burst_sigma"": 2.0, ""vrfi_coverage_threshold"": 0.1, ""vrfi_sigma"": 3.0}",2026-08-12T23:36:33+00:00,"{""start_s"": 64.0, ""end_s"": 576.0}",,
burst-Arecibo-Observatory-08-05-2022-190900-191000-typeIII.npy,usable,,"{""known_burst_margin"": 10, ""base_threshold_sigma"": 12.0, ""suppression_ramp"": 2.0, ""burst_sigma"": 2.0, ""vrfi_coverage_threshold"": 0.1, ""vrfi_sigma"": 3.0}",2026-08-12T23:36:48+00:00,"{""start_s"": 110.0, ""end_s"": 140.0}",,
burst-Arecibo-Observatory-08-05-2022-175500-175700-typeIII.npy,usable,,"{""known_burst_margin"": 10, ""base_threshold_sigma"": 12.0, ""suppression_ramp"": 2.0, ""burst_sigma"": 2.0, ""vrfi_coverage_threshold"": 0.1, ""vrfi_sigma"": 3.0}",2026-08-12T23:37:01+00:00,"{""start_s"": 109.0, ""end_s"": 192.0}",,
burst-Arecibo-Observatory-08-05-2022-141700-141700-typeIII.npy,discard,,,2026-08-12T23:37:30+00:00,,,
burst-Arecibo-Observatory-08-05-2022-130200-130300-typeIII.npy,usable,,"{""known_burst_margin"": 10, ""base_threshold_sigma"": 12.0, ""suppression_ramp"": 2.0, ""burst_sigma"": 2.0, ""vrfi_coverage_threshold"": 0.1, ""vrfi_sigma"": 3.0}",2026-08-12T23:37:40+00:00,"{""start_s"": 103.0, ""end_s"": 144.0}",,
burst-Arecibo-Observatory-08-05-2022-115100-115100-typeIII.npy,usable,,"{""known_burst_margin"": 10, ""base_threshold_sigma"": 12.0, ""suppression_ramp"": 2.0, ""burst_sigma"": 2.0, ""vrfi_coverage_threshold"": 0.1, ""vrfi_sigma"": 3.0}",2026-08-12T23:37:51+00:00,"{""start_s"": 96.0, ""end_s"": 112.0}",,
burst-Arecibo-Observatory-08-05-2022-163100-163100-typeIII.npy,usable,,"{""known_burst_margin"": 10, ""base_threshold_sigma"": 12.0, ""suppression_ramp"": 2.0, ""burst_sigma"": 2.0, ""vrfi_coverage_threshold"": 0.1, ""vrfi_sigma"": 3.0}",2026-08-12T23:38:02+00:00,"{""start_s"": 78.0, ""end_s"": 90.0}",,
burst-Arecibo-Observatory-08-05-2022-104800-104900-typeIII.npy,discard,,,2026-08-12T23:38:09+00:00,,,
burst-Arecibo-Observatory-08-06-2022-151400-151400-typeIII.npy,usable,,"{""known_burst_margin"": 10, ""base_threshold_sigma"": 12.0, ""suppression_ramp"": 2.0, ""burst_sigma"": 2.0, ""vrfi_coverage_threshold"": 0.1, ""vrfi_sigma"": 3.0}",2026-08-12T23:38:35+00:00,"{""start_s"": 72.0, ""end_s"": 93.0}",,
burst-Arecibo-Observatory-08-07-2022-190100-190100-typeIII.npy,usable,,"{""known_burst_margin"": 10, ""base_threshold_sigma"": 12.0, ""suppression_ramp"": 2.0, ""burst_sigma"": 2.0, ""vrfi_coverage_threshold"": 0.1, ""vrfi_sigma"": 3.0}",2026-08-12T23:38:55+00:00,"{""start_s"": 97.0, ""end_s"": 110.0}",,
burst-Arecibo-Observatory-08-07-2022-143300-143600-typeIII.npy,usable,,,2026-08-12T23:39:03+00:00,,,
burst-Arecibo-Observatory-08-08-2022-115900-115900-typeIII.npy,discard,,,2026-08-12T23:39:31+00:00,,,
burst-Arecibo-Observatory-08-08-2022-125400-125500-typeIII.npy,usable,,"{""known_burst_margin"": 10, ""base_threshold_sigma"": 12.0, ""suppression_ramp"": 2.0, ""burst_sigma"": 2.0, ""vrfi_coverage_threshold"": 0.1, ""vrfi_sigma"": 3.0}",2026-08-12T23:39:44+00:00,"{""start_s"": 73.0, ""end_s"": 127.0}",,
burst-Arecibo-Observatory-08-08-2022-150700-150700-typeIII.npy,usable,,"{""known_burst_margin"": 10, ""base_threshold_sigma"": 12.0, ""suppression_ramp"": 2.0, ""burst_sigma"": 2.0, ""vrfi_coverage_threshold"": 0.1, ""vrfi_sigma"": 3.0}",2026-08-12T23:39:55+00:00,"{""start_s"": 74.0, ""end_s"": 107.0}",,
burst-Arecibo-Observatory-08-08-2022-173000-173000-typeIII.npy,usable,,"{""known_burst_margin"": 10, ""base_threshold_sigma"": 12.0, ""suppression_ramp"": 2.0, ""burst_sigma"": 2.0, ""vrfi_coverage_threshold"": 0.1, ""vrfi_sigma"": 3.0}",2026-08-12T23:40:06+00:00,"{""start_s"": 102.0, ""end_s"": 112.0}",,
burst-Arecibo-Observatory-08-11-2022-160600-160700-typeIII.npy,discard,,,2026-08-12T23:40:16+00:00,,,
burst-Arecibo-Observatory-08-12-2022-111100-111900-typeIII.npy,usable,,"{""known_burst_margin"": 10, ""base_threshold_sigma"": 12.0, ""suppression_ramp"": 2.0, ""burst_sigma"": 2.0, ""vrfi_coverage_threshold"": 0.1, ""vrfi_sigma"": 3.0}",2026-08-12T23:40:41+00:00,"{""start_s"": 114.0, ""end_s"": 380.0}",,
burst-Arecibo-Observatory-08-12-2022-123200-123200-typeIII.npy,discard,,,2026-08-12T23:40:48+00:00,,,
burst-Arecibo-Observatory-08-12-2022-151900-151900-typeIII.npy,usable,,"{""known_burst_margin"": 10, ""base_threshold_sigma"": 12.0, ""suppression_ramp"": 2.0, ""burst_sigma"": 2.0, ""vrfi_coverage_threshold"": 0.1, ""vrfi_sigma"": 3.0}",2026-08-12T23:40:59+00:00,"{""start_s"": 107.0, ""end_s"": 114.0}",,
burst-Arecibo-Observatory-08-13-2022-125500-125500-typeIII.npy,usable,,"{""known_burst_margin"": 10, ""base_threshold_sigma"": 12.0, ""suppression_ramp"": 2.0, ""burst_sigma"": 2.0, ""vrfi_coverage_threshold"": 0.1, ""vrfi_sigma"": 3.0}",2026-08-12T23:41:16+00:00,"{""start_s"": 104.0, ""end_s"": 114.0}",,
burst-Arecibo-Observatory-08-13-2022-124400-124500-typeIII.npy,usable,,"{""known_burst_margin"": 10, ""base_threshold_sigma"": 12.0, ""suppression_ramp"": 2.0, ""burst_sigma"": 2.0, ""vrfi_coverage_threshold"": 0.1, ""vrfi_sigma"": 3.0}",2026-08-12T23:41:31+00:00,"{""start_s"": 87.0, ""end_s"": 122.0}",,
burst-Arecibo-Observatory-08-14-2022-120100-120100-typeIII.npy,discard,,,2026-08-12T23:41:55+00:00,,,
burst-Arecibo-Observatory-08-14-2022-121800-121900-typeIII.npy,usable,,"{""known_burst_margin"": 10, ""base_threshold_sigma"": 12.0, ""suppression_ramp"": 2.0, ""burst_sigma"": 2.0, ""vrfi_coverage_threshold"": 0.1, ""vrfi_sigma"": 3.0}",2026-08-12T23:42:23+00:00,"{""start_s"": 138.0, ""end_s"": 146.0}",,
burst-Arecibo-Observatory-08-14-2022-185900-190700-typeIII.npy,discard,,,2026-08-12T23:42:33+00:00,,,
burst-Arecibo-Observatory-08-15-2022-143300-143500-typeIII.npy,usable,,"{""known_burst_margin"": 10, ""base_threshold_sigma"": 12.0, ""suppression_ramp"": 2.0, ""burst_sigma"": 2.0, ""vrfi_coverage_threshold"": 0.1, ""vrfi_sigma"": 3.0}",2026-08-12T23:43:27+00:00,"{""start_s"": 62.0, ""end_s"": 206.0}",,
burst-Arecibo-Observatory-08-15-2022-131900-132000-typeIII.npy,usable,,"{""known_burst_margin"": 10, ""base_threshold_sigma"": 12.0, ""suppression_ramp"": 2.0, ""burst_sigma"": 2.0, ""vrfi_coverage_threshold"": 0.1, ""vrfi_sigma"": 3.0}",2026-08-12T23:43:40+00:00,"{""start_s"": 94.0, ""end_s"": 116.0}",,
burst-Arecibo-Observatory-08-15-2022-160500-160500-typeIII.npy,usable,,"{""known_burst_margin"": 10, ""base_threshold_sigma"": 12.0, ""suppression_ramp"": 2.0, ""burst_sigma"": 2.0, ""vrfi_coverage_threshold"": 0.1, ""vrfi_sigma"": 3.0}",2026-08-12T23:43:50+00:00,"{""start_s"": 106.0, ""end_s"": 118.0}",,
burst-Arecibo-Observatory-08-15-2022-164800-165400-typeIII.npy,usable,,"{""known_burst_margin"": 10, ""base_threshold_sigma"": 12.0, ""suppression_ramp"": 2.0, ""burst_sigma"": 2.0, ""vrfi_coverage_threshold"": 0.1, ""vrfi_sigma"": 3.0}",2026-08-12T23:44:03+00:00,"{""start_s"": 350.0, ""end_s"": 444.0}",,
burst-Arecibo-Observatory-08-15-2022-155600-155800-typeIII.npy,usable,,"{""known_burst_margin"": 10, ""base_threshold_sigma"": 12.0, ""suppression_ramp"": 2.0, ""burst_sigma"": 2.0, ""vrfi_coverage_threshold"": 0.1, ""vrfi_sigma"": 3.0}",2026-08-12T23:44:19+00:00,"{""start_s"": 96.0, ""end_s"": 214.0}",,
burst-Arecibo-Observatory-08-17-2022-153500-153500-typeIII.npy,usable,,"{""known_burst_margin"": 10, ""base_threshold_sigma"": 12.0, ""suppression_ramp"": 2.0, ""burst_sigma"": 2.0, ""vrfi_coverage_threshold"": 0.1, ""vrfi_sigma"": 3.0}",2026-08-12T23:44:33+00:00,"{""start_s"": 41.0, ""end_s"": 74.0}",,
burst-Arecibo-Observatory-08-17-2022-143600-144800-typeIII.npy,flagged_for_retry,,,2026-08-12T23:44:58+00:00,"{""start_s"": 17.0, ""end_s"": 700.0}",burst_faint,
burst-Arecibo-Observatory-08-18-2022-175900-180000-typeIII.npy,usable,,"{""known_burst_margin"": 10, ""base_threshold_sigma"": 12.0, ""suppression_ramp"": 2.0, ""burst_sigma"": 2.0, ""vrfi_coverage_threshold"": 0.1, ""vrfi_sigma"": 3.0}",2026-08-12T23:45:11+00:00,"{""start_s"": 65.0, ""end_s"": 135.0}",,
burst-Arecibo-Observatory-08-18-2022-181700-181900-typeIII.npy,usable,,"{""known_burst_margin"": 10, ""base_threshold_sigma"": 12.0, ""suppression_ramp"": 2.0, ""burst_sigma"": 2.0, ""vrfi_coverage_threshold"": 0.1, ""vrfi_sigma"": 3.0}",2026-08-12T23:45:23+00:00,"{""start_s"": 115.0, ""end_s"": 235.0}",,
burst-Arecibo-Observatory-08-18-2022-153900-154000-typeIII.npy,usable,,"{""known_burst_margin"": 10, ""base_threshold_sigma"": 12.0, ""suppression_ramp"": 2.0, ""burst_sigma"": 2.0, ""vrfi_coverage_threshold"": 0.1, ""vrfi_sigma"": 3.0}",2026-08-12T23:45:34+00:00,"{""start_s"": 68.0, ""end_s"": 151.0}",,
burst-Arecibo-Observatory-08-18-2022-120100-120100-typeIII.npy,discard,,,2026-08-12T23:45:40+00:00,,,
burst-Arecibo-Observatory-08-19-2022-110500-111600-typeIII.npy,usable,,"{""known_burst_margin"": 10, ""base_threshold_sigma"": 12.0, ""suppression_ramp"": 2.0, ""burst_sigma"": 2.0, ""vrfi_coverage_threshold"": 0.1, ""vrfi_sigma"": 3.0}",2026-08-12T23:45:53+00:00,"{""start_s"": 101.0, ""end_s"": 713.0}",,
